competitionId,teamId,teamMarket,teamName,orbPct,drbPct,astPct,pace,ortg,drtg,ftaRate,tovPct,tovPctAgst,stlPct,blkPct
33533,103680,Hartford,Hawks,0.2707,0.68886,0.55235,65.185,96.26403,109.08462,0.23461,0.19142,0.16091,0.09859,0.10638
33533,103454,Chicago St.,Cougars,0.34208,0.68396,0.49868,65.544,106.85965,110.97718,0.31588,0.17415,0.14902,0.08561,0.07525
36046,103454,Chicago St.,Cougars,0.34213,0.65425,0.45914,66.325,104.37994,105.97568,0.37225,0.16644,0.18367,0.12971,0.08796
27168,103986,New Orleans,Privateers,0.30875,0.65393,0.53904,71.566,93.9943,102.7587,0.36814,0.20774,0.19361,0.11828,0.07123
27249,104053,Omaha,Mavericks,0.27176,0.67412,0.601,71.134,103.77532,108.21594,0.2892,0.16463,0.15641,0.08748,0.06811
27043,103967,NJIT,Highlanders,0.28687,0.68811,0.54121,67.43,106.92965,104.49598,0.36813,0.16606,0.16985,0.09513,0.10777
27168,103967,NJIT,Highlanders,0.35581,0.68198,0.53276,67.164,102.19533,93.53725,0.40672,0.17746,0.18875,0.12641,0.13499
27249,103454,Chicago St.,Cougars,0.30105,0.67578,0.46512,70.259,89.01318,109.2821,0.31236,0.20468,0.17316,0.10123,0.0934
27249,103705,Houston Christian,Huskies,0.3361,0.65048,0.47395,73.321,99.55037,105.68209,0.37849,0.17805,0.19933,0.1018,0.04243
27168,103389,CSU Bakersfield,Roadrunners,0.31637,0.70951,0.53521,66.439,100.72026,102.15137,0.35533,0.17768,0.19957,0.10915,0.05606
27168,104053,Omaha,Mavericks,0.25217,0.63074,0.49516,70.365,101.54485,116.81096,0.30011,0.18304,0.15422,0.09455,0.0674
27249,103826,Longwood,Lancers,0.24851,0.69065,0.58232,71.916,101.67998,116.91411,0.27874,0.16087,0.1359,0.07289,0.05569
27249,103389,CSU Bakersfield,Roadrunners,0.34851,0.6721,0.57687,65.014,104.81544,106.44623,0.35003,0.19103,0.20547,0.12278,0.10825
27168,103705,Houston Christian,Huskies,0.33152,0.68033,0.49017,68.381,92.01419,96.56383,0.36453,0.21108,0.19989,0.0995,0.06815
27249,104381,UTRGV,Vaqueros,0.2572,0.66229,0.62482,65.413,95.21297,104.81548,0.35561,0.20688,0.17501,0.07784,0.05122
27249,103999,North Dakota,Fighting Hawks,0.2843,0.70614,0.52625,67.264,99.63681,99.08147,0.39385,0.18692,0.18035,0.09611,0.11612
27249,103967,NJIT,Highlanders,0.29607,0.68959,0.52478,66.457,103.52537,100.70111,0.30897,0.16011,0.18238,0.10711,0.0877
27168,104391,Utah Valley,Wolverines,0.26083,0.70758,0.57755,64.049,102.83228,103.21367,0.31389,0.16383,0.15899,0.09651,0.07944
27168,104381,UTRGV,Vaqueros,0.29391,0.64776,0.55751,65.074,98.5848,101.11863,0.37828,0.1868,0.19376,0.10152,0.04851
27249,104391,Utah Valley,Wolverines,0.34477,0.71184,0.5409,66.211,104.30865,99.10453,0.35474,0.15771,0.1544,0.09697,0.09543
27168,103454,Chicago St.,Cougars,0.30246,0.67161,0.52246,66.918,95.59492,101.15018,0.25552,0.1825,0.21154,0.13843,0.08267
27043,103831,Louisville,Cardinals,0.37149,0.67295,0.54044,67.947,119.25053,89.97488,0.41219,0.12914,0.21584,0.14762,0.12455
27693,104370,UNC Asheville,Bulldogs,0.26801,0.66805,0.4635,68.98,104.44973,103.59592,0.30208,0.18741,0.17059,0.10058,0.10584
27693,103446,Charleston So.,Buccaneers,0.28195,0.6828,0.45417,69.123,94.16346,106.1479,0.30203,0.20533,0.16093,0.08827,0.10305
27693,104109,Presbyterian,Blue Hose,0.32552,0.72552,0.47094,65.59,97.23094,101.71004,0.34696,0.19463,0.20163,0.10644,0.06931
27693,104376,USC Upstate,Spartans,0.23852,0.70013,0.51301,67.695,97.30291,109.9555,0.29338,0.18501,0.16763,0.09176,0.0732
27693,103691,High Point,Panthers,0.31959,0.71805,0.51773,66.184,100.20694,105.02939,0.3832,0.16042,0.17769,0.09834,0.12586
27693,104488,Winthrop,Eagles,0.35333,0.77867,0.53813,71.223,110.75095,94.12707,0.35569,0.16595,0.19986,0.10414,0.06522
27693,103674,Hampton,Pirates,0.22235,0.68105,0.47173,68.93,99.86928,106.25255,0.28601,0.16427,0.15446,0.08828,0.16108
27693,103638,Gardner-Webb,Runnin' Bulldogs,0.26674,0.7193,0.52074,65.796,107.38355,103.93465,0.29966,0.15493,0.16001,0.08952,0.14689
27693,103411,Campbell,Fighting Camels,0.20677,0.69757,0.55365,64.791,108.08216,103.74083,0.33925,0.16801,0.1896,0.09284,0.06696
27693,104122,Radford,Highlanders,0.34455,0.75728,0.46739,63.72,104.2055,99.58302,0.39631,0.19635,0.16562,0.09366,0.05345
30629,103674,Hampton,Pirates,0.23198,0.68272,0.47452,67.944,94.4555,101.38467,0.36046,0.16303,0.15092,0.07662,0.10445
27693,103826,Longwood,Lancers,0.2766,0.72912,0.45109,65.271,101.43381,103.86399,0.31539,0.17484,0.18266,0.0936,0.06054
27168,103473,Coastal Carolina,Chanticleers,0.39275,0.69521,0.43137,64.7,103.10981,97.64387,0.36101,0.17871,0.20362,0.13289,0.07028
27249,104109,Presbyterian,Blue Hose,0.30419,0.68679,0.48865,60.741,106.77799,108.41725,0.39509,0.18273,0.14973,0.07432,0.04647
30629,103411,Campbell,Fighting Camels,0.22727,0.75209,0.56033,62.678,104.6733,98.07327,0.27505,0.14711,0.16958,0.09836,0.06984
30629,104122,Radford,Highlanders,0.28978,0.74473,0.47447,64.333,96.94296,103.45168,0.27816,0.18151,0.18353,0.10183,0.04696
36046,103446,Charleston So.,Buccaneers,0.27896,0.71362,0.42797,66.933,100.99623,110.05999,0.30689,0.15734,0.12186,0.05713,0.07305
36046,104376,USC Upstate,Spartans,0.24555,0.67385,0.48077,67.231,104.30219,107.14234,0.30234,0.14836,0.16956,0.10695,0.09143
30629,103638,Gardner-Webb,Runnin' Bulldogs,0.28397,0.74336,0.52168,67.287,103.26456,95.35432,0.28749,0.17286,0.16931,0.10795,0.14554
33533,103691,High Point,Panthers,0.31424,0.68027,0.47109,71.493,104.31872,107.92837,0.39368,0.16913,0.14659,0.09165,0.12741
38409,103638,Gardner-Webb,Runnin' Bulldogs,0.33427,0.69765,0.39442,68.974,106.95906,113.27278,0.36225,0.18041,0.1292,0.07554,0.0876
27043,103691,High Point,Panthers,0.30573,0.67321,0.56804,64.418,109.87469,112.36845,0.32862,0.16102,0.1585,0.09158,0.10009
27168,104488,Winthrop,Eagles,0.29254,0.70098,0.45904,60.755,98.30806,100.31758,0.36013,0.18282,0.16273,0.07961,0.06575
27168,104394,VMI,Keydets,0.33174,0.64532,0.53326,72.568,107.27503,106.74375,0.30035,0.1526,0.16673,0.11067,0.09677
27249,103446,Charleston So.,Buccaneers,0.34293,0.69676,0.47425,69.758,109.75414,103.26008,0.35263,0.16177,0.2004,0.11537,0.0718
30629,103446,Charleston So.,Buccaneers,0.28051,0.74556,0.49799,70.084,97.27919,108.00649,0.30383,0.18019,0.15788,0.09312,0.08108
33533,103446,Charleston So.,Buccaneers,0.32609,0.70628,0.45543,65.902,109.7409,112.37352,0.26919,0.14995,0.14772,0.07666,0.07766
27168,103691,High Point,Panthers,0.3542,0.68626,0.55286,66.263,107.25741,99.096,0.3308,0.15131,0.17691,0.10984,0.11683
27249,103473,Coastal Carolina,Chanticleers,0.35593,0.69991,0.47714,65.799,109.32757,99.30912,0.332,0.17562,0.1586,0.09944,0.10408
27249,103691,High Point,Panthers,0.31827,0.66241,0.52145,64.038,109.21145,107.87296,0.38516,0.16275,0.15604,0.08644,0.08302
33533,103638,Gardner-Webb,Runnin' Bulldogs,0.29722,0.75746,0.49077,66.268,105.00912,97.34422,0.34003,0.1676,0.18522,0.10626,0.143
27043,103446,Charleston So.,Buccaneers,0.32533,0.71467,0.4936,67.349,118.45509,105.26212,0.36834,0.13285,0.16007,0.09495,0.07679
27043,103826,Longwood,Lancers,0.27589,0.64332,0.52956,68.396,102.11704,117.42317,0.32033,0.16235,0.16205,0.0985,0.05179
27043,104109,Presbyterian,Blue Hose,0.23106,0.66366,0.48187,65.614,99.63536,116.44763,0.30684,0.16902,0.12966,0.06711,0.07668
27043,103811,Liberty,Flames,0.37912,0.70988,0.51838,64.265,109.4101,108.63207,0.34924,0.17106,0.13943,0.07315,0.1011
27249,104122,Radford,Highlanders,0.3243,0.65415,0.49213,65.622,93.29053,104.52921,0.31006,0.17714,0.19652,0.11149,0.06861
33533,103826,Longwood,Lancers,0.32603,0.73561,0.47894,65.828,111.13201,100.59322,0.33043,0.15297,0.19278,0.0979,0.07209
38409,103826,Longwood,Lancers,0.33059,0.72437,0.50413,69.315,112.89121,106.89499,0.4541,0.1541,0.18826,0.10984,0.06468
38409,104376,USC Upstate,Spartans,0.25843,0.69156,0.48354,72.852,102.64824,114.6589,0.31221,0.17026,0.14932,0.10434,0.06309
27168,104370,UNC Asheville,Bulldogs,0.34467,0.67593,0.55461,68.438,104.43207,100.65687,0.37684,0.17887,0.17964,0.11883,0.13224
27249,103411,Campbell,Fighting Camels,0.31544,0.67912,0.58629,68.421,107.82412,107.41466,0.43535,0.17896,0.15275,0.08933,0.14189
27249,103811,Liberty,Flames,0.32712,0.69203,0.54131,65.247,105.0066,108.91871,0.35587,0.15715,0.15278,0.08032,0.06417
33533,104376,USC Upstate,Spartans,0.25403,0.68692,0.46287,67.149,101.89271,103.14435,0.32149,0.1722,0.18307,0.11,0.13273
33533,104488,Winthrop,Eagles,0.26477,0.66636,0.46506,66.637,110.24281,111.2705,0.40754,0.18489,0.15389,0.07658,0.08383
27043,104370,UNC Asheville,Bulldogs,0.35451,0.66858,0.48086,68.81,112.02635,109.23245,0.43286,0.16724,0.14528,0.09287,0.14614
27168,104109,Presbyterian,Blue Hose,0.23191,0.66859,0.51691,61.898,99.53874,112.61353,0.25671,0.18634,0.14414,0.07288,0.04944
27168,103446,Charleston So.,Buccaneers,0.35,0.71232,0.48289,66.952,109.34537,99.29541,0.31234,0.1517,0.17443,0.10857,0.07442
30629,103962,N.C. A&T,Aggies,0.30176,0.69484,0.48635,67.292,99.85415,103.67874,0.28436,0.16067,0.17749,0.11479,0.09848
30629,104376,USC Upstate,Spartans,0.23134,0.70567,0.53742,68.024,104.24987,106.71139,0.29018,0.1656,0.16026,0.09251,0.09779
33533,104109,Presbyterian,Blue Hose,0.30741,0.70705,0.47911,63.983,97.94228,107.73166,0.36864,0.17797,0.16707,0.08536,0.08958
27043,103411,Campbell,Fighting Camels,0.31915,0.64469,0.58885,63.094,105.94063,112.15803,0.29078,0.1781,0.14058,0.09454,0.11015
27249,103638,Gardner-Webb,Runnin' Bulldogs,0.34906,0.69364,0.502,65.063,99.83784,101.49943,0.34368,0.17711,0.17495,0.10532,0.07223
27249,104488,Winthrop,Eagles,0.32691,0.71414,0.46286,63.069,99.66428,103.43536,0.31456,0.16145,0.19169,0.10661,0.10328
30629,104488,Winthrop,Eagles,0.27153,0.73886,0.50831,67.948,109.41775,102.09899,0.36872,0.18822,0.17248,0.09397,0.07671
38409,103446,Charleston So.,Buccaneers,0.32027,0.72866,0.47724,68.387,104.19923,113.05187,0.44801,0.16671,0.12211,0.06805,0.0634
38409,104370,UNC Asheville,Bulldogs,0.31315,0.67284,0.47665,69.436,116.99343,108.98627,0.3442,0.12705,0.16619,0.10682,0.11713
41097,104370,UNC Asheville,Bulldogs,0.31285,0.69776,0.42805,66.103,109.76159,109.06069,0.39444,0.1545,0.13975,0.08138,0.09879
27168,104122,Radford,Highlanders,0.33465,0.68561,0.50933,67.309,97.64328,99.60894,0.36123,0.16488,0.19511,0.12513,0.09205
41097,104376,USC Upstate,Spartans,0.29924,0.69628,0.4807,68.656,106.48331,105.6318,0.32715,0.15265,0.14993,0.09615,0.12346
41097,104122,Radford,Highlanders,0.3125,0.68528,0.47712,70.816,113.14233,109.62293,0.40133,0.14839,0.16609,0.10961,0.0942
30629,104370,UNC Asheville,Bulldogs,0.27814,0.68052,0.48977,66.702,110.32295,100.75553,0.36764,0.15662,0.16818,0.09514,0.12142
36046,104488,Winthrop,Eagles,0.3178,0.69017,0.46455,66.848,113.05132,104.46398,0.48554,0.16245,0.16628,0.09222,0.08318
41097,103446,Charleston So.,Buccaneers,0.30547,0.70748,0.569,72.756,112.05561,107.565,0.30243,0.16042,0.109,0.06524,0.10781
30629,103691,High Point,Panthers,0.28534,0.69881,0.49505,66.45,101.85247,102.1729,0.34281,0.16865,0.15623,0.09522,0.12681
41097,103826,Longwood,Lancers,0.35326,0.72529,0.47038,68.584,110.25868,105.11387,0.40822,0.16757,0.18249,0.12305,0.07303
41097,103638,Gardner-Webb,Runnin' Bulldogs,0.23838,0.64805,0.41307,69.729,97.69467,122.55293,0.30733,0.17284,0.13666,0.09091,0.06767
27168,103826,Longwood,Lancers,0.29756,0.65739,0.54578,71.123,96.35223,114.05217,0.31243,0.20244,0.16059,0.09555,0.06699
27249,104394,VMI,Keydets,0.27502,0.64156,0.49103,73.631,107.87121,109.06021,0.39083,0.15705,0.18618,0.11151,0.08599
30629,104109,Presbyterian,Blue Hose,0.34079,0.75177,0.50756,65.005,100.77644,100.9622,0.31456,0.16683,0.2031,0.11737,0.08535
30629,103826,Longwood,Lancers,0.34922,0.76514,0.54639,66.584,112.92259,97.97164,0.34417,0.15426,0.18866,0.11698,0.07483
36046,104109,Presbyterian,Blue Hose,0.27635,0.72535,0.47492,67.689,109.70177,107.21359,0.36875,0.14576,0.16663,0.10358,0.09068
38409,104122,Radford,Highlanders,0.34562,0.71223,0.45388,63.599,115.43192,109.42624,0.39823,0.14932,0.14792,0.08635,0.09389
36046,103638,Gardner-Webb,Runnin' Bulldogs,0.29365,0.74105,0.48328,68.964,105.40223,104.88087,0.35241,0.14334,0.14365,0.08395,0.06166
36046,104122,Radford,Highlanders,0.30931,0.66722,0.42021,64.07,111.16075,110.41251,0.28159,0.14278,0.13532,0.08548,0.09957
38409,104109,Presbyterian,Blue Hose,0.29955,0.70761,0.47987,65.246,112.46374,107.50413,0.31659,0.13815,0.16147,0.10279,0.08968
41097,104109,Presbyterian,Blue Hose,0.33863,0.70738,0.5029,65.492,109.25124,108.97674,0.39934,0.16754,0.14057,0.0865,0.12656
27043,104488,Winthrop,Eagles,0.29339,0.69455,0.46041,66.177,109.74295,105.83319,0.40206,0.15963,0.1832,0.09505,0.07454
27168,103411,Campbell,Fighting Camels,0.32873,0.64429,0.53918,66.563,101.66896,106.60996,0.32223,0.17212,0.17606,0.11144,0.08641
27043,103638,Gardner-Webb,Runnin' Bulldogs,0.33669,0.69635,0.58726,66.17,107.7885,102.63243,0.4248,0.15259,0.17806,0.11176,0.07873
27249,104370,UNC Asheville,Bulldogs,0.34429,0.65872,0.61522,69.256,116.14748,102.64983,0.46827,0.16546,0.19293,0.1194,0.06886
41097,104488,Winthrop,Eagles,0.35506,0.73555,0.52427,70.652,117.95986,106.42932,0.43153,0.12765,0.15157,0.09895,0.08609
27043,103473,Coastal Carolina,Chanticleers,0.35085,0.70801,0.42044,67.405,106.08374,100.38681,0.38497,0.17042,0.16325,0.09372,0.08633
36046,104370,UNC Asheville,Bulldogs,0.28081,0.6904,0.5894,68.773,113.44878,105.11567,0.40974,0.14901,0.15591,0.08568,0.11154
38409,104488,Winthrop,Eagles,0.3336,0.69555,0.44888,72.791,115.05964,105.94759,0.46996,0.15187,0.16829,0.10826,0.0883
27168,103638,Gardner-Webb,Runnin' Bulldogs,0.35897,0.69381,0.55373,63.159,102.24626,94.47262,0.34687,0.17549,0.2078,0.12142,0.07589
33533,103411,Campbell,Fighting Camels,0.25332,0.72901,0.5012,63.481,108.00511,105.95783,0.38886,0.16257,0.16739,0.09657,0.09032
27043,104122,Radford,Highlanders,0.32864,0.68399,0.47325,67.622,114.89527,109.46416,0.40295,0.13783,0.15996,0.10386,0.09033
38409,103691,High Point,Panthers,0.3504,0.7046,0.454,65.688,123.86825,104.58155,0.36731,0.13335,0.15023,0.09269,0.07819
33533,104370,UNC Asheville,Bulldogs,0.26292,0.71462,0.49721,68.094,107.72169,100.02728,0.40847,0.18197,0.15843,0.09135,0.10043
36046,103826,Longwood,Lancers,0.38305,0.75454,0.47905,66.547,110.69208,101.42188,0.39162,0.15575,0.17849,0.10312,0.07713
27043,104394,VMI,Keydets,0.33986,0.65179,0.45129,74.385,116.1597,108.71404,0.34494,0.11658,0.1413,0.09543,0.12645
33533,104122,Radford,Highlanders,0.31303,0.72474,0.45757,63.88,108.16119,101.05444,0.28621,0.15756,0.18363,0.10954,0.0867
41097,103691,High Point,Panthers,0.32837,0.70118,0.53594,70.484,126.4168,100.38981,0.41323,0.11116,0.19408,0.14899,0.10994
27168,103811,Liberty,Flames,0.29693,0.67682,0.52864,65.41,104.61184,105.87273,0.39406,0.17251,0.13643,0.08301,0.0757
36046,103691,High Point,Panthers,0.37421,0.7404,0.42743,67.736,122.14969,108.39774,0.42903,0.13433,0.12671,0.07346,0.08186
27693,103535,Denver,Pioneers,0.22065,0.73733,0.48362,69.813,98.81841,112.03015,0.33959,0.18756,0.17118,0.08113,0.0749
27693,104452,Western Ill.,Leathernecks,0.29134,0.77025,0.40909,72.079,101.27735,110.10601,0.35803,0.153,0.15045,0.07334,0.0791
27693,104233,South Dakota St.,Jackrabbits,0.24588,0.79579,0.49924,70.375,114.29439,104.40947,0.37719,0.15582,0.14055,0.07866,0.08523
27693,104366,Kansas City,Roos,0.24411,0.7589,0.55296,65.335,107.33179,95.78868,0.29334,0.17057,0.21557,0.12162,0.07143
27693,104053,Omaha,Mavericks,0.23185,0.7328,0.3776,70.786,95.10302,110.13415,0.29183,0.16204,0.15086,0.08009,0.07845
27693,104231,South Dakota,Coyotes,0.22154,0.75991,0.5178,68.787,110.42773,104.96159,0.32523,0.1401,0.14149,0.06603,0.06893
27693,103999,North Dakota,Fighting Hawks,0.23523,0.7331,0.49117,67.644,100.16164,110.36277,0.34594,0.16871,0.1517,0.07519,0.05314
27693,104000,North Dakota St.,Bison,0.28667,0.80303,0.43247,65.317,106.28017,103.11942,0.33602,0.16492,0.12651,0.05935,0.07077
27168,104231,South Dakota,Coyotes,0.24212,0.6811,0.50681,65.519,106.18449,113.16171,0.37357,0.16175,0.13634,0.09099,0.06472
27249,104231,South Dakota,Coyotes,0.25287,0.70111,0.56197,68.004,103.16955,109.36389,0.33629,0.16788,0.14984,0.09566,0.08699
27693,104054,Oral Roberts,Golden Eagles,0.23301,0.68332,0.45623,71.995,112.1684,104.53789,0.27479,0.14023,0.1582,0.0906,0.08852
30629,104288,St. Thomas (MN),Tommies,0.21083,0.74029,0.47125,65.981,113.21446,114.17433,0.22314,0.10867,0.15155,0.07877,0.03846
30629,104053,Omaha,Mavericks,0.24397,0.70646,0.43444,70.036,99.37767,119.22464,0.28669,0.17144,0.13241,0.06897,0.06937
27043,104231,South Dakota,Coyotes,0.27254,0.70519,0.53436,65.365,105.83467,109.28801,0.38562,0.16433,0.14357,0.08283,0.10144
27249,104115,Purdue Fort Wayne,Mastodons,0.31041,0.71903,0.54233,68.446,101.84601,108.73274,0.37053,0.18211,0.17525,0.09078,0.0681
33533,104452,Western Ill.,Leathernecks,0.27022,0.73386,0.51572,67.589,107.60643,106.62417,0.31909,0.13859,0.1508,0.08493,0.08977
38409,104054,Oral Roberts,Golden Eagles,0.24514,0.69146,0.41463,66.845,109.25092,116.9978,0.34849,0.15126,0.13238,0.07447,0.06731
27043,104452,Western Ill.,Leathernecks,0.26327,0.71915,0.55922,61.349,99.04084,101.30402,0.37151,0.18986,0.17187,0.09719,0.08753
30629,104366,Kansas City,Roos,0.23466,0.74949,0.48187,67.92,109.7593,99.02559,0.31096,0.13822,0.20423,0.10906,0.08333
33533,104231,South Dakota,Coyotes,0.25575,0.73226,0.50993,65.632,105.6237,112.16067,0.272,0.15521,0.13003,0.06761,0.04436
27168,104452,Western Ill.,Leathernecks,0.25552,0.73313,0.56297,57.51,103.07306,92.90542,0.40311,0.17453,0.17888,0.10098,0.12171
30629,103999,North Dakota,Fighting Hawks,0.27078,0.74057,0.50474,68.053,102.82589,115.38406,0.31346,0.15136,0.12824,0.05839,0.04882
41097,104366,Kansas City,Roos,0.27525,0.65041,0.47545,70.489,97.95055,118.50695,0.30954,0.16026,0.14227,0.08878,0.08106
27249,104366,Kansas City,Roos,0.25933,0.65462,0.54363,63.261,101.06763,111.48801,0.30537,0.18305,0.16802,0.09603,0.06224
27249,104000,North Dakota St.,Bison,0.27634,0.71362,0.52298,65.253,111.17264,103.91478,0.38508,0.16606,0.16237,0.09408,0.09122
30629,104231,South Dakota,Coyotes,0.27607,0.7814,0.44632,65.849,113.18055,106.81445,0.33727,0.13138,0.14844,0.06624,0.06586
30629,104054,Oral Roberts,Golden Eagles,0.29206,0.76091,0.38847,70.699,116.86735,104.37495,0.23234,0.1198,0.12894,0.07673,0.10164
36046,104054,Oral Roberts,Golden Eagles,0.21779,0.69584,0.41995,67.241,108.2665,111.07429,0.26706,0.12696,0.13549,0.08332,0.09138
27249,104249,Southern Utah,Thunderbirds,0.32231,0.71164,0.58675,63.418,102.42625,105.84381,0.38708,0.18803,0.17521,0.08467,0.06704
27043,103535,Denver,Pioneers,0.24835,0.66897,0.65541,58.234,111.42813,108.97497,0.33876,0.14825,0.18209,0.11808,0.0999
27168,104115,Purdue Fort Wayne,Mastodons,0.31429,0.73431,0.5376,64.006,101.5771,104.1562,0.38448,0.17668,0.17725,0.11165,0.07319
27043,104233,South Dakota St.,Jackrabbits,0.30242,0.77462,0.54746,65.643,110.2076,104.63771,0.43688,0.15676,0.1488,0.08254,0.08673
27168,104366,Kansas City,Roos,0.29894,0.69741,0.44808,63.999,95.21691,109.96332,0.30714,0.20301,0.17008,0.09217,0.08501
38409,104233,South Dakota St.,Jackrabbits,0.33846,0.77835,0.49398,68.364,116.38069,107.51272,0.30614,0.14939,0.12182,0.06862,0.08179
41097,103535,Denver,Pioneers,0.30833,0.68297,0.40022,68.102,121.60028,121.60028,0.34386,0.12411,0.11434,0.06749,0.05237
27043,103715,IU Indy,Jaguars,0.24302,0.69573,0.42583,65.444,101.1231,113.3473,0.31895,0.14822,0.13513,0.07668,0.07452
33533,104053,Omaha,Mavericks,0.24251,0.71442,0.47679,66.986,101.86298,113.29469,0.2964,0.16391,0.14078,0.08013,0.08371
36046,103999,North Dakota,Fighting Hawks,0.31389,0.74399,0.4324,66.619,112.5167,107.47027,0.31024,0.12847,0.14031,0.09423,0.07773
41097,104233,South Dakota St.,Jackrabbits,0.31362,0.75627,0.52229,66.582,112.81182,108.97818,0.30021,0.14119,0.13427,0.08606,0.07503
27043,104053,Omaha,Mavericks,0.29468,0.68705,0.55706,72.064,110.06537,103.43907,0.37824,0.14941,0.18918,0.11457,0.06576
33533,104233,South Dakota St.,Jackrabbits,0.21463,0.74748,0.41995,66.645,105.61648,103.89498,0.27978,0.1547,0.15547,0.07726,0.08273
27249,103715,IU Indy,Jaguars,0.34653,0.65234,0.45788,65.127,109.98443,110.4587,0.34486,0.15101,0.17286,0.10307,0.07583
30629,103535,Denver,Pioneers,0.23524,0.71767,0.48652,67.037,103.99351,109.66085,0.3181,0.16967,0.14885,0.07696,0.09511
33533,104366,Kansas City,Roos,0.36503,0.70374,0.41494,63.883,99.60278,106.32355,0.3243,0.17014,0.15825,0.09325,0.11326
27168,103715,IU Indy,Jaguars,0.2338,0.66504,0.53165,65.044,99.15141,115.94471,0.24594,0.17029,0.15036,0.08388,0.05919
30629,104452,Western Ill.,Leathernecks,0.29262,0.77879,0.40945,70.894,108.20042,107.20218,0.30225,0.13657,0.15492,0.08621,0.06308
33533,103535,Denver,Pioneers,0.29835,0.72759,0.43473,67.751,105.58956,109.08651,0.4155,0.19093,0.14131,0.08028,0.08412
36046,104231,South Dakota,Coyotes,0.30199,0.72362,0.44686,68.418,109.46305,114.00527,0.30428,0.15909,0.10892,0.05172,0.0442
36046,104366,Kansas City,Roos,0.32622,0.7423,0.50554,65.752,107.63028,103.74623,0.29848,0.1517,0.16646,0.08929,0.11236
38409,103535,Denver,Pioneers,0.26281,0.70259,0.44756,67.227,106.00116,113.6446,0.32877,0.16239,0.1656,0.10035,0.07556
38409,104000,North Dakota St.,Bison,0.28177,0.71802,0.55109,64.967,122.90212,113.00365,0.33406,0.13683,0.10235,0.05548,0.04884
41097,104231,South Dakota,Coyotes,0.30274,0.70775,0.46298,69.71,112.42114,113.25977,0.44751,0.14343,0.14331,0.08786,0.05783
36046,104000,North Dakota St.,Bison,0.26008,0.7634,0.42383,65.351,111.15209,110.12808,0.29607,0.14622,0.12421,0.06441,0.03407
33533,104000,North Dakota St.,Bison,0.25407,0.77119,0.42725,67.878,107.32344,107.76987,0.31355,0.14888,0.11631,0.05803,0.07615
33533,104288,St. Thomas (MN),Tommies,0.24705,0.71889,0.50295,65.669,112.91635,106.87138,0.3066,0.13198,0.15714,0.09087,0.06503
38409,103999,North Dakota,Fighting Hawks,0.34114,0.72143,0.4505,69.087,111.84866,115.09446,0.32818,0.13672,0.1366,0.08278,0.0687
38409,104231,South Dakota,Coyotes,0.30775,0.65228,0.40381,73.027,116.68604,114.65275,0.43964,0.11209,0.1548,0.10332,0.08621
38409,104366,Kansas City,Roos,0.35572,0.71587,0.49877,64.594,111.93517,104.05374,0.32086,0.15391,0.16579,0.11405,0.10095
27043,104000,North Dakota St.,Bison,0.31781,0.72881,0.43018,62.556,120.26077,104.4319,0.40875,0.1354,0.15952,0.09957,0.13063
36046,104288,St. Thomas (MN),Tommies,0.24927,0.75024,0.52503,62.747,115.56406,102.95882,0.28947,0.12843,0.16787,0.09826,0.06723
41097,104053,Omaha,Mavericks,0.26941,0.72075,0.48866,67.261,112.52176,113.195,0.33123,0.14327,0.12667,0.08526,0.08832
27168,104032,Oakland,Golden Grizzlies,0.31387,0.70559,0.52612,67.613,108.71239,110.53613,0.41888,0.15156,0.18827,0.12077,0.03502
33533,103999,North Dakota,Fighting Hawks,0.25916,0.73254,0.45921,66.975,106.87443,109.47894,0.27095,0.14795,0.14186,0.06572,0.06617
36046,104053,Omaha,Mavericks,0.25044,0.75364,0.39763,66.561,110.29585,108.62402,0.39188,0.12926,0.14891,0.09053,0.06854
41097,104054,Oral Roberts,Golden Eagles,0.29636,0.69349,0.48335,68.234,106.66553,112.7481,0.36603,0.16658,0.13591,0.0873,0.08988
30629,104000,North Dakota St.,Bison,0.25857,0.77516,0.4233,66.711,110.47845,101.43971,0.33866,0.15141,0.11923,0.0578,0.08401
27249,104452,Western Ill.,Leathernecks,0.24698,0.72589,0.5672,59.05,102.28948,99.97273,0.33087,0.16758,0.19129,0.10061,0.0858
41097,104288,St. Thomas (MN),Tommies,0.2282,0.74092,0.57372,68.689,119.03593,104.17785,0.34247,0.12769,0.1505,0.10832,0.07549
38409,104288,St. Thomas (MN),Tommies,0.22765,0.69983,0.53586,68.324,121.2486,109.11087,0.33636,0.12459,0.16677,0.10451,0.09449
27168,104000,North Dakota St.,Bison,0.30732,0.75133,0.50835,59.869,111.28921,92.95233,0.28787,0.15686,0.16552,0.0959,0.12721
27249,104054,Oral Roberts,Golden Eagles,0.35072,0.7133,0.53125,63.002,113.9125,103.33854,0.41825,0.17093,0.18784,0.10294,0.07287
36046,103535,Denver,Pioneers,0.27796,0.71311,0.46934,69.579,114.35466,113.60751,0.37042,0.12205,0.13002,0.08763,0.09538
33533,104054,Oral Roberts,Golden Eagles,0.25406,0.72599,0.48582,70.194,118.65025,100.04882,0.24563,0.11745,0.15619,0.09661,0.1404
38409,104053,Omaha,Mavericks,0.29727,0.74376,0.49416,67.639,114.34632,111.26273,0.36275,0.13745,0.13477,0.0877,0.07354
30629,104233,South Dakota St.,Jackrabbits,0.24581,0.76388,0.4898,70.238,121.80317,103.80629,0.33349,0.13961,0.14676,0.08642,0.06915
36046,104233,South Dakota St.,Jackrabbits,0.25087,0.75416,0.46059,67.375,112.6323,104.84278,0.29226,0.14712,0.14581,0.08983,0.10173
41097,103999,North Dakota,Fighting Hawks,0.29125,0.6917,0.42981,68.287,111.33645,112.37504,0.36544,0.12243,0.18077,0.12298,0.08234
27249,104233,South Dakota St.,Jackrabbits,0.31212,0.71786,0.54466,64.968,117.0027,101.33852,0.39888,0.13819,0.17201,0.10264,0.04884
27168,104233,South Dakota St.,Jackrabbits,0.2982,0.75192,0.55604,62.88,115.0416,103.0357,0.32336,0.14148,0.15248,0.07819,0.06113
41097,104000,North Dakota St.,Bison,0.32651,0.74978,0.53884,67.252,117.78315,102.95554,0.30773,0.13419,0.17689,0.12122,0.08821
27043,104115,Purdue Fort Wayne,Mastodons,0.33128,0.72241,0.53744,66.115,116.14373,106.97449,0.41081,0.15846,0.16049,0.10257,0.06555
27249,104032,Oakland,Golden Grizzlies,0.31383,0.69525,0.50264,68.765,114.93906,113.17999,0.41683,0.14727,0.16739,0.09256,0.05423
27693,103297,Arizona St.,Sun Devils,0.21267,0.69942,0.49848,71.112,103.47626,107.31903,0.33267,0.13627,0.18301,0.10133,0.08817
27693,104389,Utah,Utes,0.23597,0.70484,0.57622,66.435,107.48176,104.02422,0.28827,0.1662,0.17325,0.08148,0.09249
27693,104424,Washington,Huskies,0.23355,0.6557,0.43682,69.458,97.4024,111.41195,0.26239,0.17379,0.14835,0.08763,0.08962
27693,103296,Arizona,Wildcats,0.34263,0.75575,0.6042,66.881,111.69749,101.55871,0.41756,0.14891,0.16085,0.08619,0.11171
27693,104290,Stanford,Cardinal,0.2506,0.71311,0.48968,68.176,100.43481,100.22146,0.36482,0.19204,0.1773,0.10146,0.09494
27693,104427,Washington St.,Cougars,0.30676,0.74029,0.51817,67.27,99.26424,97.55002,0.34698,0.1881,0.16431,0.08944,0.09039
27693,104055,Oregon,Ducks,0.29121,0.7235,0.49936,66.686,112.30673,102.55955,0.25969,0.1477,0.17988,0.1116,0.10729
27693,103405,California,Golden Bears,0.24633,0.75442,0.52345,65.007,100.62524,106.51316,0.34635,0.17289,0.15832,0.06694,0.06196
27249,103297,Arizona St.,Sun Devils,0.29638,0.69902,0.57645,62.241,98.00568,106.5572,0.41279,0.22899,0.15517,0.08981,0.11692
27249,104389,Utah,Utes,0.23132,0.68228,0.52805,61.639,89.65315,112.6398,0.34626,0.20149,0.14995,0.08285,0.07143
27043,104427,Washington St.,Cougars,0.28492,0.72541,0.49694,61.855,100.05265,107.65748,0.36497,0.15776,0.15459,0.08204,0.08404
27168,104427,Washington St.,Cougars,0.31863,0.71972,0.54611,61.345,104.27643,101.77255,0.34764,0.16589,0.17076,0.07181,0.07661
30629,104389,Utah,Utes,0.2929,0.70807,0.55511,65.934,104.88003,106.62722,0.30017,0.15725,0.13332,0.06914,0.075
30629,103297,Arizona St.,Sun Devils,0.24872,0.69707,0.53419,66.804,96.32545,99.03416,0.21249,0.15301,0.16952,0.09863,0.12358
30629,104056,Oregon St.,Beavers,0.26217,0.66047,0.47296,66.525,101.02375,115.57843,0.27577,0.16196,0.15193,0.08853,0.08453
27693,103484,Colorado,Buffaloes,0.30815,0.74395,0.52657,65.001,112.4986,98.17186,0.2946,0.1507,0.17622,0.07984,0.07767
33533,104056,Oregon St.,Beavers,0.25173,0.69868,0.48225,63.598,96.2585,105.34876,0.33455,0.18504,0.15834,0.0845,0.09091
27168,104056,Oregon St.,Beavers,0.34405,0.67551,0.55127,67.455,106.32249,103.73827,0.37035,0.16684,0.15258,0.09396,0.1123
30629,104290,Stanford,Cardinal,0.33761,0.77113,0.54416,65.63,100.74175,104.25159,0.29944,0.1921,0.14844,0.08438,0.07608
33533,104389,Utah,Utes,0.31316,0.7269,0.58407,65.296,104.7375,97.39586,0.29227,0.15562,0.13234,0.07674,0.10337
36046,103297,Arizona St.,Sun Devils,0.21888,0.70168,0.48673,69.389,99.09777,106.23066,0.33088,0.13332,0.16982,0.11791,0.10201
27043,104424,Washington,Huskies,0.32153,0.70849,0.51138,67.114,110.1444,110.42161,0.37146,0.1436,0.14414,0.07922,0.0698
27249,104240,Southern California,Trojans,0.23748,0.64346,0.47508,59.661,87.47045,99.26831,0.269,0.15534,0.20999,0.09539,0.05856
30629,103405,California,Golden Bears,0.25318,0.76636,0.45238,63.725,98.19394,102.86521,0.25306,0.15266,0.13205,0.076,0.07192
33533,103405,California,Golden Bears,0.25342,0.69628,0.46526,63.014,91.82158,110.37288,0.31523,0.17775,0.14078,0.07477,0.09149
27043,104056,Oregon St.,Beavers,0.31045,0.67789,0.52121,67.042,111.7263,111.49594,0.50918,0.17284,0.13159,0.07166,0.11506
27043,104240,Southern California,Trojans,0.30998,0.67837,0.50437,69.035,101.02932,107.83023,0.41721,0.17217,0.13565,0.07796,0.10947
30629,104424,Washington,Huskies,0.29309,0.64536,0.40955,68.814,101.44359,103.86747,0.34733,0.14627,0.1892,0.11867,0.10518
27168,104240,Southern California,Trojans,0.29181,0.70536,0.51799,65.69,98.4108,101.31488,0.29956,0.1709,0.15404,0.08512,0.13096
33533,104424,Washington,Huskies,0.26433,0.65381,0.46819,67.636,100.67448,102.3577,0.31651,0.17743,0.15632,0.10056,0.13054
36046,104290,Stanford,Cardinal,0.23199,0.72688,0.5839,69.564,108.05739,108.23431,0.28632,0.16183,0.13754,0.07791,0.07851
36046,104424,Washington,Huskies,0.27068,0.7107,0.51772,70.468,112.17894,107.35076,0.32121,0.142,0.13917,0.08023,0.09042
36046,103405,California,Golden Bears,0.28607,0.7331,0.46459,68.187,105.99562,110.38412,0.29192,0.14207,0.13078,0.08631,0.06677
36046,104056,Oregon St.,Beavers,0.26803,0.69196,0.45984,64.755,103.92614,109.67886,0.36103,0.16341,0.14903,0.0902,0.10503
27249,104360,UCLA,Bruins,0.33456,0.70701,0.55778,64.037,107.0876,97.62338,0.32427,0.1583,0.18446,0.12325,0.12542
33533,104290,Stanford,Cardinal,0.31148,0.73611,0.58473,64.956,108.27857,105.24621,0.29412,0.16482,0.16338,0.08779,0.09842
36046,104360,UCLA,Bruins,0.30431,0.72186,0.48294,63.229,104.33468,103.51994,0.35385,0.14545,0.16126,0.09222,0.10911
27168,103405,California,Golden Bears,0.32523,0.69305,0.56182,65.14,102.7912,98.38851,0.312,0.16357,0.14461,0.08921,0.11382
27693,104360,UCLA,Bruins,0.30451,0.7493,0.51051,63.731,111.27004,103.73835,0.3159,0.13791,0.15628,0.07452,0.0789
33533,104240,Southern California,Trojans,0.2881,0.67297,0.52047,66.78,108.08775,100.53834,0.33227,0.16,0.15343,0.10309,0.13424
27168,104389,Utah,Utes,0.28613,0.68443,0.60743,62.177,102.40009,100.90061,0.31858,0.17837,0.14487,0.08846,0.08965
27168,104424,Washington,Huskies,0.37391,0.68486,0.47736,64.963,103.93395,102.91544,0.34131,0.16837,0.15896,0.08019,0.10237
27693,104056,Oregon St.,Beavers,0.3027,0.7037,0.59776,64.603,108.23814,103.90861,0.34835,0.15268,0.15947,0.08883,0.10479
30629,103484,Colorado,Buffaloes,0.29991,0.75571,0.53978,66.991,105.27789,99.84564,0.34651,0.17355,0.15624,0.08097,0.08656
27043,104389,Utah,Utes,0.29575,0.72399,0.57998,65.445,113.49527,97.15086,0.40595,0.15871,0.16401,0.10133,0.11835
27168,103484,Colorado,Buffaloes,0.33629,0.69565,0.42323,64.464,103.26186,97.1495,0.4094,0.17222,0.16658,0.10629,0.08621
27693,104240,Southern California,Trojans,0.34919,0.71727,0.50664,66.123,111.64205,96.97013,0.36255,0.15509,0.14726,0.07118,0.12943
36046,104240,Southern California,Trojans,0.28959,0.6775,0.5906,68.09,107.23375,107.49679,0.33592,0.1586,0.16256,0.10829,0.1418
27043,103297,Arizona St.,Sun Devils,0.24499,0.69828,0.5634,67.765,109.10144,100.5436,0.42495,0.14639,0.14718,0.07325,0.12772
27249,103405,California,Golden Bears,0.32079,0.72751,0.6047,64.964,109.51797,95.25664,0.34132,0.15986,0.17155,0.07194,0.08
27249,104055,Oregon,Ducks,0.33058,0.68054,0.54926,66.448,111.85267,103.61975,0.38535,0.16582,0.16081,0.09026,0.08845
27168,104290,Stanford,Cardinal,0.3212,0.71502,0.49639,66.736,105.25245,99.23677,0.33367,0.149,0.16923,0.0875,0.09607
33533,104427,Washington St.,Cougars,0.31538,0.73866,0.49569,63.505,107.23948,103.13263,0.28244,0.15903,0.14785,0.07672,0.07311
30629,104240,Southern California,Trojans,0.33473,0.73252,0.53407,66.193,108.55308,98.93725,0.30919,0.15431,0.12596,0.0752,0.11119
27043,104055,Oregon,Ducks,0.32246,0.68078,0.53017,68.083,118.05573,106.94161,0.43753,0.14163,0.16557,0.11122,0.08719
33533,103296,Arizona,Wildcats,0.30716,0.73913,0.64712,71.416,114.6608,99.61807,0.35811,0.16327,0.14885,0.08496,0.081
33533,103484,Colorado,Buffaloes,0.30843,0.74938,0.50783,68.278,102.31346,98.2544,0.29917,0.16577,0.17241,0.10895,0.09801
27168,103296,Arizona,Wildcats,0.34996,0.73272,0.54091,65.329,111.99802,97.00685,0.37351,0.16909,0.17542,0.10157,0.10152
27249,103296,Arizona,Wildcats,0.3056,0.70032,0.59497,63.89,107.276,97.50749,0.44481,0.16752,0.15558,0.08604,0.08886
27249,104424,Washington,Huskies,0.38607,0.68453,0.49172,69.42,108.12951,100.24252,0.36996,0.15498,0.16724,0.0951,0.097
30629,104055,Oregon,Ducks,0.30008,0.69046,0.45513,67.123,107.01263,103.12433,0.29157,0.14934,0.1673,0.10043,0.09435
36046,104427,Washington St.,Cougars,0.32885,0.7498,0.45886,65.165,112.05642,101.6518,0.31574,0.14116,0.13904,0.07893,0.12619
27043,103484,Colorado,Buffaloes,0.33983,0.73917,0.48771,65.694,105.72561,102.71348,0.48263,0.17043,0.15785,0.08869,0.08977
27043,103405,California,Golden Bears,0.29589,0.70228,0.58306,65.059,110.06092,105.10752,0.35601,0.13256,0.13112,0.08071,0.11111
27168,104360,UCLA,Bruins,0.30666,0.65999,0.58169,68.32,107.36576,100.06786,0.3313,0.13803,0.16883,0.11645,0.08416
27168,103297,Arizona St.,Sun Devils,0.28332,0.69977,0.551,66.353,106.26788,99.96457,0.35947,0.16362,0.15623,0.09414,0.14807
30629,104360,UCLA,Bruins,0.31394,0.74726,0.50259,65.087,113.81233,97.29467,0.29423,0.11427,0.17356,0.10516,0.09619
27043,104290,Stanford,Cardinal,0.29283,0.71937,0.46317,65.7,110.22083,103.52163,0.44974,0.149,0.1504,0.08068,0.11614
27249,103484,Colorado,Buffaloes,0.30077,0.71933,0.50539,64.802,103.76045,96.92567,0.43223,0.17344,0.16231,0.08935,0.08959
33533,104055,Oregon,Ducks,0.32568,0.73615,0.52074,65.253,107.83687,101.21903,0.31963,0.15883,0.14431,0.08506,0.13138
33533,103297,Arizona St.,Sun Devils,0.29173,0.68503,0.56593,67.643,104.00242,99.45054,0.31207,0.14643,0.17355,0.10378,0.13302
36046,104055,Oregon,Ducks,0.28606,0.7275,0.50611,66.901,111.81304,106.92302,0.32028,0.1301,0.15822,0.10586,0.10069
36046,103296,Arizona,Wildcats,0.35601,0.76679,0.59164,72.023,118.92307,98.33805,0.36364,0.13772,0.16146,0.11351,0.09507
27249,104056,Oregon St.,Beavers,0.33815,0.66375,0.56985,69.765,110.80886,102.07208,0.44482,0.16846,0.20036,0.12849,0.1156
33533,104360,UCLA,Bruins,0.33017,0.71751,0.52081,65.789,112.68703,92.22836,0.27439,0.12851,0.20621,0.12736,0.11639
27249,104427,Washington St.,Cougars,0.30931,0.69444,0.58721,62.558,108.54828,104.24252,0.44009,0.18121,0.1598,0.0766,0.08347
30629,104427,Washington St.,Cougars,0.33309,0.70502,0.45815,65.953,107.98396,98.01872,0.29835,0.14107,0.17928,0.09677,0.12259
27043,104360,UCLA,Bruins,0.29773,0.71374,0.59273,68.668,117.40205,101.80317,0.38206,0.12873,0.1786,0.13305,0.09032
30629,103296,Arizona,Wildcats,0.34681,0.71419,0.64996,71.253,117.06075,94.86932,0.34949,0.15955,0.151,0.09387,0.13401
36046,104389,Utah,Utes,0.27571,0.74167,0.60444,69.791,111.75336,103.81753,0.27068,0.14153,0.12542,0.08366,0.10322
36046,103484,Colorado,Buffaloes,0.31861,0.75169,0.57197,67.666,116.05319,104.94213,0.35078,0.16019,0.13543,0.08708,0.05529
27168,104055,Oregon,Ducks,0.35822,0.72826,0.51271,67.43,104.45185,92.70595,0.38341,0.18372,0.19575,0.12399,0.10203
27249,104290,Stanford,Cardinal,0.34985,0.71829,0.50746,66.378,106.3878,93.57482,0.37684,0.17249,0.19462,0.09856,0.09204
27043,103296,Arizona,Wildcats,0.36413,0.72727,0.57631,62.869,114.39918,91.92423,0.4098,0.13378,0.16707,0.09207,0.11533
27043,103520,Dartmouth,Big Green,0.32021,0.73099,0.52303,63.201,107.17061,104.86406,0.3703,0.16016,0.18195,0.09388,0.0962
27043,103506,Cornell,Big Red,0.28516,0.6782,0.46012,64.157,99.03765,121.10733,0.2832,0.15866,0.13859,0.06483,0.07919
27043,104074,Penn,Quakers,0.28602,0.65527,0.59649,68.742,98.84233,108.35934,0.3913,0.20221,0.15724,0.0851,0.09302
27043,103378,Brown,Bears,0.30407,0.72368,0.52789,68.273,103.40601,97.6974,0.3476,0.16013,0.14773,0.08234,0.11907
27043,103682,Harvard,Crimson,0.32811,0.70419,0.57306,63.338,113.8221,94.82746,0.47785,0.1512,0.1921,0.11834,0.13432
27043,104110,Princeton,Tigers,0.25662,0.74592,0.61222,63.304,109.69743,100.01215,0.37626,0.15293,0.16758,0.09748,0.09715
27043,103489,Columbia,Lions,0.28259,0.73773,0.56469,60.536,110.34999,102.6212,0.4278,0.17261,0.14869,0.08192,0.07416
27043,104510,Yale,Bulldogs,0.35221,0.7354,0.52566,63.637,104.79309,103.51223,0.49536,0.16899,0.16659,0.09661,0.12613
27168,103489,Columbia,Lions,0.29412,0.73254,0.55795,60.082,103.78611,100.69511,0.3338,0.15678,0.18055,0.10215,0.07516
27168,103520,Dartmouth,Big Green,0.29118,0.69037,0.49833,62.917,97.14431,104.20832,0.33992,0.183,0.1875,0.11051,0.07463
27168,103506,Cornell,Big Red,0.28466,0.72303,0.49727,65.952,99.77858,106.0392,0.30284,0.1739,0.18501,0.10274,0.10759
27168,104510,Yale,Bulldogs,0.35843,0.71488,0.5731,63.057,106.27975,103.73195,0.43431,0.18502,0.18327,0.09942,0.08841
27168,103378,Brown,Bears,0.31193,0.73186,0.57213,62.668,97.44295,100.34171,0.34362,0.18756,0.16414,0.10331,0.10457
27168,103682,Harvard,Crimson,0.2604,0.68634,0.5805,62.619,107.72521,101.1534,0.48878,0.18718,0.18347,0.11419,0.10966
27249,103378,Brown,Bears,0.24889,0.69461,0.60146,64.436,95.46859,107.83395,0.28437,0.16688,0.15563,0.08124,0.06701
27249,103520,Dartmouth,Big Green,0.27503,0.72482,0.49155,62.133,92.26585,101.72216,0.36702,0.19308,0.16909,0.08721,0.07053
27249,103489,Columbia,Lions,0.29154,0.73526,0.55637,62.279,103.77163,98.88825,0.32093,0.16782,0.16727,0.09604,0.06267
27249,103506,Cornell,Big Red,0.25123,0.68046,0.59311,66.448,96.79178,100.22411,0.31525,0.17443,0.19491,0.11502,0.08814
27249,104510,Yale,Bulldogs,0.33631,0.72843,0.5649,65.976,103.61351,97.73289,0.41184,0.18096,0.16671,0.07845,0.10177
27249,103682,Harvard,Crimson,0.30254,0.73077,0.57698,59.794,109.23678,92.63365,0.41141,0.17721,0.18059,0.09864,0.12092
27249,104110,Princeton,Tigers,0.26923,0.70387,0.59923,62.385,105.59673,98.59312,0.30934,0.17102,0.16236,0.09986,0.09583
27249,104074,Penn,Quakers,0.27045,0.67616,0.58279,62.068,103.59508,101.66414,0.29636,0.17463,0.19103,0.11632,0.07594
30629,103520,Dartmouth,Big Green,0.23977,0.7354,0.42928,65.603,102.6632,102.42291,0.24058,0.15102,0.17352,0.09992,0.09644
30629,103682,Harvard,Crimson,0.25367,0.76779,0.43639,68.476,102.87618,99.49865,0.26279,0.15538,0.194,0.10977,0.07365
30629,103489,Columbia,Lions,0.27386,0.72075,0.4808,69.864,95.99029,112.26262,0.26257,0.18822,0.14808,0.0846,0.05755
30629,103378,Brown,Bears,0.29372,0.72791,0.47903,68.506,103.5898,101.42539,0.30801,0.16536,0.1805,0.09771,0.11188
30629,103506,Cornell,Big Red,0.28043,0.727,0.61224,72.337,108.95299,102.70896,0.3033,0.1712,0.16347,0.10814,0.08297
30629,104074,Penn,Quakers,0.25203,0.72,0.4746,67.857,105.21807,110.22597,0.2415,0.1514,0.13568,0.08044,0.06006
30629,104110,Princeton,Tigers,0.25844,0.76953,0.51319,67.817,116.26613,102.09088,0.20793,0.13025,0.15032,0.09038,0.04415
30629,104510,Yale,Bulldogs,0.25899,0.7361,0.46792,68.996,103.65554,99.79058,0.32056,0.16301,0.16594,0.09007,0.09298
33533,103520,Dartmouth,Big Green,0.2418,0.74522,0.5007,69.526,101.2779,102.7479,0.29213,0.18044,0.15484,0.07805,0.10376
33533,103682,Harvard,Crimson,0.31049,0.75052,0.53143,66.463,101.94032,98.95774,0.30948,0.1739,0.1664,0.1122,0.10841
33533,103378,Brown,Bears,0.25315,0.76279,0.54545,68.773,100.67187,100.35023,0.29801,0.17011,0.17834,0.10406,0.08969
33533,104074,Penn,Quakers,0.30309,0.72344,0.5468,66.663,110.61307,106.23576,0.29388,0.16206,0.13048,0.08162,0.09496
33533,104510,Yale,Bulldogs,0.29681,0.76888,0.522,66.362,113.22809,94.49789,0.29989,0.14367,0.16684,0.09562,0.1259
33533,103506,Cornell,Big Red,0.29543,0.71368,0.59926,71.284,114.07292,106.19206,0.28193,0.1512,0.19349,0.13471,0.06344
33533,103489,Columbia,Lions,0.26983,0.67113,0.48851,69.3,96.98932,108.38532,0.28183,0.17113,0.15854,0.09664,0.05009
33533,104110,Princeton,Tigers,0.29096,0.77825,0.50288,67.829,110.0194,99.81892,0.3022,0.15131,0.13576,0.0711,0.08497
27168,104110,Princeton,Tigers,0.30835,0.71963,0.63981,59.347,108.02018,97.95507,0.35281,0.17865,0.18081,0.10628,0.08526
27168,104074,Penn,Quakers,0.26844,0.67144,0.60668,66.211,94.47736,102.72654,0.34362,0.20965,0.18553,0.09754,0.07411
36046,103520,Dartmouth,Big Green,0.21786,0.76035,0.55892,65.199,94.86634,110.20401,0.29164,0.17403,0.12624,0.06819,0.10428
36046,103682,Harvard,Crimson,0.26795,0.68825,0.52782,66.455,104.92084,106.96403,0.34763,0.15801,0.13882,0.09277,0.11902
36046,103489,Columbia,Lions,0.2951,0.72211,0.62884,68.629,112.14411,105.56009,0.29869,0.15443,0.15679,0.11261,0.06732
36046,104074,Penn,Quakers,0.3,0.73386,0.54802,65.343,112.0027,111.89895,0.27193,0.14356,0.13068,0.08983,0.06886
36046,103378,Brown,Bears,0.31913,0.73073,0.53325,66.646,105.36658,106.08109,0.33168,0.15598,0.1526,0.09297,0.11802
36046,103506,Cornell,Big Red,0.28444,0.69101,0.60782,70.708,116.11054,105.64504,0.27342,0.15106,0.16161,0.11759,0.07397
36046,104510,Yale,Bulldogs,0.28875,0.76302,0.53863,64.941,113.30554,102.31973,0.2773,0.12514,0.14789,0.09392,0.09642
36046,104110,Princeton,Tigers,0.25711,0.76402,0.54311,64.45,119.57928,103.36786,0.27611,0.11086,0.15182,0.09244,0.05572
38409,103489,Columbia,Lions,0.27466,0.73542,0.6096,69.885,112.19465,111.77067,0.29003,0.1365,0.15019,0.11102,0.05925
38409,103682,Harvard,Crimson,0.25112,0.69307,0.54345,65.497,104.01837,109.47821,0.24935,0.15924,0.15245,0.11207,0.07723
38409,104110,Princeton,Tigers,0.2712,0.75786,0.57522,67.121,109.70317,107.36906,0.24013,0.13435,0.16019,0.10969,0.06468
38409,103506,Cornell,Big Red,0.27505,0.71214,0.62528,70.802,120.15023,109.48428,0.27684,0.14876,0.13804,0.08911,0.08491
38409,104510,Yale,Bulldogs,0.32999,0.74389,0.54911,67.563,120.33169,103.7053,0.31311,0.12667,0.14559,0.08554,0.11663
38409,103378,Brown,Bears,0.30801,0.69481,0.55048,66.152,107.68007,106.74132,0.27774,0.14783,0.1389,0.08845,0.1399
38409,103520,Dartmouth,Big Green,0.24679,0.75959,0.58957,70.486,109.26041,101.54257,0.30409,0.14243,0.12935,0.07277,0.07755
38409,104074,Penn,Quakers,0.26824,0.70253,0.55706,66.146,104.66998,116.43003,0.28897,0.14433,0.11746,0.07431,0.04653
41097,103378,Brown,Bears,0.30312,0.71742,0.5949,66.061,104.58628,104.14592,0.27718,0.16275,0.17484,0.1196,0.12089
41097,103489,Columbia,Lions,0.37474,0.74074,0.55444,66.383,114.43345,107.02141,0.28198,0.16189,0.13237,0.08776,0.081
41097,104110,Princeton,Tigers,0.28045,0.71888,0.55291,63.311,107.40592,112.69791,0.34134,0.14956,0.12641,0.07423,0.0659
41097,103520,Dartmouth,Big Green,0.25785,0.71859,0.55473,68.32,110.45911,111.75418,0.37027,0.15571,0.12132,0.07286,0.09792
41097,103506,Cornell,Big Red,0.31217,0.7048,0.687,70.702,124.01584,116.90633,0.28962,0.1419,0.1373,0.08375,0.07425
41097,103682,Harvard,Crimson,0.26867,0.7217,0.5536,62.724,110.28375,104.96495,0.26508,0.15376,0.15066,0.11261,0.10628
41097,104510,Yale,Bulldogs,0.3397,0.70887,0.56696,64.622,124.29096,108.36002,0.34284,0.1207,0.14453,0.08469,0.1013
41097,104074,Penn,Quakers,0.3086,0.69094,0.52513,68.028,110.65006,108.41471,0.35307,0.13363,0.15148,0.09587,0.08553
27693,104196,Samford,Bulldogs,0.30411,0.74965,0.52311,73.76,102.16242,105.66114,0.27176,0.18474,0.16841,0.0909,0.08076
27693,104503,Wofford,Terriers,0.27621,0.73918,0.54334,66.525,111.15833,101.3759,0.254,0.16689,0.17002,0.09966,0.06053
27693,104327,The Citadel,Bulldogs,0.25402,0.74973,0.54944,73.501,109.87583,106.61058,0.31609,0.1452,0.13432,0.07386,0.1015
27693,103551,ETSU,Buccaneers,0.3,0.73793,0.47581,66.284,104.2394,99.31565,0.29873,0.17464,0.18079,0.1107,0.08367
27693,103633,Furman,Paladins,0.27195,0.74208,0.56986,69.741,113.56917,98.3315,0.26551,0.15751,0.18536,0.11667,0.09535
27693,104394,VMI,Keydets,0.23875,0.74926,0.55666,71.022,111.58142,105.78209,0.27225,0.15601,0.12445,0.07454,0.08047
27693,103449,Chattanooga,Mocs,0.23872,0.7554,0.47826,67.476,106.59225,101.68043,0.28187,0.14409,0.17128,0.10004,0.04933
27693,104450,Western Caro.,Catamounts,0.22801,0.75474,0.5014,70.816,104.22836,108.82893,0.33291,0.17405,0.1448,0.06856,0.07375
27693,103892,Mercer,Bears,0.26168,0.75424,0.57572,68.923,109.43185,102.39871,0.24914,0.16207,0.15118,0.09823,0.07926
27043,103633,Furman,Paladins,0.27818,0.66337,0.42353,64.324,100.88937,113.32637,0.41131,0.18296,0.14377,0.07609,0.07637
27168,104327,The Citadel,Bulldogs,0.31271,0.64249,0.66373,63.845,100.399,114.12522,0.37168,0.20994,0.16208,0.10988,0.06354
27693,104371,UNC Greensboro,Spartans,0.32146,0.74291,0.45012,68.957,105.37578,97.24032,0.23746,0.13228,0.1886,0.10793,0.11868
27043,103293,App State,Mountaineers,0.33998,0.6976,0.4548,66.379,101.29588,107.17243,0.40289,0.15092,0.16604,0.0929,0.07168
27249,104196,Samford,Bulldogs,0.29137,0.63765,0.58848,62.911,104.2533,109.92838,0.298,0.17543,0.15885,0.0846,0.06533
27249,103634,Ga. Southern,Eagles,0.29049,0.68551,0.49533,65.783,100.19209,101.74352,0.31903,0.19845,0.19859,0.11422,0.06706
38409,104327,The Citadel,Bulldogs,0.28804,0.69795,0.52125,65.307,100.67123,113.47568,0.3454,0.16227,0.14182,0.09113,0.06143
38409,104450,Western Caro.,Catamounts,0.26957,0.7166,0.50278,70.135,98.10626,111.29662,0.27735,0.16997,0.12279,0.0742,0.08741
27249,104327,The Citadel,Bulldogs,0.29418,0.68623,0.56818,65.122,96.91699,108.64773,0.33354,0.19281,0.16508,0.09037,0.04505
27168,103633,Furman,Paladins,0.28627,0.66406,0.52795,63.594,94.80455,110.57994,0.35949,0.19773,0.15321,0.08319,0.09563
27168,104371,UNC Greensboro,Spartans,0.29167,0.71907,0.47462,70.258,102.021,104.9595,0.33033,0.15393,0.17387,0.10459,0.04425
27249,103633,Furman,Paladins,0.34828,0.69344,0.49633,63.338,102.1651,102.97998,0.36938,0.18383,0.16684,0.08137,0.09204
27249,103293,App State,Mountaineers,0.31034,0.68039,0.50804,66.846,101.94277,104.5382,0.38748,0.18304,0.14663,0.09007,0.09743
41097,104450,Western Caro.,Catamounts,0.36675,0.7464,0.45528,67.698,114.95775,113.30334,0.29832,0.13795,0.13827,0.09011,0.08458
27249,103577,Elon,Phoenix,0.28152,0.67977,0.52857,69.301,100.03166,102.37723,0.32168,0.17029,0.15683,0.06858,0.06495
27249,103478,Col. of Charleston,Cougars,0.29896,0.64532,0.49072,67.359,103.26139,99.77379,0.38609,0.16569,0.17524,0.10827,0.09041
30629,104327,The Citadel,Bulldogs,0.25612,0.72408,0.59666,69.664,108.07455,108.11994,0.29459,0.15116,0.12503,0.06613,0.09098
27168,103293,App State,Mountaineers,0.31598,0.6985,0.45817,67.112,103.764,104.23331,0.3717,0.16852,0.17115,0.09929,0.09459
27168,104503,Wofford,Terriers,0.26856,0.73388,0.55489,62.409,93.0357,94.63803,0.28125,0.1781,0.20055,0.11956,0.06838
33533,104327,The Citadel,Bulldogs,0.21767,0.69361,0.47341,66.921,100.77243,110.85901,0.28779,0.1634,0.14455,0.08245,0.07841
38409,104371,UNC Greensboro,Spartans,0.31818,0.71034,0.50856,63.832,114.16667,102.4171,0.29568,0.1313,0.14524,0.09358,0.087
38409,103551,ETSU,Buccaneers,0.35222,0.70769,0.5092,64.895,110.8041,102.47332,0.32181,0.13918,0.16819,0.12322,0.11557
41097,103892,Mercer,Bears,0.33705,0.67471,0.48087,69.508,118.96073,108.62023,0.37462,0.12628,0.15377,0.11328,0.09483
41097,104394,VMI,Keydets,0.26509,0.65283,0.51933,67.292,106.94929,118.88415,0.29193,0.12834,0.13753,0.10436,0.07223
41097,103449,Chattanooga,Mocs,0.24085,0.69741,0.5681,66.467,115.37656,113.21384,0.27828,0.1279,0.11982,0.07968,0.0797
30629,103551,ETSU,Buccaneers,0.3125,0.69043,0.49238,65.343,109.85476,111.28392,0.22905,0.14548,0.147,0.10294,0.08743
30629,104503,Wofford,Terriers,0.28422,0.7844,0.51956,64.03,112.88412,103.06388,0.28726,0.15851,0.18454,0.10741,0.05234
33533,103551,ETSU,Buccaneers,0.31468,0.70947,0.47503,65.583,104.94327,104.80088,0.30099,0.16975,0.15963,0.09305,0.09438
36046,104394,VMI,Keydets,0.25168,0.70698,0.40954,73.371,93.50681,112.17423,0.26718,0.18992,0.1367,0.07565,0.06452
36046,104327,The Citadel,Bulldogs,0.2849,0.7386,0.43834,65.829,106.86821,108.23953,0.33782,0.15831,0.14647,0.08462,0.0744
41097,104503,Wofford,Terriers,0.30965,0.71455,0.51784,66.689,117.62568,115.19849,0.3633,0.1191,0.13792,0.08646,0.08642
27043,104371,UNC Greensboro,Spartans,0.295,0.72381,0.4703,69.219,101.55409,106.30254,0.38365,0.17247,0.14881,0.08089,0.06198
27043,103577,Elon,Phoenix,0.27751,0.68977,0.52808,66.649,111.2847,106.12057,0.35718,0.15716,0.14471,0.07485,0.07062
27168,103449,Chattanooga,Mocs,0.35294,0.72619,0.49738,67.686,101.60901,106.19012,0.43524,0.17138,0.17419,0.10102,0.06379
27249,104371,UNC Greensboro,Spartans,0.35219,0.65947,0.46903,70.147,98.61854,108.60859,0.3177,0.1786,0.19427,0.10576,0.07366
30629,104196,Samford,Bulldogs,0.30548,0.71339,0.48014,69.094,107.25747,106.04578,0.28289,0.16908,0.16931,0.10743,0.09243
33533,104371,UNC Greensboro,Spartans,0.30247,0.73657,0.56985,65.957,108.41019,97.03323,0.32059,0.15252,0.17244,0.1065,0.07838
33533,104394,VMI,Keydets,0.30401,0.7329,0.45625,66.179,104.0164,115.12085,0.21113,0.16357,0.13867,0.08047,0.03903
36046,104371,UNC Greensboro,Spartans,0.29757,0.71154,0.54682,65.517,114.62821,105.68324,0.26997,0.14244,0.14981,0.10526,0.07918
27249,103449,Chattanooga,Mocs,0.31438,0.71967,0.59608,68.266,102.25757,99.72375,0.38615,0.16998,0.16637,0.09152,0.03715
30629,104450,Western Caro.,Catamounts,0.29801,0.72087,0.52351,67.826,102.96658,112.57558,0.27806,0.15288,0.1284,0.07121,0.0707
30629,104371,UNC Greensboro,Spartans,0.33333,0.74927,0.51467,61.86,104.00921,103.80948,0.278,0.17518,0.16654,0.10203,0.05795
30629,104394,VMI,Keydets,0.2456,0.71656,0.58333,67.93,114.99381,107.99142,0.24948,0.14909,0.12746,0.06999,0.08011
36046,104450,Western Caro.,Catamounts,0.29464,0.75383,0.40687,67.353,112.76922,100.79981,0.28171,0.13011,0.12406,0.06464,0.07791
41097,104196,Samford,Bulldogs,0.25682,0.7485,0.55976,67.383,115.74505,110.42765,0.40924,0.11837,0.11823,0.06741,0.07183
33533,104196,Samford,Bulldogs,0.29293,0.73429,0.44952,68.481,113.18176,102.89251,0.41244,0.15755,0.18434,0.11688,0.08292
36046,104503,Wofford,Terriers,0.30197,0.7542,0.56522,66.217,110.77813,109.75585,0.27927,0.14848,0.12446,0.06616,0.08
27168,104196,Samford,Bulldogs,0.26734,0.65631,0.5654,60.239,99.57769,107.5663,0.31355,0.18807,0.17326,0.10503,0.07424
36046,103892,Mercer,Bears,0.31213,0.68953,0.49318,66.273,107.36048,108.41214,0.28812,0.14244,0.15827,0.10499,0.097
27043,104196,Samford,Bulldogs,0.27918,0.66404,0.53004,66.818,105.13458,113.89956,0.38616,0.16723,0.14754,0.08339,0.0799
27043,104503,Wofford,Terriers,0.31655,0.7207,0.52351,62.047,107.2835,99.93665,0.32816,0.14531,0.17997,0.0997,0.04639
27043,104327,The Citadel,Bulldogs,0.26673,0.6675,0.57853,65.344,101.76379,112.90211,0.36839,0.16625,0.13333,0.06276,0.07492
27043,103449,Chattanooga,Mocs,0.35536,0.67979,0.46995,69.327,107.97683,105.80775,0.45057,0.16102,0.169,0.10025,0.11823
27168,104450,Western Caro.,Catamounts,0.34895,0.65343,0.45048,65.581,104.92695,105.43141,0.31377,0.16376,0.18132,0.11494,0.08467
27249,104503,Wofford,Terriers,0.31358,0.73029,0.59588,61.341,103.45288,102.32519,0.28348,0.15933,0.15856,0.0847,0.06701
27249,103522,Davidson,Wildcats,0.3544,0.7335,0.51763,67.362,114.78855,99.92095,0.37176,0.14483,0.15899,0.08203,0.08709
30629,103892,Mercer,Bears,0.25509,0.73052,0.57126,64.866,107.79817,107.93726,0.28769,0.16665,0.14827,0.09422,0.08925
38409,104196,Samford,Bulldogs,0.35386,0.66814,0.55979,70.461,116.78175,106.367,0.28904,0.1527,0.19463,0.13946,0.11583
27168,103634,Ga. Southern,Eagles,0.31199,0.6593,0.44105,62.009,99.05553,103.79087,0.35735,0.17926,0.18002,0.10961,0.0642
27168,103577,Elon,Phoenix,0.26509,0.70752,0.54914,65.497,103.98201,98.0807,0.28822,0.15351,0.17272,0.09958,0.08898
33533,103892,Mercer,Bears,0.3095,0.72645,0.49589,64.21,105.83174,103.17195,0.28435,0.15364,0.15835,0.08628,0.05971
36046,103449,Chattanooga,Mocs,0.28241,0.71622,0.50112,67.1,115.2505,105.4714,0.31384,0.15277,0.1308,0.09287,0.10263
38409,103892,Mercer,Bears,0.29669,0.72073,0.47443,71.094,105.82559,104.72982,0.28916,0.14317,0.15497,0.11734,0.07761
27043,103522,Davidson,Wildcats,0.29268,0.71643,0.50335,66.727,115.90924,107.54373,0.39158,0.1466,0.16165,0.08031,0.04427
33533,104503,Wofford,Terriers,0.29771,0.73001,0.45475,64.942,113.35043,109.949,0.2881,0.14326,0.14806,0.08644,0.06143
36046,103633,Furman,Paladins,0.29944,0.73552,0.58727,70.012,111.83539,106.84693,0.32181,0.14292,0.14812,0.1001,0.07159
41097,104327,The Citadel,Bulldogs,0.2875,0.69281,0.51652,63.958,107.97034,118.94407,0.28808,0.13624,0.13326,0.08519,0.07591
27168,103522,Davidson,Wildcats,0.28977,0.71894,0.56511,63.405,115.08068,97.51816,0.38831,0.14877,0.16484,0.08732,0.07605
38409,104394,VMI,Keydets,0.28297,0.69275,0.51261,67.489,108.20388,107.98677,0.35159,0.15314,0.15809,0.11651,0.08173
41097,103551,ETSU,Buccaneers,0.29352,0.71589,0.50738,65.551,117.49831,104.93784,0.33934,0.13421,0.16687,0.13195,0.11258
27043,103634,Ga. Southern,Eagles,0.30417,0.70273,0.38929,66.08,105.92077,105.43651,0.37935,0.15262,0.16622,0.10253,0.0459
41097,104371,UNC Greensboro,Spartans,0.28643,0.72074,0.47965,67.637,114.96592,117.67556,0.40797,0.12887,0.11981,0.08123,0.0561
27043,104450,Western Caro.,Catamounts,0.36157,0.6806,0.47811,66.736,109.62465,107.23584,0.36925,0.14851,0.1749,0.10776,0.1358
33533,104450,Western Caro.,Catamounts,0.2728,0.75678,0.49139,66.995,108.33217,103.67643,0.33449,0.13637,0.13939,0.07875,0.06368
30629,103633,Furman,Paladins,0.27783,0.72089,0.62751,64.884,117.08835,103.60545,0.2262,0.13775,0.17064,0.12467,0.09675
27168,103478,Col. of Charleston,Cougars,0.33882,0.72337,0.48817,62.803,104.49963,98.99486,0.38648,0.17994,0.13437,0.06781,0.10631
36046,104196,Samford,Bulldogs,0.30611,0.68031,0.58729,73.083,117.75272,101.91944,0.35548,0.15457,0.19471,0.13542,0.10514
33533,103449,Chattanooga,Mocs,0.2801,0.74224,0.58009,67.444,114.05815,106.50212,0.31293,0.14908,0.13537,0.08444,0.10033
36046,103551,ETSU,Buccaneers,0.35116,0.7082,0.46074,67.583,105.39855,102.57613,0.34256,0.15008,0.17063,0.11365,0.13449
30629,103449,Chattanooga,Mocs,0.32756,0.73772,0.46967,64.657,113.90244,98.85292,0.26566,0.14309,0.16359,0.11038,0.06405
38409,103633,Furman,Paladins,0.30898,0.70556,0.6397,65.977,116.18078,105.04428,0.33646,0.14403,0.14444,0.09842,0.09005
38409,104503,Wofford,Terriers,0.36889,0.74536,0.56043,63.984,116.29623,108.67025,0.30271,0.14048,0.138,0.09261,0.0856
41097,103633,Furman,Paladins,0.32186,0.72925,0.57173,65.533,115.21692,106.93476,0.32289,0.15373,0.1256,0.07176,0.09536
27249,104450,Western Caro.,Catamounts,0.35034,0.66838,0.42938,66.725,105.6686,103.81106,0.32584,0.16113,0.192,0.11994,0.08492
33533,103633,Furman,Paladins,0.28841,0.72938,0.59055,68.1,117.51398,103.46559,0.34147,0.1395,0.16542,0.09593,0.0845
38409,103449,Chattanooga,Mocs,0.2595,0.72079,0.60728,66.13,118.24153,108.17344,0.29924,0.13041,0.14348,0.10148,0.08187
27043,104048,Oklahoma St.,Cowboys,0.28017,0.68047,0.51559,68.157,115.18095,99.85446,0.49665,0.13083,0.17321,0.10985,0.12195
27043,104047,Oklahoma,Sooners,0.32437,0.6958,0.53135,70.184,115.43748,107.06997,0.3943,0.13609,0.15565,0.09554,0.08398
27249,104320,Texas A&M,Aggies,0.31115,0.717,0.5123,62.191,97.90375,98.50439,0.29617,0.1833,0.16844,0.09143,0.0649
27043,103758,Kansas St.,Wildcats,0.34701,0.66782,0.63033,64.299,106.24558,100.60711,0.40272,0.1572,0.16351,0.09586,0.08026
27043,103757,Kansas,Jayhawks,0.37276,0.71152,0.54764,67.268,116.56568,103.4921,0.48271,0.16469,0.14403,0.08644,0.14583
27168,104048,Oklahoma St.,Cowboys,0.31327,0.69155,0.48894,65.911,106.98294,93.80748,0.40507,0.15835,0.18761,0.11193,0.12842
27168,104306,TCU,Horned Frogs,0.32183,0.67532,0.5103,60.751,90.5853,102.98226,0.40432,0.18907,0.17482,0.08807,0.07634
27168,103757,Kansas,Jayhawks,0.33756,0.70679,0.58376,66.422,111.31931,91.71239,0.39483,0.17694,0.15819,0.10429,0.1758
27249,103928,Missouri,Tigers,0.30439,0.67824,0.57696,65.159,122.95213,101.41148,0.37532,0.13642,0.18611,0.12411,0.07175
27043,104448,West Virginia,Mountaineers,0.32426,0.675,0.49885,67.159,114.01571,108.4627,0.39078,0.12257,0.15964,0.09173,0.08016
27043,103735,Iowa St.,Cyclones,0.28824,0.71519,0.62429,70.295,116.09697,104.0173,0.36356,0.12764,0.13947,0.08335,0.07011
27168,103331,Baylor,Bears,0.34288,0.67816,0.58583,67.123,112.4252,98.22707,0.36485,0.14821,0.16236,0.09738,0.10836
27168,103735,Iowa St.,Cyclones,0.34198,0.71462,0.58212,68.682,113.97732,101.96028,0.3297,0.15988,0.16286,0.09112,0.07009
27043,103331,Baylor,Bears,0.40603,0.68305,0.58707,63.002,117.21004,106.24351,0.44903,0.14836,0.13706,0.08131,0.14029
27249,104048,Oklahoma St.,Cowboys,0.24004,0.66132,0.50402,65.003,101.82191,103.66568,0.39009,0.16107,0.16222,0.09847,0.10913
27043,104306,TCU,Horned Frogs,0.24388,0.61716,0.54128,65.183,97.64119,111.20109,0.43685,0.1576,0.15737,0.09133,0.08347
27249,103758,Kansas St.,Wildcats,0.40744,0.66258,0.57635,65.702,106.84991,96.40662,0.43213,0.17723,0.20249,0.09111,0.12968
27249,103735,Iowa St.,Cyclones,0.32345,0.7349,0.57143,66.244,110.55354,101.49614,0.38718,0.1594,0.1518,0.08652,0.07127
27168,103758,Kansas St.,Wildcats,0.38683,0.67105,0.63876,62.376,110.57352,96.87779,0.31518,0.15023,0.19189,0.11348,0.10287
27249,103757,Kansas,Jayhawks,0.34914,0.70903,0.5738,66.072,110.9056,93.11119,0.39788,0.16592,0.17613,0.11059,0.1498
27043,104324,Texas Tech,Red Raiders,0.37625,0.67096,0.46743,61.979,109.99001,109.99001,0.38708,0.16071,0.15534,0.09851,0.11132
27168,104319,Texas,Longhorns,0.34347,0.6602,0.50387,65.217,98.00184,98.13374,0.40745,0.18402,0.16284,0.09655,0.12433
27168,104324,Texas Tech,Red Raiders,0.32107,0.65714,0.47712,66.863,97.35206,108.40387,0.38084,0.18575,0.18603,0.12296,0.0843
27249,104047,Oklahoma,Sooners,0.36241,0.68901,0.54282,65.951,104.34876,103.42316,0.31089,0.16013,0.17608,0.09437,0.0898
27168,104047,Oklahoma,Sooners,0.33216,0.68544,0.49066,65.549,106.90843,100.3804,0.35409,0.14976,0.16963,0.09743,0.07448
27249,104324,Texas Tech,Red Raiders,0.268,0.66955,0.53571,64.047,92.50202,106.04624,0.40136,0.23455,0.16515,0.08099,0.08574
27249,104319,Texas,Longhorns,0.38455,0.65456,0.5012,65.12,110.74393,101.77681,0.42553,0.15698,0.17282,0.10365,0.0969
27168,104448,West Virginia,Mountaineers,0.37143,0.66031,0.54848,64.36,102.34248,105.34118,0.40757,0.16658,0.18792,0.11267,0.10461
27249,103331,Baylor,Bears,0.3843,0.68131,0.56773,65.768,113.22448,99.02655,0.35335,0.17377,0.18077,0.11387,0.12526
27043,104319,Texas,Longhorns,0.3964,0.69773,0.49945,67.662,109.31395,104.13858,0.43389,0.14584,0.141,0.08385,0.15798
27693,103735,Iowa St.,Cyclones,0.24321,0.6699,0.47039,69.268,94.68057,110.74138,0.19604,0.18913,0.16046,0.09415,0.08099
27693,104306,TCU,Horned Frogs,0.29025,0.70678,0.544,66.495,100.04647,106.60878,0.32423,0.18525,0.14896,0.09025,0.09045
27693,104047,Oklahoma,Sooners,0.26963,0.72279,0.49861,67.705,108.55652,101.75825,0.29325,0.13856,0.16264,0.10424,0.0978
27693,104319,Texas,Longhorns,0.31123,0.72541,0.50855,68.266,107.44905,98.56631,0.33872,0.18106,0.15648,0.09415,0.10427
27693,103758,Kansas St.,Wildcats,0.29749,0.71961,0.58089,65.358,94.54498,107.47105,0.28916,0.19514,0.17793,0.08493,0.04731
27693,104324,Texas Tech,Red Raiders,0.333,0.69979,0.51771,65.464,109.82769,95.72713,0.37919,0.13825,0.20744,0.10752,0.12236
27693,104448,West Virginia,Mountaineers,0.36058,0.68719,0.52926,68.88,110.85625,103.24508,0.37925,0.14261,0.18338,0.10844,0.07678
27693,103757,Kansas,Jayhawks,0.30952,0.73458,0.52598,68.172,106.68628,97.87285,0.29795,0.14926,0.17587,0.10041,0.10938
27693,103331,Baylor,Bears,0.37293,0.69392,0.55289,68.0,121.40518,95.87445,0.26511,0.14076,0.21445,0.13007,0.10287
27693,104048,Oklahoma St.,Cowboys,0.31421,0.69803,0.47181,71.48,104.92981,99.63078,0.37584,0.18376,0.17142,0.10239,0.11272
30629,104048,Oklahoma St.,Cowboys,0.32279,0.68577,0.50398,67.532,98.7664,94.86583,0.32988,0.18549,0.1968,0.12346,0.15734
36046,104359,UCF,Knights,0.32903,0.73053,0.459,67.896,105.19925,99.68585,0.37172,0.15433,0.18165,0.12767,0.15165
30629,103758,Kansas St.,Wildcats,0.25253,0.717,0.51604,66.139,103.49055,101.16818,0.29551,0.15037,0.17496,0.10987,0.04947
41097,103758,Kansas St.,Wildcats,0.29211,0.66054,0.57696,72.095,110.35802,113.52225,0.26851,0.15388,0.14794,0.09777,0.0915
41097,104389,Utah,Utes,0.29342,0.68421,0.51651,66.753,110.93754,118.0256,0.31655,0.14681,0.11608,0.07993,0.08404
38409,104306,TCU,Horned Frogs,0.33019,0.70367,0.49872,65.554,102.66333,104.42029,0.33547,0.1474,0.17268,0.11571,0.10659
33533,104047,Oklahoma,Sooners,0.23746,0.72816,0.53325,65.106,103.11129,102.92078,0.30053,0.1813,0.13712,0.08739,0.0759
33533,104324,Texas Tech,Red Raiders,0.32054,0.69876,0.49699,67.359,108.04063,101.64197,0.34807,0.17443,0.17379,0.10747,0.08692
36046,104448,West Virginia,Mountaineers,0.26709,0.69646,0.54368,67.147,103.16301,113.55319,0.37108,0.16329,0.13049,0.06412,0.10151
36046,104047,Oklahoma,Sooners,0.30126,0.73779,0.51138,66.757,112.03347,102.23286,0.37674,0.15999,0.14717,0.08794,0.08718
36046,104048,Oklahoma St.,Cowboys,0.27502,0.71533,0.53972,66.666,105.26703,107.81531,0.33963,0.16648,0.14821,0.09275,0.07256
38409,104448,West Virginia,Mountaineers,0.25876,0.69162,0.56522,63.92,104.98721,99.83653,0.25624,0.14371,0.1682,0.11671,0.11583
41097,103297,Arizona St.,Sun Devils,0.29849,0.65094,0.52989,68.977,110.66476,113.56427,0.39497,0.15083,0.15846,0.10126,0.12753
30629,104448,West Virginia,Mountaineers,0.29933,0.66324,0.44416,66.994,102.17942,102.94837,0.36127,0.15834,0.19581,0.11642,0.131
38409,103758,Kansas St.,Wildcats,0.29402,0.68333,0.58995,66.466,106.14646,104.32966,0.27638,0.15475,0.15767,0.11149,0.09179
41097,103460,Cincinnati,Bearcats,0.30634,0.72666,0.63679,67.679,107.63428,99.47138,0.29403,0.14736,0.16083,0.09245,0.12121
38409,104389,Utah,Utes,0.34434,0.7183,0.656,68.075,110.55574,106.25413,0.36767,0.1522,0.13651,0.09371,0.10178
30629,104306,TCU,Horned Frogs,0.37896,0.73873,0.53828,65.916,103.11791,97.75826,0.31431,0.18045,0.16495,0.09691,0.11182
41097,104359,UCF,Knights,0.35025,0.71231,0.53671,69.122,115.82424,112.51747,0.30541,0.13663,0.13838,0.08007,0.0814
33533,103735,Iowa St.,Cyclones,0.33898,0.73467,0.54796,64.368,104.24008,96.57743,0.27896,0.16811,0.22461,0.13541,0.11281
41097,103484,Colorado,Buffaloes,0.29024,0.70364,0.55195,68.614,115.5025,114.93482,0.36653,0.12959,0.13422,0.09098,0.08696
38409,103297,Arizona St.,Sun Devils,0.25065,0.69732,0.51084,68.628,106.70423,110.58994,0.36205,0.15781,0.14065,0.07603,0.12076
36046,103320,BYU,Cougars,0.32794,0.75402,0.63407,68.65,118.58898,101.88028,0.25383,0.1319,0.14291,0.08638,0.0764
41097,103331,Baylor,Bears,0.37153,0.69302,0.52882,68.16,119.87427,112.15019,0.34264,0.13898,0.13945,0.09487,0.10224
33533,103331,Baylor,Bears,0.34419,0.6914,0.54886,66.207,115.92055,105.74043,0.36791,0.15371,0.17532,0.09879,0.06937
36046,103757,Kansas,Jayhawks,0.25712,0.73717,0.67396,68.563,109.79972,101.55085,0.32028,0.15031,0.14604,0.10383,0.11028
33533,104448,West Virginia,Mountaineers,0.34014,0.7068,0.50113,67.84,111.575,104.14531,0.39375,0.16109,0.18584,0.09788,0.08631
36046,104319,Texas,Longhorns,0.29868,0.69884,0.54936,66.909,112.25141,102.5723,0.30181,0.14858,0.16414,0.10688,0.11435
36046,104324,Texas Tech,Red Raiders,0.3026,0.69729,0.57127,65.743,114.15222,105.54958,0.34174,0.14465,0.14745,0.09085,0.06975
41097,104324,Texas Tech,Red Raiders,0.33248,0.69386,0.54959,66.583,120.10593,109.36725,0.27673,0.13633,0.12818,0.08929,0.09734
30629,103331,Baylor,Bears,0.36326,0.7117,0.56341,67.377,113.49124,94.38103,0.28997,0.152,0.20278,0.12926,0.09693
30629,104319,Texas,Longhorns,0.3164,0.7029,0.54087,63.167,108.11325,95.30976,0.31972,0.15413,0.20176,0.12058,0.10132
38409,103757,Kansas,Jayhawks,0.30501,0.7243,0.61179,67.851,110.91751,101.39927,0.24415,0.1478,0.13636,0.09066,0.12872
36046,104306,TCU,Horned Frogs,0.35874,0.71613,0.59647,69.14,112.64625,102.24942,0.35041,0.15373,0.18328,0.128,0.10207
36046,103758,Kansas St.,Wildcats,0.32419,0.69481,0.5675,66.899,105.18173,103.59586,0.38301,0.18322,0.13886,0.08686,0.10619
38409,104048,Oklahoma St.,Cowboys,0.31106,0.70411,0.51445,70.401,103.73244,108.39959,0.4101,0.16735,0.17853,0.12767,0.08856
38409,103460,Cincinnati,Bearcats,0.32192,0.70523,0.50999,65.211,109.1409,101.56106,0.23113,0.13387,0.17127,0.1157,0.11128
41097,103320,BYU,Cougars,0.3432,0.7035,0.44971,69.069,120.5252,108.81892,0.34376,0.13066,0.14327,0.10361,0.11823
33533,104306,TCU,Horned Frogs,0.32186,0.69494,0.58549,69.392,108.06696,98.26134,0.3407,0.1453,0.18934,0.1151,0.12538
38409,103484,Colorado,Buffaloes,0.29221,0.71727,0.58422,66.756,103.73268,106.87738,0.35826,0.18547,0.14311,0.10389,0.10993
30629,103735,Iowa St.,Cyclones,0.28391,0.71712,0.60424,65.943,98.77397,94.17083,0.2707,0.18009,0.21871,0.12871,0.09829
41097,103757,Kansas,Jayhawks,0.29246,0.70124,0.52304,66.894,111.49216,102.50154,0.32221,0.13742,0.11802,0.08003,0.15635
41097,104048,Oklahoma St.,Cowboys,0.30775,0.6965,0.50395,72.468,114.4896,113.59241,0.39391,0.13787,0.13651,0.09657,0.07193
41097,104306,TCU,Horned Frogs,0.33987,0.70912,0.57264,67.822,112.87058,105.15971,0.37482,0.13165,0.17312,0.11224,0.1256
38409,103735,Iowa St.,Cyclones,0.32203,0.72062,0.5336,67.87,116.71089,99.27896,0.37856,0.15039,0.19109,0.13434,0.10144
30629,104047,Oklahoma,Sooners,0.25698,0.73822,0.5548,65.022,104.70933,98.60092,0.27434,0.19851,0.18185,0.11191,0.05226
41097,104448,West Virginia,Mountaineers,0.30504,0.71393,0.51908,62.89,110.33399,102.70166,0.35082,0.14611,0.15613,0.09945,0.09
38409,103331,Baylor,Bears,0.36554,0.69679,0.53277,64.312,116.27491,106.62898,0.30118,0.13575,0.16527,0.11557,0.08596
36046,103331,Baylor,Bears,0.35817,0.72935,0.53154,65.324,120.49593,106.57938,0.3953,0.15198,0.15527,0.10135,0.086
33533,104048,Oklahoma St.,Cowboys,0.32643,0.71813,0.51657,66.532,101.91615,98.26741,0.32454,0.1782,0.16465,0.08451,0.13722
33533,103757,Kansas,Jayhawks,0.28723,0.71288,0.58882,68.868,108.75308,98.13813,0.29832,0.15486,0.17723,0.12671,0.10213
38409,103320,BYU,Cougars,0.33665,0.73602,0.59597,66.824,119.75835,106.72426,0.30449,0.15046,0.15018,0.10534,0.09965
33533,103758,Kansas St.,Wildcats,0.29882,0.69688,0.6358,68.907,108.64924,99.65458,0.36054,0.17105,0.18392,0.11447,0.07657
36046,103735,Iowa St.,Cyclones,0.31116,0.7069,0.58084,66.525,113.22649,92.5069,0.35351,0.13402,0.22417,0.15574,0.10803
41097,103735,Iowa St.,Cyclones,0.35152,0.71405,0.58991,67.133,122.10584,97.74909,0.34541,0.12802,0.20043,0.13445,0.08319
41097,103704,Houston,Cougars,0.35671,0.6972,0.5258,63.418,120.79588,97.9449,0.26297,0.10745,0.17947,0.11873,0.12467
38409,103296,Arizona,Wildcats,0.36019,0.72119,0.55576,68.871,118.96509,105.67312,0.35847,0.13818,0.14179,0.1083,0.12135
30629,104324,Texas Tech,Red Raiders,0.33107,0.74129,0.52219,66.034,108.06264,90.92335,0.35134,0.17377,0.20604,0.11945,0.12048
36046,103704,Houston,Cougars,0.36815,0.68784,0.49337,62.864,115.76683,90.74076,0.30766,0.11517,0.21119,0.15375,0.15964
36046,103460,Cincinnati,Bearcats,0.36283,0.74691,0.52786,66.88,110.24751,100.55849,0.27619,0.14659,0.15514,0.09579,0.11706
38409,104324,Texas Tech,Red Raiders,0.34165,0.71659,0.57224,65.127,122.14335,103.3709,0.29156,0.12185,0.15008,0.0947,0.08339
38409,104359,UCF,Knights,0.31946,0.65778,0.52069,70.828,110.73642,111.5995,0.35555,0.14386,0.15126,0.10496,0.1094
33533,104319,Texas,Longhorns,0.28306,0.70992,0.56694,68.748,112.31137,97.7181,0.30537,0.14462,0.19551,0.11351,0.09777
41097,103296,Arizona,Wildcats,0.38362,0.73089,0.54015,69.935,122.79829,98.89648,0.43929,0.12948,0.14192,0.10434,0.10749
30629,103757,Kansas,Jayhawks,0.32858,0.71561,0.53584,68.077,113.83914,97.86746,0.32344,0.15042,0.15785,0.09128,0.10935
38409,103704,Houston,Cougars,0.36861,0.71386,0.4514,61.062,118.7587,94.5716,0.27223,0.11883,0.1829,0.1252,0.15835
27693,103850,Maine,Black Bears,0.23826,0.69508,0.62791,64.215,82.7086,100.53074,0.27212,0.22507,0.18036,0.08808,0.13468
27693,104401,Vermont,Catamounts,0.26638,0.76834,0.55091,65.075,110.33967,95.82925,0.32971,0.16179,0.17124,0.07565,0.08025
27693,103273,UAlbany,Great Danes,0.22312,0.72692,0.47342,67.998,102.02529,101.01423,0.34088,0.16524,0.18756,0.09007,0.05142
27693,103351,Binghamton,Bearcats,0.29224,0.72347,0.46279,65.089,98.49418,108.86199,0.23195,0.17921,0.14431,0.07518,0.08296
27693,103981,New Hampshire,Wildcats,0.28044,0.78281,0.47124,66.498,100.4889,99.54534,0.31822,0.14013,0.16716,0.082,0.08384
27693,103967,NJIT,Highlanders,0.24143,0.70813,0.41136,66.683,97.84687,103.84544,0.34191,0.14484,0.18555,0.09877,0.06158
27693,104364,UMBC,Retrievers,0.25959,0.75749,0.45342,67.434,103.13835,96.24269,0.36545,0.16863,0.15872,0.0771,0.05095
27693,104369,UMass Lowell,River Hawks,0.2698,0.73391,0.47679,67.807,100.98978,104.58053,0.37177,0.18797,0.1452,0.07386,0.10723
27693,104298,Stony Brook,Seawolves,0.30787,0.72976,0.51197,66.637,98.23787,97.39878,0.32929,0.17451,0.17108,0.08359,0.14485
27693,103680,Hartford,Hawks,0.24684,0.70975,0.46975,65.733,99.51821,97.23626,0.28582,0.17656,0.17458,0.10491,0.06642
30629,103981,New Hampshire,Wildcats,0.28926,0.78548,0.48159,62.448,110.09238,104.03015,0.25218,0.12462,0.13456,0.07413,0.08602
36046,103967,NJIT,Highlanders,0.29888,0.68025,0.44344,67.182,101.11161,111.69058,0.31469,0.13979,0.15015,0.10668,0.08932
27043,104369,UMass Lowell,River Hawks,0.28211,0.64421,0.58772,63.293,96.51056,108.8693,0.37871,0.18256,0.15794,0.09317,0.07129
27249,103981,New Hampshire,Wildcats,0.28695,0.69896,0.45968,63.919,95.70375,98.2393,0.34195,0.17556,0.17523,0.08251,0.06211
30629,103850,Maine,Black Bears,0.25341,0.70748,0.5635,65.411,95.47036,108.75503,0.20859,0.16929,0.17202,0.10967,0.07859
27043,103850,Maine,Black Bears,0.2533,0.64804,0.55072,72.995,98.3544,113.07698,0.33703,0.18255,0.1535,0.10336,0.05318
30629,103351,Binghamton,Bearcats,0.27362,0.72909,0.44772,66.291,101.62005,102.70772,0.22991,0.16419,0.14486,0.0852,0.10047
27168,103981,New Hampshire,Wildcats,0.27929,0.70326,0.49918,63.35,94.17161,98.16513,0.34802,0.16274,0.16469,0.09101,0.07607
27249,103850,Maine,Black Bears,0.30867,0.6506,0.544,65.79,102.9197,102.55749,0.25736,0.16738,0.16364,0.09245,0.10584
30629,103967,NJIT,Highlanders,0.23188,0.72387,0.44665,66.052,94.11044,104.62443,0.31067,0.16954,0.14913,0.09066,0.10433
27168,103850,Maine,Black Bears,0.30582,0.69447,0.52387,68.093,97.31752,102.35963,0.33116,0.18876,0.15265,0.10263,0.10259
27168,103351,Binghamton,Bearcats,0.27371,0.69658,0.42007,65.277,85.58399,106.26508,0.33734,0.20259,0.14909,0.08858,0.07291
27043,103981,New Hampshire,Wildcats,0.27238,0.71332,0.5,62.294,92.4543,103.64473,0.33097,0.18055,0.14741,0.06419,0.09528
33533,103379,Bryant,Bulldogs,0.30142,0.75197,0.47524,71.614,110.3657,101.6514,0.33059,0.16158,0.1505,0.09239,0.09381
27168,103364,Boston U.,Terriers,0.25918,0.68768,0.5521,64.448,104.38236,99.253,0.26472,0.16939,0.18562,0.11409,0.04831
33533,103981,New Hampshire,Wildcats,0.26977,0.73603,0.50287,64.564,101.99441,102.96724,0.29045,0.13086,0.14608,0.08211,0.06696
36046,103351,Binghamton,Bearcats,0.30183,0.75403,0.54307,67.301,106.24508,106.44156,0.34235,0.1547,0.12068,0.07381,0.10282
27043,103351,Binghamton,Bearcats,0.29132,0.67626,0.47716,64.353,94.13139,109.4789,0.44208,0.18737,0.1726,0.09422,0.06205
27249,104364,UMBC,Retrievers,0.31693,0.66667,0.45044,67.681,92.27441,112.46096,0.32173,0.17991,0.1631,0.08512,0.04927
33533,103850,Maine,Black Bears,0.23625,0.71267,0.52934,65.945,102.54165,104.3888,0.23144,0.16443,0.18214,0.14199,0.05855
33533,103967,NJIT,Highlanders,0.24324,0.71321,0.45161,65.503,100.50799,109.21734,0.28143,0.14632,0.13111,0.0804,0.07741
27043,104364,UMBC,Retrievers,0.30079,0.68737,0.53064,67.218,95.21195,105.71042,0.41872,0.18563,0.19438,0.11656,0.08554
41097,103981,New Hampshire,Wildcats,0.26983,0.74063,0.45087,66.487,101.54133,109.46507,0.28689,0.1411,0.14573,0.09125,0.06072
27168,103680,Hartford,Hawks,0.25959,0.69125,0.59225,63.266,94.9909,96.77548,0.30735,0.1979,0.21897,0.12858,0.05917
27249,103351,Binghamton,Bearcats,0.26808,0.69342,0.55183,64.033,88.40831,110.03373,0.34072,0.20283,0.17079,0.09336,0.06221
30629,104298,Stony Brook,Seawolves,0.27256,0.70663,0.42577,67.372,107.82306,108.10919,0.26935,0.13655,0.15442,0.09861,0.08094
30629,103273,UAlbany,Great Danes,0.2614,0.72848,0.40896,64.52,95.459,101.6835,0.25043,0.16538,0.18442,0.10423,0.0754
33533,103273,UAlbany,Great Danes,0.28792,0.73663,0.5,66.625,100.59364,112.45655,0.31339,0.17171,0.15521,0.08577,0.04501
36046,103981,New Hampshire,Wildcats,0.2373,0.75172,0.45568,71.935,102.63643,102.59177,0.29214,0.14562,0.14939,0.10118,0.05415
38409,103967,NJIT,Highlanders,0.29083,0.68605,0.42975,65.752,98.85006,110.87039,0.27052,0.15586,0.12004,0.07235,0.0958
30629,104369,UMass Lowell,River Hawks,0.29982,0.71872,0.43562,67.402,104.02033,96.85143,0.26406,0.15594,0.17818,0.10831,0.11083
41097,103379,Bryant,Bulldogs,0.28478,0.6937,0.54493,63.667,100.62387,112.43842,0.30176,0.17447,0.12906,0.09193,0.11354
27168,104364,UMBC,Retrievers,0.2908,0.67476,0.51253,66.511,94.02976,105.77155,0.29495,0.18596,0.17848,0.10673,0.06359
27249,103680,Hartford,Hawks,0.2168,0.68352,0.6208,64.638,91.35154,102.35302,0.30759,0.2104,0.20243,0.10076,0.06148
33533,103351,Binghamton,Bearcats,0.28998,0.72018,0.45466,65.75,102.98779,107.04357,0.29665,0.16854,0.13961,0.06968,0.0839
41097,103351,Binghamton,Bearcats,0.21812,0.71549,0.49793,63.866,104.22085,114.91524,0.41709,0.16963,0.11975,0.07947,0.08456
38409,103981,New Hampshire,Wildcats,0.27885,0.69538,0.46503,67.85,97.82583,112.84053,0.26816,0.16846,0.1465,0.08326,0.06708
41097,103273,UAlbany,Great Danes,0.33835,0.69094,0.50396,65.253,110.29142,111.68024,0.24231,0.1571,0.14144,0.10617,0.11626
41097,103850,Maine,Black Bears,0.19687,0.66034,0.55197,64.307,97.23856,106.42302,0.37625,0.17552,0.16998,0.12107,0.09148
27249,104298,Stony Brook,Seawolves,0.39822,0.74458,0.45964,61.527,107.51034,95.72215,0.31278,0.1617,0.19315,0.08973,0.05386
27249,103364,Boston U.,Terriers,0.32418,0.6765,0.51172,63.278,100.59928,100.05816,0.33955,0.18027,0.17288,0.09232,0.08696
30629,103680,Hartford,Hawks,0.23755,0.71532,0.48811,65.85,105.6056,109.151,0.27615,0.16359,0.14494,0.09124,0.08813
30629,104364,UMBC,Retrievers,0.22026,0.71833,0.48708,67.522,108.75318,106.35591,0.30568,0.14448,0.14664,0.07046,0.0528
33533,104364,UMBC,Retrievers,0.26471,0.73432,0.52474,67.091,110.33279,108.01292,0.26463,0.1303,0.15008,0.0836,0.06983
36046,103273,UAlbany,Great Danes,0.30511,0.70953,0.44771,72.893,107.48609,107.65691,0.28849,0.15481,0.15448,0.11395,0.07383
36046,104364,UMBC,Retrievers,0.25785,0.69444,0.43665,73.441,106.68428,109.48172,0.24597,0.15546,0.13174,0.06931,0.09251
36046,103850,Maine,Black Bears,0.23352,0.72719,0.49563,66.786,100.47185,100.23971,0.29547,0.14996,0.17092,0.12496,0.08714
36046,104369,UMass Lowell,River Hawks,0.33394,0.73858,0.44469,71.156,111.60075,98.52764,0.38773,0.15875,0.14206,0.09638,0.11595
38409,104369,UMass Lowell,River Hawks,0.27482,0.72162,0.53712,68.934,114.38865,106.65178,0.34075,0.15911,0.12893,0.08455,0.10402
38409,103351,Binghamton,Bearcats,0.276,0.73743,0.51875,65.604,105.13475,107.6772,0.33602,0.17791,0.11773,0.07201,0.08355
38409,104364,UMBC,Retrievers,0.21996,0.67149,0.50484,70.345,111.932,110.3136,0.31195,0.14308,0.15198,0.10286,0.06401
27168,104401,Vermont,Catamounts,0.34439,0.71245,0.52743,60.867,104.40076,97.28139,0.44834,0.17781,0.17964,0.10715,0.087
27168,104298,Stony Brook,Seawolves,0.32489,0.73036,0.51519,63.654,106.87513,90.3559,0.37662,0.15829,0.18081,0.10057,0.11617
38409,104401,Vermont,Catamounts,0.26771,0.73936,0.51289,63.223,105.39935,100.9418,0.30352,0.15465,0.14687,0.08822,0.1302
41097,104369,UMass Lowell,River Hawks,0.3479,0.71737,0.45727,68.146,109.87975,111.96973,0.3635,0.15083,0.12662,0.07699,0.07799
41097,103967,NJIT,Highlanders,0.27083,0.68262,0.46224,66.899,100.19561,109.48137,0.33122,0.14975,0.14422,0.0993,0.09282
27043,103680,Hartford,Hawks,0.23983,0.68036,0.54993,62.471,104.47736,105.20223,0.38858,0.19713,0.17937,0.08926,0.05991
27043,104401,Vermont,Catamounts,0.327,0.72432,0.54013,62.722,112.33791,96.26214,0.46922,0.16402,0.17838,0.11426,0.12422
36046,103379,Bryant,Bulldogs,0.20972,0.69901,0.51048,74.469,104.92269,100.48024,0.29851,0.1427,0.14178,0.09284,0.14885
41097,104364,UMBC,Retrievers,0.25401,0.74585,0.44944,65.713,115.4264,102.0622,0.33192,0.12773,0.13386,0.07623,0.06763
38409,103273,UAlbany,Great Danes,0.32858,0.72211,0.45949,67.16,109.88373,108.72377,0.28914,0.13416,0.18034,0.12147,0.06525
27249,103273,UAlbany,Great Danes,0.3518,0.67598,0.50356,64.649,111.18954,106.56608,0.36739,0.16353,0.17182,0.0873,0.0754
30629,104401,Vermont,Catamounts,0.24266,0.81347,0.55021,64.077,116.34405,94.43807,0.26498,0.13307,0.1559,0.07884,0.07223
33533,104369,UMass Lowell,River Hawks,0.36413,0.73941,0.50363,68.332,113.77365,96.19084,0.33183,0.16931,0.17544,0.10132,0.12557
38409,103850,Maine,Black Bears,0.23063,0.68218,0.56439,65.819,107.25334,100.08531,0.28097,0.13971,0.19187,0.13689,0.10256
27043,103273,UAlbany,Great Danes,0.31877,0.71662,0.4915,61.912,105.2043,102.15013,0.42008,0.17249,0.16,0.0862,0.08618
27043,104298,Stony Brook,Seawolves,0.34561,0.73248,0.50465,64.731,109.02714,101.25233,0.38158,0.16106,0.16787,0.09014,0.10103
33533,104401,Vermont,Catamounts,0.20333,0.77808,0.51609,64.39,111.63746,102.82754,0.28459,0.12942,0.15726,0.09054,0.08312
41097,104401,Vermont,Catamounts,0.27059,0.77612,0.48758,63.396,114.53573,106.91837,0.31593,0.12794,0.13344,0.07158,0.09294
27168,103273,UAlbany,Great Danes,0.31651,0.71752,0.51774,61.675,103.90878,98.00015,0.40046,0.18542,0.17435,0.08844,0.05877
36046,104401,Vermont,Catamounts,0.23064,0.76561,0.53111,64.178,111.16803,97.81544,0.28636,0.1262,0.13699,0.09171,0.10692
38409,103379,Bryant,Bulldogs,0.34496,0.7094,0.49526,71.927,113.28238,102.83286,0.2934,0.13758,0.1433,0.09228,0.14423
27249,104401,Vermont,Catamounts,0.34303,0.69383,0.56014,62.086,106.93471,97.10469,0.37304,0.16647,0.16961,0.09764,0.06476
27693,103399,Cal St. Fullerton,Titans,0.24955,0.70956,0.50698,71.269,107.20346,109.37885,0.3428,0.15776,0.16794,0.09295,0.04977
27693,104355,UC San Diego,Tritons,0.1775,0.69686,0.65772,68.883,102.91371,103.93098,0.21274,0.17454,0.17461,0.09844,0.05386
27693,104352,UC Davis,Aggies,0.26789,0.7231,0.4343,69.019,102.11154,101.63844,0.36863,0.17931,0.21343,0.10624,0.08
27693,103825,Long Beach St.,Beach,0.23077,0.68511,0.45064,72.671,98.77928,106.36625,0.37727,0.19088,0.15334,0.08363,0.07232
27693,103685,Hawaii,Rainbow Warriors,0.30265,0.75458,0.46067,66.986,104.97156,101.40965,0.31126,0.17483,0.15636,0.08307,0.03765
27693,103390,CSUN,Matadors,0.25335,0.71214,0.52321,69.437,103.23527,111.24154,0.30763,0.14804,0.1642,0.09135,0.06104
27693,104354,UC Riverside,Highlanders,0.26243,0.76316,0.53846,65.461,106.00682,96.12017,0.22031,0.15827,0.14699,0.07972,0.06235
27693,103395,Cal Poly,Mustangs,0.22078,0.71205,0.57418,67.181,91.0076,104.89012,0.29506,0.1831,0.16381,0.09162,0.09313
30629,104352,UC Davis,Aggies,0.26252,0.71362,0.45258,66.605,101.3162,99.13803,0.29063,0.16298,0.17187,0.08979,0.07814
30629,104353,UC Irvine,Anteaters,0.3092,0.73051,0.44828,64.638,102.47845,93.25786,0.2963,0.17841,0.15674,0.0933,0.09418
27693,103389,CSU Bakersfield,Roadrunners,0.39322,0.74512,0.53363,64.247,107.89695,99.19846,0.27172,0.16471,0.19395,0.09953,0.10143
30629,103389,CSU Bakersfield,Roadrunners,0.33229,0.74515,0.41422,63.873,100.25633,104.2573,0.30519,0.15319,0.18903,0.09288,0.07712
27693,104353,UC Irvine,Anteaters,0.32721,0.76219,0.43759,67.709,105.68724,92.78798,0.2935,0.16103,0.16997,0.11052,0.11551
27693,104356,UC Santa Barbara,Gauchos,0.30035,0.76906,0.59269,65.683,114.58947,94.75561,0.34029,0.14288,0.18411,0.11065,0.07463
30629,103685,Hawaii,Rainbow Warriors,0.29458,0.75495,0.51574,64.564,106.64875,99.34707,0.32497,0.17379,0.14287,0.05476,0.0554
27249,103390,CSUN,Matadors,0.36223,0.64498,0.58502,67.542,100.44178,110.60177,0.36146,0.16546,0.19068,0.09202,0.07461
30629,103395,Cal Poly,Mustangs,0.27879,0.73469,0.49747,64.261,94.38427,103.37847,0.36759,0.19652,0.1559,0.07224,0.06967
30629,104354,UC Riverside,Highlanders,0.24216,0.77756,0.54612,64.915,101.25111,96.85361,0.26813,0.16698,0.14495,0.0794,0.03304
30629,104356,UC Santa Barbara,Gauchos,0.29698,0.73873,0.58013,65.623,109.98361,98.00572,0.37394,0.17262,0.16876,0.09329,0.07743
30629,104355,UC San Diego,Tritons,0.18595,0.72709,0.56671,67.265,103.92506,104.4355,0.32081,0.16877,0.15662,0.0854,0.04585
27249,104067,Pacific,Tigers,0.29753,0.65055,0.58385,62.161,100.40531,107.53153,0.36581,0.16349,0.17604,0.08256,0.05757
27043,104356,UC Santa Barbara,Gauchos,0.32313,0.68455,0.6539,61.988,113.49547,104.09505,0.41741,0.15241,0.1408,0.07903,0.14037
30629,103390,CSUN,Matadors,0.26965,0.67454,0.4056,64.491,94.28686,109.09097,0.29335,0.16179,0.1719,0.11023,0.07466
33533,104355,UC San Diego,Tritons,0.23669,0.71496,0.48514,65.827,101.62092,108.14205,0.27442,0.1581,0.14662,0.08589,0.05836
27168,103390,CSUN,Matadors,0.36598,0.69342,0.57946,70.273,107.09322,105.99154,0.38859,0.16147,0.19535,0.12015,0.08688
27249,104352,UC Davis,Aggies,0.2699,0.63891,0.56127,65.451,94.82562,113.70203,0.32776,0.20595,0.14442,0.07444,0.05848
27249,103399,Cal St. Fullerton,Titans,0.36948,0.70081,0.55702,69.164,112.72913,102.84143,0.39648,0.1866,0.17282,0.08138,0.07059
27043,103399,Cal St. Fullerton,Titans,0.29148,0.70895,0.4673,65.593,102.46987,108.49463,0.38123,0.1551,0.15064,0.07131,0.04932
27168,104354,UC Riverside,Highlanders,0.32705,0.72417,0.55523,63.388,92.70384,104.51357,0.31939,0.19401,0.16109,0.09803,0.09019
27168,104352,UC Davis,Aggies,0.26387,0.69258,0.58643,66.029,107.5346,108.94569,0.3295,0.18672,0.13547,0.07013,0.07348
36046,104356,UC Santa Barbara,Gauchos,0.26443,0.73952,0.50484,67.752,110.37868,107.68652,0.40202,0.16968,0.12785,0.07178,0.08016
38409,103685,Hawaii,Rainbow Warriors,0.31333,0.75499,0.49396,65.133,106.76042,108.47999,0.39204,0.17697,0.1189,0.0539,0.06028
27043,103685,Hawaii,Rainbow Warriors,0.37583,0.69068,0.50462,67.656,116.78445,106.93856,0.43138,0.14397,0.16676,0.08953,0.09434
27168,104356,UC Santa Barbara,Gauchos,0.32234,0.68529,0.65007,63.155,101.08626,105.47693,0.30191,0.19057,0.15686,0.08362,0.12744
27043,104354,UC Riverside,Highlanders,0.29548,0.69487,0.47162,66.1,101.67425,106.33292,0.41555,0.16777,0.1586,0.09623,0.11213
27249,104356,UC Santa Barbara,Gauchos,0.36209,0.67811,0.57478,63.569,112.96385,102.82606,0.34167,0.15388,0.14694,0.08576,0.13937
27249,104354,UC Riverside,Highlanders,0.29057,0.67032,0.45029,62.036,93.83753,99.59725,0.29838,0.17876,0.16666,0.07586,0.11389
27043,104352,UC Davis,Aggies,0.24138,0.64803,0.49933,65.244,104.94774,116.24386,0.37096,0.15861,0.15885,0.07705,0.05853
27168,103399,Cal St. Fullerton,Titans,0.26133,0.63653,0.55205,69.037,110.94568,107.7771,0.34469,0.16066,0.19637,0.11186,0.04211
30629,103399,Cal St. Fullerton,Titans,0.29714,0.72536,0.45455,65.797,106.33954,101.11518,0.35093,0.15876,0.18376,0.11061,0.05691
38409,103399,Cal St. Fullerton,Titans,0.27248,0.70203,0.42167,67.341,93.92497,114.8539,0.398,0.19168,0.14508,0.07867,0.06055
41097,104354,UC Riverside,Highlanders,0.28947,0.7036,0.50247,69.35,105.17342,112.29313,0.34455,0.16241,0.1392,0.07705,0.10185
41097,103389,CSU Bakersfield,Roadrunners,0.3073,0.65043,0.44654,71.441,102.31327,114.99854,0.42517,0.16202,0.1584,0.10674,0.13305
27168,103685,Hawaii,Rainbow Warriors,0.36043,0.70693,0.5311,68.324,106.42801,105.01565,0.36879,0.17671,0.14926,0.07747,0.09167
33533,103390,CSUN,Matadors,0.28021,0.70047,0.4518,64.256,98.24538,106.28716,0.35274,0.16637,0.15925,0.09755,0.09226
36046,103399,Cal St. Fullerton,Titans,0.24793,0.70818,0.38378,66.136,102.2294,104.11208,0.39895,0.16298,0.16295,0.10073,0.08885
38409,104352,UC Davis,Aggies,0.28875,0.67249,0.48033,67.151,100.82329,104.2536,0.37556,0.16941,0.18962,0.11656,0.10388
27168,103395,Cal Poly,Mustangs,0.31879,0.72026,0.61335,58.933,109.12315,106.28195,0.33255,0.13445,0.17443,0.09629,0.05408
27249,104353,UC Irvine,Anteaters,0.31017,0.67694,0.63531,68.715,98.32828,104.19459,0.31811,0.18732,0.15978,0.07074,0.10438
27043,103825,Long Beach St.,Beach,0.35726,0.67446,0.4927,65.468,105.49597,106.3924,0.3188,0.15228,0.16275,0.08791,0.06969
33533,104352,UC Davis,Aggies,0.33721,0.72361,0.48084,69.573,106.19736,100.95853,0.43407,0.1785,0.18255,0.10033,0.06907
36046,103395,Cal Poly,Mustangs,0.24502,0.66574,0.43672,65.557,95.97519,111.71191,0.32002,0.16644,0.1529,0.08192,0.09474
36046,103389,CSU Bakersfield,Roadrunners,0.33895,0.69106,0.41512,64.885,104.68161,105.39567,0.32348,0.15468,0.17303,0.10512,0.10724
38409,103825,Long Beach St.,Beach,0.29688,0.65901,0.49457,64.583,102.92362,113.54121,0.35984,0.18955,0.15082,0.08729,0.08481
41097,103825,Long Beach St.,Beach,0.26971,0.73269,0.47608,69.822,105.99523,110.1094,0.30229,0.15812,0.16303,0.09872,0.08024
41097,104356,UC Santa Barbara,Gauchos,0.32218,0.75287,0.54167,66.181,115.44115,108.2348,0.3757,0.1643,0.15583,0.09508,0.06762
27249,103395,Cal Poly,Mustangs,0.36634,0.74164,0.54016,59.335,109.08869,102.04083,0.29111,0.14738,0.1679,0.096,0.04834
27168,103825,Long Beach St.,Beach,0.32721,0.64589,0.49075,67.146,103.00228,106.10449,0.36765,0.18526,0.17003,0.09656,0.09216
38409,103390,CSUN,Matadors,0.35576,0.76316,0.56618,71.253,112.27597,101.93811,0.35725,0.16103,0.18252,0.10616,0.10451
41097,103395,Cal Poly,Mustangs,0.30202,0.69866,0.50561,74.719,109.49255,113.33085,0.35015,0.17392,0.14341,0.08763,0.05798
33533,103395,Cal Poly,Mustangs,0.25827,0.75306,0.47692,63.808,94.55098,102.4695,0.30641,0.18856,0.1698,0.08529,0.076
36046,104352,UC Davis,Aggies,0.2962,0.69632,0.51439,66.707,105.99572,101.26175,0.38662,0.17347,0.18608,0.11555,0.09651
38409,103389,CSU Bakersfield,Roadrunners,0.36742,0.70727,0.39248,66.05,110.82992,110.64778,0.34259,0.1568,0.17069,0.10248,0.08993
41097,104352,UC Davis,Aggies,0.26597,0.70115,0.60306,70.306,109.59662,106.00329,0.40568,0.15868,0.18206,0.11322,0.07692
41097,103685,Hawaii,Rainbow Warriors,0.32105,0.74355,0.51011,70.591,111.88013,99.18391,0.41929,0.1617,0.14884,0.09244,0.09829
30629,103825,Long Beach St.,Beach,0.27935,0.73468,0.4887,70.12,104.13358,102.93714,0.38577,0.16246,0.17867,0.09895,0.08571
33533,103685,Hawaii,Rainbow Warriors,0.29548,0.73735,0.47539,63.41,104.3334,96.34774,0.33018,0.16292,0.14468,0.07124,0.09032
36046,104355,UC San Diego,Tritons,0.28103,0.72552,0.48529,65.608,115.54243,104.58188,0.32281,0.1266,0.15064,0.09351,0.07471
33533,103389,CSU Bakersfield,Roadrunners,0.28558,0.72023,0.48497,62.121,95.86453,102.54381,0.28927,0.17526,0.18624,0.09853,0.10593
33533,103825,Long Beach St.,Beach,0.34963,0.72266,0.52055,71.138,104.73893,101.87562,0.33941,0.16274,0.16613,0.10167,0.08738
27043,103395,Cal Poly,Mustangs,0.31788,0.6783,0.52255,59.615,105.62793,106.71332,0.32595,0.12529,0.16009,0.09742,0.07997
33533,103399,Cal St. Fullerton,Titans,0.26862,0.7105,0.43646,64.194,104.60081,98.41548,0.37583,0.15624,0.18361,0.09787,0.07678
38409,104356,UC Santa Barbara,Gauchos,0.27697,0.71851,0.58057,65.659,113.19694,104.82028,0.30249,0.16258,0.15032,0.09192,0.08689
41097,103399,Cal St. Fullerton,Titans,0.25388,0.71957,0.56965,74.715,111.08862,109.35655,0.38115,0.13568,0.17546,0.10865,0.08584
41097,104355,UC San Diego,Tritons,0.27311,0.7336,0.55713,68.628,110.27009,102.42733,0.32321,0.14501,0.1514,0.11124,0.07793
36046,103390,CSUN,Matadors,0.32263,0.73676,0.50213,72.039,103.76978,101.81724,0.36659,0.16707,0.16088,0.103,0.10097
36046,104354,UC Riverside,Highlanders,0.31111,0.74978,0.52969,66.346,106.18054,108.12395,0.28464,0.12013,0.14699,0.08434,0.03783
41097,103390,CSUN,Matadors,0.33333,0.737,0.56719,74.07,109.46952,107.33314,0.33662,0.14875,0.15061,0.09308,0.08942
27249,103825,Long Beach St.,Beach,0.34694,0.6876,0.54091,66.064,110.92905,96.12378,0.42074,0.16492,0.19356,0.10707,0.07115
36046,104353,UC Irvine,Anteaters,0.31662,0.72992,0.54705,68.273,112.85659,99.25735,0.3317,0.14422,0.15563,0.09357,0.08182
36046,103685,Hawaii,Rainbow Warriors,0.26403,0.75217,0.4911,66.045,108.26804,102.93833,0.38349,0.16429,0.14342,0.06898,0.06115
33533,104354,UC Riverside,Highlanders,0.3202,0.77498,0.49669,66.195,107.85079,102.99027,0.25696,0.15471,0.15899,0.07662,0.04653
38409,104354,UC Riverside,Highlanders,0.33202,0.71721,0.49723,66.57,110.68172,111.03005,0.26852,0.13821,0.14187,0.08091,0.06699
38409,104355,UC San Diego,Tritons,0.26717,0.72583,0.57652,66.119,120.00077,93.46837,0.32167,0.11491,0.20866,0.14896,0.07088
27168,104067,Pacific,Tigers,0.29521,0.70141,0.61893,62.133,107.40379,102.5468,0.37194,0.15415,0.17667,0.08887,0.04159
33533,104356,UC Santa Barbara,Gauchos,0.26673,0.74199,0.53571,64.296,111.14113,102.06387,0.34347,0.15536,0.16717,0.09829,0.06677
33533,104353,UC Irvine,Anteaters,0.28631,0.74031,0.53457,68.595,108.61689,97.61824,0.28818,0.1552,0.16049,0.1018,0.06723
27043,104353,UC Irvine,Anteaters,0.32176,0.70443,0.60066,64.604,107.9909,97.62062,0.36594,0.16524,0.13307,0.08612,0.15954
41097,104353,UC Irvine,Anteaters,0.32534,0.69604,0.56667,70.164,108.94153,96.77424,0.35327,0.15223,0.16292,0.11259,0.14989
38409,103395,Cal Poly,Mustangs,0.28048,0.67417,0.52918,73.554,110.02785,111.10017,0.26749,0.18368,0.16398,0.1056,0.05572
27043,103390,CSUN,Matadors,0.33564,0.68946,0.53041,67.221,111.11781,112.06824,0.49463,0.15809,0.15194,0.09941,0.07595
36046,103825,Long Beach St.,Beach,0.33333,0.70927,0.55388,71.353,107.71116,105.73942,0.38187,0.1482,0.16371,0.1104,0.12197
27168,104353,UC Irvine,Anteaters,0.3105,0.69917,0.62232,65.879,103.88913,98.20325,0.31102,0.15862,0.14007,0.07388,0.10721
38409,104353,UC Irvine,Anteaters,0.27833,0.73398,0.60177,68.3,109.4453,96.54982,0.36595,0.16002,0.15358,0.09426,0.08793
27693,104311,Temple,Owls,0.25919,0.7188,0.61494,66.95,98.30137,102.78235,0.3894,0.17321,0.13994,0.06259,0.06667
27693,104161,SMU,Mustangs,0.30085,0.70774,0.57018,69.468,107.45533,98.05616,0.31231,0.17318,0.17733,0.08852,0.12941
27693,103553,East Carolina,Pirates,0.27155,0.72727,0.67483,67.502,98.29754,100.00167,0.3309,0.16072,0.1872,0.09066,0.09949
27693,104234,South Fla.,Bulls,0.33976,0.7379,0.48643,66.785,98.06308,106.3196,0.34299,0.17326,0.15775,0.07882,0.08623
27693,104471,Wichita St.,Shockers,0.3076,0.67414,0.53659,67.004,105.44439,98.5355,0.36598,0.13859,0.1611,0.09098,0.1
27693,104347,Tulsa,Golden Hurricane,0.26913,0.69565,0.57774,66.88,102.25961,98.09901,0.32964,0.17522,0.18736,0.09471,0.06284
27693,104346,Tulane,Green Wave,0.22902,0.69431,0.5535,66.45,96.18221,100.04258,0.36643,0.149,0.19175,0.11201,0.09726
27693,103460,Cincinnati,Bearcats,0.29251,0.74682,0.60777,69.856,98.65058,103.25635,0.3301,0.17973,0.16745,0.09666,0.10308
27693,104359,UCF,Knights,0.28235,0.68539,0.52583,66.634,100.33054,103.64028,0.30666,0.19184,0.16946,0.10178,0.09789
27693,103891,Memphis,Tigers,0.33564,0.7627,0.60651,70.777,102.28363,88.60881,0.32691,0.187,0.19835,0.12524,0.14407
30629,104471,Wichita St.,Shockers,0.32299,0.71719,0.51064,66.316,101.87447,98.73906,0.31701,0.16202,0.17568,0.11108,0.12636
30629,104311,Temple,Owls,0.32721,0.70718,0.52696,65.74,100.68216,100.21412,0.39659,0.15861,0.1493,0.1018,0.125
30629,104346,Tulane,Green Wave,0.20142,0.67196,0.53406,67.847,106.42255,104.36535,0.33353,0.13802,0.17445,0.1151,0.09969
27168,104155,Rutgers,Scarlet Knights,0.3552,0.65911,0.52113,63.399,101.94732,104.62876,0.32572,0.18511,0.16831,0.10965,0.10128
41097,104382,UTSA,Roadrunners,0.30962,0.63061,0.43876,68.788,100.98693,117.36581,0.28954,0.14584,0.13005,0.09616,0.1215
30629,104359,UCF,Knights,0.30826,0.69179,0.58784,66.738,104.20381,101.81633,0.28547,0.16578,0.17955,0.10423,0.11045
30629,103553,East Carolina,Pirates,0.27624,0.71523,0.63143,67.398,101.18711,104.37526,0.33527,0.16432,0.16329,0.0997,0.08984
33533,104347,Tulsa,Golden Hurricane,0.24817,0.66959,0.48671,67.53,95.89801,113.71673,0.26717,0.17011,0.14794,0.08036,0.04091
30629,104234,South Fla.,Bulls,0.2989,0.72963,0.50597,64.488,89.0882,100.64315,0.25419,0.1635,0.16772,0.09672,0.1191
30629,104347,Tulsa,Golden Hurricane,0.26705,0.69876,0.48993,66.11,101.93145,105.73741,0.31043,0.16904,0.17623,0.10345,0.07165
27168,104361,UConn,Huskies,0.28454,0.64018,0.56396,63.429,106.16739,99.37997,0.36922,0.1611,0.16931,0.11348,0.1124
27249,103525,DePaul,Blue Demons,0.31402,0.61242,0.55309,70.715,104.40732,108.04204,0.26431,0.15939,0.18573,0.11164,0.09238
36046,103447,Charlotte,49ers,0.26667,0.7098,0.54412,61.743,110.44405,105.4168,0.34804,0.13623,0.13775,0.08699,0.09669
38409,104382,UTSA,Roadrunners,0.28794,0.65272,0.48162,68.807,110.59377,110.7798,0.28668,0.13499,0.18573,0.13648,0.09991
36046,104347,Tulsa,Golden Hurricane,0.24816,0.69694,0.50321,69.965,105.91503,104.32061,0.40394,0.16162,0.15679,0.11096,0.09123
41097,103553,East Carolina,Pirates,0.33798,0.67727,0.47341,67.684,104.39847,113.06302,0.39272,0.14932,0.14086,0.09365,0.10572
27043,104359,UCF,Knights,0.37757,0.67484,0.48443,67.046,106.67906,108.00485,0.38449,0.16532,0.14937,0.1013,0.10787
33533,104346,Tulane,Green Wave,0.19322,0.69529,0.5633,72.465,108.55811,104.79056,0.35398,0.13952,0.16822,0.11464,0.11384
36046,104346,Tulane,Green Wave,0.20647,0.67694,0.51402,71.82,112.27329,109.66536,0.45217,0.13865,0.14971,0.1074,0.11714
41097,104135,Rice,Owls,0.35983,0.66845,0.4828,65.975,110.23918,111.20155,0.33957,0.14889,0.14091,0.0998,0.10522
27043,104311,Temple,Owls,0.32321,0.66085,0.50845,67.098,107.96609,114.0925,0.31748,0.12919,0.13711,0.08491,0.08276
27168,104234,South Fla.,Bulls,0.30311,0.65544,0.5425,59.005,97.25626,102.91442,0.29249,0.15244,0.16562,0.1027,0.09463
27693,103704,Houston,Cougars,0.39983,0.72624,0.52225,64.49,117.94531,90.27614,0.30342,0.13301,0.18939,0.12373,0.14651
27249,104270,St. John's (NY),Red Storm,0.34394,0.60661,0.45575,66.11,100.24521,106.79011,0.39545,0.16655,0.17936,0.12021,0.09966
27249,104112,Providence,Friars,0.36092,0.64411,0.56347,64.601,106.15277,106.77918,0.39347,0.15572,0.14027,0.08221,0.12969
33533,104234,South Fla.,Bulls,0.33016,0.72212,0.50829,68.345,104.89313,104.89313,0.30729,0.16892,0.16502,0.09417,0.08781
41097,104311,Temple,Owls,0.2986,0.7026,0.49189,64.115,114.87143,109.91924,0.4077,0.11987,0.13633,0.08822,0.11218
36046,103891,Memphis,Tigers,0.33421,0.66391,0.48829,70.487,113.32023,106.63363,0.36322,0.15617,0.16378,0.12075,0.12642
38409,104135,Rice,Owls,0.33704,0.70794,0.50668,64.672,107.83091,107.83091,0.4342,0.15112,0.1225,0.07167,0.08447
38409,104234,South Fla.,Bulls,0.28265,0.67011,0.54632,68.352,108.01313,108.19458,0.34439,0.13967,0.16069,0.11976,0.0956
41097,103891,Memphis,Tigers,0.35269,0.64352,0.49824,69.632,107.18563,109.27857,0.3469,0.16105,0.15868,0.12067,0.12742
27043,104234,South Fla.,Bulls,0.31607,0.68206,0.53529,65.155,99.55522,107.33001,0.43783,0.16619,0.15126,0.08829,0.09204
27168,103525,DePaul,Blue Demons,0.31705,0.64318,0.51948,70.255,100.41684,105.91251,0.31676,0.17053,0.18605,0.11682,0.095
27249,104155,Rutgers,Scarlet Knights,0.36583,0.64678,0.53272,64.643,100.10359,100.6292,0.31687,0.18788,0.20271,0.12509,0.1172
36046,104135,Rice,Owls,0.29101,0.7065,0.55342,66.301,107.33701,112.78772,0.29628,0.14897,0.1312,0.08301,0.09807
41097,104351,UAB,Blazers,0.33014,0.7275,0.50164,69.393,112.83735,105.0923,0.36289,0.1064,0.14575,0.11242,0.09488
27168,103643,Georgetown,Hoyas,0.30368,0.6905,0.64315,61.237,104.00895,90.74404,0.36816,0.17714,0.19245,0.12024,0.11295
27249,104403,Villanova,Wildcats,0.37744,0.67731,0.51706,65.986,105.66375,105.29071,0.39177,0.17103,0.1478,0.08306,0.08347
33533,104161,SMU,Mustangs,0.2808,0.69538,0.53827,69.202,99.95318,107.51192,0.33038,0.15818,0.16392,0.10064,0.09
33533,104471,Wichita St.,Shockers,0.29104,0.71814,0.51511,66.31,105.42617,101.66758,0.30832,0.16108,0.14776,0.09405,0.11286
36046,104382,UTSA,Roadrunners,0.3243,0.71429,0.53047,69.753,109.52969,114.29377,0.34363,0.13292,0.11466,0.07089,0.10464
33533,104311,Temple,Owls,0.28637,0.70993,0.58488,65.686,103.91871,104.85197,0.34555,0.17516,0.14391,0.07411,0.10265
38409,104311,Temple,Owls,0.31911,0.68596,0.4131,67.771,113.53876,112.05194,0.45227,0.13505,0.13358,0.09204,0.09535
27043,104155,Rutgers,Scarlet Knights,0.32813,0.67367,0.5079,67.944,104.6766,112.16943,0.3682,0.15672,0.1518,0.08479,0.11419
30629,103460,Cincinnati,Bearcats,0.29968,0.70795,0.53325,67.03,103.57261,98.37363,0.29573,0.13207,0.15852,0.094,0.09658
30629,103891,Memphis,Tigers,0.37376,0.69139,0.58718,69.646,107.90443,98.11471,0.37784,0.19254,0.17725,0.12093,0.16231
33533,103553,East Carolina,Pirates,0.32952,0.71119,0.56307,67.158,102.47195,104.99878,0.37131,0.16473,0.15225,0.09652,0.06971
36046,104234,South Fla.,Bulls,0.28203,0.69492,0.58662,67.695,111.86572,102.42048,0.37842,0.13839,0.1593,0.102,0.0938
27043,103704,Houston,Cougars,0.31602,0.65992,0.58343,66.074,107.14115,110.06526,0.38189,0.16432,0.14045,0.08205,0.13582
30629,104161,SMU,Mustangs,0.2765,0.69783,0.5526,68.086,108.01016,98.21121,0.35623,0.15779,0.14467,0.09123,0.10373
36046,104161,SMU,Mustangs,0.38462,0.68812,0.55353,67.312,113.69128,101.85124,0.29009,0.13638,0.16251,0.12414,0.13033
27168,104210,Seton Hall,Pirates,0.30964,0.67216,0.61962,63.865,100.58824,101.24753,0.34507,0.20753,0.16715,0.10654,0.07067
36046,103553,East Carolina,Pirates,0.32887,0.69182,0.5056,64.486,106.66178,108.15421,0.35155,0.1401,0.16545,0.12111,0.08787
41097,104346,Tulane,Green Wave,0.23178,0.64606,0.55497,66.647,107.8058,112.4989,0.43355,0.14134,0.14734,0.11456,0.1265
27168,104099,Pittsburgh,Panthers,0.40438,0.70019,0.64158,59.369,115.16966,93.21576,0.37521,0.14967,0.1932,0.11104,0.12682
27168,104270,St. John's (NY),Red Storm,0.30527,0.64912,0.49091,66.179,96.79738,98.83475,0.28909,0.14362,0.17023,0.09988,0.18383
41097,103609,Fla. Atlantic,Owls,0.32943,0.72186,0.46781,69.073,112.60928,106.40623,0.32954,0.14926,0.1407,0.08431,0.14014
27249,103643,Georgetown,Hoyas,0.3584,0.69646,0.5561,62.126,109.45492,94.12739,0.38612,0.16978,0.17182,0.09566,0.13232
38409,104347,Tulsa,Golden Hurricane,0.27319,0.70074,0.54282,66.405,105.72851,109.23481,0.3377,0.14665,0.12721,0.09099,0.06886
38409,103447,Charlotte,49ers,0.25707,0.71156,0.53219,63.963,108.24034,114.37768,0.42478,0.13293,0.12923,0.07831,0.05945
38409,103553,East Carolina,Pirates,0.34865,0.69411,0.49829,66.514,111.86996,108.82953,0.3598,0.13331,0.15035,0.11152,0.11769
41097,104005,North Texas,Mean Green,0.33445,0.67673,0.51108,65.182,106.4137,101.14075,0.39948,0.14342,0.19294,0.1399,0.13458
27249,104448,West Virginia,Mountaineers,0.40864,0.69854,0.56921,63.838,108.48441,101.45559,0.3861,0.15858,0.17693,0.09705,0.06735
27043,103460,Cincinnati,Bearcats,0.39093,0.67696,0.52795,62.127,110.06874,94.02001,0.38722,0.14542,0.19351,0.12662,0.15973
38409,104346,Tulane,Green Wave,0.27265,0.68985,0.57208,66.651,111.36726,105.21194,0.35744,0.14141,0.1507,0.1098,0.13108
27043,103891,Memphis,Tigers,0.35643,0.6664,0.61691,69.514,109.79288,100.67847,0.39871,0.15976,0.17384,0.12332,0.11011
36046,104471,Wichita St.,Shockers,0.32169,0.71711,0.44171,68.179,105.98932,106.37474,0.26399,0.1522,0.1273,0.09113,0.10782
36046,104005,North Texas,Mean Green,0.34061,0.68908,0.45763,61.906,110.97556,102.29749,0.2968,0.14917,0.16777,0.11351,0.08829
38409,104471,Wichita St.,Shockers,0.32355,0.71073,0.44224,68.144,107.80049,106.47226,0.3513,0.14325,0.13628,0.09795,0.11678
27168,103460,Cincinnati,Bearcats,0.3873,0.70163,0.52465,63.575,103.50631,91.79207,0.35456,0.15993,0.1759,0.10994,0.16137
27168,104112,Providence,Friars,0.3749,0.67742,0.60549,64.53,103.64096,99.44844,0.37442,0.16001,0.16966,0.09481,0.08185
27249,104361,UConn,Huskies,0.36308,0.65247,0.53263,62.882,108.06959,101.45402,0.34579,0.16033,0.14133,0.09268,0.17638
27249,104210,Seton Hall,Pirates,0.32206,0.69487,0.57143,64.834,104.27733,97.36738,0.32723,0.16454,0.18865,0.12706,0.08917
38409,103609,Fla. Atlantic,Owls,0.31106,0.69328,0.57442,68.448,113.77487,109.18477,0.32977,0.14193,0.14285,0.09052,0.11061
27249,104026,Notre Dame,Fighting Irish,0.30504,0.67712,0.63636,60.376,108.35543,100.67405,0.37389,0.14027,0.14714,0.0848,0.08279
27168,104403,Villanova,Wildcats,0.3296,0.71094,0.56421,66.114,100.77826,96.71568,0.5054,0.19865,0.19499,0.1147,0.09896
41097,103447,Charlotte,49ers,0.34182,0.67684,0.52052,63.051,114.14751,115.88812,0.36558,0.15749,0.1178,0.0713,0.09864
41097,104234,South Fla.,Bulls,0.3803,0.68456,0.58925,71.707,119.78124,103.71106,0.40355,0.12432,0.16831,0.12791,0.11058
36046,103609,Fla. Atlantic,Owls,0.33418,0.7082,0.50907,67.825,118.33249,105.85857,0.34908,0.13954,0.14371,0.10387,0.07836
33533,104359,UCF,Knights,0.3359,0.69304,0.55307,64.624,107.90803,98.85653,0.28889,0.16843,0.1915,0.11581,0.11366
27249,103863,Marquette,Golden Eagles,0.33907,0.64679,0.63112,69.295,108.76845,95.16208,0.40876,0.16121,0.1976,0.12518,0.08771
33533,103891,Memphis,Tigers,0.31218,0.67372,0.54382,70.519,111.35948,100.69655,0.35448,0.1616,0.1791,0.1207,0.1309
38409,103891,Memphis,Tigers,0.35318,0.67685,0.51478,69.715,113.3336,104.12905,0.39269,0.16627,0.16389,0.11032,0.1328
27168,103863,Marquette,Golden Eagles,0.38384,0.66884,0.57363,62.034,108.16476,99.4916,0.40944,0.17792,0.16696,0.10414,0.09984
36046,104351,UAB,Blazers,0.3554,0.68863,0.5048,67.355,113.37789,109.86489,0.4,0.14206,0.14325,0.09857,0.11839
27168,104026,Notre Dame,Fighting Irish,0.33977,0.70513,0.65807,60.985,111.59431,101.20921,0.32037,0.15151,0.13842,0.07959,0.0927
38409,104005,North Texas,Mean Green,0.33035,0.72509,0.44537,60.076,113.14298,100.10402,0.3551,0.14486,0.17512,0.1247,0.08243
27249,104234,South Fla.,Bulls,0.34186,0.69724,0.54793,58.665,100.34705,95.78582,0.33824,0.19302,0.1574,0.094,0.10821
33533,103460,Cincinnati,Bearcats,0.30905,0.72939,0.54697,68.367,112.0124,100.67397,0.25954,0.13126,0.15363,0.09146,0.0964
36046,104311,Temple,Owls,0.28352,0.70597,0.4589,66.567,104.2786,107.26266,0.32023,0.12383,0.15126,0.10843,0.08216
41097,104471,Wichita St.,Shockers,0.38512,0.71167,0.41508,66.332,115.31434,104.48439,0.3579,0.12548,0.13673,0.08835,0.09765
27043,104161,SMU,Mustangs,0.34957,0.69478,0.59872,64.865,109.45868,95.95864,0.43756,0.17581,0.18294,0.1173,0.13704
33533,103704,Houston,Cougars,0.37118,0.72326,0.53861,63.598,117.7159,90.34801,0.2887,0.1297,0.18447,0.12454,0.16651
27249,104303,Syracuse,Orange,0.36256,0.60411,0.56163,64.047,115.31878,94.9214,0.32885,0.13616,0.20128,0.14243,0.19362
38409,104351,UAB,Blazers,0.37907,0.69779,0.53645,68.967,118.33302,109.8473,0.30899,0.11733,0.13593,0.09651,0.10258
27249,103460,Cincinnati,Bearcats,0.35693,0.65579,0.5184,62.931,106.86807,96.44398,0.29307,0.13993,0.18372,0.12677,0.11955
30629,103704,Houston,Cougars,0.37677,0.7203,0.58539,63.966,115.85961,90.96854,0.28981,0.14199,0.18981,0.12471,0.17073
41097,104347,Tulsa,Golden Hurricane,0.34107,0.71709,0.55303,67.524,123.9591,107.31875,0.40992,0.13355,0.13349,0.0937,0.07107
27249,104099,Pittsburgh,Panthers,0.41018,0.69006,0.60449,61.552,111.78389,106.05351,0.31932,0.16706,0.1532,0.07624,0.07405
27043,104361,UConn,Huskies,0.30401,0.67222,0.50257,64.156,111.25862,97.93702,0.38344,0.15316,0.16648,0.10802,0.15232
27168,104303,Syracuse,Orange,0.38862,0.65524,0.55909,64.176,109.01747,90.86079,0.36748,0.15665,0.19889,0.14058,0.19114
27249,103831,Louisville,Cardinals,0.3565,0.66134,0.55244,65.832,102.27988,91.51555,0.36212,0.17527,0.19461,0.13262,0.12756
27168,103831,Louisville,Cardinals,0.38229,0.66714,0.55725,65.375,112.13018,88.52185,0.4,0.1547,0.23247,0.1616,0.1206
27693,103285,American,Eagles,0.24149,0.70056,0.51613,66.291,99.27359,105.73858,0.2675,0.20242,0.15479,0.10468,0.11408
27693,103382,Bucknell,Bison,0.19847,0.71681,0.46302,71.475,104.81466,108.19578,0.3631,0.161,0.13812,0.08138,0.0814
27693,103805,Lehigh,Mountain Hawks,0.24909,0.76285,0.49227,70.029,96.77261,108.47974,0.27858,0.16233,0.15323,0.08509,0.05556
27693,103786,Lafayette,Leopards,0.23708,0.71533,0.6,68.914,109.06483,107.66056,0.3028,0.1342,0.14153,0.08821,0.07944
27693,103698,Holy Cross,Crusaders,0.26631,0.68508,0.45626,68.659,102.06609,109.92428,0.2605,0.16257,0.16295,0.0993,0.1008
27693,103481,Colgate,Raiders,0.28237,0.74806,0.5697,71.337,118.48928,96.84304,0.30945,0.13157,0.14421,0.09806,0.08488
27693,103834,Loyola Maryland,Greyhounds,0.31311,0.74419,0.47939,67.392,102.49063,100.81868,0.35383,0.17608,0.17214,0.09724,0.08738
27693,103364,Boston U.,Terriers,0.28732,0.73829,0.42129,66.757,103.94293,110.76704,0.28599,0.16184,0.13481,0.08054,0.08223
27693,103972,Navy,Midshipmen,0.32227,0.75044,0.47639,66.173,106.56963,99.86245,0.33013,0.15745,0.20206,0.12135,0.07401
27693,103305,Army West Point,Black Knights,0.23446,0.75916,0.54003,68.921,103.48448,100.27108,0.28305,0.15978,0.17664,0.09088,0.04222
27249,103698,Holy Cross,Crusaders,0.30042,0.68956,0.54532,64.869,100.25563,103.01984,0.33163,0.18087,0.15226,0.08881,0.11978
27249,103972,Navy,Midshipmen,0.31309,0.6983,0.55724,60.941,93.73592,107.25445,0.33265,0.20131,0.19854,0.12179,0.0615
27043,103382,Bucknell,Bison,0.29049,0.75581,0.51146,62.417,105.58029,102.64306,0.31715,0.14758,0.12758,0.07343,0.04426
33533,103805,Lehigh,Mountain Hawks,0.20139,0.74214,0.49202,68.469,101.94342,101.35921,0.30389,0.15496,0.15001,0.09101,0.06131
27168,103698,Holy Cross,Crusaders,0.28157,0.70395,0.56832,61.127,99.59546,104.75444,0.29968,0.17448,0.13612,0.06291,0.1
27249,103481,Colgate,Raiders,0.26015,0.70736,0.55,64.519,96.99209,113.18305,0.35509,0.19861,0.132,0.0567,0.0611
30629,103834,Loyola Maryland,Greyhounds,0.25176,0.7363,0.60107,64.978,100.93746,100.2252,0.24512,0.16285,0.18806,0.12002,0.081
38409,103805,Lehigh,Mountain Hawks,0.22222,0.72338,0.52902,65.9,105.84547,107.50087,0.31153,0.14372,0.14172,0.08726,0.05701
27043,103972,Navy,Midshipmen,0.30622,0.70855,0.57727,62.0,96.64219,103.91691,0.28632,0.16874,0.18377,0.10373,0.10634
27043,103834,Loyola Maryland,Greyhounds,0.30597,0.63828,0.49412,64.2,100.3558,110.66317,0.41291,0.1554,0.17896,0.12134,0.11493
27168,103285,American,Eagles,0.28511,0.73001,0.56494,58.439,97.74224,107.93898,0.30852,0.17692,0.13706,0.0568,0.07346
27249,103305,Army West Point,Black Knights,0.24287,0.69813,0.5944,68.224,97.81316,100.90148,0.37065,0.19981,0.19924,0.08925,0.05305
30629,103786,Lafayette,Leopards,0.23172,0.6962,0.64069,64.851,102.41405,110.01706,0.21486,0.1481,0.14966,0.09471,0.0901
27168,103805,Lehigh,Mountain Hawks,0.27227,0.66369,0.57487,65.402,111.76528,99.73054,0.36188,0.14641,0.17483,0.10781,0.09276
27249,103786,Lafayette,Leopards,0.23766,0.671,0.5325,65.263,106.81277,111.70609,0.34303,0.17074,0.16031,0.0814,0.06957
30629,103698,Holy Cross,Crusaders,0.28203,0.71722,0.42453,66.55,98.00969,106.24987,0.28109,0.16113,0.16139,0.08925,0.09949
27168,103972,Navy,Midshipmen,0.26291,0.66356,0.57962,59.613,92.10742,101.75471,0.27913,0.16302,0.18694,0.09889,0.07424
38409,103834,Loyola Maryland,Greyhounds,0.29301,0.72618,0.54968,65.68,104.92573,107.86072,0.29511,0.15617,0.15742,0.10919,0.07904
27043,103305,Army West Point,Black Knights,0.32088,0.66763,0.54432,66.926,107.29414,108.48949,0.32151,0.16299,0.1729,0.08946,0.10873
27043,103786,Lafayette,Leopards,0.27615,0.66036,0.51216,64.333,110.027,115.15032,0.33895,0.16712,0.15715,0.08053,0.06128
30629,103305,Army West Point,Black Knights,0.30366,0.7314,0.48383,68.73,101.63788,101.59132,0.31593,0.16303,0.17433,0.11289,0.05254
33533,103972,Navy,Midshipmen,0.30097,0.72328,0.56807,63.896,107.77576,100.81441,0.23526,0.15299,0.17443,0.10733,0.08228
36046,103972,Navy,Midshipmen,0.32355,0.69912,0.52514,64.137,102.77982,103.12907,0.34881,0.13188,0.17979,0.10306,0.06448
27168,103305,Army West Point,Black Knights,0.3166,0.708,0.57627,66.509,107.58495,101.21132,0.36549,0.17948,0.16454,0.07666,0.0873
27043,103481,Colgate,Raiders,0.23887,0.7182,0.56051,61.833,110.79575,106.94511,0.28298,0.16292,0.14348,0.07338,0.06329
41097,103285,American,Eagles,0.28297,0.71127,0.50771,66.07,112.90169,107.98264,0.29318,0.13762,0.17483,0.11722,0.0452
27168,103481,Colgate,Raiders,0.26197,0.7302,0.56054,65.254,96.98173,106.37936,0.27557,0.17651,0.13335,0.07038,0.07546
27249,103285,American,Eagles,0.27097,0.69498,0.56662,61.618,104.01678,100.58154,0.3381,0.15574,0.15143,0.07591,0.07941
30629,103805,Lehigh,Mountain Hawks,0.21818,0.73362,0.5691,67.279,101.32578,105.67492,0.25589,0.1772,0.13065,0.06523,0.08091
33533,103698,Holy Cross,Crusaders,0.2229,0.69469,0.49015,68.074,97.67353,106.27027,0.25295,0.15756,0.15406,0.09283,0.07097
41097,103786,Lafayette,Leopards,0.26076,0.71549,0.554,65.906,104.94842,112.45823,0.32463,0.13642,0.13988,0.08403,0.06573
30629,103285,American,Eagles,0.25073,0.70955,0.49936,64.543,97.57312,109.05514,0.25561,0.18167,0.15395,0.10068,0.08305
30629,103972,Navy,Midshipmen,0.34075,0.75372,0.50909,63.518,101.49157,93.92486,0.30246,0.16868,0.18536,0.11031,0.10378
33533,103382,Bucknell,Bison,0.25794,0.75182,0.53827,65.195,102.78054,104.25495,0.26472,0.17943,0.1383,0.08355,0.10254
36046,103285,American,Eagles,0.28388,0.74777,0.57417,61.954,110.10958,108.90839,0.28276,0.15064,0.15168,0.09285,0.0555
38409,103698,Holy Cross,Crusaders,0.23363,0.73333,0.48301,65.061,106.13794,109.95071,0.22038,0.16165,0.1242,0.07065,0.07836
36046,103834,Loyola Maryland,Greyhounds,0.2955,0.74228,0.55631,64.486,98.14495,110.21548,0.30334,0.17877,0.13967,0.0907,0.06128
36046,103305,Army West Point,Black Knights,0.27305,0.7457,0.56719,62.024,96.11474,102.53899,0.25701,0.1667,0.15187,0.0918,0.12197
27043,103805,Lehigh,Mountain Hawks,0.26047,0.67438,0.54881,64.293,101.50712,105.62292,0.32688,0.16015,0.14435,0.07613,0.08953
33533,103364,Boston U.,Terriers,0.28621,0.75726,0.44021,64.959,101.69734,101.88681,0.28401,0.15613,0.16584,0.09689,0.07531
33533,103285,American,Eagles,0.28306,0.7211,0.55541,61.551,104.62899,105.47882,0.27914,0.19665,0.17031,0.11919,0.11413
36046,103786,Lafayette,Leopards,0.24474,0.70848,0.56586,64.016,96.61052,103.53187,0.24026,0.1558,0.15518,0.10128,0.12534
38409,103364,Boston U.,Terriers,0.32801,0.76809,0.49609,62.898,105.07805,107.18157,0.31164,0.17514,0.15248,0.09508,0.0821
41097,103834,Loyola Maryland,Greyhounds,0.2927,0.72018,0.50118,67.16,110.277,112.9801,0.30334,0.13701,0.13663,0.09086,0.0987
41097,103305,Army West Point,Black Knights,0.31074,0.72701,0.59677,66.133,107.01688,114.52521,0.256,0.14892,0.14298,0.08659,0.0482
30629,103382,Bucknell,Bison,0.21875,0.70018,0.57579,66.825,104.04271,116.10563,0.28324,0.17601,0.12002,0.06784,0.07949
36046,103805,Lehigh,Mountain Hawks,0.2285,0.76937,0.50905,68.695,103.38887,100.98861,0.31585,0.15225,0.16218,0.10281,0.0616
27168,103786,Lafayette,Leopards,0.25486,0.67675,0.57673,64.583,105.61909,105.66601,0.27447,0.17167,0.18276,0.10603,0.0845
41097,103698,Holy Cross,Crusaders,0.23014,0.73146,0.44975,64.797,105.27121,113.08121,0.31873,0.1386,0.13222,0.08847,0.05069
27043,103285,American,Eagles,0.26514,0.7027,0.65775,59.801,105.05345,98.49076,0.35036,0.20841,0.17126,0.10011,0.09857
33533,103834,Loyola Maryland,Greyhounds,0.27413,0.72031,0.55839,65.806,101.9345,106.93489,0.27952,0.17905,0.18191,0.11319,0.06806
36046,103698,Holy Cross,Crusaders,0.24117,0.72158,0.44785,64.318,102.9783,115.55723,0.25633,0.14977,0.11335,0.06278,0.09364
33533,103305,Army West Point,Black Knights,0.27451,0.76481,0.48814,66.741,108.69081,104.63518,0.30761,0.16872,0.14228,0.07586,0.05952
38409,103481,Colgate,Raiders,0.23993,0.7366,0.5259,65.752,108.81561,109.22727,0.22826,0.15125,0.14539,0.09637,0.06885
36046,103382,Bucknell,Bison,0.25843,0.71352,0.52639,62.827,102.67776,105.72995,0.2904,0.16867,0.1448,0.09652,0.1067
36046,103364,Boston U.,Terriers,0.26753,0.77228,0.55599,64.57,101.76201,101.99402,0.3028,0.15439,0.15472,0.10015,0.09632
38409,103786,Lafayette,Leopards,0.25022,0.72198,0.60074,64.697,104.71222,105.31428,0.30421,0.14691,0.1519,0.08903,0.09804
41097,103382,Bucknell,Bison,0.26957,0.68727,0.53985,65.459,101.75323,115.25624,0.29757,0.16813,0.15752,0.10916,0.05865
38409,103305,Army West Point,Black Knights,0.27273,0.71156,0.52242,66.582,107.51356,110.0501,0.25612,0.12716,0.14726,0.09832,0.06239
41097,103481,Colgate,Raiders,0.27087,0.71014,0.5194,65.59,113.9282,111.21778,0.29184,0.13261,0.13444,0.0886,0.08651
27168,103382,Bucknell,Bison,0.29333,0.7545,0.55623,61.2,109.42881,94.48267,0.36082,0.13293,0.12739,0.05664,0.10792
38409,103972,Navy,Midshipmen,0.31393,0.73134,0.54002,65.499,107.68901,107.06265,0.33401,0.13918,0.15845,0.09895,0.08169
27043,103698,Holy Cross,Crusaders,0.30415,0.72033,0.50195,62.572,106.2476,103.54125,0.39443,0.15891,0.16643,0.09658,0.10817
41097,103972,Navy,Midshipmen,0.33119,0.73372,0.61964,64.011,115.29925,99.39277,0.39475,0.14878,0.16539,0.11708,0.10459
38409,103382,Bucknell,Bison,0.25994,0.72007,0.51972,65.993,107.30167,106.02793,0.36703,0.16772,0.15019,0.09632,0.09233
33533,103786,Lafayette,Leopards,0.23766,0.74389,0.6884,62.451,97.68783,102.84869,0.24455,0.15972,0.16347,0.09063,0.09413
41097,103364,Boston U.,Terriers,0.28116,0.72316,0.53348,62.495,117.733,115.34714,0.31488,0.15782,0.11718,0.07504,0.09577
27249,103382,Bucknell,Bison,0.29962,0.76917,0.57177,62.595,110.00494,98.00025,0.37893,0.16434,0.14692,0.06937,0.095
33533,103481,Colgate,Raiders,0.25479,0.75821,0.61132,67.222,116.16039,103.112,0.26938,0.1354,0.16189,0.10497,0.07675
36046,103481,Colgate,Raiders,0.2531,0.75452,0.5662,65.345,109.22293,98.02955,0.27287,0.14238,0.14963,0.09889,0.10099
30629,103481,Colgate,Raiders,0.26718,0.74843,0.62033,66.528,113.23129,100.52166,0.26143,0.14859,0.14193,0.09161,0.09347
27249,103805,Lehigh,Mountain Hawks,0.31665,0.70194,0.50554,66.689,112.64343,97.32937,0.37833,0.14172,0.18348,0.1142,0.08024
30629,103364,Boston U.,Terriers,0.31381,0.75372,0.43337,64.036,109.03775,104.57912,0.28978,0.1605,0.15141,0.0867,0.06554
27043,103364,Boston U.,Terriers,0.28101,0.70204,0.54922,64.788,108.34939,102.00148,0.29879,0.15515,0.17909,0.1065,0.04855
38409,103285,American,Eagles,0.24457,0.72736,0.525,63.044,107.50409,105.89555,0.299,0.15369,0.16303,0.10208,0.0545
41097,103805,Lehigh,Mountain Hawks,0.23934,0.69143,0.54906,65.655,107.30375,108.86377,0.31978,0.16019,0.14185,0.09838,0.07978
27693,104202,San Jose St.,Spartans,0.20644,0.66385,0.43205,71.142,92.43773,114.32559,0.28958,0.15754,0.12077,0.06648,0.06746
27693,103984,New Mexico,Lobos,0.34316,0.71916,0.51487,68.12,94.74302,104.11176,0.32694,0.18037,0.1727,0.0834,0.11967
27693,103631,Fresno St.,Bulldogs,0.31001,0.74687,0.45109,65.707,100.3673,102.07058,0.37626,0.18631,0.17223,0.09951,0.08663
27693,103265,Air Force,Falcons,0.15342,0.64463,0.59004,62.979,93.237,114.19627,0.30855,0.21363,0.1885,0.11203,0.07959
27693,104508,Wyoming,Cowboys,0.22912,0.72203,0.54083,68.862,110.13545,108.58263,0.35298,0.14477,0.16135,0.08313,0.05395
27693,103979,Nevada,Wolf Pack,0.24232,0.75581,0.57895,68.73,107.21947,101.39962,0.38754,0.16367,0.15976,0.08141,0.0963
27693,104375,UNLV,Rebels,0.30323,0.75272,0.50425,65.51,106.00614,103.0097,0.21172,0.16266,0.1622,0.09745,0.09124
27693,103487,Colorado St.,Rams,0.24173,0.73249,0.57063,68.32,108.31369,97.80642,0.33464,0.17662,0.175,0.08548,0.08143
27693,103362,Boise St.,Broncos,0.27138,0.76715,0.50875,68.769,109.71393,96.58135,0.34639,0.14835,0.18384,0.0944,0.07715
27693,104199,San Diego St.,Aztecs,0.29524,0.75971,0.5452,65.462,111.99723,93.04134,0.33459,0.14479,0.20176,0.12448,0.09861
27693,104390,Utah St.,Aggies,0.35651,0.78462,0.60673,68.061,106.64952,91.60206,0.29908,0.17055,0.17853,0.09791,0.14857
30629,103265,Air Force,Falcons,0.19568,0.70602,0.57735,62.329,94.71357,105.94421,0.26792,0.19736,0.18061,0.08784,0.09129
27249,103265,Air Force,Falcons,0.20413,0.68724,0.65422,61.783,98.8291,99.49312,0.38829,0.18641,0.19134,0.107,0.1049
27249,103362,Boise St.,Broncos,0.32188,0.74615,0.4887,63.919,106.46265,103.24281,0.35632,0.16066,0.18345,0.09521,0.05945
27043,103265,Air Force,Falcons,0.26728,0.70588,0.61708,64.181,101.98427,106.82595,0.37668,0.1802,0.15724,0.08458,0.09916
27168,103631,Fresno St.,Bulldogs,0.30094,0.65856,0.45082,60.976,97.47761,99.15826,0.37867,0.16001,0.18194,0.11703,0.10068
30629,103979,Nevada,Wolf Pack,0.24667,0.74771,0.56484,69.868,103.83661,105.45256,0.32083,0.16714,0.16353,0.09136,0.10049
33533,103631,Fresno St.,Bulldogs,0.2495,0.72176,0.53056,62.768,101.44853,104.63486,0.25105,0.16195,0.17956,0.10072,0.10259
30629,104202,San Jose St.,Spartans,0.22433,0.70435,0.55041,65.256,98.12418,110.38355,0.22306,0.17825,0.13999,0.08024,0.08235
33533,104508,Wyoming,Cowboys,0.24141,0.74875,0.46622,65.19,105.66561,110.1012,0.33155,0.16158,0.1505,0.07449,0.07531
27168,103979,Nevada,Wolf Pack,0.29135,0.68642,0.49929,65.622,102.01455,108.69524,0.41293,0.16705,0.16324,0.08349,0.08784
30629,103487,Colorado St.,Rams,0.22057,0.75146,0.53837,64.695,112.52817,101.25062,0.29649,0.13935,0.16688,0.09766,0.09754
36046,103265,Air Force,Falcons,0.23835,0.68538,0.62036,62.202,105.51402,115.39149,0.29613,0.17025,0.15403,0.10384,0.1181
38409,104199,San Diego St.,Aztecs,0.29567,0.68855,0.51204,64.906,108.16833,98.80097,0.3167,0.1433,0.1718,0.11724,0.18612
27043,104202,San Jose St.,Spartans,0.28635,0.69902,0.54834,64.239,96.1553,110.24617,0.33749,0.17684,0.12773,0.06569,0.07597
27043,103487,Colorado St.,Rams,0.34914,0.73052,0.52597,64.526,113.66457,107.9983,0.48776,0.11829,0.14802,0.07674,0.09156
30629,104375,UNLV,Rebels,0.27177,0.74363,0.56522,65.696,106.3618,99.845,0.30076,0.1465,0.15265,0.09373,0.08596
41097,103265,Air Force,Falcons,0.21429,0.68744,0.55891,66.217,92.92393,120.62649,0.35064,0.19987,0.13242,0.08511,0.06774
41097,103631,Fresno St.,Bulldogs,0.28269,0.69702,0.50308,68.091,106.98051,106.93461,0.34319,0.16149,0.15935,0.09763,0.06623
27168,103265,Air Force,Falcons,0.24793,0.69018,0.63899,63.757,109.41279,105.94634,0.3142,0.16496,0.17258,0.10042,0.05506
27168,103362,Boise St.,Broncos,0.31451,0.75952,0.51335,64.911,112.35976,100.46679,0.33352,0.15794,0.18349,0.10183,0.05405
38409,104508,Wyoming,Cowboys,0.3072,0.72753,0.47882,64.586,103.57504,109.74424,0.30034,0.1699,0.14057,0.06797,0.08233
41097,103659,Grand Canyon,Lopes,0.31339,0.74662,0.49577,67.275,111.97371,101.65548,0.39494,0.15486,0.15551,0.09775,0.10455
27043,104390,Utah St.,Aggies,0.33559,0.73717,0.65217,61.517,111.64738,107.46375,0.33891,0.15064,0.10897,0.0553,0.09773
30629,103984,New Mexico,Lobos,0.24144,0.71581,0.45084,70.075,105.13656,106.68529,0.31875,0.14624,0.16233,0.08847,0.11174
36046,104202,San Jose St.,Spartans,0.23077,0.70509,0.52043,65.308,105.78353,114.09238,0.22791,0.14129,0.14118,0.07842,0.09091
36046,104508,Wyoming,Cowboys,0.29127,0.71199,0.47282,66.608,108.5143,110.93504,0.39088,0.16553,0.14386,0.07642,0.06975
38409,103265,Air Force,Falcons,0.22736,0.71006,0.62941,63.582,96.65822,114.94623,0.35396,0.18821,0.13861,0.08825,0.08118
27249,103487,Colorado St.,Rams,0.28664,0.70683,0.50916,63.108,109.78307,106.55272,0.42258,0.17508,0.16137,0.08406,0.05725
30629,104199,San Diego St.,Aztecs,0.29494,0.72678,0.50197,63.991,101.02733,89.78062,0.31119,0.16963,0.19313,0.11547,0.14353
33533,103265,Air Force,Falcons,0.2228,0.71442,0.64947,62.42,105.99503,106.19296,0.31235,0.17364,0.1507,0.09109,0.11024
33533,104375,UNLV,Rebels,0.28535,0.6946,0.50183,68.329,106.58437,100.52844,0.34723,0.1528,0.21748,0.13021,0.12336
41097,103362,Boise St.,Broncos,0.33725,0.77143,0.50548,65.275,117.03791,109.97447,0.41676,0.14804,0.1303,0.06855,0.05959
38409,103631,Fresno St.,Bulldogs,0.27018,0.65957,0.4399,69.449,99.07481,113.0907,0.36378,0.15562,0.15485,0.10624,0.08744
27043,103979,Nevada,Wolf Pack,0.3115,0.68312,0.43593,63.714,110.15115,112.43408,0.38147,0.13449,0.13761,0.07607,0.12544
38409,104375,UNLV,Rebels,0.27273,0.70207,0.49564,64.81,106.83941,105.1094,0.35816,0.14276,0.1552,0.10111,0.1145
41097,104508,Wyoming,Cowboys,0.34525,0.72119,0.53022,66.299,115.95696,110.10655,0.3563,0.13893,0.14982,0.09885,0.06989
27249,104508,Wyoming,Cowboys,0.23739,0.72952,0.52535,60.3,103.53211,92.8685,0.38486,0.17311,0.20566,0.11349,0.10019
41097,104202,San Jose St.,Spartans,0.29982,0.64646,0.42805,64.443,111.3052,121.37701,0.33439,0.13296,0.15047,0.08911,0.06584
27043,104375,UNLV,Rebels,0.34241,0.68995,0.52398,65.465,108.19003,99.41538,0.39475,0.141,0.13022,0.07363,0.14569
36046,103362,Boise St.,Broncos,0.34103,0.77778,0.47086,65.45,113.91366,102.05818,0.3586,0.14181,0.15386,0.08654,0.068
38409,103979,Nevada,Wolf Pack,0.27421,0.73502,0.58817,63.596,112.83615,106.31,0.37311,0.13883,0.16676,0.09676,0.12435
33533,103487,Colorado St.,Rams,0.19939,0.73012,0.62428,65.243,109.8063,108.15301,0.29553,0.15393,0.15994,0.08574,0.07714
27043,104508,Wyoming,Cowboys,0.18709,0.69142,0.56906,59.453,106.94479,102.17495,0.44945,0.15856,0.14534,0.07786,0.10792
36046,103631,Fresno St.,Bulldogs,0.24299,0.69476,0.50616,64.869,102.75592,112.23542,0.30936,0.16917,0.13687,0.09353,0.06585
27249,104306,TCU,Horned Frogs,0.30513,0.69962,0.54335,67.711,104.62067,104.48891,0.388,0.17101,0.19811,0.10044,0.06436
33533,103979,Nevada,Wolf Pack,0.22854,0.75352,0.59324,65.047,109.59112,102.32162,0.39465,0.13868,0.16501,0.08948,0.09461
41097,104199,San Diego St.,Aztecs,0.30699,0.69403,0.54226,67.851,113.08392,102.65215,0.38261,0.15094,0.17605,0.11049,0.15191
38409,104390,Utah St.,Aggies,0.34925,0.69449,0.61175,66.018,121.0005,106.07591,0.36853,0.13718,0.17969,0.12963,0.09004
41097,103487,Colorado St.,Rams,0.3003,0.71011,0.62881,63.371,119.46435,112.13126,0.39274,0.16285,0.1377,0.08425,0.06629
27168,104199,San Diego St.,Aztecs,0.3233,0.72003,0.50656,65.14,105.98681,93.43574,0.36378,0.15573,0.16605,0.10616,0.12025
36046,103979,Nevada,Wolf Pack,0.2758,0.73181,0.58002,65.56,115.4097,101.73217,0.44301,0.13336,0.15746,0.09589,0.1097
27168,104508,Wyoming,Cowboys,0.24409,0.68846,0.56153,59.723,101.39341,98.26459,0.39033,0.16636,0.18939,0.105,0.09394
33533,103984,New Mexico,Lobos,0.28112,0.72956,0.47406,70.681,113.14291,103.92356,0.39158,0.13756,0.15464,0.09412,0.10388
33533,103362,Boise St.,Broncos,0.27435,0.76174,0.4385,65.418,108.99387,97.74317,0.30289,0.14717,0.15625,0.07577,0.07977
27043,103984,New Mexico,Lobos,0.32491,0.71779,0.61629,64.094,113.78275,101.66281,0.46677,0.13893,0.1296,0.07314,0.13272
27043,103362,Boise St.,Broncos,0.33244,0.74416,0.45618,64.251,116.88764,105.88008,0.37398,0.13011,0.15684,0.09115,0.05992
27249,104199,San Diego St.,Aztecs,0.31469,0.7368,0.4832,65.393,107.08934,96.00808,0.36942,0.16147,0.16758,0.08392,0.06433
30629,104390,Utah St.,Aggies,0.26403,0.77458,0.6663,66.193,109.3421,99.53328,0.2866,0.16352,0.16369,0.0916,0.06255
30629,104508,Wyoming,Cowboys,0.25545,0.75753,0.44666,65.023,109.92711,99.27319,0.35871,0.15132,0.14176,0.05923,0.05443
36046,104375,UNLV,Rebels,0.3081,0.69218,0.49669,64.83,111.81911,104.66554,0.32312,0.14387,0.16009,0.09318,0.12865
27168,104375,UNLV,Rebels,0.33764,0.73239,0.6445,67.696,105.05361,92.77353,0.37313,0.17284,0.1647,0.10648,0.14615
27168,103487,Colorado St.,Rams,0.41221,0.76347,0.50511,63.241,114.93137,100.34548,0.436,0.14269,0.15028,0.07274,0.06352
27249,103984,New Mexico,Lobos,0.34741,0.72492,0.65411,65.186,111.15141,90.66811,0.39463,0.17331,0.18736,0.10459,0.09638
33533,104390,Utah St.,Aggies,0.27273,0.75682,0.61774,67.708,115.04322,102.84931,0.34329,0.15782,0.14278,0.0734,0.08597
27168,103984,New Mexico,Lobos,0.29283,0.72397,0.65755,63.26,105.609,95.16021,0.45675,0.15571,0.17056,0.09824,0.11327
38409,103984,New Mexico,Lobos,0.3167,0.7429,0.51584,71.486,111.87045,98.09995,0.36715,0.13545,0.18367,0.12135,0.13854
30629,103362,Boise St.,Broncos,0.30624,0.77919,0.46996,63.734,105.96093,94.47333,0.34974,0.16103,0.18245,0.09306,0.09631
33533,104202,San Jose St.,Spartans,0.35368,0.75622,0.49252,61.955,107.77282,105.76519,0.26503,0.15729,0.11608,0.06495,0.11417
38409,104202,San Jose St.,Spartans,0.28007,0.68946,0.5073,65.917,108.28447,110.12852,0.30662,0.14989,0.14102,0.08927,0.07922
41097,104375,UNLV,Rebels,0.30876,0.68245,0.51287,69.257,112.69522,111.9197,0.39903,0.1493,0.15622,0.10834,0.13255
36046,104390,Utah St.,Aggies,0.28645,0.73642,0.57257,68.009,115.47688,103.42388,0.38458,0.13921,0.15076,0.09866,0.11255
27249,104375,UNLV,Rebels,0.32824,0.70379,0.65393,68.173,109.97776,94.99015,0.35597,0.16345,0.19057,0.12309,0.12537
36046,103984,New Mexico,Lobos,0.33382,0.73202,0.4911,71.071,113.9709,99.47049,0.3312,0.11854,0.17152,0.12195,0.13175
41097,104390,Utah St.,Aggies,0.32881,0.67701,0.60594,67.044,122.13291,105.12183,0.37982,0.13203,0.17624,0.12877,0.08718
27043,104199,San Diego St.,Aztecs,0.36719,0.70728,0.40779,62.742,111.23768,90.22124,0.44898,0.12858,0.18414,0.12069,0.14077
36046,103487,Colorado St.,Rams,0.25044,0.73424,0.66122,65.456,114.08583,102.07458,0.31719,0.14017,0.15228,0.09542,0.08395
38409,103487,Colorado St.,Rams,0.27037,0.74204,0.62329,65.076,114.35823,102.36054,0.31613,0.15404,0.14796,0.07794,0.07882
30629,103631,Fresno St.,Bulldogs,0.2786,0.77191,0.50409,61.275,106.23018,95.31307,0.31106,0.1558,0.17655,0.09785,0.09361
41097,103984,New Mexico,Lobos,0.30769,0.72583,0.53816,69.231,117.27272,102.43796,0.35851,0.12959,0.1699,0.11594,0.09507
38409,103362,Boise St.,Broncos,0.32994,0.77496,0.56054,64.812,116.5352,102.94497,0.37711,0.14333,0.14932,0.08686,0.07578
41097,103979,Nevada,Wolf Pack,0.3222,0.73095,0.57589,65.304,114.86832,108.08974,0.44788,0.12855,0.15139,0.09904,0.1182
36046,104199,San Diego St.,Aztecs,0.33231,0.71929,0.50419,65.558,111.16438,100.01551,0.36179,0.1412,0.15991,0.11129,0.1192
33533,104199,San Diego St.,Aztecs,0.31886,0.74157,0.51116,65.195,108.44545,96.72161,0.32741,0.14931,0.17182,0.10268,0.11715
27043,103631,Fresno St.,Bulldogs,0.26632,0.68301,0.49474,64.956,109.87586,106.46765,0.40737,0.13343,0.14509,0.09753,0.11887
27693,103777,LIU,Sharks,0.32922,0.71538,0.61169,73.153,101.1581,99.71515,0.31169,0.16472,0.1852,0.11571,0.09705
27693,103896,Merrimack,Warriors,0.2084,0.68354,0.4977,66.893,98.39679,98.97414,0.31024,0.18229,0.18916,0.11884,0.10149
27693,104175,Sacred Heart,Pioneers,0.29607,0.6823,0.55916,66.661,103.2743,110.21368,0.33556,0.16255,0.13209,0.07182,0.0508
27693,104268,St. Francis Brooklyn,Terriers,0.3021,0.69719,0.5,72.173,106.93194,109.46759,0.307,0.1424,0.17515,0.11047,0.08895
27693,104412,Wagner,Seahawks,0.34789,0.71914,0.48405,65.353,107.01622,103.18617,0.27967,0.15382,0.1866,0.11074,0.0816
27693,103434,Central Conn. St.,Blue Devils,0.23729,0.67131,0.51724,70.693,96.93157,109.4606,0.28374,0.17722,0.17499,0.09789,0.07059
27693,103379,Bryant,Bulldogs,0.28625,0.69635,0.52665,75.659,110.72426,99.97025,0.34402,0.1741,0.15467,0.09157,0.08571
27693,104179,Saint Francis,The Red Flash,0.28788,0.71189,0.52126,68.557,99.31881,105.80895,0.33649,0.17673,0.16416,0.08324,0.05985
27693,103958,Mount St. Mary's,Mountaineers,0.3133,0.75123,0.50474,62.529,100.01322,98.43117,0.29815,0.17462,0.14107,0.06708,0.11162
27693,103596,FDU,Knights,0.28839,0.66784,0.44496,70.617,105.17005,110.36724,0.31075,0.17278,0.16726,0.10595,0.10356
30629,103596,FDU,Knights,0.27806,0.65816,0.48576,69.071,96.40908,113.5068,0.27781,0.17023,0.15731,0.09256,0.07586
30629,104412,Wagner,Seahawks,0.34079,0.73134,0.5261,67.02,109.05761,94.78788,0.323,0.15503,0.19895,0.12266,0.08736
27168,104175,Sacred Heart,Pioneers,0.32744,0.647,0.5305,67.669,103.26217,111.10884,0.32704,0.19049,0.15699,0.09385,0.09157
33533,104412,Wagner,Seahawks,0.35191,0.76151,0.51756,62.154,100.57849,98.35734,0.2477,0.15659,0.19117,0.10772,0.05799
27249,103596,FDU,Knights,0.29492,0.66006,0.4916,66.924,90.78807,108.61591,0.32725,0.19488,0.1614,0.08611,0.10055
27249,104179,Saint Francis,The Red Flash,0.27968,0.61514,0.55675,63.349,95.96535,109.79132,0.3488,0.21791,0.17997,0.10289,0.07619
33533,103777,LIU,Sharks,0.26066,0.70463,0.58333,72.386,92.17767,110.47029,0.31788,0.19846,0.15362,0.09165,0.08505
27043,103777,LIU,Sharks,0.31041,0.66145,0.57709,67.396,105.96594,117.93805,0.3781,0.16137,0.13427,0.06358,0.058
36046,103777,LIU,Sharks,0.25421,0.71278,0.51416,70.001,94.21167,108.76588,0.31461,0.1798,0.14029,0.09179,0.07822
27249,103958,Mount St. Mary's,Mountaineers,0.3466,0.65645,0.51314,63.3,94.00674,104.6551,0.30033,0.21754,0.17754,0.09589,0.09538
27249,103434,Central Conn. St.,Blue Devils,0.33301,0.63444,0.54812,67.761,101.93568,102.38783,0.32386,0.18014,0.20879,0.11777,0.09271
27168,104179,Saint Francis,The Red Flash,0.27611,0.65241,0.57504,63.256,96.67479,113.44819,0.31565,0.19415,0.16623,0.08668,0.05985
27168,103434,Central Conn. St.,Blue Devils,0.27471,0.64862,0.47906,69.533,103.59608,109.59247,0.29994,0.15216,0.15901,0.10639,0.10626
27168,104268,St. Francis Brooklyn,Terriers,0.34339,0.66105,0.50721,66.464,105.28227,107.03031,0.31582,0.15368,0.17144,0.09817,0.0599
27249,103379,Bryant,Bulldogs,0.27615,0.65493,0.57317,65.312,94.12778,114.91518,0.2952,0.19357,0.15056,0.06776,0.05797
27249,104268,St. Francis Brooklyn,Terriers,0.32607,0.70639,0.5392,68.951,100.33047,99.27132,0.35015,0.19995,0.18688,0.09849,0.06266
33533,104268,St. Francis Brooklyn,Terriers,0.3155,0.68426,0.53634,65.751,98.24524,102.68798,0.30805,0.1765,0.17682,0.11269,0.11774
36046,104179,Saint Francis,The Red Flash,0.33271,0.68857,0.51473,65.487,99.09774,110.55354,0.32759,0.17634,0.15442,0.09007,0.10239
41097,103434,Central Conn. St.,Blue Devils,0.28482,0.71201,0.51557,64.61,113.8005,109.27931,0.29754,0.14126,0.12384,0.08644,0.11245
27043,103434,Central Conn. St.,Blue Devils,0.28938,0.6366,0.50064,69.598,100.55313,110.10022,0.29989,0.17138,0.1558,0.0988,0.11918
30629,103896,Merrimack,Warriors,0.22244,0.63996,0.51412,62.946,96.79027,101.41184,0.26188,0.16555,0.19604,0.14209,0.11374
30629,104268,St. Francis Brooklyn,Terriers,0.30142,0.70676,0.47855,66.954,99.58782,104.47587,0.24301,0.1553,0.16814,0.09868,0.06627
30629,104175,Sacred Heart,Pioneers,0.31925,0.69759,0.54027,68.086,105.84526,109.43817,0.24669,0.17191,0.14093,0.07933,0.05734
30629,103958,Mount St. Mary's,Mountaineers,0.31574,0.71555,0.53067,64.103,102.31514,100.97432,0.26285,0.17041,0.16409,0.08824,0.10756
30629,103777,LIU,Sharks,0.30465,0.70518,0.62562,71.846,103.29648,101.40999,0.29678,0.15983,0.16169,0.10644,0.13376
30629,104179,Saint Francis,The Red Flash,0.31212,0.68484,0.50916,67.711,100.06266,107.20999,0.30144,0.15582,0.16017,0.09572,0.07345
38409,104412,Wagner,Seahawks,0.32598,0.77753,0.57014,60.59,101.82459,98.7818,0.29541,0.16042,0.18361,0.1153,0.05795
27043,104179,Saint Francis,The Red Flash,0.25974,0.67772,0.53481,62.087,99.54842,111.70621,0.32686,0.15006,0.1523,0.09155,0.07209
27168,103937,Monmouth,Hawks,0.29787,0.64838,0.52727,69.669,93.02007,104.27138,0.32278,0.18286,0.21997,0.12564,0.04457
27249,104412,Wagner,Seahawks,0.35523,0.6584,0.51348,67.187,109.22828,95.68878,0.39049,0.16596,0.21613,0.11696,0.10976
41097,103982,New Haven,Chargers,0.23988,0.74037,0.51511,63.132,102.85667,105.00271,0.30727,0.15478,0.15817,0.10383,0.06827
27168,103379,Bryant,Bulldogs,0.30606,0.70215,0.57882,65.908,111.82722,107.82991,0.37035,0.16886,0.15454,0.07717,0.03244
33533,104179,Saint Francis,The Red Flash,0.25904,0.71747,0.52891,67.824,107.19904,108.28855,0.32045,0.16297,0.13484,0.06499,0.05298
36046,104297,Stonehill,Skyhawks,0.22926,0.68801,0.51261,67.832,93.16646,111.78081,0.2321,0.17603,0.1478,0.09379,0.07639
41097,104179,Saint Francis,The Red Flash,0.28673,0.68186,0.52459,69.031,103.13712,116.82047,0.30548,0.16093,0.15957,0.10697,0.0597
27043,104412,Wagner,Seahawks,0.34474,0.6828,0.45876,68.034,104.27657,99.80825,0.36723,0.15534,0.16036,0.09145,0.16543
27043,103596,FDU,Knights,0.29954,0.61394,0.45687,65.588,105.23934,115.04606,0.35164,0.15146,0.15976,0.102,0.10787
27168,103596,FDU,Knights,0.26195,0.61448,0.55801,67.95,95.78745,115.28401,0.35224,0.20078,0.14782,0.08458,0.07928
36046,103434,Central Conn. St.,Blue Devils,0.28462,0.72915,0.54815,66.698,107.32478,98.88081,0.32091,0.14536,0.16407,0.11091,0.12766
27043,104175,Sacred Heart,Pioneers,0.32365,0.66957,0.51187,67.03,102.80303,113.07382,0.35675,0.15107,0.16068,0.07892,0.05909
33533,104297,Stonehill,Skyhawks,0.19857,0.69093,0.52778,66.277,99.83439,103.72966,0.32088,0.18285,0.17047,0.10462,0.08096
38409,103895,Mercyhurst,Lakers,0.23761,0.6777,0.57007,63.797,105.1649,108.26239,0.30828,0.14764,0.1913,0.11342,0.06893
27168,104120,Quinnipiac,Bobcats,0.41304,0.74155,0.49303,66.436,105.90066,105.66268,0.41106,0.16555,0.14061,0.06127,0.09713
41097,104412,Wagner,Seahawks,0.33824,0.71611,0.49491,64.9,107.67473,108.25939,0.31146,0.16227,0.13498,0.08377,0.06952
27168,104412,Wagner,Seahawks,0.35,0.69507,0.50397,66.785,100.73423,98.04609,0.403,0.18796,0.19216,0.11916,0.14567
36046,104175,Sacred Heart,Pioneers,0.27149,0.67097,0.50926,69.028,107.38428,104.71325,0.30875,0.1475,0.17764,0.12609,0.14414
38409,104297,Stonehill,Skyhawks,0.27455,0.71548,0.60738,64.911,105.8175,107.93578,0.31922,0.16292,0.14708,0.09877,0.07
41097,103799,Le Moyne,Dolphins,0.25455,0.71059,0.56522,68.058,107.26084,107.49042,0.38549,0.17051,0.1357,0.08566,0.09091
27168,103958,Mount St. Mary's,Mountaineers,0.28559,0.66096,0.5,66.549,104.44874,107.06815,0.31881,0.16144,0.21034,0.12512,0.0528
36046,103799,Le Moyne,Dolphins,0.23684,0.69864,0.61118,67.963,106.16873,102.82519,0.24607,0.14802,0.16585,0.1174,0.09476
38409,103434,Central Conn. St.,Blue Devils,0.2703,0.7487,0.52414,65.419,110.01221,95.73727,0.25506,0.15085,0.16271,0.11493,0.12226
41097,103596,FDU,Knights,0.33566,0.73982,0.51882,63.287,105.74969,110.42235,0.32058,0.15487,0.15123,0.0791,0.04856
41097,103454,Chicago St.,Cougars,0.29432,0.65795,0.49867,64.537,101.53092,117.39964,0.3021,0.13736,0.17525,0.12559,0.04785
27043,103379,Bryant,Bulldogs,0.28692,0.6619,0.5006,66.894,108.97791,106.79928,0.37437,0.16019,0.15746,0.0961,0.07667
27249,103937,Monmouth,Hawks,0.29589,0.62089,0.56757,68.564,96.78016,109.44299,0.32507,0.17475,0.21149,0.11404,0.04618
27249,104120,Quinnipiac,Bobcats,0.42347,0.72034,0.47947,66.522,105.85751,100.21736,0.3824,0.15109,0.16076,0.07901,0.08923
30629,103379,Bryant,Bulldogs,0.33115,0.68816,0.50512,71.665,108.03981,101.5929,0.3224,0.16189,0.14181,0.0897,0.10149
36046,103596,FDU,Knights,0.28482,0.69613,0.57414,72.331,104.17261,106.40182,0.33797,0.15004,0.17144,0.1129,0.06824
38409,103454,Chicago St.,Cougars,0.22581,0.66354,0.48519,67.716,91.62722,115.30102,0.26803,0.16552,0.15843,0.10799,0.10188
27043,104268,St. Francis Brooklyn,Terriers,0.33626,0.70888,0.51088,65.655,103.83105,100.6319,0.36349,0.1668,0.15992,0.08518,0.1323
30629,103434,Central Conn. St.,Blue Devils,0.26264,0.68238,0.49275,65.001,93.94595,109.67488,0.29117,0.18217,0.16397,0.09442,0.06306
33533,103434,Central Conn. St.,Blue Devils,0.28471,0.71776,0.52212,64.438,101.19009,107.61334,0.23319,0.15534,0.14587,0.08633,0.10581
27249,104175,Sacred Heart,Pioneers,0.31317,0.67282,0.55266,67.071,104.45875,106.38552,0.34852,0.19513,0.1731,0.09653,0.08629
38409,103799,Le Moyne,Dolphins,0.26927,0.68068,0.54964,67.65,106.61067,115.37873,0.36737,0.17499,0.14552,0.10007,0.06139
27168,103777,LIU,Sharks,0.35321,0.66123,0.56419,68.932,113.12199,109.09287,0.45223,0.17731,0.16019,0.09929,0.08126
27043,103958,Mount St. Mary's,Mountaineers,0.27844,0.67006,0.46145,68.746,109.54565,112.25804,0.36713,0.148,0.16427,0.10087,0.06712
33533,104175,Sacred Heart,Pioneers,0.28772,0.69656,0.51389,69.183,101.37717,102.20314,0.27622,0.16323,0.17337,0.11311,0.08682
36046,103896,Merrimack,Warriors,0.23508,0.65593,0.51447,67.402,101.86895,96.33599,0.34179,0.17282,0.20109,0.14505,0.09446
36046,104412,Wagner,Seahawks,0.29976,0.7307,0.55541,61.907,101.78385,100.81586,0.25928,0.13267,0.15394,0.09442,0.07177
38409,103596,FDU,Knights,0.27226,0.68291,0.52886,67.709,107.17449,106.4691,0.33094,0.14792,0.15715,0.10108,0.07069
41097,104297,Stonehill,Skyhawks,0.28242,0.73782,0.5229,65.765,99.44988,102.71797,0.28534,0.1677,0.12178,0.07275,0.09871
38409,103777,LIU,Sharks,0.33597,0.72878,0.46691,64.034,103.80246,100.13338,0.2712,0.16745,0.1791,0.12529,0.11459
33533,103896,Merrimack,Warriors,0.20762,0.65206,0.58607,65.98,94.85953,94.45834,0.34327,0.19256,0.22282,0.16903,0.11201
27249,103777,LIU,Sharks,0.34138,0.65668,0.54348,73.515,110.37552,105.2733,0.49742,0.18759,0.156,0.08181,0.06742
41097,103895,Mercyhurst,Lakers,0.26713,0.70973,0.55457,63.831,107.07562,104.03318,0.24899,0.12761,0.16883,0.11125,0.10904
38409,104179,Saint Francis,The Red Flash,0.26056,0.71429,0.53659,65.851,105.91751,106.70695,0.23258,0.16977,0.14162,0.09301,0.07309
27168,104142,Robert Morris,Colonials,0.30997,0.67463,0.59515,65.095,108.46384,100.59146,0.37029,0.16769,0.2155,0.13667,0.08099
41097,103777,LIU,Sharks,0.33901,0.6702,0.50157,67.102,109.33536,106.49272,0.34047,0.16395,0.16168,0.11522,0.13834
27043,104142,Robert Morris,Colonials,0.30868,0.6836,0.5,65.625,109.37632,108.95451,0.36645,0.14828,0.16655,0.10728,0.0539
27249,104142,Robert Morris,Colonials,0.40199,0.69211,0.58412,63.651,107.14944,99.36291,0.42673,0.1753,0.21063,0.13067,0.08086
33533,103596,FDU,Knights,0.31889,0.71044,0.52153,68.512,111.80818,107.1609,0.27033,0.1411,0.19341,0.11494,0.05963
27693,104313,Tennessee St.,Tigers,0.25504,0.69174,0.47183,71.236,94.97403,102.76274,0.32638,0.187,0.19557,0.10281,0.08924
27693,104379,UT Martin,Skyhawks,0.29246,0.6671,0.51978,67.524,95.94083,112.79612,0.29361,0.17902,0.18288,0.10505,0.07959
27168,104160,SIUE,Cougars,0.28717,0.68248,0.55479,65.143,95.53002,104.97675,0.32754,0.19027,0.18573,0.08411,0.05789
27693,104160,SIUE,Cougars,0.2704,0.68427,0.54443,68.469,96.00056,106.56119,0.33001,0.20566,0.17152,0.08581,0.13067
27693,103960,Murray St.,Racers,0.28844,0.74785,0.57464,68.138,111.56634,97.69077,0.25427,0.17016,0.17212,0.09873,0.10412
27249,104160,SIUE,Cougars,0.27996,0.65921,0.52716,66.807,98.40328,106.66361,0.36716,0.20114,0.16456,0.08432,0.05787
27693,104314,Tennessee Tech,Golden Eagles,0.26544,0.72331,0.58232,69.133,95.82805,110.65287,0.27027,0.20212,0.16049,0.09342,0.06231
27693,103315,Austin Peay,Governors,0.35933,0.70322,0.48704,67.857,108.53922,102.21182,0.28571,0.17905,0.20733,0.0995,0.05895
27693,103561,Eastern Ill.,Panthers,0.28844,0.70438,0.50919,68.91,99.34139,107.23993,0.25693,0.17493,0.16554,0.10251,0.08765
27693,103744,Jacksonville St.,Gamecocks,0.32435,0.72174,0.52974,66.844,109.57109,101.04586,0.31633,0.16774,0.14451,0.07391,0.09833
27693,104235,Southeast Mo. St.,Redhawks,0.27623,0.76354,0.59365,67.647,99.29727,103.13279,0.40531,0.19349,0.17884,0.09835,0.06737
27168,103744,Jacksonville St.,Gamecocks,0.32408,0.60495,0.56986,62.594,105.01757,102.75548,0.43615,0.17607,0.21008,0.13431,0.11079
27168,104314,Tennessee Tech,Golden Eagles,0.35781,0.66314,0.52308,65.098,99.47921,103.34608,0.37066,0.20855,0.19509,0.09788,0.10788
27249,103561,Eastern Ill.,Panthers,0.32034,0.65172,0.55669,63.112,102.26927,107.01594,0.31222,0.17464,0.17834,0.08885,0.06279
30629,103315,Austin Peay,Governors,0.29701,0.69848,0.58595,64.959,98.26215,105.02258,0.26602,0.18077,0.18812,0.09753,0.06133
27693,103562,Eastern Ky.,Colonels,0.26812,0.70349,0.52928,74.756,107.55835,96.90227,0.2554,0.14665,0.21935,0.13577,0.09229
27043,103561,Eastern Ill.,Panthers,0.31563,0.68262,0.51067,65.197,103.7875,112.78583,0.41302,0.17443,0.15908,0.08755,0.13496
30629,104379,UT Martin,Skyhawks,0.30876,0.69429,0.46325,69.159,99.62594,106.32551,0.26293,0.16296,0.15945,0.0954,0.12163
27043,104313,Tennessee St.,Tigers,0.32638,0.67515,0.44413,65.492,104.46255,114.80237,0.43352,0.15908,0.14545,0.08272,0.07917
27693,103335,Belmont,Bruins,0.26113,0.72401,0.61186,70.719,114.48452,97.35174,0.28157,0.14938,0.17992,0.10912,0.07546
41097,104243,Southern Ind.,Screaming Eagles,0.32166,0.66728,0.44286,67.493,100.94766,108.24568,0.36534,0.1458,0.14179,0.09359,0.09769
27043,103315,Austin Peay,Governors,0.30223,0.65822,0.55709,70.656,106.56186,110.33602,0.49265,0.19172,0.17059,0.09636,0.13379
38409,104243,Southern Ind.,Screaming Eagles,0.28952,0.69154,0.44778,67.239,104.97473,107.91246,0.30262,0.14745,0.14693,0.09836,0.07617
27168,104379,UT Martin,Skyhawks,0.33069,0.67512,0.54252,68.192,96.54508,110.3441,0.3693,0.18325,0.17452,0.09854,0.07005
27043,104379,UT Martin,Skyhawks,0.29686,0.67811,0.53788,69.878,106.36107,116.60941,0.37005,0.14238,0.17644,0.10798,0.07075
27043,103744,Jacksonville St.,Gamecocks,0.31373,0.66378,0.53431,62.547,103.87088,112.22593,0.4256,0.15329,0.16668,0.10082,0.0976
30629,103561,Eastern Ill.,Panthers,0.21884,0.66667,0.58909,65.402,86.11699,108.756,0.31525,0.2182,0.16251,0.09735,0.09154
41097,104314,Tennessee Tech,Golden Eagles,0.32099,0.70063,0.47843,68.02,107.74848,109.45576,0.35939,0.16672,0.13834,0.08714,0.07712
27043,104160,SIUE,Cougars,0.29017,0.67172,0.5397,68.128,110.39881,113.74708,0.37609,0.1767,0.1766,0.09994,0.07966
27249,104235,Southeast Mo. St.,Redhawks,0.3391,0.69528,0.5641,64.823,108.64231,107.55192,0.34339,0.16949,0.14424,0.07808,0.08882
33533,103561,Eastern Ill.,Panthers,0.2583,0.68705,0.56336,69.591,98.52169,103.18462,0.32944,0.16896,0.18151,0.12076,0.10135
36046,103819,Lindenwood,Lions,0.24505,0.71673,0.35776,66.656,97.31716,109.22273,0.37833,0.15631,0.16436,0.09276,0.07375
36046,104235,Southeast Mo. St.,Redhawks,0.24822,0.71939,0.50131,68.687,97.19918,106.55425,0.27706,0.15178,0.16008,0.08318,0.06441
41097,104452,Western Ill.,Leathernecks,0.28893,0.66434,0.37179,65.565,98.54435,116.67534,0.36682,0.15284,0.1337,0.07891,0.05223
33533,103822,Little Rock,Trojans,0.29711,0.70459,0.54438,71.652,104.37107,109.90894,0.33141,0.16058,0.17171,0.09338,0.06316
27693,103947,Morehead St.,Eagles,0.31932,0.75315,0.51963,65.97,103.41677,96.33476,0.35373,0.2,0.15821,0.06587,0.14554
36046,104314,Tennessee Tech,Golden Eagles,0.18799,0.72676,0.5,66.359,100.73711,110.38164,0.30851,0.16109,0.13584,0.07553,0.07647
38409,104452,Western Ill.,Leathernecks,0.30219,0.69716,0.40956,64.192,106.18081,110.21867,0.27459,0.15909,0.12496,0.08378,0.09847
38409,103561,Eastern Ill.,Panthers,0.30942,0.69369,0.4717,66.636,99.02101,102.76671,0.33759,0.1576,0.19122,0.13339,0.09052
27249,104379,UT Martin,Skyhawks,0.3382,0.64669,0.57489,65.226,94.94476,113.70894,0.34865,0.19618,0.16998,0.09163,0.05959
27168,103960,Murray St.,Racers,0.33712,0.68416,0.5116,65.898,108.7303,99.7698,0.38986,0.17721,0.17858,0.10125,0.08634
27168,103315,Austin Peay,Governors,0.30029,0.65658,0.5811,68.547,102.3164,109.3743,0.36931,0.20124,0.15665,0.08912,0.12577
33533,104313,Tennessee St.,Tigers,0.2845,0.7321,0.49194,71.406,109.36527,105.07644,0.35866,0.15246,0.16732,0.08205,0.08974
36046,103561,Eastern Ill.,Panthers,0.28963,0.73704,0.50243,66.973,102.83964,101.3465,0.26704,0.13181,0.18597,0.12024,0.08764
41097,103822,Little Rock,Trojans,0.32181,0.64057,0.53081,67.211,104.94026,110.28723,0.28262,0.16119,0.16207,0.11739,0.12644
27168,103561,Eastern Ill.,Panthers,0.30413,0.70075,0.60781,59.802,100.61701,106.96738,0.34197,0.18495,0.19065,0.10777,0.07338
30629,104313,Tennessee St.,Tigers,0.30347,0.71872,0.47636,68.375,103.89093,102.25198,0.31821,0.17383,0.17941,0.09838,0.09657
36046,104243,Southern Ind.,Screaming Eagles,0.27643,0.71993,0.49118,68.116,100.30927,106.70712,0.37493,0.16701,0.15187,0.09321,0.08363
30629,104235,Southeast Mo. St.,Redhawks,0.25827,0.70852,0.53912,70.844,106.2447,108.66135,0.36558,0.16236,0.16453,0.09046,0.07344
38409,103947,Morehead St.,Eagles,0.31919,0.76128,0.49663,64.395,102.28718,106.29939,0.36987,0.15416,0.13613,0.08636,0.06991
27249,103315,Austin Peay,Governors,0.34367,0.63915,0.4899,67.261,102.15931,107.1382,0.41269,0.18129,0.18681,0.10643,0.09334
27249,103960,Murray St.,Racers,0.34303,0.66026,0.51088,64.924,111.56675,93.22701,0.44671,0.18113,0.21286,0.12693,0.11039
30629,104314,Tennessee Tech,Golden Eagles,0.31548,0.70224,0.57079,69.4,104.01477,105.31048,0.23473,0.16132,0.161,0.10365,0.09975
36046,104379,UT Martin,Skyhawks,0.27106,0.74179,0.45705,72.99,110.83599,104.29374,0.32616,0.13533,0.12456,0.08433,0.06931
38409,104314,Tennessee Tech,Golden Eagles,0.24192,0.68447,0.6,67.723,105.67423,108.55875,0.28975,0.1497,0.12782,0.0931,0.06523
41097,104160,SIUE,Cougars,0.31532,0.69628,0.5109,65.209,107.98866,98.43088,0.30695,0.15104,0.15837,0.11605,0.1126
30629,104160,SIUE,Cougars,0.32079,0.70215,0.5285,68.329,97.68701,101.16776,0.3364,0.18536,0.17327,0.10257,0.11041
27043,104235,Southeast Mo. St.,Redhawks,0.32967,0.71515,0.55463,70.366,116.05218,109.93036,0.38617,0.15693,0.1479,0.10029,0.11075
27249,103562,Eastern Ky.,Colonels,0.27896,0.66667,0.50806,61.563,106.10708,105.8072,0.32128,0.15021,0.18336,0.1189,0.05418
33533,103819,Lindenwood,Lions,0.25043,0.70277,0.46766,67.984,100.36223,106.49397,0.27763,0.16787,0.15964,0.09155,0.09383
27043,104314,Tennessee Tech,Golden Eagles,0.36364,0.68569,0.49635,67.918,106.01097,106.01097,0.44616,0.1869,0.18141,0.10961,0.12868
27249,103947,Morehead St.,Eagles,0.36355,0.68757,0.56205,60.905,102.99267,100.40542,0.37508,0.20701,0.2263,0.13958,0.04844
33533,104160,SIUE,Cougars,0.31366,0.70423,0.48801,69.326,107.66066,102.85243,0.4001,0.15735,0.16915,0.09938,0.11399
36046,104160,SIUE,Cougars,0.31146,0.71365,0.44952,66.271,107.91242,105.80904,0.32112,0.13566,0.16124,0.10357,0.12028
41097,103819,Lindenwood,Lions,0.33897,0.68873,0.51616,72.392,107.41204,100.37961,0.37079,0.15777,0.16694,0.12274,0.10996
27168,104235,Southeast Mo. St.,Redhawks,0.27879,0.68036,0.59318,68.022,108.55599,104.73923,0.32729,0.16465,0.1282,0.07614,0.11625
27168,103335,Belmont,Bruins,0.29941,0.65927,0.56954,66.906,114.29145,96.06258,0.32755,0.17257,0.21946,0.14587,0.08015
36046,104313,Tennessee St.,Tigers,0.28989,0.68713,0.47596,68.327,106.03844,103.52003,0.36523,0.16646,0.16695,0.09733,0.09347
41097,104379,UT Martin,Skyhawks,0.38552,0.69781,0.56853,65.756,105.73169,95.72322,0.36412,0.17938,0.17695,0.13376,0.13
41097,104235,Southeast Mo. St.,Redhawks,0.29656,0.72298,0.47405,68.547,108.34003,102.65878,0.38278,0.14693,0.16755,0.09882,0.09951
41097,104313,Tennessee St.,Tigers,0.35284,0.7092,0.45702,70.711,113.17944,104.81159,0.33654,0.14531,0.17783,0.13142,0.10443
27168,104313,Tennessee St.,Tigers,0.35721,0.67373,0.5425,67.446,105.23671,102.91794,0.4067,0.19126,0.17549,0.10581,0.11789
27249,103744,Jacksonville St.,Gamecocks,0.33506,0.67596,0.53342,64.015,100.68132,98.94301,0.42135,0.17507,0.20029,0.11466,0.10504
27249,104314,Tennessee Tech,Golden Eagles,0.33929,0.68435,0.54678,67.376,105.56819,105.21109,0.42777,0.19159,0.19253,0.10041,0.06388
30629,103335,Belmont,Bruins,0.24784,0.72246,0.62173,68.971,112.63289,98.72275,0.26582,0.15121,0.1866,0.13033,0.11007
36046,104452,Western Ill.,Leathernecks,0.38345,0.72561,0.50969,65.909,103.67432,98.88304,0.35692,0.16293,0.13042,0.079,0.1329
38409,103822,Little Rock,Trojans,0.30563,0.64869,0.53025,66.58,103.30662,100.23497,0.28933,0.17662,0.18583,0.13545,0.16428
38409,104235,Southeast Mo. St.,Redhawks,0.25158,0.73029,0.49723,67.97,108.05249,97.87556,0.27913,0.13705,0.17384,0.1189,0.09636
41097,103947,Morehead St.,Eagles,0.36355,0.65772,0.5017,65.934,113.30477,112.48372,0.37271,0.14839,0.13739,0.09822,0.08361
33533,104379,UT Martin,Skyhawks,0.28571,0.72401,0.47619,72.145,110.38987,103.3711,0.34548,0.1425,0.1521,0.10291,0.09208
33533,104243,Southern Ind.,Screaming Eagles,0.32633,0.73684,0.48387,69.211,108.22825,105.93381,0.33117,0.16116,0.15818,0.10255,0.06743
41097,103561,Eastern Ill.,Panthers,0.29412,0.66637,0.51075,65.17,101.79118,106.71063,0.33243,0.16235,0.17098,0.11763,0.09395
27168,103947,Morehead St.,Eagles,0.4,0.70762,0.58076,69.508,102.89808,103.41343,0.38211,0.20232,0.2142,0.12706,0.08897
38409,103819,Lindenwood,Lions,0.30351,0.69393,0.44205,69.129,101.39019,101.64928,0.35754,0.15314,0.17836,0.11928,0.10947
27249,104313,Tennessee St.,Tigers,0.34355,0.69878,0.53618,65.322,102.43723,100.11532,0.40835,0.19137,0.20503,0.1126,0.10162
38409,104379,UT Martin,Skyhawks,0.35924,0.70903,0.53469,66.756,108.96549,105.32591,0.34151,0.1586,0.16669,0.11869,0.09529
38409,104313,Tennessee St.,Tigers,0.36333,0.70543,0.48405,70.331,108.56547,101.86702,0.40377,0.1795,0.1549,0.09999,0.0986
33533,104314,Tennessee Tech,Golden Eagles,0.26029,0.70456,0.55349,68.097,105.42848,104.95162,0.28978,0.15795,0.16237,0.08958,0.06488
27043,103562,Eastern Ky.,Colonels,0.23638,0.66356,0.56527,66.059,118.75192,106.95214,0.44088,0.14245,0.22143,0.13257,0.06357
30629,103960,Murray St.,Racers,0.35865,0.74876,0.51227,67.12,117.44299,93.86708,0.3249,0.14203,0.18082,0.11654,0.0949
30629,103947,Morehead St.,Eagles,0.31467,0.71878,0.62903,65.36,106.66219,96.75368,0.28361,0.1765,0.15708,0.08921,0.14693
33533,103947,Morehead St.,Eagles,0.28285,0.764,0.56744,65.649,105.96962,101.14876,0.34621,0.15622,0.14971,0.08579,0.09817
27043,103960,Murray St.,Racers,0.34343,0.67583,0.49501,67.29,114.85382,106.13239,0.46523,0.15518,0.14708,0.08809,0.10292
36046,103822,Little Rock,Trojans,0.31893,0.69888,0.52456,68.431,112.12663,105.12938,0.32806,0.15257,0.15455,0.08656,0.12903
38409,104160,SIUE,Cougars,0.31858,0.71406,0.5286,66.493,106.96441,99.23627,0.32266,0.14337,0.16032,0.09961,0.11493
27043,103947,Morehead St.,Eagles,0.39835,0.72735,0.52962,69.346,108.4091,103.41137,0.51479,0.18317,0.1897,0.11279,0.08688
36046,103947,Morehead St.,Eagles,0.35299,0.7469,0.5572,64.889,116.02215,97.74921,0.29292,0.15328,0.13948,0.09042,0.11931
27168,103562,Eastern Ky.,Colonels,0.28466,0.62715,0.58784,64.304,114.08545,101.60046,0.33894,0.15918,0.22908,0.13671,0.06655
27043,103335,Belmont,Bruins,0.28741,0.6711,0.58087,68.228,117.09081,108.3375,0.40243,0.16623,0.17982,0.10068,0.06875
33533,104235,Southeast Mo. St.,Redhawks,0.26509,0.72734,0.51879,72.048,105.69353,103.60922,0.37791,0.15563,0.17523,0.09529,0.08576
27693,103530,Delaware,Blue Hens,0.27459,0.73881,0.54179,66.387,101.7263,101.62588,0.37453,0.18953,0.15039,0.06936,0.09609
27693,104373,UNCW,Seahawks,0.27045,0.69675,0.46606,69.054,109.67751,105.95676,0.36795,0.13923,0.17543,0.08729,0.08633
27693,104476,William & Mary,Tribe,0.28571,0.68243,0.47165,65.922,97.5271,108.4225,0.31962,0.17665,0.14678,0.0798,0.08346
27693,104335,Towson,Tigers,0.34143,0.6962,0.39171,65.443,101.64652,112.94988,0.33365,0.15622,0.13931,0.07527,0.07924
27693,103577,Elon,Phoenix,0.25,0.7801,0.4588,65.438,100.45724,99.33122,0.24539,0.15362,0.16823,0.08653,0.06724
27693,104006,Northeastern,Huskies,0.2032,0.737,0.51204,67.15,99.43613,101.07134,0.25958,0.18096,0.15234,0.09248,0.05789
27693,103478,Col. of Charleston,Cougars,0.25198,0.73768,0.41788,63.294,108.65003,107.67777,0.29174,0.14012,0.15533,0.08066,0.08426
27693,103745,James Madison,Dukes,0.29372,0.71313,0.50829,71.238,109.6319,98.89331,0.38718,0.1474,0.19497,0.10446,0.0656
27693,103546,Drexel,Dragons,0.28711,0.75909,0.57977,64.699,108.73448,104.17489,0.27273,0.17149,0.14338,0.07038,0.06375
27693,103697,Hofstra,Pride,0.29319,0.71075,0.49244,67.673,107.54351,107.28791,0.3301,0.15364,0.15244,0.09706,0.07944
30629,103546,Drexel,Dragons,0.25562,0.74226,0.45477,66.775,108.13156,104.34286,0.2532,0.142,0.14315,0.07075,0.07474
30629,103745,James Madison,Dukes,0.27,0.69163,0.48259,69.215,107.12272,104.4176,0.29303,0.15511,0.18813,0.12136,0.06524
27168,104373,UNCW,Seahawks,0.31653,0.67158,0.49779,65.522,96.60849,107.39364,0.36447,0.18481,0.1559,0.09387,0.10797
27168,104049,Old Dominion,Monarchs,0.3881,0.66933,0.53182,64.941,99.52283,108.77483,0.34627,0.17152,0.17693,0.1098,0.13519
41097,103962,N.C. A&T,Aggies,0.3194,0.71872,0.46494,68.27,109.49889,113.5346,0.45096,0.16117,0.12541,0.07756,0.10522
33533,104006,Northeastern,Huskies,0.31735,0.73099,0.52949,65.715,98.54715,108.15538,0.27758,0.18429,0.12813,0.07497,0.09968
27168,104476,William & Mary,Tribe,0.28603,0.68236,0.5961,62.38,107.60093,106.76681,0.37174,0.1795,0.13902,0.07974,0.07818
27249,104373,UNCW,Seahawks,0.33452,0.67048,0.51176,65.801,98.68522,107.31344,0.33333,0.17663,0.14229,0.08465,0.10133
27043,103546,Drexel,Dragons,0.28873,0.70195,0.49164,62.217,106.58445,104.3123,0.39192,0.11301,0.14867,0.0703,0.10484
27043,103745,James Madison,Dukes,0.29595,0.68156,0.4204,63.509,99.20556,107.75515,0.47408,0.16543,0.15795,0.09153,0.09533
41097,104006,Northeastern,Huskies,0.27281,0.69836,0.55673,68.387,109.08874,117.92108,0.29364,0.14485,0.14975,0.10187,0.08134
27249,104006,Northeastern,Huskies,0.34062,0.655,0.54586,63.254,98.19403,102.69649,0.37872,0.20807,0.19036,0.12422,0.10673
30629,104006,Northeastern,Huskies,0.26344,0.76259,0.49788,63.975,99.68867,107.14156,0.30603,0.19027,0.14158,0.07298,0.07727
27168,103646,Georgia St.,Panthers,0.2955,0.67825,0.48985,62.903,107.11406,105.13797,0.34777,0.1556,0.18281,0.1219,0.13052
36046,104373,UNCW,Seahawks,0.30415,0.69631,0.43917,65.301,119.64144,107.05016,0.33565,0.11022,0.16016,0.09835,0.06714
27168,103546,Drexel,Dragons,0.33269,0.74031,0.53382,60.104,102.74681,102.90464,0.33495,0.16192,0.16786,0.08276,0.05534
27168,104335,Towson,Tigers,0.39413,0.68542,0.41777,64.22,104.21892,101.32532,0.40012,0.18554,0.14035,0.07824,0.13553
27249,103697,Hofstra,Pride,0.33479,0.6829,0.55571,65.698,99.46014,102.31409,0.43129,0.17661,0.20273,0.11658,0.0752
27249,104335,Towson,Tigers,0.38475,0.65253,0.45,62.384,82.50359,111.75806,0.40923,0.23715,0.1436,0.08918,0.12363
30629,103577,Elon,Phoenix,0.25795,0.71547,0.5235,65.915,101.78753,109.56264,0.25778,0.17223,0.14463,0.07376,0.07209
33533,103577,Elon,Phoenix,0.25686,0.70185,0.5105,65.799,99.45043,108.80656,0.2775,0.16426,0.14921,0.09293,0.06725
36046,103577,Elon,Phoenix,0.30173,0.67597,0.50728,66.658,109.65567,113.12489,0.31818,0.15247,0.14096,0.09417,0.07443
36046,104006,Northeastern,Huskies,0.31805,0.72299,0.53704,64.502,107.6029,112.15701,0.29831,0.16503,0.1505,0.09672,0.09763
36046,103962,N.C. A&T,Aggies,0.24291,0.65995,0.44904,66.719,98.2671,116.81513,0.3401,0.12229,0.13722,0.0841,0.08581
38409,103962,N.C. A&T,Aggies,0.27346,0.6933,0.45259,68.194,101.41172,111.76828,0.31285,0.13367,0.13446,0.09035,0.08033
38409,104006,Northeastern,Huskies,0.31418,0.68584,0.49701,65.867,106.41639,105.75218,0.2803,0.16122,0.15845,0.11514,0.12625
38409,104298,Stony Brook,Seawolves,0.29778,0.69415,0.4885,63.733,104.34117,116.30511,0.3111,0.15639,0.13199,0.0803,0.06256
38409,104476,William & Mary,Tribe,0.2692,0.70526,0.62827,69.912,111.16729,109.28992,0.34769,0.15966,0.15895,0.10341,0.05244
41097,104476,William & Mary,Tribe,0.26868,0.69129,0.64022,72.277,115.00963,107.52968,0.43723,0.14862,0.1665,0.11005,0.1171
27043,104476,William & Mary,Tribe,0.24777,0.69728,0.56015,63.597,114.53452,111.64669,0.39797,0.14388,0.13835,0.08655,0.08518
27249,104476,William & Mary,Tribe,0.25072,0.68809,0.51813,62.212,96.61961,111.08003,0.33517,0.17997,0.13323,0.07717,0.05697
33533,103674,Hampton,Pirates,0.26779,0.7,0.46377,68.408,99.33574,112.89601,0.32885,0.13786,0.14051,0.06303,0.08502
38409,103411,Campbell,Fighting Camels,0.24581,0.721,0.54293,65.334,107.01027,103.34162,0.30322,0.14078,0.17409,0.10446,0.08829
27168,103697,Hofstra,Pride,0.34171,0.65854,0.47416,63.799,91.03241,103.62045,0.38627,0.18713,0.17331,0.09877,0.09426
27249,103745,James Madison,Dukes,0.29102,0.63495,0.57219,64.93,101.00354,106.73423,0.31398,0.17015,0.17281,0.10159,0.06837
30629,103697,Hofstra,Pride,0.23651,0.73168,0.53341,69.28,111.62357,104.41771,0.20858,0.13106,0.18404,0.11386,0.07974
30629,103478,Col. of Charleston,Cougars,0.35889,0.74978,0.47151,72.864,106.47447,104.09135,0.30358,0.17814,0.17241,0.10844,0.07207
33533,103962,N.C. A&T,Aggies,0.25,0.70017,0.46526,69.351,101.22711,105.60885,0.29726,0.14989,0.15069,0.1077,0.07961
41097,103478,Col. of Charleston,Cougars,0.30169,0.67755,0.52242,67.128,111.46167,108.45918,0.40907,0.13491,0.12803,0.08316,0.12533
41097,103674,Hampton,Pirates,0.33586,0.70363,0.5026,65.197,106.39241,107.67653,0.37325,0.14226,0.15257,0.09921,0.09036
27043,104006,Northeastern,Huskies,0.32699,0.70326,0.50545,63.798,102.10752,106.46488,0.44444,0.17193,0.15013,0.08425,0.08958
30629,104476,William & Mary,Tribe,0.27351,0.72956,0.50691,68.594,92.04242,107.17268,0.29961,0.20312,0.16058,0.09494,0.0849
36046,103411,Campbell,Fighting Camels,0.24381,0.69466,0.5273,65.739,106.75124,108.39574,0.33908,0.16075,0.15085,0.09434,0.06981
36046,103546,Drexel,Dragons,0.33915,0.75945,0.47154,64.378,112.55904,102.19555,0.29958,0.13948,0.12128,0.07731,0.10479
41097,104298,Stony Brook,Seawolves,0.28326,0.68091,0.52802,65.699,107.89883,107.05256,0.28171,0.14478,0.15332,0.10194,0.10682
27043,103478,Col. of Charleston,Cougars,0.35152,0.72399,0.45698,61.105,101.51432,101.01078,0.34497,0.17121,0.13338,0.075,0.10793
27043,104373,UNCW,Seahawks,0.31993,0.66902,0.46694,63.736,97.42033,107.2203,0.32917,0.1483,0.14755,0.09231,0.11159
41097,103577,Elon,Phoenix,0.33333,0.67232,0.54472,66.66,115.39674,115.02747,0.33661,0.13482,0.14441,0.10178,0.0892
27249,103530,Delaware,Blue Hens,0.28875,0.66383,0.40483,65.885,102.62846,101.79106,0.43429,0.16504,0.1315,0.06999,0.11299
33533,103546,Drexel,Dragons,0.30247,0.73148,0.48383,62.837,104.14294,97.41146,0.29376,0.15549,0.16229,0.08769,0.08028
33533,103937,Monmouth,Hawks,0.30265,0.67069,0.52949,67.161,91.8642,111.26578,0.33136,0.18289,0.18329,0.12556,0.08513
36046,103674,Hampton,Pirates,0.30146,0.6959,0.49355,69.27,103.63416,110.2398,0.29388,0.15324,0.13348,0.08439,0.09887
36046,103937,Monmouth,Hawks,0.30629,0.67657,0.50233,66.636,108.68664,108.95949,0.29279,0.13267,0.15384,0.10757,0.10459
41097,103546,Drexel,Dragons,0.31738,0.6949,0.5441,64.433,105.67695,104.45416,0.31158,0.16526,0.14394,0.09474,0.09927
27043,103697,Hofstra,Pride,0.35508,0.69101,0.47333,64.191,106.28623,113.52874,0.45078,0.1593,0.13284,0.07463,0.0893
33533,104298,Stony Brook,Seawolves,0.22993,0.73226,0.53581,63.887,98.42835,107.68997,0.28702,0.17275,0.12351,0.06807,0.07622
33533,104476,William & Mary,Tribe,0.29178,0.71163,0.50695,64.231,104.29341,109.04043,0.30563,0.16094,0.15183,0.09348,0.05673
36046,104476,William & Mary,Tribe,0.28135,0.71867,0.51715,65.35,106.48012,109.94477,0.32461,0.14056,0.1295,0.07247,0.04686
36046,103530,Delaware,Blue Hens,0.27586,0.72112,0.50954,66.398,109.84608,104.52654,0.30047,0.14091,0.13043,0.08097,0.07886
36046,103697,Hofstra,Pride,0.23628,0.70684,0.56084,65.402,113.04176,104.27168,0.21533,0.14077,0.15595,0.09435,0.10426
38409,103674,Hampton,Pirates,0.35251,0.72823,0.45678,65.626,109.98857,106.21648,0.3005,0.13527,0.17225,0.114,0.09132
38409,103577,Elon,Phoenix,0.37635,0.69374,0.49208,64.776,113.3885,107.88918,0.38234,0.15993,0.11488,0.0789,0.11709
33533,103530,Delaware,Blue Hens,0.25265,0.70414,0.47672,66.115,104.53446,106.12658,0.33136,0.14936,0.16512,0.10367,0.10607
33533,104335,Towson,Tigers,0.35702,0.73333,0.53605,64.337,110.28021,102.54942,0.29761,0.15673,0.15691,0.09555,0.10199
38409,103937,Monmouth,Hawks,0.2975,0.65221,0.49617,65.748,105.77194,113.33684,0.3674,0.14106,0.14186,0.08888,0.12738
38409,104335,Towson,Tigers,0.35347,0.72089,0.41986,62.77,110.21821,105.06291,0.2832,0.12143,0.15645,0.10127,0.09901
27168,103530,Delaware,Blue Hens,0.33073,0.67956,0.41108,65.276,104.08204,104.03631,0.41953,0.16143,0.13586,0.08132,0.11119
27249,103641,George Mason,Patriots,0.33948,0.67096,0.5157,66.471,104.32167,96.19329,0.4094,0.19249,0.17883,0.10097,0.12916
38409,103697,Hofstra,Pride,0.25664,0.72436,0.56297,63.652,103.26615,100.40546,0.25631,0.15193,0.14514,0.09181,0.11861
38409,103478,Col. of Charleston,Cougars,0.26649,0.72295,0.58857,68.852,110.51135,105.65561,0.34811,0.14283,0.14383,0.0928,0.06184
38409,103546,Drexel,Dragons,0.33487,0.70364,0.49425,62.942,109.71379,104.28008,0.2471,0.16039,0.12543,0.07617,0.11971
27168,104006,Northeastern,Huskies,0.31388,0.64272,0.58984,62.617,107.55505,106.656,0.38777,0.17388,0.1917,0.12206,0.06905
41097,103411,Campbell,Fighting Camels,0.35387,0.69386,0.46608,69.298,114.21182,112.00483,0.42438,0.14972,0.15219,0.09677,0.04403
41097,104373,UNCW,Seahawks,0.35987,0.72881,0.51412,65.582,116.33471,103.73253,0.40559,0.12499,0.13403,0.08132,0.07319
30629,104335,Towson,Tigers,0.35727,0.7348,0.52644,64.57,112.45946,99.16219,0.33865,0.15323,0.17269,0.11192,0.08534
41097,104335,Towson,Tigers,0.36566,0.71829,0.40326,63.383,108.83289,103.93218,0.29882,0.13267,0.13412,0.09435,0.10044
33533,104373,UNCW,Seahawks,0.29006,0.71964,0.44895,64.196,106.17534,99.10605,0.38046,0.16021,0.18607,0.10403,0.08415
36046,104335,Towson,Tigers,0.39919,0.7312,0.46577,62.147,107.47583,101.2969,0.34747,0.15628,0.1523,0.09843,0.12273
41097,103937,Monmouth,Hawks,0.3161,0.67866,0.53829,66.204,108.57973,105.85535,0.32681,0.14487,0.17204,0.11568,0.12199
27249,103646,Georgia St.,Panthers,0.325,0.6849,0.50713,64.016,104.04983,90.6927,0.34349,0.15088,0.19747,0.14321,0.1583
27043,103530,Delaware,Blue Hens,0.29145,0.67202,0.40278,69.565,113.85409,108.37011,0.4388,0.11723,0.14482,0.08523,0.08512
36046,103478,Col. of Charleston,Cougars,0.33603,0.74089,0.5328,69.068,116.73451,106.14101,0.2748,0.11994,0.14483,0.09001,0.08133
30629,103530,Delaware,Blue Hens,0.27248,0.69199,0.48405,66.348,109.80155,105.0127,0.33866,0.16485,0.16152,0.09977,0.0981
33533,103478,Col. of Charleston,Cougars,0.35171,0.74642,0.49844,69.41,114.60281,96.16991,0.32834,0.14227,0.17248,0.10563,0.07709
41097,103697,Hofstra,Pride,0.35308,0.7012,0.48796,64.261,116.59052,103.12588,0.31051,0.1363,0.13126,0.07726,0.10587
33533,103697,Hofstra,Pride,0.23835,0.68835,0.5035,66.467,111.38589,98.83956,0.20393,0.14205,0.15856,0.09281,0.10996
38409,104373,UNCW,Seahawks,0.36485,0.72427,0.55407,66.125,118.46065,105.12261,0.3701,0.13806,0.14865,0.09539,0.10292
36046,104298,Stony Brook,Seawolves,0.26859,0.71084,0.46037,66.193,108.72984,106.955,0.29224,0.13149,0.13342,0.08917,0.09062
27249,103546,Drexel,Dragons,0.34434,0.73432,0.57678,59.766,109.22273,93.88507,0.39044,0.16413,0.16137,0.0803,0.09493
38409,103530,Delaware,Blue Hens,0.22978,0.6821,0.51619,69.003,111.91067,112.83655,0.29986,0.15315,0.13533,0.09273,0.07428
27043,104335,Towson,Tigers,0.36113,0.68567,0.40946,64.249,113.44237,106.72113,0.52199,0.15016,0.11094,0.06333,0.12266
27168,103745,James Madison,Dukes,0.29555,0.68925,0.51711,62.972,102.77114,101.895,0.36785,0.15097,0.18304,0.11862,0.13507
27249,104393,VCU,Rams,0.33409,0.66091,0.51732,64.08,105.38567,92.72905,0.36275,0.14802,0.23586,0.1636,0.10526
27249,104049,Old Dominion,Monarchs,0.39774,0.70159,0.54028,64.226,100.32618,94.64894,0.36792,0.16987,0.19758,0.13367,0.13831
30629,104373,UNCW,Seahawks,0.28364,0.67915,0.42367,65.243,108.27154,103.55864,0.33568,0.12867,0.17317,0.11462,0.1067
27168,103641,George Mason,Patriots,0.35,0.66337,0.51302,64.582,104.38463,101.0356,0.35258,0.17451,0.18828,0.1131,0.08072
27693,103930,Missouri St.,Bears,0.25166,0.77444,0.5102,67.372,108.97224,98.58215,0.31156,0.16762,0.13402,0.06922,0.07541
27693,103732,Indiana St.,Sycamores,0.25091,0.72986,0.46034,65.524,101.45889,100.42111,0.35949,0.1631,0.19564,0.09956,0.08743
27693,104374,UNI,Panthers,0.26428,0.7852,0.5085,67.718,101.64424,104.04206,0.25873,0.16732,0.15946,0.09411,0.07729
27693,103722,Illinois St.,Redbirds,0.24218,0.73282,0.5081,69.44,102.09775,106.12718,0.25186,0.17374,0.14801,0.08522,0.09282
27693,103591,Evansville,Purple Aces,0.19029,0.75837,0.50963,61.408,103.90005,111.66528,0.25404,0.15947,0.16718,0.07822,0.06299
27693,104242,Southern Ill.,Salukis,0.16972,0.75178,0.57329,64.771,100.22137,104.10318,0.29369,0.1682,0.17035,0.09393,0.05588
27693,103369,Bradley,Braves,0.29278,0.74453,0.51902,65.41,105.42093,100.87505,0.24022,0.16056,0.15946,0.07833,0.11274
27693,104398,Valparaiso,Beacons,0.21274,0.72829,0.53939,66.75,96.56945,100.86496,0.27221,0.16392,0.16842,0.09702,0.09399
30629,103591,Evansville,Purple Aces,0.143,0.78363,0.50238,63.011,91.98216,109.96402,0.24288,0.16067,0.16317,0.09197,0.05837
30629,104242,Southern Ill.,Salukis,0.22949,0.77054,0.52174,61.763,103.67405,99.33907,0.29,0.16325,0.16882,0.08903,0.06013
27043,103544,Drake,Bulldogs,0.27169,0.73281,0.54861,63.243,107.49637,107.44556,0.38442,0.16582,0.15154,0.08621,0.06393
27168,104242,Southern Ill.,Salukis,0.31769,0.68243,0.43793,62.246,101.37183,104.21066,0.33982,0.16623,0.21441,0.12892,0.07076
30629,103369,Bradley,Braves,0.32437,0.76757,0.52441,66.75,105.16897,97.27528,0.27873,0.172,0.16228,0.09466,0.131
27043,104374,UNI,Panthers,0.2628,0.72534,0.57218,64.354,112.17983,106.85925,0.38157,0.14303,0.15291,0.08739,0.08427
27249,104242,Southern Ill.,Salukis,0.32948,0.68737,0.51199,65.005,95.69762,105.54305,0.3571,0.18081,0.20012,0.11366,0.09555
27693,103544,Drake,Bulldogs,0.31907,0.74788,0.46586,65.385,115.20703,97.83299,0.23908,0.13358,0.1684,0.10588,0.08364
27693,103833,Loyola Chicago,Ramblers,0.26772,0.79218,0.60945,62.516,112.71268,88.96214,0.32156,0.16498,0.19672,0.11005,0.07016
38409,104362,UIC,Flames,0.30455,0.72903,0.5728,67.726,110.48244,107.15437,0.33881,0.15155,0.14502,0.09805,0.08179
30629,103732,Indiana St.,Sycamores,0.18969,0.77477,0.5232,68.082,101.43498,103.57143,0.26435,0.17204,0.14566,0.0864,0.05063
27043,103369,Bradley,Braves,0.32276,0.68939,0.42441,62.715,101.45121,105.28802,0.36512,0.16097,0.17687,0.11274,0.08545
27249,103369,Bradley,Braves,0.2633,0.68551,0.49782,66.293,92.15757,106.34654,0.36337,0.18002,0.16684,0.09599,0.08229
33533,103591,Evansville,Purple Aces,0.20724,0.74455,0.44993,68.609,90.95897,110.77226,0.29364,0.15879,0.17049,0.10228,0.05827
36046,104398,Valparaiso,Beacons,0.25995,0.69794,0.48241,68.078,99.28888,110.90242,0.24018,0.14001,0.15732,0.09042,0.09347
36046,103722,Illinois St.,Redbirds,0.28995,0.74342,0.53836,64.096,103.75113,105.55507,0.35959,0.15068,0.14719,0.08678,0.06642
38409,103591,Evansville,Purple Aces,0.22833,0.7134,0.52957,65.772,100.39349,107.52034,0.30415,0.15898,0.14477,0.09129,0.13807
36046,103960,Murray St.,Racers,0.26961,0.7475,0.44945,64.35,107.97068,108.21255,0.29712,0.12743,0.16213,0.09298,0.08739
33533,104362,UIC,Flames,0.2309,0.70073,0.56359,68.021,97.96367,104.48243,0.34058,0.1658,0.17389,0.09374,0.12417
33533,103335,Belmont,Bruins,0.25189,0.70232,0.54343,67.808,111.89902,105.13112,0.24921,0.14744,0.15974,0.10285,0.0808
33533,104374,UNI,Panthers,0.22932,0.775,0.45926,66.641,104.41179,104.13262,0.30984,0.1593,0.17047,0.09516,0.04757
41097,103591,Evansville,Purple Aces,0.23034,0.70533,0.55629,66.119,100.49965,114.75625,0.29705,0.1712,0.1384,0.07896,0.1
41097,103335,Belmont,Bruins,0.292,0.71168,0.61786,68.851,120.87703,105.69985,0.31857,0.15835,0.15276,0.08866,0.11179
27168,103544,Drake,Bulldogs,0.24523,0.71145,0.55871,67.055,105.76251,106.82198,0.37587,0.17898,0.16741,0.0847,0.0613
33533,103930,Missouri St.,Bears,0.33487,0.73385,0.48446,61.848,104.77813,100.93261,0.26971,0.16514,0.16502,0.09931,0.13449
33533,103960,Murray St.,Racers,0.27589,0.72776,0.48571,65.613,106.10879,108.50965,0.33279,0.14303,0.1411,0.08156,0.07444
38409,103732,Indiana St.,Sycamores,0.26727,0.73542,0.57241,71.044,111.4321,110.64951,0.34448,0.17115,0.14355,0.09536,0.05927
41097,104242,Southern Ill.,Salukis,0.31164,0.72982,0.49205,68.628,105.13886,100.18797,0.31501,0.14804,0.16565,0.11561,0.10392
27043,103833,Loyola Chicago,Ramblers,0.27254,0.69043,0.56317,62.168,104.18417,108.83657,0.37663,0.18509,0.15865,0.08731,0.07328
33533,103722,Illinois St.,Redbirds,0.28169,0.73346,0.46811,64.302,101.77933,107.90428,0.31254,0.19428,0.14928,0.08747,0.09519
36046,104242,Southern Ill.,Salukis,0.2629,0.74691,0.57649,64.125,111.56111,104.74749,0.36025,0.14966,0.14614,0.08401,0.08099
27249,103930,Missouri St.,Bears,0.27658,0.72312,0.55871,62.042,104.24363,99.5502,0.29021,0.14426,0.16168,0.07317,0.06122
30629,104374,UNI,Panthers,0.21227,0.78072,0.45808,66.269,110.22101,105.13318,0.3246,0.14802,0.16304,0.08508,0.04767
41097,103732,Indiana St.,Sycamores,0.27365,0.69712,0.64665,67.761,106.48271,107.79452,0.28165,0.17324,0.13295,0.08998,0.07923
33533,104398,Valparaiso,Beacons,0.22943,0.75383,0.53563,67.324,100.05203,106.80985,0.28186,0.1632,0.14229,0.08509,0.07046
27249,103591,Evansville,Purple Aces,0.26905,0.65787,0.63546,66.26,107.92843,106.82666,0.43096,0.16346,0.21736,0.11123,0.04963
38409,103930,Missouri St.,Bears,0.31962,0.71558,0.50258,63.433,104.29844,108.7581,0.34697,0.17933,0.17354,0.11314,0.0809
30629,104398,Valparaiso,Beacons,0.2118,0.76239,0.47847,64.957,105.61837,105.29181,0.26209,0.1485,0.15117,0.09509,0.07997
41097,103960,Murray St.,Racers,0.3265,0.68745,0.49132,70.805,117.35146,113.28568,0.38623,0.14231,0.13727,0.0826,0.08916
27043,104242,Southern Ill.,Salukis,0.34352,0.68891,0.42254,62.639,106.41307,106.41307,0.43157,0.1651,0.17526,0.11413,0.0691
33533,104242,Southern Ill.,Salukis,0.22892,0.73087,0.59688,63.595,102.91491,96.17418,0.29895,0.17574,0.1764,0.1128,0.06034
36046,103335,Belmont,Bruins,0.21664,0.72602,0.54664,70.748,109.66404,106.37839,0.30325,0.15463,0.14705,0.10569,0.08145
38409,103335,Belmont,Bruins,0.2721,0.70998,0.60106,69.248,114.13165,110.25169,0.2607,0.14068,0.15461,0.10007,0.09187
38409,104374,UNI,Panthers,0.25703,0.74932,0.52638,64.576,113.03898,103.92293,0.35156,0.14397,0.15767,0.09162,0.09218
27043,103591,Evansville,Purple Aces,0.26796,0.67736,0.62581,65.571,105.03405,109.29963,0.49641,0.17194,0.15968,0.07578,0.10385
27168,103930,Missouri St.,Bears,0.26386,0.69084,0.47851,60.324,98.01762,106.49321,0.33934,0.14521,0.17222,0.07762,0.04283
27168,103722,Illinois St.,Redbirds,0.29508,0.68598,0.56257,68.168,108.53275,99.92954,0.34378,0.1636,0.18308,0.10602,0.1194
36046,104374,UNI,Panthers,0.23852,0.77596,0.4911,66.435,109.41777,106.20359,0.37696,0.13624,0.15145,0.09334,0.07827
38409,104242,Southern Ill.,Salukis,0.3026,0.72357,0.53371,67.116,107.76959,110.14456,0.33808,0.15907,0.13886,0.09285,0.0852
27043,103930,Missouri St.,Bears,0.27396,0.71024,0.52694,63.478,106.76972,106.25051,0.40793,0.14778,0.16036,0.07556,0.09041
27249,103732,Indiana St.,Sycamores,0.26253,0.72895,0.54986,63.123,100.62982,101.62663,0.38336,0.16708,0.16844,0.09203,0.08602
27168,103732,Indiana St.,Sycamores,0.26902,0.70412,0.53206,64.02,100.66748,100.90062,0.41954,0.17418,0.15942,0.08615,0.08601
27249,104471,Wichita St.,Shockers,0.33333,0.7358,0.5318,65.813,115.43328,93.43519,0.34672,0.15598,0.16625,0.09493,0.10392
30629,103833,Loyola Chicago,Ramblers,0.25293,0.76246,0.57544,64.458,111.28443,93.96425,0.31327,0.16453,0.18295,0.10688,0.07339
36046,103930,Missouri St.,Bears,0.29055,0.75335,0.47052,67.01,104.72858,104.77313,0.31486,0.15296,0.11601,0.06297,0.11779
36046,104362,UIC,Flames,0.23423,0.71771,0.54384,67.3,102.47655,104.33253,0.25947,0.15969,0.15329,0.08973,0.14058
41097,104398,Valparaiso,Beacons,0.32729,0.70123,0.49381,64.912,108.85749,108.03282,0.38274,0.13411,0.14975,0.08994,0.09648
38409,103960,Murray St.,Racers,0.29422,0.73488,0.49683,64.448,109.00582,104.91408,0.41196,0.14865,0.16206,0.10109,0.08143
30629,103722,Illinois St.,Redbirds,0.28926,0.70598,0.4672,67.698,106.70387,107.53238,0.3136,0.17191,0.15309,0.09777,0.1254
27043,103732,Indiana St.,Sycamores,0.27437,0.72751,0.54054,65.098,109.15659,105.18069,0.43505,0.15055,0.1555,0.08947,0.09726
27249,104374,UNI,Panthers,0.24568,0.74746,0.50928,61.884,105.31966,100.0917,0.34532,0.15457,0.17376,0.09632,0.05403
30629,103930,Missouri St.,Bears,0.25733,0.76119,0.43291,66.558,115.28264,102.73666,0.27677,0.14014,0.14014,0.07937,0.0918
41097,103544,Drake,Bulldogs,0.27054,0.70989,0.51986,66.751,111.6246,111.27468,0.33451,0.13222,0.13229,0.08128,0.09235
27043,103722,Illinois St.,Redbirds,0.27524,0.68873,0.53325,66.449,101.69866,101.96134,0.41039,0.1587,0.1759,0.11479,0.13617
38409,104398,Valparaiso,Beacons,0.27419,0.72918,0.4685,67.086,110.09971,108.97226,0.32828,0.12396,0.1521,0.08606,0.1025
27249,103544,Drake,Bulldogs,0.24715,0.71979,0.44416,65.786,100.41328,100.0608,0.4175,0.17164,0.17853,0.10389,0.0828
33533,103369,Bradley,Braves,0.29245,0.76122,0.50709,64.767,108.70646,96.48632,0.27451,0.15503,0.17149,0.1049,0.11826
41097,103369,Bradley,Braves,0.27742,0.72159,0.50897,66.274,112.80608,107.47937,0.36645,0.12264,0.17338,0.11356,0.09364
27168,103369,Bradley,Braves,0.30424,0.68186,0.50114,64.995,103.48802,104.57921,0.2991,0.15456,0.1899,0.13892,0.07137
27249,103510,Creighton,Bluejays,0.30841,0.73906,0.63179,66.171,118.84164,104.56521,0.38088,0.15707,0.13533,0.0725,0.05783
36046,103591,Evansville,Purple Aces,0.22538,0.74062,0.4929,68.282,103.07687,106.44214,0.28243,0.15021,0.15446,0.09434,0.09191
36046,103369,Bradley,Braves,0.28496,0.72182,0.49099,65.662,111.58909,101.08456,0.27514,0.15878,0.16248,0.1075,0.1194
41097,104362,UIC,Flames,0.36807,0.68855,0.54623,65.82,112.98446,105.70895,0.36112,0.14973,0.17552,0.1183,0.11842
27249,103722,Illinois St.,Redbirds,0.27738,0.729,0.5709,63.221,108.29241,102.56476,0.38646,0.16449,0.14897,0.07789,0.0935
38409,103544,Drake,Bulldogs,0.35471,0.74897,0.56028,58.876,116.52209,98.30955,0.42297,0.15681,0.20128,0.14927,0.08466
33533,103544,Drake,Bulldogs,0.24258,0.7776,0.5021,65.758,111.32169,95.11475,0.27904,0.1389,0.15827,0.0794,0.07413
36046,103544,Drake,Bulldogs,0.24174,0.77064,0.56351,67.063,116.25586,102.37333,0.32756,0.1241,0.15946,0.09399,0.04571
27168,103510,Creighton,Bluejays,0.28846,0.72844,0.6465,63.933,116.4418,98.80173,0.34219,0.16984,0.14018,0.0753,0.06643
27043,104471,Wichita St.,Shockers,0.35092,0.73963,0.54799,63.406,118.13873,93.47192,0.47192,0.1376,0.16493,0.10776,0.14996
38409,103722,Illinois St.,Redbirds,0.2491,0.75512,0.54289,64.887,116.33768,110.27976,0.31134,0.14313,0.14521,0.08499,0.05541
41097,103722,Illinois St.,Redbirds,0.28691,0.74463,0.5125,66.056,112.64465,103.34141,0.31202,0.14838,0.14249,0.084,0.06425
33533,103732,Indiana St.,Sycamores,0.21938,0.7757,0.56548,69.725,112.95566,99.18734,0.30987,0.15463,0.15819,0.09297,0.05055
41097,104374,UNI,Panthers,0.21867,0.73671,0.5693,62.555,110.24735,98.03194,0.2543,0.1315,0.16231,0.10237,0.09849
27168,103591,Evansville,Purple Aces,0.30168,0.70759,0.63778,64.617,105.93797,101.00271,0.31712,0.14739,0.19139,0.09055,0.08366
27168,104374,UNI,Panthers,0.25179,0.72918,0.53382,62.292,105.91917,98.37243,0.32798,0.16805,0.17569,0.09841,0.07006
30629,103544,Drake,Bulldogs,0.29934,0.74622,0.43616,64.911,111.50745,100.23095,0.27987,0.14009,0.17538,0.10564,0.09465
38409,103369,Bradley,Braves,0.26522,0.71938,0.53776,65.081,115.67059,103.86997,0.31518,0.15426,0.14396,0.09875,0.1177
27168,104471,Wichita St.,Shockers,0.3801,0.73507,0.55556,63.71,109.47035,95.98779,0.36519,0.16367,0.17623,0.11616,0.13817
36046,103732,Indiana St.,Sycamores,0.23524,0.7656,0.61174,70.086,120.67391,104.08079,0.33392,0.1486,0.14017,0.08643,0.04537
27693,103715,IU Indy,Jaguars,0.25416,0.74703,0.52876,71.273,99.85131,106.32099,0.30496,0.17095,0.17075,0.09656,0.059
27693,104142,Robert Morris,Colonials,0.29487,0.66616,0.57722,67.433,103.169,112.17939,0.25577,0.16339,0.1678,0.09349,0.08097
27693,103536,Detroit Mercy,Titans,0.2716,0.70788,0.52676,66.889,113.72217,109.93819,0.25271,0.15002,0.16227,0.10084,0.07162
27693,104362,UIC,Flames,0.23688,0.72354,0.53226,68.207,98.11535,104.83649,0.22752,0.16897,0.12558,0.05353,0.0696
27693,103917,Milwaukee,Panthers,0.24268,0.73205,0.48469,69.699,105.98015,107.00042,0.3316,0.13641,0.16653,0.08573,0.06018
27693,104115,Purdue Fort Wayne,Mastodons,0.26183,0.69211,0.52139,68.023,106.40045,111.38797,0.30183,0.21603,0.15029,0.09629,0.07451
27693,104506,Wright St.,Raiders,0.34173,0.74974,0.51972,70.932,114.94664,94.55194,0.34534,0.15675,0.14714,0.08297,0.08447
27693,104011,Northern Ky.,Norse,0.35011,0.67301,0.44833,64.947,108.2499,108.06786,0.27759,0.15842,0.16329,0.09758,0.04602
27693,103661,Green Bay,Phoenix,0.25959,0.70708,0.53659,66.251,104.92543,112.13539,0.27273,0.13747,0.14983,0.0808,0.09326
27693,104515,Youngstown St.,Penguins,0.33689,0.71476,0.48675,67.785,108.32029,105.08685,0.32117,0.13975,0.18034,0.0877,0.04646
27693,103471,Cleveland St.,Vikings,0.30753,0.675,0.52924,66.205,104.65212,105.08954,0.32542,0.16424,0.17281,0.10279,0.07814
30629,103715,IU Indy,Jaguars,0.31056,0.68263,0.54399,62.252,84.25123,107.84822,0.2638,0.22707,0.18127,0.0917,0.08419
30629,103661,Green Bay,Phoenix,0.27586,0.71769,0.48204,63.41,97.35578,108.71045,0.31638,0.17614,0.16347,0.07915,0.07943
30629,103536,Detroit Mercy,Titans,0.27912,0.70601,0.48271,64.569,109.5476,109.18623,0.22915,0.15564,0.16897,0.09065,0.05967
27168,103833,Loyola Chicago,Ramblers,0.30458,0.73065,0.61087,62.109,103.20568,101.1747,0.35336,0.18366,0.16318,0.08166,0.07479
27249,103661,Green Bay,Phoenix,0.33461,0.68269,0.53391,64.539,99.52542,101.94284,0.33211,0.18424,0.17107,0.09295,0.12095
27249,104362,UIC,Flames,0.33981,0.69104,0.53616,63.068,95.71143,106.56152,0.33457,0.19194,0.15851,0.07876,0.07907
27249,103833,Loyola Chicago,Ramblers,0.324,0.68386,0.60131,59.397,95.16814,104.59073,0.3719,0.20362,0.17148,0.07557,0.04171
30629,104362,UIC,Flames,0.24669,0.73366,0.55263,68.091,104.38636,105.78849,0.2281,0.15309,0.15377,0.08384,0.09407
27043,104362,UIC,Flames,0.30797,0.718,0.48459,65.334,102.25404,110.99328,0.38915,0.16341,0.15486,0.08439,0.05041
27693,104032,Oakland,Golden Grizzlies,0.29957,0.66417,0.57439,69.203,104.41509,113.55141,0.33208,0.15501,0.16217,0.11556,0.0505
27043,103661,Green Bay,Phoenix,0.33888,0.68421,0.5818,66.476,110.90942,96.2274,0.4379,0.16117,0.17391,0.10707,0.18739
27249,104515,Youngstown St.,Penguins,0.27951,0.65854,0.5429,63.544,105.50126,103.08405,0.29728,0.15073,0.17093,0.10132,0.14101
30629,103471,Cleveland St.,Vikings,0.34022,0.68658,0.60141,67.276,109.79546,101.89921,0.36175,0.16889,0.19133,0.12566,0.10469
30629,103917,Milwaukee,Panthers,0.26111,0.7,0.48031,66.539,97.3588,106.32914,0.27036,0.17317,0.12915,0.07382,0.10384
41097,104115,Purdue Fort Wayne,Mastodons,0.23643,0.67233,0.49162,68.768,113.56168,112.10751,0.29948,0.12766,0.17209,0.12452,0.09466
41097,103917,Milwaukee,Panthers,0.33556,0.71456,0.48409,68.152,111.88297,116.83517,0.3219,0.12829,0.14271,0.09876,0.0853
41097,104032,Oakland,Golden Grizzlies,0.31551,0.65948,0.54369,69.939,118.04889,116.7978,0.37966,0.12792,0.13528,0.10919,0.09579
41097,103536,Detroit Mercy,Titans,0.34057,0.69974,0.48046,68.448,112.81447,112.99709,0.34338,0.13845,0.12892,0.08726,0.0929
27168,103471,Cleveland St.,Vikings,0.31805,0.67413,0.5307,64.186,99.46768,107.95468,0.30854,0.18667,0.19136,0.11285,0.08804
30629,104032,Oakland,Golden Grizzlies,0.31603,0.6652,0.52184,67.444,109.89443,101.2635,0.33422,0.1541,0.18252,0.13317,0.06851
33533,103661,Green Bay,Phoenix,0.21699,0.67608,0.53354,64.857,91.09488,117.44424,0.31471,0.19082,0.14084,0.07789,0.06344
33533,104115,Purdue Fort Wayne,Mastodons,0.27628,0.74977,0.5,69.113,106.47352,100.61837,0.28594,0.16402,0.16471,0.10625,0.06407
33533,103715,IU Indy,Jaguars,0.29261,0.67935,0.45547,66.474,97.82326,115.00906,0.31257,0.20567,0.14981,0.0871,0.07239
36046,103715,IU Indy,Jaguars,0.30297,0.65078,0.42839,67.315,97.47946,118.10367,0.34446,0.1869,0.17086,0.11258,0.05862
38409,103661,Green Bay,Phoenix,0.19071,0.68559,0.60243,67.594,103.01834,118.35366,0.36713,0.16749,0.12594,0.07226,0.05527
38409,103715,IU Indy,Jaguars,0.31882,0.69043,0.54296,65.322,114.46482,117.13344,0.33743,0.13266,0.14499,0.09444,0.06055
41097,103715,IU Indy,Jaguars,0.29412,0.65347,0.63968,74.557,111.60121,117.94741,0.21143,0.13748,0.17946,0.11879,0.08354
41097,104515,Youngstown St.,Penguins,0.3213,0.69761,0.542,67.619,114.8574,107.6299,0.31613,0.15911,0.15968,0.10644,0.09431
27249,104506,Wright St.,Raiders,0.25,0.70751,0.5104,61.679,93.35656,98.88657,0.37859,0.19238,0.2298,0.10562,0.05855
30629,104142,Robert Morris,Colonials,0.286,0.68202,0.4921,66.414,103.64928,111.58638,0.28306,0.18579,0.14799,0.08966,0.10099
36046,104515,Youngstown St.,Penguins,0.34957,0.72139,0.52632,69.124,116.54211,101.7837,0.28537,0.13191,0.14769,0.0888,0.1254
36046,103661,Green Bay,Phoenix,0.27664,0.71837,0.52821,63.262,108.27411,108.17608,0.28932,0.16356,0.12538,0.06871,0.05933
36046,103536,Detroit Mercy,Titans,0.26071,0.64608,0.45466,66.596,98.28951,119.56772,0.30288,0.17262,0.1507,0.10397,0.06616
38409,103917,Milwaukee,Panthers,0.40526,0.74133,0.50386,68.484,113.64601,103.91139,0.38216,0.15736,0.17019,0.1115,0.09367
36046,104506,Wright St.,Raiders,0.28628,0.72081,0.5121,71.377,119.74061,112.47049,0.32752,0.14534,0.14666,0.08622,0.07194
38409,104115,Purdue Fort Wayne,Mastodons,0.22438,0.67978,0.47277,69.033,115.57277,106.84776,0.2844,0.12212,0.18307,0.12436,0.07869
27168,103917,Milwaukee,Panthers,0.29046,0.65489,0.51852,64.843,95.23589,107.43102,0.36301,0.18325,0.15357,0.08193,0.08796
30629,104011,Northern Ky.,Norse,0.3567,0.69231,0.54658,64.137,107.31798,99.92997,0.25892,0.16761,0.18765,0.13904,0.07366
36046,104142,Robert Morris,Colonials,0.33765,0.71843,0.51741,67.227,106.45883,110.98997,0.28023,0.16989,0.13872,0.07205,0.07535
38409,103536,Detroit Mercy,Titans,0.3246,0.70162,0.4443,66.299,99.59511,112.68264,0.28993,0.16282,0.13507,0.08549,0.0798
27043,103536,Detroit Mercy,Titans,0.33957,0.69569,0.47558,66.515,104.83583,104.46718,0.38862,0.15756,0.17325,0.10811,0.12966
27043,104515,Youngstown St.,Penguins,0.27525,0.71111,0.59689,67.357,111.98954,107.84852,0.40395,0.14264,0.16621,0.09629,0.07125
33533,104032,Oakland,Golden Grizzlies,0.2443,0.67268,0.46659,67.337,106.83325,111.15756,0.31924,0.13578,0.16967,0.10861,0.07119
27168,103536,Detroit Mercy,Titans,0.32131,0.68925,0.52974,68.672,113.3193,103.25824,0.35693,0.13542,0.20711,0.12039,0.09428
27249,103471,Cleveland St.,Vikings,0.34943,0.65537,0.56095,63.197,104.38819,95.0858,0.27586,0.18511,0.2205,0.13361,0.10319
41097,103471,Cleveland St.,Vikings,0.29137,0.64935,0.58419,69.884,114.17229,122.97479,0.36629,0.15965,0.13455,0.08046,0.07826
33533,104142,Robert Morris,Colonials,0.29613,0.72337,0.54147,66.193,104.30351,100.56372,0.26523,0.16887,0.17311,0.10077,0.10887
33533,103536,Detroit Mercy,Titans,0.35934,0.70562,0.47146,66.38,114.49296,112.63533,0.28113,0.14638,0.15058,0.09124,0.05451
41097,103661,Green Bay,Phoenix,0.25667,0.71311,0.54632,63.68,116.60802,116.65525,0.4158,0.14398,0.12066,0.07007,0.08596
27043,104032,Oakland,Golden Grizzlies,0.25319,0.69904,0.63581,67.538,108.9143,113.30636,0.3873,0.1423,0.17673,0.10187,0.05717
38409,104506,Wright St.,Raiders,0.29017,0.71724,0.52731,66.979,114.11624,112.72948,0.27023,0.15675,0.13013,0.08406,0.0824
27043,103471,Cleveland St.,Vikings,0.33109,0.68375,0.56033,63.411,113.45103,102.9062,0.36898,0.16627,0.17,0.09429,0.09974
30629,104115,Purdue Fort Wayne,Mastodons,0.23156,0.73429,0.53819,68.099,106.25493,100.73177,0.27278,0.17386,0.20092,0.1269,0.07374
36046,104011,Northern Ky.,Norse,0.29888,0.68038,0.51701,68.392,107.80739,105.45046,0.35711,0.15381,0.17797,0.12345,0.07459
38409,104011,Northern Ky.,Norse,0.31993,0.67709,0.54812,65.987,107.25772,107.52914,0.31398,0.152,0.1764,0.11593,0.09364
41097,104142,Robert Morris,Colonials,0.38578,0.71847,0.62168,65.07,116.77434,108.7304,0.27341,0.15688,0.14693,0.08675,0.07277
33533,104506,Wright St.,Raiders,0.27338,0.73344,0.48012,70.764,110.41449,101.83088,0.24169,0.15422,0.15838,0.08677,0.07832
27168,104398,Valparaiso,Beacons,0.31237,0.71454,0.56744,63.782,111.18531,97.35607,0.41966,0.1945,0.17483,0.10663,0.08604
27249,103917,Milwaukee,Panthers,0.31868,0.69983,0.56952,64.01,99.93873,97.32924,0.3856,0.18221,0.18017,0.09547,0.06718
30629,104515,Youngstown St.,Penguins,0.30492,0.72184,0.459,66.079,109.53726,105.27995,0.30714,0.15206,0.15348,0.08086,0.06899
27168,103661,Green Bay,Phoenix,0.32477,0.73468,0.58559,62.85,104.38494,99.50714,0.39729,0.17969,0.16257,0.09386,0.13953
27249,104398,Valparaiso,Beacons,0.2822,0.70908,0.59288,63.808,106.29552,101.71973,0.43401,0.19427,0.15482,0.09339,0.07741
38409,104515,Youngstown St.,Penguins,0.30933,0.6996,0.53054,68.945,110.06263,103.58338,0.35799,0.15054,0.15632,0.0997,0.13249
41097,104011,Northern Ky.,Norse,0.33088,0.6867,0.54582,70.308,117.39847,109.38365,0.36221,0.14166,0.16715,0.12184,0.09701
27043,104398,Valparaiso,Beacons,0.32814,0.69473,0.53752,64.891,109.34212,102.34853,0.45455,0.19525,0.14076,0.08535,0.13442
27168,104362,UIC,Flames,0.28387,0.6944,0.57778,62.503,99.41619,99.3231,0.35058,0.16939,0.17022,0.10315,0.07718
33533,104515,Youngstown St.,Penguins,0.31034,0.71083,0.51229,68.105,118.1019,104.53184,0.29502,0.13748,0.1602,0.10078,0.06876
33533,103917,Milwaukee,Panthers,0.33638,0.67865,0.5,70.84,108.4052,102.81982,0.33026,0.17903,0.15877,0.09599,0.14588
27168,104515,Youngstown St.,Penguins,0.28325,0.68927,0.59086,66.575,104.86351,101.83777,0.34664,0.14857,0.16602,0.09971,0.13179
38409,104032,Oakland,Golden Grizzlies,0.34772,0.67635,0.51106,63.233,109.31295,110.86026,0.31199,0.15355,0.14091,0.10193,0.08733
41097,104506,Wright St.,Raiders,0.33765,0.71416,0.48,67.524,118.81428,108.73741,0.37141,0.14013,0.154,0.10957,0.11577
27043,103917,Milwaukee,Panthers,0.28324,0.69224,0.58911,66.547,104.71052,104.88044,0.43591,0.17248,0.16199,0.08513,0.06372
33533,103471,Cleveland St.,Vikings,0.35068,0.64891,0.48539,65.208,108.13402,103.52799,0.291,0.14572,0.17561,0.10446,0.09459
33533,104011,Northern Ky.,Norse,0.32216,0.67887,0.54994,62.383,106.73159,100.07212,0.27842,0.14981,0.21149,0.14784,0.08062
36046,103917,Milwaukee,Panthers,0.35888,0.68328,0.50816,69.325,112.64572,111.47149,0.34122,0.14796,0.13852,0.08421,0.11414
38409,104142,Robert Morris,Colonials,0.35489,0.71746,0.60171,67.427,112.15312,103.4523,0.37536,0.15702,0.16519,0.09343,0.12119
27043,104506,Wright St.,Raiders,0.24488,0.70996,0.60343,64.546,104.10294,96.14137,0.42698,0.18383,0.21516,0.10935,0.09418
30629,104506,Wright St.,Raiders,0.30958,0.70385,0.51266,68.562,110.56417,104.73008,0.31776,0.15282,0.16425,0.08595,0.0761
38409,103471,Cleveland St.,Vikings,0.35275,0.67176,0.50777,65.347,111.45248,101.45522,0.3015,0.14702,0.19775,0.13219,0.14435
27168,104506,Wright St.,Raiders,0.27013,0.71005,0.53683,61.938,99.45508,93.75412,0.33242,0.18242,0.21984,0.11862,0.06342
27249,103536,Detroit Mercy,Titans,0.35726,0.67712,0.51274,65.576,109.24871,102.30761,0.42679,0.15873,0.19601,0.11448,0.13211
36046,104115,Purdue Fort Wayne,Mastodons,0.23575,0.71277,0.4698,70.917,112.26343,100.24354,0.29314,0.12959,0.19671,0.129,0.08473
36046,103471,Cleveland St.,Vikings,0.33654,0.65696,0.47463,67.415,111.18038,107.29295,0.31656,0.12633,0.1729,0.12202,0.11085
36046,104032,Oakland,Golden Grizzlies,0.30397,0.71016,0.54037,66.502,112.94721,108.14357,0.30794,0.13868,0.14211,0.09742,0.07776
27249,103386,Butler,Bulldogs,0.35671,0.7203,0.55164,63.193,99.58283,95.05248,0.4002,0.16996,0.19205,0.10141,0.10099
27168,104188,Saint Peter's,Peacocks,0.29903,0.67191,0.50077,62.78,93.88374,104.06719,0.30438,0.17067,0.19131,0.11074,0.10766
27043,104188,Saint Peter's,Peacocks,0.30892,0.68366,0.45979,62.434,100.50864,104.66019,0.42125,0.16273,0.15614,0.10181,0.1242
27168,103855,Manhattan,Jaspers,0.31814,0.67602,0.55537,61.527,93.99097,96.56123,0.4575,0.22259,0.20051,0.10748,0.12959
27249,104188,Saint Peter's,Peacocks,0.30113,0.62614,0.58383,64.569,89.87682,106.81303,0.28979,0.20685,0.19435,0.11814,0.10358
27249,103412,Canisius,Golden Griffins,0.33912,0.63456,0.46449,66.304,97.97082,113.22734,0.29058,0.1846,0.15551,0.09553,0.0681
27249,104219,Siena,Saints,0.33208,0.67788,0.54457,64.601,98.22399,102.50109,0.34161,0.18336,0.15241,0.08967,0.0906
27168,104219,Siena,Saints,0.32956,0.65505,0.50228,62.842,94.78629,108.00999,0.38136,0.20462,0.14388,0.08883,0.07327
27043,103862,Marist,Red Foxes,0.29663,0.67006,0.48237,66.111,101.75266,107.22684,0.40323,0.15815,0.16868,0.09661,0.10192
27168,103862,Marist,Red Foxes,0.26955,0.66944,0.55775,66.638,97.8105,104.79355,0.39581,0.18429,0.1639,0.09322,0.10175
27043,104137,Rider,Broncs,0.3132,0.68488,0.5074,66.885,108.78703,112.67906,0.45657,0.16658,0.16883,0.08903,0.08135
27043,103595,Fairfield,Stags,0.30453,0.70856,0.5165,65.654,96.24837,106.20509,0.34626,0.18842,0.14717,0.06722,0.09718
27249,103834,Loyola Maryland,Greyhounds,0.38121,0.66636,0.52053,64.04,105.14188,100.31539,0.4293,0.1735,0.1893,0.12029,0.11695
27168,103595,Fairfield,Stags,0.33593,0.67622,0.57125,60.973,98.73016,96.35729,0.2892,0.18481,0.18662,0.11514,0.10292
27249,103862,Marist,Red Foxes,0.31093,0.67179,0.53398,67.564,99.86558,107.07096,0.4233,0.18952,0.16781,0.08599,0.10302
27249,104137,Rider,Broncs,0.28244,0.6513,0.57458,67.594,104.69098,109.07785,0.40864,0.19289,0.15673,0.0874,0.10836
27168,104137,Rider,Broncs,0.30825,0.67983,0.45989,64.797,98.31621,97.63535,0.39411,0.2052,0.1809,0.10273,0.12231
27043,103937,Monmouth,Hawks,0.33714,0.69148,0.49742,68.532,99.51678,105.37601,0.40574,0.17516,0.18654,0.10019,0.09505
27168,103834,Loyola Maryland,Greyhounds,0.37018,0.63787,0.5109,62.573,105.38683,99.98468,0.40959,0.15549,0.17813,0.1128,0.11774
27249,103991,Niagara,Purple Eagles,0.33571,0.64167,0.50064,66.981,104.26063,109.91819,0.3701,0.15727,0.20312,0.12337,0.08911
27043,104120,Quinnipiac,Bobcats,0.42326,0.72534,0.48383,69.46,112.5403,109.28149,0.4812,0.14426,0.10536,0.05124,0.10166
27168,103412,Canisius,Golden Griffins,0.34843,0.66552,0.50408,65.49,111.41248,106.33003,0.34269,0.16898,0.1709,0.08812,0.09061
27168,103991,Niagara,Purple Eagles,0.32492,0.66963,0.50657,67.754,107.32354,104.81227,0.38042,0.14075,0.19579,0.11516,0.07653
27249,103855,Manhattan,Jaspers,0.36435,0.67593,0.60982,66.937,105.55672,97.26921,0.40236,0.19956,0.19963,0.11782,0.14262
27043,103733,Iona,Gaels,0.26111,0.64377,0.60824,69.765,119.43008,110.77572,0.38014,0.1333,0.14122,0.09473,0.08294
27043,103412,Canisius,Golden Griffins,0.32625,0.62929,0.4655,66.66,114.87519,110.94672,0.38311,0.14494,0.16693,0.1004,0.1
27043,103855,Manhattan,Jaspers,0.3444,0.66694,0.52295,69.124,108.87609,99.06009,0.55471,0.16997,0.18764,0.11742,0.15302
27249,103733,Iona,Gaels,0.32091,0.67717,0.62488,70.296,116.617,102.29562,0.30349,0.15229,0.19339,0.10273,0.05491
27249,103595,Fairfield,Stags,0.34239,0.66451,0.62557,64.179,101.78478,95.13108,0.32691,0.19308,0.20746,0.12999,0.10958
27043,103991,Niagara,Purple Eagles,0.32078,0.65489,0.39474,72.459,103.88286,113.29253,0.48589,0.15982,0.17739,0.09637,0.0556
27168,103733,Iona,Gaels,0.3278,0.66613,0.54707,69.05,113.49184,107.76119,0.32716,0.14875,0.1665,0.09185,0.07443
27043,104219,Siena,Saints,0.38405,0.6513,0.56608,65.795,104.0227,105.08858,0.41709,0.16951,0.15903,0.08762,0.12553
27693,103412,Canisius,Golden Griffins,0.26639,0.73227,0.51402,70.034,100.50046,101.59882,0.31552,0.14841,0.18097,0.08002,0.08738
27693,104219,Siena,Saints,0.27993,0.72937,0.52311,64.99,103.99744,96.93757,0.37248,0.17388,0.15558,0.08483,0.08358
27693,103733,Iona,Gaels,0.32562,0.73125,0.54933,68.249,104.43858,96.7868,0.34455,0.19514,0.17576,0.10063,0.12458
27693,103991,Niagara,Purple Eagles,0.23429,0.7156,0.52679,64.244,100.63212,101.48823,0.34577,0.13582,0.17794,0.0912,0.0624
27693,103937,Monmouth,Hawks,0.25714,0.71466,0.54054,73.013,102.24187,99.88916,0.38173,0.15765,0.18432,0.11149,0.09777
27693,103855,Manhattan,Jaspers,0.3195,0.70387,0.53986,66.21,92.85379,98.49239,0.35451,0.17618,0.19858,0.11314,0.10587
27693,103862,Marist,Red Foxes,0.22965,0.74581,0.48211,65.568,95.59943,95.88651,0.31536,0.19345,0.15984,0.08225,0.12444
27693,104120,Quinnipiac,Bobcats,0.21171,0.7219,0.55248,70.35,94.34117,96.43764,0.35374,0.17716,0.15097,0.07836,0.11198
27693,104137,Rider,Broncs,0.26175,0.73263,0.50355,67.268,99.83486,109.41335,0.28983,0.16375,0.15403,0.07498,0.06041
27693,104188,Saint Peter's,Peacocks,0.30353,0.72235,0.52793,66.845,94.5465,91.9734,0.32684,0.18964,0.19782,0.12007,0.16043
27693,103595,Fairfield,Stags,0.28042,0.73448,0.46724,64.079,95.52382,103.08326,0.34066,0.1729,0.14413,0.0714,0.06133
38409,104188,Saint Peter's,Peacocks,0.37738,0.69231,0.46314,63.407,103.1676,102.83264,0.34345,0.17311,0.15986,0.10616,0.10722
41097,104137,Rider,Broncs,0.32943,0.66942,0.44428,64.65,98.141,117.55585,0.30828,0.14425,0.13383,0.09339,0.09761
41097,104188,Saint Peter's,Peacocks,0.37244,0.65803,0.53704,64.332,109.15567,105.43566,0.34956,0.14625,0.17813,0.13863,0.1146
30629,104219,Siena,Saints,0.2449,0.715,0.42113,65.859,99.34795,103.6899,0.28933,0.16611,0.15214,0.09277,0.09797
33533,103855,Manhattan,Jaspers,0.26889,0.66601,0.50477,65.865,99.94403,104.70327,0.30916,0.17524,0.17926,0.11286,0.09589
41097,103991,Niagara,Purple Eagles,0.25399,0.67516,0.59914,61.866,102.80588,114.66397,0.26117,0.16811,0.14602,0.09107,0.08969
38409,103862,Marist,Red Foxes,0.30572,0.74443,0.55777,62.934,103.52478,101.17075,0.22371,0.15993,0.14495,0.0904,0.09717
33533,104137,Rider,Broncs,0.34036,0.72008,0.43001,63.718,108.76076,104.73067,0.28751,0.14923,0.14971,0.08359,0.07235
30629,103991,Niagara,Purple Eagles,0.23374,0.73294,0.49796,64.197,103.6935,100.77039,0.27652,0.14841,0.15365,0.08695,0.07477
30629,103862,Marist,Red Foxes,0.26519,0.72719,0.35256,65.682,103.40408,102.50187,0.24986,0.16138,0.14855,0.08816,0.09815
36046,103855,Manhattan,Jaspers,0.24977,0.69523,0.58378,67.942,96.185,110.23722,0.22098,0.16975,0.14864,0.10991,0.07273
30629,103855,Manhattan,Jaspers,0.30219,0.69292,0.47397,68.067,102.82843,105.39189,0.40747,0.18156,0.18151,0.10376,0.08803
33533,103412,Canisius,Golden Griffins,0.28768,0.6999,0.56488,66.239,104.0633,106.92245,0.24765,0.15107,0.16792,0.0826,0.06622
36046,103862,Marist,Red Foxes,0.22958,0.73157,0.52479,64.345,100.46683,96.65671,0.29792,0.16945,0.18117,0.10588,0.0864
38409,103412,Canisius,Golden Griffins,0.1833,0.65681,0.47737,64.919,99.77726,121.09421,0.23311,0.17082,0.1433,0.09545,0.0717
41097,103412,Canisius,Golden Griffins,0.29685,0.70501,0.5503,63.211,99.16383,111.00657,0.31139,0.17013,0.14384,0.0778,0.08421
41097,103862,Marist,Red Foxes,0.29423,0.71968,0.59273,65.241,106.37037,97.45692,0.25277,0.14728,0.16789,0.10679,0.08955
30629,104120,Quinnipiac,Bobcats,0.28732,0.71949,0.56527,67.786,105.50499,105.03102,0.26557,0.16436,0.154,0.09322,0.0569
33533,103991,Niagara,Purple Eagles,0.26911,0.71992,0.4606,62.082,103.9145,105.35775,0.29294,0.16452,0.14978,0.08498,0.06147
33533,103595,Fairfield,Stags,0.28801,0.70746,0.42899,63.604,100.82287,102.47653,0.37299,0.15793,0.15623,0.0851,0.0954
38409,103991,Niagara,Purple Eagles,0.23751,0.72581,0.52209,63.981,105.70882,110.29186,0.30741,0.16789,0.15228,0.09633,0.06503
38409,103855,Manhattan,Jaspers,0.33124,0.68021,0.56341,66.044,113.2321,111.41273,0.31996,0.14446,0.13034,0.09419,0.06774
36046,104219,Siena,Saints,0.33156,0.68756,0.48718,65.806,91.84152,113.11608,0.30774,0.20192,0.1284,0.07784,0.10269
38409,103595,Fairfield,Stags,0.29201,0.69193,0.51531,65.282,103.04264,110.81495,0.25974,0.13368,0.16312,0.10406,0.08436
41097,103958,Mount St. Mary's,Mountaineers,0.32554,0.70742,0.56404,66.226,102.37372,105.47595,0.32521,0.19445,0.14068,0.0925,0.09458
33533,104188,Saint Peter's,Peacocks,0.3682,0.7,0.46927,61.693,99.81933,104.6947,0.28852,0.16006,0.17477,0.10081,0.10262
36046,103412,Canisius,Golden Griffins,0.33508,0.71288,0.47681,67.269,103.80618,106.34142,0.28325,0.16744,0.14399,0.08874,0.0846
41097,104120,Quinnipiac,Bobcats,0.34407,0.687,0.50465,68.006,109.93028,105.00598,0.33134,0.13259,0.15256,0.11568,0.11424
30629,103412,Canisius,Golden Griffins,0.28617,0.73744,0.53539,68.204,99.65495,104.0194,0.29866,0.14678,0.16562,0.08757,0.06635
33533,104219,Siena,Saints,0.30529,0.73182,0.53394,65.215,103.96337,101.87937,0.34539,0.17088,0.16453,0.08598,0.1063
36046,103991,Niagara,Purple Eagles,0.24004,0.73705,0.49757,66.292,108.0507,107.49158,0.36192,0.15714,0.14838,0.08371,0.05279
41097,103855,Manhattan,Jaspers,0.29549,0.6366,0.50741,66.819,109.51048,116.76803,0.34332,0.13477,0.142,0.1158,0.06039
36046,104137,Rider,Broncs,0.31866,0.71307,0.51077,67.599,105.50489,105.45919,0.3165,0.15387,0.14461,0.09612,0.10736
33533,104120,Quinnipiac,Bobcats,0.32102,0.72222,0.50726,67.715,106.51035,101.76642,0.33019,0.15603,0.14811,0.08941,0.06661
36046,103958,Mount St. Mary's,Mountaineers,0.30174,0.72074,0.48288,67.973,105.74226,104.42446,0.26674,0.18348,0.15837,0.10037,0.10138
38409,104219,Siena,Saints,0.28793,0.70029,0.48276,65.926,107.85961,107.67292,0.37274,0.15126,0.16175,0.10289,0.13294
41097,103733,Iona,Gaels,0.27783,0.68787,0.53726,67.079,107.97658,106.9256,0.29279,0.15192,0.14335,0.09686,0.08141
38409,104137,Rider,Broncs,0.32227,0.69273,0.51106,64.002,104.6844,112.21259,0.2962,0.14736,0.13947,0.08396,0.09115
36046,103733,Iona,Gaels,0.28348,0.69013,0.55193,66.7,106.94613,105.81034,0.28528,0.13079,0.19793,0.13287,0.0916
36046,104188,Saint Peter's,Peacocks,0.34538,0.69638,0.48611,63.878,101.13676,99.86074,0.38962,0.16186,0.18229,0.11122,0.12387
33533,103862,Marist,Red Foxes,0.25858,0.71053,0.47919,64.201,99.21631,103.49531,0.28917,0.1605,0.14631,0.09159,0.10491
41097,104175,Sacred Heart,Pioneers,0.2952,0.69428,0.58641,66.973,111.87915,113.95266,0.30176,0.1542,0.1308,0.08521,0.08501
38409,104175,Sacred Heart,Pioneers,0.31833,0.70499,0.61117,68.711,109.92764,109.00499,0.26236,0.15122,0.15437,0.10659,0.08604
38409,104120,Quinnipiac,Bobcats,0.33333,0.74425,0.52662,69.585,105.8138,102.29969,0.31293,0.15568,0.15304,0.11725,0.1232
38409,103896,Merrimack,Warriors,0.20751,0.61404,0.49682,63.352,102.8265,100.64274,0.24449,0.12594,0.19349,0.14824,0.10598
33533,103958,Mount St. Mary's,Mountaineers,0.27823,0.70413,0.53178,64.509,97.95235,103.12736,0.25468,0.18206,0.15598,0.08472,0.06822
30629,103733,Iona,Gaels,0.31868,0.7025,0.61124,68.743,108.58759,99.05009,0.37244,0.1554,0.16624,0.09478,0.15402
30629,103595,Fairfield,Stags,0.27827,0.72087,0.48049,64.177,104.53251,101.63791,0.26124,0.14792,0.14978,0.08333,0.07769
30629,104137,Rider,Broncs,0.29292,0.72218,0.50847,66.997,100.04288,102.23426,0.27291,0.15009,0.16347,0.10139,0.07729
41097,103595,Fairfield,Stags,0.36052,0.71429,0.45022,66.33,111.68461,107.44342,0.27705,0.12576,0.15108,0.1,0.09629
36046,104120,Quinnipiac,Bobcats,0.31592,0.72408,0.51066,69.993,110.11008,101.40176,0.30876,0.1513,0.15861,0.10851,0.09571
30629,104188,Saint Peter's,Peacocks,0.31416,0.71059,0.52447,65.221,101.93306,95.12857,0.37105,0.17368,0.17943,0.10768,0.14757
30629,103937,Monmouth,Hawks,0.29387,0.7215,0.49563,65.715,103.65439,101.69949,0.36919,0.15167,0.15557,0.09442,0.09895
38409,103733,Iona,Gaels,0.3913,0.69078,0.56422,67.127,103.041,104.21539,0.27855,0.17409,0.20074,0.14189,0.09375
41097,103896,Merrimack,Warriors,0.24842,0.60103,0.56026,62.072,109.19928,105.91862,0.38161,0.13287,0.16992,0.13091,0.13867
41097,104219,Siena,Saints,0.31818,0.7051,0.5322,62.782,111.68981,104.47963,0.33385,0.13784,0.14793,0.09149,0.0906
33533,103733,Iona,Gaels,0.31575,0.69256,0.53115,67.335,112.46688,97.11895,0.28993,0.13228,0.18059,0.11007,0.14623
38409,103958,Mount St. Mary's,Mountaineers,0.30938,0.7193,0.60405,66.603,103.82502,104.40091,0.31082,0.19028,0.13928,0.08923,0.08202
36046,103595,Fairfield,Stags,0.28483,0.69904,0.50151,67.598,111.70902,104.99208,0.27915,0.13644,0.17682,0.12489,0.06012
27168,103616,Florida St.,Seminoles,0.30902,0.63368,0.49359,64.899,103.23691,105.63882,0.40387,0.19358,0.17616,0.09556,0.13501
27168,103871,Maryland,Terrapins,0.36884,0.72054,0.55882,66.133,106.61103,96.49726,0.34463,0.18872,0.13711,0.07781,0.11171
27043,104413,Wake Forest,Demon Deacons,0.30243,0.66202,0.56122,66.175,104.92529,106.7957,0.50057,0.16185,0.14258,0.08246,0.0997
27249,103996,North Carolina,Tar Heels,0.39878,0.72527,0.58113,71.354,113.62377,93.7001,0.37283,0.13623,0.1599,0.09535,0.13958
27168,104407,Virginia Tech,Hokies,0.30743,0.66808,0.41087,66.454,104.086,110.79974,0.3678,0.15142,0.13292,0.06404,0.10417
27249,103899,Miami (FL),Hurricanes,0.32546,0.67042,0.48157,63.687,108.49279,101.46774,0.33333,0.14985,0.17092,0.09769,0.09784
27043,103871,Maryland,Terrapins,0.33479,0.71142,0.47222,66.362,105.6565,100.81585,0.36714,0.16001,0.16417,0.09391,0.11661
27168,103470,Clemson,Tigers,0.31977,0.68217,0.4792,61.134,100.6255,98.35654,0.3311,0.15867,0.17584,0.10957,0.13202
27168,103996,North Carolina,Tar Heels,0.34882,0.68313,0.60215,70.262,108.81628,98.17892,0.28221,0.14486,0.18702,0.11948,0.08052
27043,103363,Boston College,Eagles,0.27179,0.65805,0.55587,61.29,109.87302,117.72466,0.43551,0.15767,0.12676,0.06948,0.06729
27043,103616,Florida St.,Seminoles,0.34813,0.6419,0.44101,64.769,108.77834,101.87854,0.45649,0.18543,0.15913,0.09098,0.13931
27249,103549,Duke,Blue Devils,0.34701,0.68094,0.48398,67.086,114.37485,101.57949,0.45117,0.15313,0.15961,0.09105,0.08983
27249,103616,Florida St.,Seminoles,0.35377,0.66898,0.48689,66.121,104.07798,93.76817,0.34789,0.20307,0.19015,0.1135,0.1704
27043,104026,Notre Dame,Fighting Irish,0.3215,0.69858,0.57688,62.73,112.52969,110.33089,0.30022,0.13699,0.14734,0.09149,0.0811
27249,103966,NC State,Wolfpack,0.35793,0.69288,0.59058,66.467,109.29681,101.35385,0.3627,0.15962,0.15879,0.10103,0.1049
27043,104099,Pittsburgh,Panthers,0.37274,0.70933,0.62905,61.234,115.30737,99.38907,0.4429,0.13836,0.16845,0.11327,0.08601
27043,103470,Clemson,Tigers,0.33785,0.67547,0.48116,58.8,105.83619,97.32117,0.36136,0.1555,0.14626,0.07772,0.16167
27168,104413,Wake Forest,Demon Deacons,0.27694,0.69216,0.49093,67.99,99.30271,103.33555,0.43705,0.18429,0.18058,0.10443,0.10747
27249,103363,Boston College,Eagles,0.22379,0.67306,0.56916,63.42,92.11957,106.79437,0.33701,0.20397,0.15439,0.07675,0.07587
27249,103647,Georgia Tech,Yellow Jackets,0.33531,0.7094,0.48571,62.04,96.63416,100.46638,0.28737,0.19527,0.15488,0.0837,0.14009
27249,103871,Maryland,Terrapins,0.34306,0.68024,0.45626,65.55,103.57307,106.63596,0.4648,0.16803,0.13861,0.06474,0.10692
27168,103549,Duke,Blue Devils,0.28779,0.67729,0.53646,66.807,115.5077,97.7117,0.39154,0.13846,0.17637,0.09642,0.09012
27043,103996,North Carolina,Tar Heels,0.38122,0.687,0.54879,68.873,110.38994,100.55489,0.42878,0.1424,0.16702,0.10585,0.12539
27043,104407,Virginia Tech,Hokies,0.31698,0.70536,0.50827,62.17,99.9697,106.48055,0.38133,0.16999,0.11253,0.05178,0.13252
27168,104405,Virginia,Cavaliers,0.28327,0.72087,0.60024,60.163,106.37839,92.04003,0.31564,0.16093,0.18345,0.09744,0.13264
27043,103899,Miami (FL),Hurricanes,0.33519,0.69589,0.48596,56.99,105.88161,102.48964,0.36095,0.14607,0.14072,0.0841,0.11366
27168,103647,Georgia Tech,Yellow Jackets,0.32591,0.71662,0.52463,65.035,98.45819,95.49407,0.27973,0.16553,0.16603,0.09007,0.11198
27168,103899,Miami (FL),Hurricanes,0.31298,0.71551,0.45587,62.832,110.53792,96.08737,0.34553,0.14516,0.15982,0.09807,0.12297
27043,103647,Georgia Tech,Yellow Jackets,0.32662,0.71278,0.54523,63.421,103.93593,104.12491,0.34434,0.15797,0.13623,0.08142,0.11466
27168,103966,NC State,Wolfpack,0.34676,0.67424,0.51878,67.367,114.44224,103.87705,0.40916,0.15588,0.14193,0.09622,0.10124
27249,104405,Virginia,Cavaliers,0.27117,0.74497,0.54646,60.048,103.67901,89.94154,0.35406,0.16769,0.18605,0.1067,0.08194
27249,103470,Clemson,Tigers,0.32983,0.69669,0.53261,62.136,103.05145,96.81995,0.31393,0.16227,0.20077,0.11941,0.10734
27043,104303,Syracuse,Orange,0.38055,0.68545,0.49084,59.466,113.4665,98.78606,0.38174,0.12271,0.19012,0.133,0.17221
27043,103549,Duke,Blue Devils,0.35216,0.68684,0.5479,64.131,121.85919,104.72344,0.38762,0.12377,0.16231,0.10849,0.07442
27249,104407,Virginia Tech,Hokies,0.33154,0.66073,0.51194,61.785,104.51068,100.1297,0.33333,0.15949,0.16953,0.08922,0.08894
27249,104413,Wake Forest,Demon Deacons,0.25787,0.66364,0.52685,65.244,100.31877,107.88347,0.40856,0.17153,0.15542,0.07982,0.12054
27043,104405,Virginia,Cavaliers,0.33853,0.74155,0.56608,59.424,111.01049,93.37754,0.42038,0.14217,0.16158,0.08717,0.12039
27168,103363,Boston College,Eagles,0.28058,0.69295,0.53867,62.736,106.58661,108.07835,0.39741,0.15835,0.15491,0.08786,0.0693
27043,103966,NC State,Wolfpack,0.3417,0.64331,0.49053,63.671,110.19845,107.74577,0.3699,0.13537,0.14863,0.07476,0.1075
27693,103831,Louisville,Cardinals,0.32006,0.73836,0.44737,64.905,104.04136,101.8212,0.32112,0.149,0.1462,0.07309,0.05457
27693,103363,Boston College,Eagles,0.25474,0.71343,0.46,70.6,100.43502,111.90727,0.2968,0.17019,0.16386,0.10022,0.09961
27693,104099,Pittsburgh,Panthers,0.3453,0.73822,0.57942,67.298,105.77136,104.21788,0.36867,0.15714,0.1552,0.08985,0.11156
27693,104413,Wake Forest,Demon Deacons,0.25849,0.7418,0.50299,66.184,99.56759,108.10391,0.29378,0.17858,0.16242,0.09299,0.06226
27693,104407,Virginia Tech,Hokies,0.27831,0.75646,0.56093,64.945,109.07416,99.85275,0.33387,0.15204,0.16162,0.07317,0.11502
27693,103470,Clemson,Tigers,0.26564,0.73062,0.56762,63.601,101.53961,96.84715,0.23205,0.17205,0.19115,0.09504,0.09237
27693,103549,Duke,Blue Devils,0.32227,0.70956,0.56358,67.957,110.68329,103.82627,0.23394,0.15839,0.17549,0.11991,0.11758
27693,103966,NC State,Wolfpack,0.29769,0.68313,0.48882,67.014,108.09314,103.46058,0.31088,0.16539,0.18897,0.11992,0.11547
27693,104405,Virginia,Cavaliers,0.22734,0.77435,0.54849,59.703,113.66435,100.86461,0.21719,0.13617,0.13715,0.08203,0.13438
27693,103616,Florida St.,Seminoles,0.34367,0.68337,0.52381,68.199,112.02001,100.46378,0.32444,0.17738,0.16899,0.10607,0.14334
27693,104026,Notre Dame,Fighting Irish,0.21974,0.70206,0.56996,66.24,109.74142,112.23818,0.25896,0.14304,0.1106,0.06433,0.0956
27693,103647,Georgia Tech,Yellow Jackets,0.24376,0.69617,0.57064,66.57,109.90621,102.74086,0.2842,0.14557,0.19963,0.13287,0.09554
27693,103899,Miami (FL),Hurricanes,0.27033,0.73741,0.47141,66.894,98.86963,105.5932,0.32808,0.16315,0.15906,0.09842,0.10901
27693,104303,Syracuse,Orange,0.29209,0.65977,0.56393,67.675,110.06911,103.18651,0.283,0.14354,0.17018,0.1188,0.14657
27693,103996,North Carolina,Tar Heels,0.40913,0.73596,0.55306,70.432,106.77988,99.28913,0.34173,0.16795,0.16959,0.10029,0.12816
38409,103966,NC State,Wolfpack,0.28804,0.67467,0.51571,64.366,107.71672,108.9646,0.32258,0.12563,0.16208,0.09998,0.10155
41097,103647,Georgia Tech,Yellow Jackets,0.29946,0.69348,0.59853,70.015,104.94668,110.13207,0.33315,0.16371,0.13508,0.08629,0.11359
38409,103899,Miami (FL),Hurricanes,0.28227,0.69231,0.46996,66.221,110.85229,120.80676,0.26393,0.14109,0.13253,0.09623,0.0961
30629,103616,Florida St.,Seminoles,0.31598,0.68969,0.55695,67.286,104.67555,106.05474,0.30293,0.15639,0.18258,0.12537,0.14789
41097,103363,Boston College,Eagles,0.28303,0.71378,0.47432,65.098,101.92279,106.84825,0.32397,0.13441,0.12972,0.07301,0.11584
41097,104026,Notre Dame,Fighting Irish,0.31239,0.73333,0.47441,65.356,112.10967,113.42118,0.34074,0.14682,0.12403,0.06729,0.07348
38409,103363,Boston College,Eagles,0.2883,0.70009,0.45338,65.479,104.54513,112.54652,0.31474,0.15145,0.13603,0.07772,0.10476
33533,103616,Florida St.,Seminoles,0.25933,0.6855,0.53616,67.335,102.98332,113.19347,0.3038,0.15683,0.1499,0.0918,0.11271
30629,104099,Pittsburgh,Panthers,0.30451,0.73867,0.52148,62.925,97.78511,108.16453,0.39387,0.18531,0.1472,0.08529,0.12362
38409,104405,Virginia,Cavaliers,0.2236,0.70341,0.63599,60.438,107.18588,110.49504,0.26389,0.14876,0.13672,0.09102,0.1131
33533,103831,Louisville,Cardinals,0.28215,0.69991,0.4176,65.669,97.36262,115.39802,0.32882,0.1972,0.13334,0.0691,0.08014
38409,104413,Wake Forest,Demon Deacons,0.26792,0.68458,0.45823,66.248,105.94735,102.69252,0.36139,0.14913,0.16969,0.10836,0.12676
36046,104303,Syracuse,Orange,0.24732,0.68614,0.50057,70.832,107.73761,106.767,0.33107,0.1423,0.1746,0.12754,0.10471
36046,103831,Louisville,Cardinals,0.28142,0.72475,0.44556,69.016,103.91713,114.11039,0.38843,0.16039,0.14428,0.07845,0.07217
33533,104026,Notre Dame,Fighting Irish,0.19571,0.73477,0.4679,64.239,107.91473,111.79132,0.23279,0.12226,0.12091,0.07283,0.07317
38409,103616,Florida St.,Seminoles,0.2969,0.6821,0.5,68.594,108.14191,105.23755,0.39391,0.15414,0.16561,0.11018,0.14087
36046,103899,Miami (FL),Hurricanes,0.28749,0.71369,0.51069,68.675,109.87339,106.79113,0.24643,0.15087,0.14529,0.10397,0.09276
30629,103831,Louisville,Cardinals,0.27288,0.75177,0.4805,66.446,100.5184,104.67166,0.2508,0.15762,0.14515,0.09153,0.06754
38409,104099,Pittsburgh,Panthers,0.29047,0.7014,0.51439,65.361,115.18547,107.54756,0.34198,0.13028,0.16089,0.11049,0.125
33533,104303,Syracuse,Orange,0.29917,0.66358,0.52698,67.023,109.73846,107.93416,0.30643,0.14861,0.15937,0.11157,0.15692
38409,104407,Virginia Tech,Hokies,0.31011,0.70774,0.51465,64.639,105.74874,111.86525,0.30821,0.17557,0.14293,0.08335,0.05789
30629,103647,Georgia Tech,Yellow Jackets,0.25771,0.71979,0.5322,67.333,100.30464,103.45773,0.24652,0.16845,0.16669,0.11343,0.07244
36046,103647,Georgia Tech,Yellow Jackets,0.31611,0.71537,0.52469,66.601,104.96517,111.2021,0.29158,0.15329,0.1117,0.06468,0.10693
41097,104303,Syracuse,Orange,0.29244,0.66377,0.47133,66.576,110.49511,109.39016,0.35128,0.14014,0.14948,0.09143,0.15378
30629,103966,NC State,Wolfpack,0.30184,0.68908,0.43932,66.663,107.40901,111.22534,0.29094,0.12507,0.16091,0.10335,0.09617
41097,104407,Virginia Tech,Hokies,0.31888,0.67436,0.52392,66.303,115.65681,109.92214,0.3402,0.13007,0.14932,0.09398,0.08673
36046,104099,Pittsburgh,Panthers,0.31023,0.76238,0.51775,65.63,115.20084,103.05742,0.30515,0.11582,0.14913,0.09606,0.13009
41097,103616,Florida St.,Seminoles,0.30769,0.6594,0.52497,70.271,114.36214,110.9123,0.34683,0.13253,0.16334,0.11246,0.11611
33533,103647,Georgia Tech,Yellow Jackets,0.28867,0.69663,0.54152,66.201,104.92902,106.47947,0.23626,0.13538,0.14125,0.0901,0.10643
41097,103996,North Carolina,Tar Heels,0.31173,0.72227,0.57189,67.33,117.96556,105.99414,0.37099,0.12179,0.11861,0.08013,0.08454
36046,103616,Florida St.,Seminoles,0.28523,0.67196,0.44961,70.644,107.94553,107.60366,0.36842,0.14463,0.18085,0.13077,0.12147
33533,104405,Virginia,Cavaliers,0.2561,0.75119,0.65448,61.269,110.22182,98.34723,0.34731,0.12172,0.17379,0.11066,0.13786
41097,104290,Stanford,Cardinal,0.3247,0.70225,0.45828,66.218,114.3389,109.77994,0.35457,0.13397,0.15892,0.11696,0.10505
30629,103470,Clemson,Tigers,0.25803,0.7588,0.55229,65.378,108.88675,103.91853,0.29764,0.14697,0.15176,0.0897,0.07223
41097,104099,Pittsburgh,Panthers,0.33882,0.71923,0.52278,63.303,110.55466,112.59757,0.30384,0.147,0.14432,0.1031,0.09515
33533,104413,Wake Forest,Demon Deacons,0.24842,0.73368,0.50569,68.747,110.59442,106.52588,0.32111,0.15479,0.15343,0.0868,0.07371
33533,103363,Boston College,Eagles,0.275,0.71689,0.50427,65.421,101.0,106.51662,0.27336,0.16179,0.16134,0.09643,0.10369
36046,104026,Notre Dame,Fighting Irish,0.28421,0.73339,0.45148,63.578,99.58016,104.43428,0.27851,0.16785,0.13287,0.08862,0.06623
30629,103363,Boston College,Eagles,0.30034,0.74261,0.50369,64.271,102.59761,104.40898,0.29589,0.15498,0.16849,0.11116,0.0863
33533,103996,North Carolina,Tar Heels,0.30446,0.76702,0.45843,67.936,110.05267,102.43566,0.37006,0.1326,0.13294,0.07731,0.09336
30629,104303,Syracuse,Orange,0.29181,0.67894,0.52678,67.181,113.01685,109.65247,0.2829,0.13432,0.14346,0.10252,0.116
38409,104303,Syracuse,Orange,0.31379,0.73883,0.49944,67.434,108.26461,112.74634,0.33147,0.1557,0.12489,0.0709,0.0677
38409,104026,Notre Dame,Fighting Irish,0.2964,0.73952,0.44183,64.06,110.45893,110.22852,0.31763,0.1453,0.13293,0.08463,0.0511
38409,103405,California,Golden Bears,0.34745,0.71173,0.41169,66.461,110.37063,112.14081,0.38861,0.14043,0.14422,0.0922,0.09334
36046,104407,Virginia Tech,Hokies,0.25024,0.73833,0.58014,66.627,112.43426,106.51899,0.33018,0.147,0.15083,0.07926,0.06459
33533,104407,Virginia Tech,Hokies,0.25876,0.72298,0.56713,65.599,112.61727,106.45258,0.2592,0.13202,0.14312,0.07888,0.08307
33533,103966,NC State,Wolfpack,0.30411,0.73861,0.44196,68.487,113.08831,103.03316,0.25264,0.11664,0.16822,0.11353,0.11847
33533,103470,Clemson,Tigers,0.23398,0.75702,0.53949,66.67,111.23474,101.07472,0.30473,0.14706,0.14625,0.07642,0.09177
41097,103405,California,Golden Bears,0.26463,0.69695,0.53206,67.938,114.23078,107.1397,0.36391,0.13266,0.1431,0.08851,0.08655
41097,104161,SMU,Mustangs,0.35369,0.68358,0.54876,69.151,120.67179,111.88951,0.30384,0.13533,0.14517,0.10022,0.1101
41097,103966,NC State,Wolfpack,0.28159,0.69479,0.54574,68.067,120.86403,110.82052,0.35061,0.11575,0.1589,0.11683,0.10652
36046,104405,Virginia,Cavaliers,0.25623,0.71911,0.62995,60.115,103.55977,98.38178,0.25278,0.11557,0.16873,0.11507,0.15505
38409,103647,Georgia Tech,Yellow Jackets,0.30261,0.71394,0.56125,67.5,106.7099,106.10872,0.3066,0.15138,0.13833,0.08667,0.10236
38409,103470,Clemson,Tigers,0.33744,0.69584,0.52043,63.753,116.72761,100.92921,0.2833,0.1366,0.17374,0.11333,0.10025
41097,103831,Louisville,Cardinals,0.32809,0.72546,0.59581,69.523,121.19337,104.30274,0.3313,0.14587,0.14742,0.09743,0.09062
38409,104290,Stanford,Cardinal,0.30858,0.71603,0.53906,65.577,112.01717,107.87807,0.29869,0.13578,0.15355,0.10333,0.10008
38409,104161,SMU,Mustangs,0.36303,0.70139,0.56061,68.011,117.50271,104.81561,0.36684,0.14818,0.15509,0.11803,0.10738
41097,103899,Miami (FL),Hurricanes,0.37189,0.74112,0.54362,67.865,120.11226,104.99824,0.37148,0.13813,0.16321,0.11644,0.09806
38409,103831,Louisville,Cardinals,0.31911,0.7293,0.5132,67.704,115.51181,102.26601,0.33716,0.14144,0.16335,0.09365,0.08104
30629,104405,Virginia,Cavaliers,0.27804,0.71224,0.60343,58.909,105.54947,101.68319,0.28132,0.14218,0.15934,0.09648,0.12945
41097,103470,Clemson,Tigers,0.28103,0.73724,0.50339,63.72,114.95344,104.00126,0.36735,0.1239,0.15496,0.09754,0.09091
36046,104413,Wake Forest,Demon Deacons,0.26358,0.74217,0.44318,67.286,115.22684,104.2649,0.31978,0.13867,0.14633,0.0874,0.10985
41097,104413,Wake Forest,Demon Deacons,0.30076,0.67025,0.53454,67.547,115.46491,112.70279,0.35209,0.13695,0.15335,0.11286,0.11222
30629,104413,Wake Forest,Demon Deacons,0.26754,0.7387,0.53885,69.916,110.75689,98.7908,0.33613,0.17344,0.15636,0.09162,0.10097
30629,104026,Notre Dame,Fighting Irish,0.22411,0.7516,0.53779,64.747,110.50536,102.1957,0.2666,0.14205,0.13353,0.07903,0.04818
36046,103549,Duke,Blue Devils,0.32131,0.74109,0.5488,65.818,119.43786,100.7414,0.34328,0.12554,0.14984,0.09921,0.09836
33533,104099,Pittsburgh,Panthers,0.29498,0.71363,0.54731,66.673,112.6566,104.57399,0.32869,0.14378,0.14439,0.07679,0.11431
33533,103549,Duke,Blue Devils,0.3591,0.74017,0.56197,64.212,111.73976,98.7207,0.29923,0.15557,0.14552,0.08779,0.12182
30629,104407,Virginia Tech,Hokies,0.27854,0.7378,0.55198,62.346,113.17589,100.38866,0.24483,0.15123,0.16629,0.0853,0.09344
36046,103470,Clemson,Tigers,0.27235,0.73448,0.53784,66.335,115.81728,106.58516,0.30733,0.13133,0.12254,0.06878,0.10944
36046,103363,Boston College,Eagles,0.27258,0.73697,0.51833,66.412,110.78244,107.45938,0.25012,0.13583,0.13941,0.08795,0.09394
41097,104405,Virginia,Cavaliers,0.37879,0.70821,0.58292,64.972,121.70041,104.13454,0.32325,0.13506,0.13376,0.09568,0.17398
36046,103996,North Carolina,Tar Heels,0.32969,0.7634,0.51243,69.659,117.24292,100.84747,0.36246,0.12164,0.1326,0.08263,0.10314
33533,103899,Miami (FL),Hurricanes,0.31788,0.71225,0.50567,67.474,116.76834,106.22925,0.30703,0.14105,0.15905,0.10743,0.08443
30629,103899,Miami (FL),Hurricanes,0.22398,0.69709,0.5183,66.695,110.49833,105.12688,0.28839,0.12758,0.17862,0.13187,0.09015
38409,103996,North Carolina,Tar Heels,0.29123,0.73054,0.51653,69.142,115.97575,107.27853,0.34753,0.13376,0.13528,0.08569,0.09609
41097,103549,Duke,Blue Devils,0.38418,0.7477,0.58758,65.544,124.54401,97.0817,0.38217,0.13624,0.15206,0.11229,0.10548
38409,103549,Duke,Blue Devils,0.34016,0.72746,0.58636,65.113,127.8258,96.40097,0.32853,0.12169,0.14857,0.10282,0.10851
30629,103549,Duke,Blue Devils,0.31636,0.7103,0.5544,67.028,119.04868,100.78336,0.28638,0.13098,0.13571,0.0949,0.13386
30629,103996,North Carolina,Tar Heels,0.3186,0.78446,0.54089,68.93,111.9339,102.42799,0.30303,0.14285,0.12295,0.07408,0.09739
36046,103966,NC State,Wolfpack,0.28136,0.70879,0.47986,67.097,111.3657,105.65556,0.31977,0.12157,0.15447,0.10654,0.0973
27693,104197,San Diego,Toreros,0.20896,0.74375,0.52557,71.056,92.36152,107.50602,0.2562,0.16334,0.16456,0.09398,0.08541
27693,104067,Pacific,Tigers,0.29027,0.76298,0.48643,67.265,101.61912,102.91363,0.2763,0.1498,0.16531,0.09409,0.10287
27693,104203,Santa Clara,Broncos,0.23446,0.75672,0.49383,70.548,98.72659,100.07319,0.40589,0.16443,0.15211,0.06205,0.10091
27693,104104,Portland,Pilots,0.18674,0.68444,0.5123,71.52,96.56774,115.69597,0.35889,0.17522,0.17138,0.0873,0.07912
27693,103835,LMU (CA),Lions,0.32544,0.79197,0.53333,66.246,104.31945,102.06795,0.41325,0.20568,0.16021,0.07053,0.07733
27693,104185,Saint Mary's (CA),Gaels,0.26169,0.78212,0.4573,64.475,99.65158,97.13121,0.27573,0.15367,0.16646,0.09287,0.07822
27693,104201,San Francisco,Dons,0.24724,0.75467,0.45595,68.204,104.74383,101.57689,0.21481,0.1499,0.17932,0.10503,0.08394
27693,103320,BYU,Cougars,0.287,0.76894,0.56186,68.943,111.74685,98.18251,0.2755,0.1649,0.14264,0.06565,0.07183
27693,104090,Pepperdine,Waves,0.24179,0.73381,0.5914,70.688,106.79517,102.26821,0.31798,0.16195,0.16573,0.09046,0.08532
27249,104090,Pepperdine,Waves,0.3408,0.71069,0.5937,61.848,95.42982,106.08865,0.3677,0.18212,0.14099,0.07512,0.08517
30629,103835,LMU (CA),Lions,0.2465,0.72644,0.44986,66.144,103.89136,111.0242,0.32025,0.17599,0.16681,0.08189,0.04931
30629,104067,Pacific,Tigers,0.22744,0.77778,0.4831,68.153,96.24398,106.27751,0.31871,0.15913,0.1717,0.09354,0.07857
27249,104203,Santa Clara,Broncos,0.30605,0.67044,0.53556,65.817,104.72298,112.75927,0.33238,0.14777,0.15921,0.07593,0.0865
27168,104090,Pepperdine,Waves,0.32054,0.67166,0.53492,62.615,98.59903,105.82508,0.34107,0.19858,0.15146,0.0882,0.05967
36046,103835,LMU (CA),Lions,0.29691,0.73321,0.4601,64.924,111.49531,110.00473,0.28978,0.14156,0.11401,0.05678,0.06538
27043,104090,Pepperdine,Waves,0.30664,0.68007,0.55369,65.519,108.17595,110.18647,0.38859,0.15986,0.13278,0.0726,0.11102
27168,104201,San Francisco,Dons,0.24659,0.70798,0.50529,65.553,105.91367,104.93344,0.3595,0.16248,0.15322,0.08294,0.05422
27249,104104,Portland,Pilots,0.3163,0.67625,0.50899,66.848,96.98945,113.28252,0.33767,0.19916,0.14791,0.06949,0.07325
27249,104197,San Diego,Toreros,0.26595,0.67618,0.56586,66.177,100.93368,105.7886,0.36286,0.18158,0.18145,0.10021,0.08786
30629,104197,San Diego,Toreros,0.26975,0.74294,0.4,66.337,98.45496,100.6257,0.25765,0.16208,0.14657,0.07573,0.0861
33533,104197,San Diego,Toreros,0.28676,0.70664,0.46879,69.081,110.75735,115.5749,0.3119,0.14227,0.16119,0.09571,0.05184
33533,103835,LMU (CA),Lions,0.30943,0.75912,0.4399,67.725,109.88828,106.59398,0.31076,0.16019,0.14762,0.07953,0.07338
33533,104090,Pepperdine,Waves,0.26143,0.70704,0.52227,72.563,105.74354,110.24978,0.26839,0.16809,0.14266,0.07346,0.08897
27043,104104,Portland,Pilots,0.32133,0.70701,0.58272,65.79,111.40258,106.90243,0.39483,0.14921,0.14675,0.08822,0.10922
30629,103652,Gonzaga,Bulldogs,0.29123,0.7658,0.55311,72.61,120.07644,91.19784,0.30639,0.13993,0.14395,0.08812,0.1343
38409,103835,LMU (CA),Lions,0.2286,0.6971,0.51523,67.288,105.84185,106.35272,0.2848,0.13675,0.13987,0.0861,0.10269
41097,104427,Washington St.,Cougars,0.30134,0.72033,0.51809,67.749,112.31797,114.39366,0.30664,0.16675,0.12897,0.08282,0.07711
27043,103835,LMU (CA),Lions,0.33133,0.64385,0.4821,68.567,106.45892,112.0429,0.36169,0.14905,0.16911,0.10293,0.09147
27168,104104,Portland,Pilots,0.33978,0.70102,0.55064,64.251,94.52199,106.05261,0.35284,0.19525,0.15666,0.09102,0.1069
27693,103652,Gonzaga,Bulldogs,0.30071,0.76219,0.557,72.925,124.25815,95.18917,0.35725,0.1448,0.17401,0.10856,0.06907
30629,104090,Pepperdine,Waves,0.26706,0.69435,0.58395,70.442,96.09259,109.16611,0.238,0.1804,0.15948,0.07962,0.06073
36046,104067,Pacific,Tigers,0.19035,0.67273,0.58207,67.476,95.16985,117.31947,0.3689,0.15546,0.14593,0.09009,0.05674
41097,104090,Pepperdine,Waves,0.31283,0.66545,0.55955,67.891,105.59632,116.28384,0.33086,0.15929,0.14247,0.08803,0.07679
41097,103835,LMU (CA),Lions,0.2712,0.68885,0.49355,67.089,109.39218,106.16935,0.31274,0.1532,0.14699,0.09075,0.10889
38409,104104,Portland,Pilots,0.24116,0.70553,0.61615,68.094,105.46564,116.31043,0.31579,0.16274,0.1182,0.06742,0.08128
36046,104090,Pepperdine,Waves,0.29069,0.74665,0.50461,67.182,108.38878,110.19301,0.3264,0.14395,0.15225,0.07622,0.0707
36046,104197,San Diego,Toreros,0.27515,0.68589,0.50883,70.553,102.73827,109.52449,0.32002,0.16224,0.16228,0.10299,0.10815
38409,104197,San Diego,Toreros,0.30071,0.68459,0.45854,70.009,100.16062,113.79528,0.30556,0.16135,0.16387,0.10638,0.10234
41097,104185,Saint Mary's (CA),Gaels,0.37696,0.76167,0.57816,64.819,119.30599,99.53074,0.3585,0.14237,0.1376,0.08559,0.09827
27043,104203,Santa Clara,Broncos,0.29195,0.6723,0.51142,64.316,109.83587,109.13179,0.37992,0.13204,0.16005,0.0939,0.1041
27249,104185,Saint Mary's (CA),Gaels,0.35837,0.73675,0.60677,63.71,116.89789,97.99142,0.38487,0.15316,0.16205,0.10739,0.07774
27249,103652,Gonzaga,Bulldogs,0.34586,0.72077,0.55286,65.328,112.56947,96.3957,0.46149,0.1714,0.16976,0.10262,0.08537
30629,104203,Santa Clara,Broncos,0.23377,0.73777,0.52526,69.934,110.07756,102.43688,0.27588,0.14767,0.14505,0.08464,0.08776
36046,104203,Santa Clara,Broncos,0.34582,0.74114,0.54496,68.334,112.12489,105.32141,0.3125,0.15753,0.12901,0.06961,0.07114
36046,104104,Portland,Pilots,0.24084,0.72155,0.53995,67.682,105.26412,116.95022,0.30724,0.15508,0.11609,0.06069,0.06228
41097,104067,Pacific,Tigers,0.35774,0.7528,0.58046,64.724,111.89418,105.924,0.29834,0.16915,0.1385,0.08326,0.07143
33533,104104,Portland,Pilots,0.24632,0.69991,0.58373,69.513,111.0199,112.23134,0.42134,0.16169,0.14925,0.07069,0.06499
33533,104067,Pacific,Tigers,0.23401,0.69251,0.48272,69.374,108.46701,111.19819,0.33906,0.14988,0.16001,0.07758,0.07347
38409,104067,Pacific,Tigers,0.29543,0.72654,0.51404,66.802,103.32338,112.5527,0.32608,0.16711,0.1376,0.08476,0.08267
41097,104201,San Francisco,Dons,0.31694,0.71589,0.56166,65.592,112.97931,110.68671,0.39392,0.14023,0.12688,0.08038,0.07814
33533,104203,Santa Clara,Broncos,0.3,0.76023,0.50054,69.784,108.97129,103.6043,0.29812,0.15301,0.14807,0.08405,0.1
38409,104056,Oregon St.,Beavers,0.32238,0.71802,0.54817,63.551,118.62292,107.30754,0.38082,0.14701,0.14801,0.10133,0.09292
41097,104197,San Diego,Toreros,0.29141,0.66263,0.59955,67.831,108.57521,113.52249,0.25742,0.15688,0.16563,0.11427,0.07962
27043,104201,San Francisco,Dons,0.33363,0.70254,0.55633,65.223,112.99955,107.87361,0.44365,0.14911,0.15202,0.08085,0.07191
41097,104056,Oregon St.,Beavers,0.26767,0.67876,0.61178,64.534,108.56171,113.18726,0.4311,0.15887,0.13233,0.08398,0.10717
30629,104185,Saint Mary's (CA),Gaels,0.27825,0.779,0.51577,64.165,108.63482,94.47104,0.23969,0.15252,0.17473,0.10733,0.06565
27043,104067,Pacific,Tigers,0.32524,0.72579,0.50475,65.872,110.5035,112.23846,0.40392,0.15721,0.15487,0.07686,0.05566
30629,104201,San Francisco,Dons,0.30424,0.76261,0.46928,69.497,110.89668,97.15055,0.28973,0.15718,0.16408,0.1101,0.11609
30629,104104,Portland,Pilots,0.24465,0.73869,0.5676,70.471,104.95629,102.04546,0.35048,0.1657,0.15425,0.07135,0.06836
33533,103320,BYU,Cougars,0.31803,0.76081,0.54874,69.543,108.21078,100.12026,0.32371,0.17333,0.1735,0.10633,0.11337
38409,104427,Washington St.,Cougars,0.31117,0.66399,0.59298,70.135,112.10192,111.60053,0.32725,0.18001,0.14715,0.09096,0.12741
27168,104197,San Diego,Toreros,0.31267,0.66429,0.50128,63.583,101.71175,103.77813,0.36915,0.17991,0.17658,0.09423,0.10226
27249,104201,San Francisco,Dons,0.30439,0.72813,0.51876,68.224,109.68614,103.35233,0.3826,0.16304,0.20171,0.12234,0.05316
33533,104201,San Francisco,Dons,0.28901,0.73143,0.49377,68.764,110.01316,105.97949,0.32152,0.17221,0.16014,0.09787,0.06714
36046,104185,Saint Mary's (CA),Gaels,0.39437,0.77932,0.58761,62.416,117.6946,94.16503,0.2845,0.13319,0.15218,0.10396,0.10277
36046,104201,San Francisco,Dons,0.29493,0.75996,0.55678,66.998,115.17941,98.57579,0.23337,0.14815,0.1828,0.12164,0.10428
41097,104104,Portland,Pilots,0.29273,0.68574,0.62073,68.816,107.34234,113.23981,0.35542,0.17118,0.14799,0.0855,0.08959
27168,103835,LMU (CA),Lions,0.33414,0.68361,0.47724,64.858,98.76723,104.86729,0.34621,0.16938,0.18324,0.1099,0.07143
38409,104203,Santa Clara,Broncos,0.32679,0.73323,0.59495,68.645,118.06698,105.14149,0.28442,0.14577,0.14731,0.09382,0.08286
27249,103835,LMU (CA),Lions,0.32889,0.66423,0.4897,66.521,104.66284,100.26195,0.3719,0.17018,0.17974,0.11024,0.08089
27043,104197,San Diego,Toreros,0.29964,0.6962,0.50245,62.709,107.61774,104.01833,0.4,0.16278,0.1552,0.09226,0.1112
27168,103652,Gonzaga,Bulldogs,0.37835,0.70722,0.55151,64.136,120.1022,93.32867,0.40176,0.14725,0.18211,0.12335,0.08205
27249,103320,BYU,Cougars,0.30578,0.73516,0.6131,71.829,108.47155,93.79388,0.36732,0.16247,0.19248,0.11771,0.11892
36046,103652,Gonzaga,Bulldogs,0.339,0.72457,0.52232,68.402,123.5968,101.08289,0.30527,0.12239,0.14005,0.09716,0.09825
38409,104090,Pepperdine,Waves,0.28215,0.70565,0.6013,68.122,107.37055,112.44548,0.31442,0.14017,0.13438,0.08911,0.07289
27043,104185,Saint Mary's (CA),Gaels,0.36146,0.70487,0.52503,62.297,114.34135,104.74436,0.4802,0.15664,0.16211,0.09284,0.08864
27168,104185,Saint Mary's (CA),Gaels,0.37148,0.75324,0.55165,63.327,117.33758,99.04011,0.36772,0.15588,0.16209,0.0965,0.07556
38409,104201,San Francisco,Dons,0.29321,0.72496,0.52314,67.747,111.7828,101.69713,0.34343,0.14821,0.15969,0.09739,0.09198
41097,104203,Santa Clara,Broncos,0.36356,0.6824,0.55273,68.039,121.38727,106.78398,0.24978,0.12916,0.17685,0.1311,0.10658
41097,103652,Gonzaga,Bulldogs,0.34797,0.74277,0.57462,68.978,121.75766,95.59008,0.30971,0.11778,0.17679,0.12066,0.11063
41097,104209,Seattle U,Redhawks,0.25476,0.69424,0.53559,67.645,106.26975,99.07287,0.34592,0.14809,0.18726,0.11877,0.139
30629,103320,BYU,Cougars,0.30921,0.77322,0.53438,67.799,108.74916,100.08772,0.26464,0.15826,0.1385,0.07104,0.08645
38409,104185,Saint Mary's (CA),Gaels,0.39788,0.75714,0.56277,62.387,115.99942,97.21943,0.30891,0.12473,0.14689,0.09714,0.10566
33533,104185,Saint Mary's (CA),Gaels,0.32861,0.78139,0.49437,62.419,111.99735,95.33135,0.32018,0.14346,0.17555,0.10789,0.09927
38409,103652,Gonzaga,Bulldogs,0.32544,0.73103,0.62365,68.947,123.98465,100.32753,0.30651,0.11743,0.15894,0.10674,0.08267
27043,103320,BYU,Cougars,0.34708,0.71725,0.53755,72.026,114.22777,105.459,0.48262,0.12971,0.14836,0.09786,0.073
27043,103652,Gonzaga,Bulldogs,0.3057,0.70379,0.54012,65.981,116.23682,99.8601,0.40397,0.15343,0.15104,0.09892,0.10231
27168,103320,BYU,Cougars,0.32653,0.72434,0.57558,69.889,110.37281,99.44284,0.35512,0.14585,0.16993,0.11563,0.06632
33533,103652,Gonzaga,Bulldogs,0.31393,0.7483,0.50673,70.668,121.47746,103.48645,0.33655,0.13159,0.16361,0.10197,0.09277
27168,104203,Santa Clara,Broncos,0.33558,0.66641,0.57732,66.633,110.91943,101.1105,0.36583,0.15516,0.18847,0.1179,0.11931
27693,103593,FGCU,Eagles,0.30101,0.7193,0.50932,71.347,100.60434,96.71099,0.24067,0.17547,0.17594,0.105,0.11224
27693,103334,Bellarmine,Knights,0.27159,0.73077,0.5561,64.57,115.02619,102.4958,0.28489,0.15238,0.20571,0.11265,0.08319
27693,104001,North Florida,Ospreys,0.26667,0.65591,0.52105,67.416,103.25231,111.24937,0.25351,0.19446,0.13554,0.06588,0.07692
27693,103762,Kennesaw St.,Owls,0.25534,0.76239,0.45534,68.367,95.74497,101.90044,0.29581,0.18168,0.16625,0.08435,0.06719
27693,103743,Jacksonville,Dolphins,0.25152,0.70344,0.4662,68.239,98.52562,101.31981,0.34015,0.18435,0.1834,0.0994,0.07429
27693,103995,North Ala.,Lions,0.29399,0.76598,0.4359,70.033,103.39761,98.09819,0.29101,0.16805,0.17772,0.08294,0.09686
27168,104011,Northern Ky.,Norse,0.252,0.68311,0.61483,59.368,98.6939,102.74896,0.28393,0.16727,0.18306,0.10322,0.06068
27693,103821,Lipscomb,Bisons,0.23556,0.73499,0.52984,67.239,105.38079,101.32346,0.33691,0.15978,0.16503,0.09122,0.05755
27693,104293,Stetson,Hatters,0.29583,0.73449,0.53857,67.18,105.15395,103.56981,0.27599,0.16708,0.16429,0.1029,0.07613
27693,103811,Liberty,Flames,0.24065,0.78061,0.58568,63.525,117.08664,94.39669,0.23738,0.14018,0.16375,0.07297,0.07136
33533,103743,Jacksonville,Dolphins,0.25172,0.75176,0.5481,60.92,103.98048,102.79181,0.23239,0.16589,0.13655,0.08388,0.08508
27249,104293,Stetson,Hatters,0.33464,0.6584,0.5929,70.914,100.28296,109.21194,0.34337,0.21198,0.16108,0.08967,0.06582
27043,103743,Jacksonville,Dolphins,0.32731,0.64752,0.51984,69.637,106.79231,114.1639,0.4332,0.16575,0.16485,0.1057,0.09178
27043,103821,Lipscomb,Bisons,0.26527,0.68762,0.57909,69.765,107.84684,111.5902,0.47562,0.15602,0.17542,0.09556,0.05918
27249,103743,Jacksonville,Dolphins,0.36297,0.65005,0.51416,65.787,98.03667,109.19205,0.35012,0.18731,0.18212,0.11066,0.09924
30629,103995,North Ala.,Lions,0.27745,0.71267,0.40426,69.094,99.56445,98.36833,0.22952,0.14552,0.18507,0.09826,0.09386
41097,103995,North Ala.,Lions,0.31524,0.68712,0.41088,64.614,106.51936,119.10522,0.37759,0.14847,0.13057,0.10075,0.11403
27043,104011,Northern Ky.,Norse,0.28401,0.67842,0.47443,63.17,106.52598,115.22942,0.35723,0.15673,0.1472,0.08498,0.08566
27168,103821,Lipscomb,Bisons,0.36094,0.68537,0.48117,69.82,98.02934,108.44997,0.44615,0.19954,0.16327,0.0985,0.05108
30629,104293,Stetson,Hatters,0.29588,0.73152,0.5634,66.275,103.39448,106.06592,0.24845,0.16466,0.15372,0.10451,0.08437
27168,103762,Kennesaw St.,Owls,0.30654,0.66857,0.48447,63.39,94.3176,110.74978,0.37352,0.18099,0.18811,0.109,0.04854
27043,103762,Kennesaw St.,Owls,0.31743,0.64899,0.48588,67.089,96.93404,110.78176,0.3747,0.20194,0.16361,0.08805,0.07937
27168,104293,Stetson,Hatters,0.31505,0.69452,0.65365,67.806,103.71081,105.51861,0.34878,0.20154,0.15292,0.0784,0.06436
27249,103551,ETSU,Buccaneers,0.36799,0.65514,0.42057,65.78,102.8841,98.91193,0.39243,0.17012,0.22325,0.15592,0.10179
38409,104444,West Ga.,Wolves,0.26246,0.70825,0.52055,68.053,101.43947,114.99633,0.28571,0.14437,0.15016,0.10273,0.09172
41097,103315,Austin Peay,Governors,0.30479,0.71138,0.57437,69.62,117.22567,105.13243,0.37654,0.13374,0.17086,0.13265,0.07036
30629,103743,Jacksonville,Dolphins,0.33566,0.77237,0.50391,61.812,108.16573,95.58711,0.2966,0.15434,0.16277,0.10549,0.06757
33533,103315,Austin Peay,Governors,0.28032,0.69401,0.52086,65.548,101.31455,109.8432,0.27654,0.15347,0.17909,0.10772,0.08777
33533,103744,Jacksonville St.,Gamecocks,0.30372,0.75094,0.51004,65.36,106.47309,107.06297,0.32786,0.17366,0.1536,0.08426,0.08035
36046,103562,Eastern Ky.,Colonels,0.34923,0.69212,0.494,70.463,114.17232,108.10805,0.3151,0.1356,0.13536,0.08957,0.14537
27043,104293,Stetson,Hatters,0.27746,0.63518,0.54173,62.911,97.45855,114.5494,0.36241,0.16868,0.16094,0.08853,0.10731
30629,104001,North Florida,Ospreys,0.26208,0.64023,0.54345,67.661,100.45387,104.33203,0.29834,0.18682,0.14524,0.08151,0.10909
30629,103431,Central Ark.,Bears,0.2736,0.7043,0.51508,71.747,101.20015,112.17204,0.22653,0.16438,0.14809,0.09403,0.08023
36046,103334,Bellarmine,Knights,0.22643,0.71754,0.52698,65.512,105.16546,113.32275,0.22428,0.12828,0.13289,0.08009,0.05923
36046,103762,Kennesaw St.,Owls,0.30744,0.70488,0.50661,73.894,111.20757,108.43604,0.33514,0.13805,0.15608,0.09882,0.10733
38409,103334,Bellarmine,Knights,0.21178,0.714,0.53931,66.221,108.82342,120.03436,0.25473,0.16065,0.13532,0.09574,0.0555
33533,103431,Central Ark.,Bears,0.28443,0.69857,0.46944,71.363,100.98261,112.86292,0.24258,0.15811,0.14812,0.09014,0.08208
27249,103821,Lipscomb,Bisons,0.31213,0.65053,0.54613,70.095,101.54054,104.30324,0.34233,0.17976,0.18175,0.10255,0.06951
30629,103762,Kennesaw St.,Owls,0.30912,0.72917,0.52471,67.11,109.69879,104.3534,0.29684,0.15542,0.17324,0.10434,0.08269
33533,104001,North Florida,Ospreys,0.26099,0.67976,0.48387,67.919,110.44898,112.4121,0.27693,0.15492,0.1251,0.072,0.08439
27249,103762,Kennesaw St.,Owls,0.28717,0.62998,0.54124,63.428,95.71747,116.15714,0.31892,0.18431,0.16855,0.09578,0.05126
30629,103562,Eastern Ky.,Colonels,0.29908,0.68897,0.54791,71.633,108.4573,102.71882,0.21318,0.13379,0.2068,0.13971,0.10053
33533,104293,Stetson,Hatters,0.30217,0.7217,0.50058,64.573,116.13467,111.54977,0.24785,0.13755,0.13384,0.07751,0.08769
27168,104001,North Florida,Ospreys,0.30605,0.62291,0.57798,65.573,101.07942,106.51226,0.29725,0.19195,0.15874,0.09303,0.08518
36046,103821,Lipscomb,Bisons,0.23575,0.71678,0.48438,69.829,117.51892,109.55305,0.2739,0.12832,0.14269,0.08759,0.08723
27043,104001,North Florida,Ospreys,0.33984,0.69747,0.50824,68.147,105.8823,108.57732,0.40807,0.18668,0.13786,0.07653,0.09333
27168,103551,ETSU,Buccaneers,0.27709,0.65058,0.45621,64.957,95.5556,109.45286,0.31639,0.17496,0.18405,0.09726,0.07086
36046,103593,FGCU,Eagles,0.30038,0.71809,0.45345,64.357,108.97428,110.08675,0.27628,0.15119,0.1382,0.09313,0.10256
36046,103431,Central Ark.,Bears,0.29719,0.70209,0.53488,69.251,103.78962,112.46497,0.28804,0.15528,0.14221,0.10153,0.09367
41097,104001,North Florida,Ospreys,0.26786,0.62941,0.50569,70.889,111.84188,123.87355,0.28775,0.15323,0.11764,0.07129,0.03403
41097,103821,Lipscomb,Bisons,0.2702,0.7027,0.63227,69.615,113.97837,108.34428,0.25748,0.14115,0.15865,0.09988,0.07692
27249,103593,FGCU,Eagles,0.33983,0.64292,0.52005,67.385,106.11308,106.11308,0.33666,0.18702,0.17503,0.11986,0.11101
33533,103593,FGCU,Eagles,0.27215,0.71581,0.50807,65.476,107.97562,105.22887,0.27495,0.15008,0.15375,0.1036,0.09594
38409,104293,Stetson,Hatters,0.24977,0.6605,0.46708,67.991,104.57339,118.93911,0.33812,0.16638,0.1142,0.07554,0.08101
41097,103334,Bellarmine,Knights,0.23146,0.66732,0.53363,64.986,122.19598,124.72483,0.34578,0.14054,0.1349,0.09337,0.05978
41097,103743,Jacksonville,Dolphins,0.33586,0.71992,0.46228,64.53,112.39343,112.87395,0.33551,0.14558,0.13875,0.1019,0.08393
30629,103744,Jacksonville St.,Gamecocks,0.29665,0.73475,0.54654,65.763,110.51662,101.02901,0.30846,0.17041,0.15401,0.09362,0.08754
36046,104001,North Florida,Ospreys,0.25471,0.71674,0.46879,67.945,113.46943,110.33265,0.28273,0.14379,0.13259,0.08156,0.08612
38409,104001,North Florida,Ospreys,0.28743,0.66554,0.55191,71.838,113.98448,116.60728,0.24329,0.13208,0.12762,0.08688,0.07104
41097,104444,West Ga.,Wolves,0.31897,0.70796,0.45083,69.094,109.52505,113.86135,0.29121,0.13607,0.13097,0.09264,0.13001
27168,103743,Jacksonville,Dolphins,0.33103,0.68081,0.53488,68.19,98.41279,103.7824,0.36264,0.18689,0.181,0.09675,0.08511
27249,104001,North Florida,Ospreys,0.33179,0.65717,0.49809,66.257,100.68095,105.23202,0.375,0.19745,0.16969,0.08584,0.07761
36046,103995,North Ala.,Lions,0.27758,0.72444,0.4189,67.367,111.76442,111.21633,0.32833,0.12786,0.12871,0.07811,0.08272
38409,103562,Eastern Ky.,Colonels,0.34125,0.67323,0.47225,67.35,113.80318,110.01126,0.26862,0.11923,0.16123,0.12571,0.09302
41097,103562,Eastern Ky.,Colonels,0.33664,0.6901,0.53364,68.376,115.55933,117.85432,0.31191,0.14144,0.14312,0.10099,0.08959
30629,103821,Lipscomb,Bisons,0.23119,0.72403,0.59059,70.135,105.51124,109.57269,0.35054,0.16913,0.12482,0.06291,0.07075
33533,104117,Queens (NC),Royals,0.31124,0.7461,0.51936,69.609,111.61883,107.22199,0.35306,0.1525,0.14255,0.08897,0.05603
36046,104117,Queens (NC),Royals,0.29245,0.71261,0.46875,72.266,110.82759,112.92421,0.33126,0.13574,0.13956,0.09643,0.06968
27168,104376,USC Upstate,Spartans,0.36364,0.69982,0.60854,65.767,106.26403,100.70984,0.33755,0.16968,0.18319,0.10738,0.11471
30629,103334,Bellarmine,Knights,0.23885,0.71496,0.54442,62.56,111.66345,106.98266,0.21645,0.13319,0.16174,0.08922,0.05759
38409,103743,Jacksonville,Dolphins,0.35781,0.69884,0.52059,67.249,106.79506,105.94213,0.29228,0.16381,0.16513,0.11488,0.12339
36046,103743,Jacksonville,Dolphins,0.36268,0.70406,0.42515,66.916,106.9662,107.77826,0.35871,0.16254,0.16112,0.11439,0.08969
41097,104293,Stetson,Hatters,0.28201,0.68756,0.59251,67.195,109.21679,118.20212,0.3271,0.16208,0.13063,0.09243,0.05758
30629,103811,Liberty,Flames,0.22986,0.78068,0.57109,64.795,112.37214,97.19424,0.27762,0.15932,0.15735,0.08246,0.05871
33533,103334,Bellarmine,Knights,0.22143,0.72915,0.58595,61.654,106.68376,108.0984,0.25086,0.16015,0.16839,0.09008,0.05435
33533,103995,North Ala.,Lions,0.24737,0.72582,0.42377,68.168,107.51211,107.77583,0.29656,0.14478,0.14163,0.08477,0.07978
38409,103315,Austin Peay,Governors,0.26721,0.69126,0.49761,65.925,107.3518,112.35125,0.28788,0.12784,0.15299,0.10444,0.07305
33533,103821,Lipscomb,Bisons,0.26393,0.7594,0.49417,68.388,110.03971,102.27014,0.25013,0.15345,0.14663,0.07711,0.0748
38409,103431,Central Ark.,Bears,0.2937,0.71103,0.55447,66.682,102.99797,114.55081,0.2797,0.15405,0.14843,0.10779,0.0805
38409,103593,FGCU,Eagles,0.30279,0.73564,0.50964,64.335,112.18831,108.34813,0.23166,0.14102,0.12646,0.08614,0.07052
27249,104376,USC Upstate,Spartans,0.39587,0.67971,0.4955,68.135,104.33923,99.82331,0.34338,0.18017,0.21167,0.12341,0.11901
41097,103593,FGCU,Eagles,0.3261,0.72626,0.51975,67.867,112.77661,111.36208,0.28693,0.13517,0.14959,0.11266,0.11549
27043,104376,USC Upstate,Spartans,0.35333,0.69704,0.59101,65.74,109.87577,103.5707,0.37843,0.1526,0.1598,0.10017,0.10351
41097,103431,Central Ark.,Bears,0.29677,0.73766,0.57187,68.44,116.00404,107.22673,0.30071,0.13351,0.17408,0.12682,0.06724
30629,103593,FGCU,Eagles,0.31122,0.72904,0.56568,69.102,109.98262,104.31899,0.2888,0.16337,0.14168,0.09451,0.12294
36046,104293,Stetson,Hatters,0.29149,0.69219,0.48947,66.052,115.81578,110.6004,0.30151,0.13695,0.12251,0.08079,0.0803
38409,103821,Lipscomb,Bisons,0.25421,0.73441,0.55324,66.752,117.37355,101.1238,0.30467,0.12874,0.14355,0.10262,0.07784
27043,103593,FGCU,Eagles,0.29871,0.71791,0.48906,67.058,105.93183,98.9515,0.36057,0.16858,0.16196,0.08472,0.0963
27043,103551,ETSU,Buccaneers,0.28638,0.67057,0.48805,69.795,109.29753,108.24073,0.42885,0.14372,0.16871,0.10873,0.08759
27249,103335,Belmont,Bruins,0.34509,0.68095,0.62154,67.484,119.00921,99.33549,0.38401,0.15366,0.18121,0.10721,0.05689
38409,103995,North Ala.,Lions,0.33984,0.70833,0.42285,66.406,117.60843,105.56137,0.31625,0.11075,0.14809,0.1123,0.09713
41097,104117,Queens (NC),Royals,0.30017,0.66286,0.55162,69.297,121.05396,119.703,0.36523,0.1315,0.13223,0.08625,0.07899
33533,103762,Kennesaw St.,Owls,0.27851,0.7401,0.53921,68.516,108.34459,99.63907,0.35774,0.1565,0.18148,0.11367,0.08007
38409,104117,Queens (NC),Royals,0.31717,0.7086,0.5985,68.45,110.88575,107.82968,0.34812,0.15598,0.14848,0.09402,0.13835
36046,103315,Austin Peay,Governors,0.30024,0.69231,0.41233,64.663,113.69008,111.17231,0.30974,0.11408,0.14902,0.10835,0.07576
33533,103811,Liberty,Flames,0.25829,0.79432,0.60228,64.537,115.73817,94.4327,0.26181,0.14134,0.18091,0.09723,0.06822
27168,103892,Mercer,Bears,0.30707,0.67632,0.63941,61.56,106.24922,95.67359,0.35164,0.17473,0.19352,0.10689,0.12753
27043,103892,Mercer,Bears,0.33973,0.7,0.59674,64.513,118.01332,100.28635,0.38379,0.14846,0.16021,0.08788,0.11817
27168,103593,FGCU,Eagles,0.32238,0.67562,0.53586,68.441,105.39527,96.52111,0.34848,0.18283,0.19177,0.12948,0.10491
33533,103562,Eastern Ky.,Colonels,0.34079,0.71024,0.50273,70.73,109.31124,102.2092,0.24085,0.13899,0.17368,0.11135,0.12735
27249,103892,Mercer,Bears,0.33333,0.66071,0.57731,64.096,105.60098,97.40252,0.37297,0.19811,0.17404,0.10541,0.13534
27693,103563,Eastern Mich.,Eagles,0.25149,0.70715,0.44196,70.241,100.21006,107.72384,0.30269,0.15332,0.19134,0.12524,0.06977
27693,104010,NIU,Huskies,0.32667,0.68789,0.44737,66.45,93.16584,115.74911,0.23885,0.17125,0.14877,0.08671,0.10125
27693,104454,Western Mich.,Broncos,0.23455,0.71354,0.49098,67.138,93.97806,107.17045,0.25239,0.1923,0.12936,0.06669,0.05283
27693,103435,Central Mich.,Chippewas,0.28129,0.69014,0.38986,73.414,104.58812,108.67452,0.36909,0.15754,0.16328,0.11194,0.07579
27693,103763,Kent St.,Golden Flashes,0.35018,0.72071,0.51969,69.321,110.04033,101.99316,0.27723,0.16261,0.16159,0.09738,0.09102
27693,103900,Miami (OH),RedHawks,0.27936,0.71679,0.46656,66.251,108.54735,107.503,0.2542,0.14059,0.15827,0.06635,0.07506
27693,103325,Ball St.,Cardinals,0.27791,0.69473,0.51876,70.753,104.49842,105.53185,0.28685,0.17516,0.14925,0.07657,0.06243
27693,103266,Akron,Zips,0.30969,0.71445,0.48567,68.97,112.12622,103.52032,0.30318,0.14455,0.14621,0.07017,0.08851
27693,104037,Ohio,Bobcats,0.28957,0.73103,0.60027,70.083,113.00874,103.59134,0.29493,0.14922,0.17317,0.092,0.05876
27693,103384,Buffalo,Bulls,0.37186,0.73205,0.51828,73.005,110.34149,98.89506,0.29302,0.15608,0.15429,0.10818,0.09599
27693,103367,Bowling Green,Falcons,0.30597,0.70366,0.45304,70.466,108.93521,104.82649,0.27771,0.11638,0.16674,0.09951,0.05882
27168,104334,Toledo,Rockets,0.28753,0.65552,0.55219,65.218,104.64581,103.7231,0.37557,0.1578,0.18244,0.10656,0.09657
27043,103384,Buffalo,Bulls,0.35079,0.68607,0.59808,66.512,110.05761,100.76569,0.41937,0.15891,0.16849,0.10189,0.12298
27168,103325,Ball St.,Cardinals,0.35895,0.70535,0.54421,64.806,100.65986,104.98047,0.46563,0.19672,0.17263,0.09926,0.06833
27249,103325,Ball St.,Cardinals,0.34356,0.66963,0.61824,61.403,103.19811,98.90949,0.39323,0.17719,0.18805,0.09862,0.07916
30629,103384,Buffalo,Bulls,0.37281,0.7217,0.50617,71.168,112.31631,101.54368,0.26009,0.15367,0.14573,0.10006,0.10754
41097,104010,NIU,Huskies,0.32356,0.71118,0.52825,68.348,101.73375,113.82865,0.38109,0.1832,0.14981,0.08887,0.05338
27168,104010,NIU,Huskies,0.33726,0.70932,0.45276,61.403,87.52474,101.90496,0.35335,0.19355,0.20153,0.11566,0.06456
30629,104010,NIU,Huskies,0.24283,0.70582,0.48841,67.354,94.77387,105.76429,0.33171,0.17891,0.17364,0.09256,0.07862
30629,103435,Central Mich.,Chippewas,0.25368,0.68672,0.49712,67.596,97.13607,113.3909,0.30483,0.17464,0.14496,0.09288,0.08992
27168,103435,Central Mich.,Chippewas,0.30688,0.66987,0.59455,64.193,104.5919,110.87462,0.3948,0.168,0.17443,0.10345,0.05832
27249,103900,Miami (OH),RedHawks,0.27613,0.68099,0.5493,59.882,100.52888,106.38064,0.31454,0.19503,0.16321,0.09137,0.0678
27693,104334,Toledo,Rockets,0.29705,0.69218,0.56455,68.981,116.11641,103.99411,0.28464,0.13634,0.1513,0.08762,0.06585
27043,103325,Ball St.,Cardinals,0.35562,0.70594,0.57604,65.918,97.4364,109.67168,0.42411,0.21,0.1452,0.06728,0.05858
27249,104010,NIU,Huskies,0.35278,0.70504,0.51178,61.943,89.36406,109.1533,0.31898,0.21387,0.1654,0.08135,0.07892
33533,103367,Bowling Green,Falcons,0.29583,0.72433,0.50952,69.86,108.74234,112.39018,0.33459,0.15056,0.14366,0.08671,0.08094
33533,104454,Western Mich.,Broncos,0.34268,0.7375,0.50382,65.524,106.63345,112.9842,0.26484,0.16275,0.13123,0.07031,0.06403
38409,103384,Buffalo,Bulls,0.25066,0.69476,0.53995,72.074,99.62849,112.24989,0.33828,0.17735,0.15017,0.0937,0.08805
41097,103435,Central Mich.,Chippewas,0.29761,0.66132,0.56033,67.997,107.92687,113.09787,0.31937,0.16101,0.15285,0.09726,0.11861
27168,103900,Miami (OH),RedHawks,0.27624,0.65935,0.55167,64.325,97.59706,106.28789,0.36984,0.19182,0.20103,0.12912,0.07482
27249,103384,Buffalo,Bulls,0.35592,0.70871,0.634,67.612,107.48763,99.31439,0.38351,0.18663,0.14486,0.08297,0.132
33533,103435,Central Mich.,Chippewas,0.3121,0.68268,0.47436,67.863,96.48543,107.13765,0.38033,0.20045,0.16746,0.08558,0.11546
36046,103384,Buffalo,Bulls,0.28458,0.69825,0.53896,69.236,97.81993,114.66464,0.27541,0.17987,0.13238,0.0874,0.11389
30629,103325,Ball St.,Cardinals,0.2711,0.72118,0.51777,70.334,105.24631,108.71798,0.37409,0.17255,0.15334,0.08608,0.07009
41097,104454,Western Mich.,Broncos,0.31204,0.71143,0.48098,68.202,109.19592,116.07366,0.33495,0.15041,0.12486,0.06709,0.07907
27043,103900,Miami (OH),RedHawks,0.25901,0.70382,0.53601,65.664,98.58608,105.26245,0.34495,0.17975,0.19253,0.13015,0.07411
30629,103367,Bowling Green,Falcons,0.30989,0.70548,0.44268,72.774,109.40193,109.70973,0.31457,0.14151,0.15449,0.10009,0.09439
33533,103563,Eastern Mich.,Eagles,0.24977,0.67498,0.37235,68.929,103.94492,116.29389,0.31472,0.14998,0.1527,0.08991,0.06209
38409,103325,Ball St.,Cardinals,0.27652,0.7308,0.52113,67.59,110.59602,108.89163,0.45693,0.1496,0.1289,0.0731,0.05998
38409,103435,Central Mich.,Chippewas,0.32105,0.71989,0.50299,68.065,110.05882,105.16941,0.36248,0.15352,0.16441,0.10659,0.08746
41097,103563,Eastern Mich.,Eagles,0.28375,0.71197,0.48515,67.184,104.35752,108.54896,0.29454,0.15302,0.13933,0.08731,0.10932
41097,103325,Ball St.,Cardinals,0.26996,0.70493,0.53036,64.542,103.77131,106.7957,0.32068,0.14078,0.1698,0.11702,0.08325
30629,104454,Western Mich.,Broncos,0.26941,0.6868,0.43699,65.256,99.00312,113.75346,0.25115,0.18063,0.1322,0.08051,0.06528
36046,104010,NIU,Huskies,0.29038,0.68783,0.39625,68.475,105.61315,111.66414,0.36515,0.15852,0.1339,0.07632,0.12572
36046,103563,Eastern Mich.,Eagles,0.28738,0.69195,0.40996,65.216,100.04129,110.06008,0.24877,0.15131,0.1381,0.08753,0.06956
36046,103325,Ball St.,Cardinals,0.28269,0.7256,0.50065,66.486,109.30061,105.4655,0.38528,0.15632,0.15297,0.08113,0.08149
38409,104010,NIU,Huskies,0.19489,0.70636,0.51323,69.585,100.72288,109.1508,0.30168,0.14533,0.15586,0.08745,0.09946
27043,103435,Central Mich.,Chippewas,0.30109,0.68777,0.48433,64.623,110.334,112.39723,0.37068,0.13871,0.17961,0.11407,0.03468
30629,103563,Eastern Mich.,Eagles,0.23399,0.71579,0.40153,69.417,97.2324,106.89665,0.30341,0.17247,0.15131,0.08222,0.08095
38409,104454,Western Mich.,Broncos,0.34279,0.72151,0.46824,68.138,105.75891,111.58344,0.30908,0.13455,0.15068,0.10143,0.06831
38409,103367,Bowling Green,Falcons,0.26542,0.72868,0.44049,68.725,106.94754,107.58413,0.3371,0.15528,0.15884,0.1057,0.09551
27249,103367,Bowling Green,Falcons,0.34149,0.67656,0.5322,63.961,103.41903,99.57427,0.26407,0.175,0.19978,0.12019,0.09027
33533,103384,Buffalo,Bulls,0.31949,0.72073,0.51876,72.771,106.1263,106.2974,0.316,0.16556,0.16623,0.10833,0.08186
33533,103325,Ball St.,Cardinals,0.31204,0.72257,0.50178,67.286,113.11265,106.03443,0.42521,0.15578,0.14963,0.08153,0.09809
33533,103900,Miami (OH),RedHawks,0.2757,0.68885,0.53012,68.017,107.86944,109.15087,0.3126,0.1742,0.16817,0.08941,0.08139
33533,104010,NIU,Huskies,0.25226,0.67502,0.48029,69.838,102.69507,107.0186,0.3326,0.18033,0.16492,0.09259,0.06182
36046,103900,Miami (OH),RedHawks,0.23665,0.70393,0.57895,67.194,104.65109,103.81721,0.31743,0.1544,0.15782,0.09328,0.0834
41097,103367,Bowling Green,Falcons,0.29264,0.74572,0.49294,70.515,114.86378,101.09072,0.37726,0.14023,0.18351,0.13848,0.10857
27043,103367,Bowling Green,Falcons,0.3016,0.69197,0.52086,65.997,94.29578,96.55099,0.36082,0.18819,0.18208,0.11639,0.15128
27043,103763,Kent St.,Golden Flashes,0.30528,0.6905,0.47258,65.179,105.99395,104.09101,0.36954,0.15813,0.17427,0.09489,0.09637
27249,103563,Eastern Mich.,Eagles,0.32255,0.63548,0.53002,58.512,90.30136,99.52227,0.35756,0.19574,0.19962,0.11985,0.10515
27249,103435,Central Mich.,Chippewas,0.31841,0.65114,0.47,63.343,96.92535,104.46398,0.33521,0.16197,0.19173,0.10448,0.10116
30629,103900,Miami (OH),RedHawks,0.27304,0.70552,0.50575,67.525,110.57671,107.95924,0.24141,0.13128,0.15858,0.08129,0.09083
36046,104334,Toledo,Rockets,0.29255,0.71308,0.46739,68.95,115.12748,109.55099,0.35306,0.13322,0.16411,0.10485,0.05338
38409,103563,Eastern Mich.,Eagles,0.30084,0.68566,0.48019,66.926,109.10964,113.46476,0.33554,0.1667,0.15678,0.10321,0.09802
38409,104037,Ohio,Bobcats,0.24077,0.71263,0.50056,70.155,112.88423,108.24334,0.33003,0.13695,0.15745,0.10172,0.07399
41097,103384,Buffalo,Bulls,0.27815,0.69549,0.55489,66.107,117.12293,114.35551,0.39425,0.14365,0.15577,0.11305,0.08108
41097,104037,Ohio,Bobcats,0.28724,0.67867,0.48869,68.922,112.11465,113.14942,0.36952,0.13512,0.14557,0.08847,0.09127
36046,104454,Western Mich.,Broncos,0.33838,0.70313,0.50483,67.42,104.50192,109.77054,0.31119,0.1645,0.13833,0.07752,0.07286
27168,103367,Bowling Green,Falcons,0.31105,0.69074,0.51129,62.893,98.33551,99.46075,0.26964,0.16956,0.17659,0.1159,0.11545
27043,104010,NIU,Huskies,0.37207,0.69495,0.42016,62.759,97.28928,98.26608,0.5003,0.18918,0.17991,0.10322,0.10679
36046,103435,Central Mich.,Chippewas,0.28753,0.69218,0.46076,65.004,99.53192,104.91329,0.27979,0.15388,0.14184,0.08993,0.10475
27249,103763,Kent St.,Golden Flashes,0.3369,0.64893,0.58675,66.598,105.25506,98.72762,0.36492,0.1785,0.19952,0.12728,0.10356
33533,104037,Ohio,Bobcats,0.33278,0.71489,0.43598,68.484,114.69924,106.36789,0.27678,0.13784,0.15609,0.0972,0.0616
38409,104334,Toledo,Rockets,0.30357,0.6951,0.46745,68.208,115.20872,117.06764,0.35414,0.11726,0.13846,0.07893,0.07234
33533,103266,Akron,Zips,0.29911,0.74012,0.52488,65.787,112.59785,100.98605,0.33878,0.14505,0.16246,0.09099,0.07226
36046,104037,Ohio,Bobcats,0.28806,0.68619,0.51498,66.972,114.12866,103.30187,0.31354,0.12432,0.17111,0.10454,0.09924
27043,104454,Western Mich.,Broncos,0.31636,0.6805,0.48267,65.149,108.72893,102.40588,0.50831,0.18379,0.16123,0.08895,0.0961
27168,103266,Akron,Zips,0.37799,0.69558,0.56925,65.083,108.65633,94.98829,0.36179,0.17412,0.17561,0.10642,0.14685
41097,103876,Massachusetts,Minutemen,0.34128,0.7471,0.59096,69.585,112.75389,109.09194,0.36556,0.1542,0.15326,0.09412,0.06698
30629,103763,Kent St.,Golden Flashes,0.31184,0.74293,0.49648,66.049,107.89698,98.72373,0.32039,0.15876,0.1776,0.10727,0.11359
30629,104334,Toledo,Rockets,0.30369,0.73001,0.51229,69.039,115.74854,99.43213,0.27992,0.12741,0.13634,0.08056,0.07558
41097,104334,Toledo,Rockets,0.30575,0.6728,0.53922,68.659,118.01749,111.50618,0.29655,0.12838,0.15502,0.11203,0.08201
27168,103563,Eastern Mich.,Eagles,0.34957,0.63394,0.51852,60.128,93.8656,98.00816,0.3044,0.19239,0.19488,0.13065,0.17423
30629,103266,Akron,Zips,0.30699,0.74068,0.48005,63.011,111.70759,99.05793,0.38966,0.15582,0.16203,0.0925,0.09242
38409,103900,Miami (OH),RedHawks,0.28381,0.71489,0.55838,69.256,115.93732,104.63978,0.27468,0.15229,0.17624,0.11496,0.103
27043,104334,Toledo,Rockets,0.3526,0.68648,0.5479,67.398,116.70459,107.86727,0.44461,0.12668,0.17179,0.09943,0.0786
27168,103384,Buffalo,Bulls,0.35853,0.67997,0.64232,63.814,104.08906,104.6381,0.37974,0.20292,0.14989,0.08608,0.11991
27168,104037,Ohio,Bobcats,0.27379,0.65598,0.66817,66.689,107.87588,95.9675,0.31325,0.16525,0.21967,0.13238,0.0978
27249,103266,Akron,Zips,0.3519,0.67078,0.54724,66.36,108.05945,98.59985,0.39436,0.17877,0.17767,0.10877,0.10437
27043,103266,Akron,Zips,0.35154,0.67462,0.47601,64.253,105.58329,103.04784,0.40431,0.16952,0.16859,0.10189,0.10511
27249,104454,Western Mich.,Broncos,0.36497,0.69406,0.56055,64.574,104.67715,106.60731,0.4025,0.18595,0.13864,0.07132,0.08157
41097,103900,Miami (OH),RedHawks,0.26487,0.7171,0.51859,70.323,125.58951,105.76393,0.39073,0.12874,0.154,0.10268,0.08427
36046,103367,Bowling Green,Falcons,0.30466,0.75062,0.43424,67.795,106.58543,102.83663,0.35697,0.14212,0.15183,0.09425,0.07229
36046,103763,Kent St.,Golden Flashes,0.31788,0.71263,0.48989,66.204,110.97894,105.74408,0.32044,0.14908,0.17048,0.10217,0.0778
41097,103763,Kent St.,Golden Flashes,0.35304,0.71575,0.5804,70.962,116.64422,110.17303,0.42155,0.15183,0.14338,0.09324,0.09762
30629,104037,Ohio,Bobcats,0.274,0.741,0.49332,67.693,109.35907,100.36892,0.31607,0.13416,0.18488,0.11097,0.07435
33533,104334,Toledo,Rockets,0.30197,0.69282,0.4929,69.379,123.09228,110.82011,0.34799,0.11994,0.15947,0.09777,0.07721
41097,103266,Akron,Zips,0.33903,0.70651,0.57309,70.194,125.16257,105.42149,0.27885,0.13223,0.16387,0.10607,0.09137
33533,103763,Kent St.,Golden Flashes,0.31029,0.70277,0.45141,68.178,111.28511,96.25222,0.30827,0.1414,0.19808,0.1293,0.12084
36046,103266,Akron,Zips,0.30556,0.74755,0.49727,65.705,111.65991,100.35093,0.31814,0.14622,0.15327,0.08537,0.08019
38409,103266,Akron,Zips,0.32727,0.71276,0.58585,71.066,117.8194,105.24025,0.26106,0.14112,0.15276,0.10669,0.0982
27168,104454,Western Mich.,Broncos,0.3601,0.71184,0.52551,63.954,103.56351,98.87818,0.46006,0.18942,0.17029,0.08749,0.09314
27168,103763,Kent St.,Golden Flashes,0.34914,0.66914,0.48846,64.645,107.85966,103.03985,0.43831,0.16323,0.17889,0.1021,0.07416
27249,104334,Toledo,Rockets,0.32873,0.64269,0.53846,65.228,106.54877,101.56627,0.3904,0.17915,0.18481,0.10641,0.06167
38409,103763,Kent St.,Golden Flashes,0.35831,0.72218,0.46947,66.048,110.93983,103.06046,0.30032,0.14566,0.16551,0.11345,0.09739
27249,104037,Ohio,Bobcats,0.33733,0.66044,0.54162,65.711,106.09852,94.4142,0.35481,0.16492,0.22448,0.14224,0.08775
27043,103563,Eastern Mich.,Eagles,0.31441,0.63336,0.47927,63.829,101.5681,95.15459,0.43713,0.15311,0.19385,0.1284,0.18423
27043,104037,Ohio,Bobcats,0.2877,0.69632,0.59658,65.24,107.83644,101.033,0.34231,0.16817,0.16017,0.09703,0.11206
27693,103706,Howard,Bison,0.22905,0.69388,0.60163,71.921,100.94408,117.90714,0.38869,0.17848,0.1044,0.07234,0.12755
27693,103963,N.C. Central,Eagles,0.26253,0.67164,0.50751,68.249,97.71652,104.04424,0.32996,0.18455,0.19238,0.10666,0.07863
27693,104230,South Carolina St.,Bulldogs,0.26501,0.65976,0.44389,71.158,86.03673,110.39559,0.2759,0.21219,0.19822,0.08269,0.07645
27693,103531,Delaware St.,Hornets,0.27034,0.67719,0.46154,75.538,93.10171,112.76036,0.30178,0.19325,0.16598,0.08487,0.09439
27693,103615,Florida A&M,Rattlers,0.30556,0.68213,0.53,69.744,94.20195,98.21665,0.2984,0.2097,0.1856,0.09312,0.06757
27693,103962,N.C. A&T,Aggies,0.28694,0.65065,0.53172,72.611,98.8973,99.28846,0.36764,0.16583,0.21516,0.11884,0.07216
27693,103949,Morgan St.,Bears,0.34824,0.70798,0.54153,74.433,107.1738,98.07471,0.35925,0.17618,0.20583,0.10577,0.11036
27693,103504,Coppin St.,Eagles,0.1851,0.67449,0.54064,77.957,93.40774,101.51241,0.43823,0.1848,0.17482,0.10932,0.0796
27693,103994,Norfolk St.,Spartans,0.27974,0.70901,0.47937,70.206,104.25554,98.75647,0.36967,0.1579,0.18733,0.0924,0.10296
30629,104365,UMES,Hawks,0.29406,0.71365,0.53249,68.824,94.80407,95.55056,0.30538,0.19014,0.21878,0.14506,0.06839
30629,103531,Delaware St.,Hornets,0.27569,0.66667,0.42812,69.676,89.6598,105.01985,0.30568,0.21573,0.1717,0.10425,0.12321
30629,103949,Morgan St.,Bears,0.3153,0.71193,0.53696,74.248,100.56409,97.0204,0.32313,0.17622,0.22506,0.11348,0.09907
27168,104365,UMES,Hawks,0.34873,0.65977,0.48513,63.528,85.53141,108.15405,0.35368,0.19765,0.185,0.10379,0.07317
30629,103706,Howard,Bison,0.29048,0.67019,0.54545,71.723,106.03534,96.65253,0.35168,0.17576,0.20999,0.11561,0.09083
27249,103949,Morgan St.,Bears,0.34921,0.63083,0.50444,66.423,99.54338,103.8154,0.41042,0.196,0.17664,0.09866,0.11765
36046,103504,Coppin St.,Eagles,0.2703,0.61394,0.41026,65.983,86.94321,109.43031,0.31127,0.20302,0.1861,0.11541,0.08044
27168,104230,South Carolina St.,Bulldogs,0.36389,0.63138,0.53191,64.656,92.50911,107.04099,0.28941,0.18913,0.15953,0.09273,0.10512
36046,104365,UMES,Hawks,0.29384,0.68462,0.46707,67.038,95.97591,103.89773,0.32452,0.17343,0.171,0.10291,0.07606
27249,103531,Delaware St.,Hornets,0.30315,0.59752,0.4928,60.959,106.15077,103.43748,0.31203,0.14143,0.18314,0.12595,0.17082
27043,104365,UMES,Hawks,0.32778,0.64901,0.51677,65.546,101.50686,114.47492,0.427,0.16311,0.16682,0.09893,0.05647
27249,103504,Coppin St.,Eagles,0.30129,0.64388,0.58598,68.391,107.41254,109.54817,0.34077,0.16137,0.16068,0.08372,0.04805
38409,103504,Coppin St.,Eagles,0.26557,0.66844,0.51455,67.95,91.20694,111.96909,0.36253,0.18995,0.1826,0.11925,0.05556
41097,103949,Morgan St.,Bears,0.3129,0.6673,0.52667,69.679,107.57087,111.81082,0.41832,0.15253,0.14739,0.07104,0.09137
27249,104365,UMES,Hawks,0.35615,0.67313,0.49224,66.911,88.1892,104.19666,0.3174,0.21274,0.17486,0.08827,0.08169
33533,103531,Delaware St.,Hornets,0.30741,0.71673,0.52101,68.431,93.66914,109.41754,0.28638,0.19848,0.17982,0.10101,0.08246
38409,103531,Delaware St.,Hornets,0.36207,0.69653,0.48106,70.316,110.95143,104.79268,0.3388,0.14865,0.18164,0.12191,0.07536
27043,103531,Delaware St.,Hornets,0.30173,0.6565,0.56811,60.008,101.33085,106.76223,0.37868,0.16598,0.15713,0.08375,0.10761
27043,104230,South Carolina St.,Bulldogs,0.35119,0.65494,0.53846,65.559,94.17113,109.02446,0.34368,0.18691,0.15729,0.08433,0.09025
33533,103963,N.C. Central,Eagles,0.32932,0.71429,0.53865,68.901,107.92369,94.07634,0.34197,0.18679,0.20887,0.11412,0.09256
27168,103706,Howard,Bison,0.35115,0.65882,0.48077,60.955,85.46768,98.85674,0.35609,0.20277,0.19168,0.10306,0.09951
27168,103963,N.C. Central,Eagles,0.31312,0.69326,0.61756,63.716,105.25486,89.00338,0.44271,0.19481,0.21474,0.1194,0.09018
30629,103994,Norfolk St.,Spartans,0.31077,0.73,0.4742,69.291,107.16779,92.96875,0.37089,0.17475,0.171,0.0963,0.11201
38409,104365,UMES,Hawks,0.27783,0.68456,0.48916,67.46,99.9393,115.24101,0.34943,0.17165,0.13854,0.07928,0.05606
27249,103706,Howard,Bison,0.34986,0.66603,0.45793,66.52,90.8511,105.00281,0.46125,0.2155,0.18202,0.09132,0.08712
33533,104365,UMES,Hawks,0.28585,0.69836,0.53737,69.763,99.56865,94.59482,0.29249,0.18166,0.23476,0.15814,0.0555
41097,103504,Coppin St.,Eagles,0.31351,0.65641,0.5142,67.84,96.23464,118.0674,0.37805,0.19192,0.15596,0.09406,0.10711
27249,104230,South Carolina St.,Bulldogs,0.36341,0.64089,0.45354,68.688,93.22128,111.39035,0.35085,0.18822,0.15814,0.08927,0.1021
33533,104230,South Carolina St.,Bulldogs,0.34653,0.66073,0.51909,72.455,100.43138,114.78503,0.2904,0.17874,0.18569,0.0993,0.08826
36046,103963,N.C. Central,Eagles,0.32166,0.67509,0.4836,67.723,112.22103,101.0698,0.39404,0.14891,0.17379,0.11267,0.07352
36046,103949,Morgan St.,Bears,0.31181,0.64821,0.4619,70.303,102.55051,109.33259,0.30129,0.17618,0.15281,0.08737,0.08605
41097,103531,Delaware St.,Hornets,0.28243,0.69841,0.47883,65.021,93.31184,107.53501,0.32132,0.17198,0.17556,0.11694,0.05426
30629,104230,South Carolina St.,Bulldogs,0.35731,0.7292,0.47553,72.469,97.94492,98.9125,0.31182,0.16796,0.18687,0.09076,0.10119
30629,103963,N.C. Central,Eagles,0.34009,0.7105,0.47466,69.43,103.56345,97.32026,0.36313,0.1897,0.21036,0.12511,0.06957
33533,103949,Morgan St.,Bears,0.31727,0.63857,0.55504,72.627,101.94494,98.39025,0.29723,0.1879,0.21769,0.13319,0.11577
27168,103615,Florida A&M,Rattlers,0.32055,0.63053,0.46448,69.14,92.52038,102.62186,0.32774,0.18618,0.19572,0.11833,0.08327
27168,103674,Hampton,Pirates,0.34142,0.67338,0.51917,67.767,90.69374,92.8955,0.3859,0.20651,0.19171,0.10851,0.12617
27043,103949,Morgan St.,Bears,0.36084,0.65957,0.4925,68.248,102.62478,103.73674,0.4152,0.1542,0.17075,0.09129,0.12621
27043,103674,Hampton,Pirates,0.33137,0.65462,0.4913,69.771,101.71157,97.88952,0.51039,0.17324,0.18901,0.10574,0.1541
27249,103963,N.C. Central,Eagles,0.31371,0.66362,0.5829,66.625,106.14516,94.74733,0.45377,0.19803,0.21409,0.12363,0.10856
30629,103504,Coppin St.,Eagles,0.2008,0.6801,0.49371,72.623,92.17085,102.84236,0.34576,0.17775,0.17507,0.11102,0.08142
41097,103994,Norfolk St.,Spartans,0.3382,0.69577,0.44574,68.558,111.44794,107.66464,0.42424,0.1523,0.17146,0.10362,0.09341
41097,104230,South Carolina St.,Bulldogs,0.31982,0.63673,0.52869,68.22,98.34844,115.52621,0.40958,0.1842,0.16671,0.1021,0.11293
27043,103504,Coppin St.,Eagles,0.30378,0.63399,0.51108,67.23,103.29837,111.2622,0.41087,0.14887,0.16807,0.08887,0.05969
41097,103963,N.C. Central,Eagles,0.31171,0.6156,0.54786,66.902,106.9688,112.3661,0.38849,0.1553,0.18379,0.13012,0.10492
27043,103350,Bethune-Cookman,Wildcats,0.32945,0.63059,0.46064,62.161,101.36295,112.33728,0.35881,0.17053,0.1703,0.09931,0.07554
27043,103615,Florida A&M,Rattlers,0.35903,0.64274,0.44499,70.837,99.84707,103.7429,0.34229,0.1677,0.17612,0.10399,0.10209
38409,103706,Howard,Bison,0.30075,0.6875,0.59368,69.945,109.94254,112.51378,0.36745,0.183,0.14382,0.08026,0.07674
36046,104230,South Carolina St.,Bulldogs,0.38655,0.6954,0.55485,68.846,101.11395,107.64469,0.36155,0.18001,0.1895,0.11973,0.10326
27043,104205,Savannah St.,Tigers,0.32058,0.65395,0.48196,64.267,94.58643,98.86397,0.39443,0.20558,0.19022,0.10748,0.1343
27043,103962,N.C. A&T,Aggies,0.33535,0.6787,0.47749,66.159,97.53101,109.34305,0.59287,0.19258,0.15656,0.07045,0.11989
27249,103962,N.C. A&T,Aggies,0.31167,0.63455,0.52571,70.229,98.34393,102.30232,0.37689,0.18834,0.18647,0.10338,0.09872
38409,103949,Morgan St.,Bears,0.34676,0.6443,0.43671,71.759,110.15018,111.22628,0.35563,0.15818,0.1546,0.0953,0.11271
27168,103504,Coppin St.,Eagles,0.29291,0.6119,0.47744,68.084,91.96826,102.90503,0.32002,0.18054,0.19873,0.11321,0.04931
27168,103949,Morgan St.,Bears,0.37969,0.6436,0.50868,66.37,100.23041,97.07793,0.39181,0.18691,0.18459,0.0961,0.13633
33533,103504,Coppin St.,Eagles,0.18699,0.64346,0.46213,71.716,98.85192,114.16882,0.3713,0.18628,0.1586,0.10558,0.06807
41097,104365,UMES,Hawks,0.32875,0.67143,0.5634,63.532,99.3865,109.27691,0.28978,0.20641,0.15829,0.08903,0.08061
27168,103994,Norfolk St.,Spartans,0.3361,0.64029,0.50975,67.486,97.87615,96.71309,0.4,0.18106,0.18572,0.10839,0.1166
27249,104205,Savannah St.,Tigers,0.38442,0.71096,0.56568,64.131,98.33597,91.74572,0.38414,0.18871,0.21839,0.10822,0.09404
27249,103674,Hampton,Pirates,0.32579,0.64332,0.47185,66.711,96.20742,99.40832,0.38694,0.1772,0.1862,0.10202,0.12893
27249,103615,Florida A&M,Rattlers,0.3626,0.61102,0.41951,68.943,94.88112,105.39438,0.28331,0.18633,0.18232,0.11787,0.10902
33533,103994,Norfolk St.,Spartans,0.34509,0.70462,0.48402,66.61,112.92321,102.22237,0.37972,0.16707,0.17674,0.10535,0.12642
38409,104230,South Carolina St.,Bulldogs,0.36559,0.68881,0.56984,69.942,112.83305,99.93293,0.42939,0.17,0.20328,0.13457,0.09797
27043,103706,Howard,Bison,0.32572,0.63482,0.40845,65.824,91.94875,106.69696,0.49408,0.2079,0.18621,0.09426,0.123
38409,103963,N.C. Central,Eagles,0.3716,0.64479,0.56831,68.836,112.74924,108.4561,0.38064,0.15805,0.19557,0.11967,0.06475
27168,103531,Delaware St.,Hornets,0.33093,0.63235,0.4598,61.138,97.14121,101.85963,0.3316,0.18592,0.18333,0.11069,0.14636
27043,103994,Norfolk St.,Spartans,0.37388,0.67098,0.53695,64.733,109.51279,108.15967,0.39378,0.17285,0.16127,0.09329,0.11873
27168,103350,Bethune-Cookman,Wildcats,0.32592,0.68397,0.53865,66.3,100.53775,102.07906,0.37915,0.15536,0.19889,0.10856,0.10339
27043,103963,N.C. Central,Eagles,0.36603,0.67517,0.58796,63.392,114.90576,92.50074,0.47598,0.14935,0.20607,0.11963,0.12365
27168,104205,Savannah St.,Tigers,0.35162,0.67762,0.49014,62.382,89.72255,87.67812,0.36391,0.23011,0.22463,0.14272,0.11655
36046,103531,Delaware St.,Hornets,0.33624,0.69902,0.48531,68.333,101.47791,102.06962,0.39062,0.17958,0.19406,0.12071,0.05739
27249,103350,Bethune-Cookman,Wildcats,0.34558,0.63192,0.50856,63.821,101.52994,103.44812,0.37143,0.17641,0.21033,0.10769,0.07637
33533,103706,Howard,Bison,0.34144,0.68811,0.55996,70.509,106.35498,102.64023,0.33317,0.19692,0.18765,0.10186,0.08489
36046,103994,Norfolk St.,Spartans,0.3257,0.69341,0.48018,66.823,111.11252,100.71703,0.39838,0.15456,0.19621,0.13112,0.10547
41097,103706,Howard,Bison,0.36395,0.69767,0.61463,68.345,113.38828,100.8081,0.44272,0.16238,0.18492,0.12132,0.0969
38409,103994,Norfolk St.,Spartans,0.32874,0.67621,0.5,66.649,114.7535,103.85702,0.38326,0.15743,0.16649,0.10446,0.09083
36046,103706,Howard,Bison,0.34438,0.69798,0.55876,67.867,108.87111,107.91646,0.4177,0.1913,0.15238,0.08779,0.07169
27249,103994,Norfolk St.,Spartans,0.34093,0.67274,0.4954,67.113,101.66977,98.96622,0.41983,0.18707,0.17438,0.09843,0.12345
27168,103962,N.C. A&T,Aggies,0.29977,0.67012,0.52191,65.941,93.91069,93.5839,0.41982,0.19811,0.20226,0.10691,0.1358
27043,103977,Nebraska,Huskers,0.25741,0.71,0.42281,64.164,104.07876,101.5462,0.4234,0.14872,0.16664,0.10808,0.0927
27043,104019,Northwestern,Wildcats,0.22453,0.69386,0.54737,61.502,96.04235,102.25282,0.35497,0.15644,0.14043,0.06906,0.09711
27249,103734,Iowa,Hawkeyes,0.32948,0.67902,0.57761,67.057,108.86246,108.09552,0.38458,0.1573,0.17193,0.11134,0.09253
27168,103730,Indiana,Hoosiers,0.39022,0.6864,0.54154,65.821,118.65033,93.71322,0.45842,0.16521,0.17887,0.10644,0.09259
27249,103921,Minnesota,Golden Gophers,0.36432,0.67681,0.62623,62.268,106.12724,101.70699,0.38858,0.19406,0.17244,0.11155,0.1407
27168,104041,Ohio St.,Buckeyes,0.31811,0.71787,0.53182,63.017,111.00701,93.90928,0.35457,0.13972,0.18184,0.10645,0.12929
27168,104019,Northwestern,Wildcats,0.25919,0.64011,0.70651,60.509,99.95637,104.79214,0.33859,0.15298,0.15984,0.09239,0.08763
27249,103977,Nebraska,Huskers,0.27489,0.71177,0.58706,60.988,99.03029,106.72723,0.28731,0.18851,0.17551,0.10688,0.08324
27043,103730,Indiana,Hoosiers,0.37183,0.72038,0.47179,67.305,106.93004,99.99253,0.45319,0.18754,0.15612,0.08764,0.11238
27249,103720,Illinois,Fighting Illini,0.3125,0.7087,0.52151,63.107,102.68842,100.58375,0.30385,0.17889,0.18097,0.07983,0.11892
27249,104041,Ohio St.,Buckeyes,0.35852,0.74885,0.53737,65.678,113.72583,91.08217,0.38125,0.15048,0.19934,0.1101,0.09321
27043,104078,Penn St.,Nittany Lions,0.30178,0.70707,0.46829,64.805,108.14048,107.19778,0.39373,0.13843,0.14357,0.06902,0.13463
27249,103257,Purdue,Boilermakers,0.31763,0.68543,0.52868,63.257,113.55116,104.33699,0.34126,0.11643,0.17001,0.1022,0.08857
27043,103257,Purdue,Boilermakers,0.36149,0.69435,0.50973,66.515,106.13521,105.26299,0.38058,0.14878,0.14534,0.08243,0.13782
27168,103720,Illinois,Fighting Illini,0.33075,0.6678,0.42541,63.997,106.6233,100.8704,0.30998,0.14788,0.18766,0.10633,0.11526
27249,104019,Northwestern,Wildcats,0.26321,0.63076,0.6481,61.717,110.98112,109.33049,0.33751,0.14258,0.17002,0.10604,0.10571
27168,103977,Nebraska,Huskers,0.26091,0.69323,0.45904,60.819,95.81383,104.33394,0.28374,0.15236,0.1564,0.08301,0.08841
27168,103921,Minnesota,Golden Gophers,0.43641,0.66805,0.61718,62.448,109.66484,99.24739,0.41567,0.17682,0.17217,0.11883,0.15794
27043,103903,Michigan St.,Spartans,0.32931,0.72548,0.62207,64.682,115.62463,100.35574,0.33719,0.15072,0.15635,0.10469,0.13405
27043,103921,Minnesota,Golden Gophers,0.31445,0.68944,0.57516,63.247,111.13691,105.36516,0.39844,0.15541,0.16478,0.11827,0.11787
27249,104078,Penn St.,Nittany Lions,0.34372,0.72088,0.49496,62.252,99.24443,105.72017,0.31808,0.16198,0.19192,0.10931,0.08902
27168,104078,Penn St.,Nittany Lions,0.3086,0.72861,0.46142,63.097,96.86665,107.26333,0.37141,0.16378,0.15567,0.083,0.10373
27249,104500,Wisconsin,Badgers,0.30587,0.72161,0.53701,57.449,110.63485,91.95562,0.30667,0.13072,0.15866,0.08648,0.0913
27043,103902,Michigan,Wolverines,0.29401,0.6954,0.55556,61.196,120.02443,105.63554,0.34864,0.13113,0.14896,0.0837,0.06272
27168,103902,Michigan,Wolverines,0.3273,0.70579,0.51693,63.052,118.09821,99.36845,0.28407,0.12644,0.16138,0.09601,0.07317
27249,103730,Indiana,Hoosiers,0.35267,0.6867,0.51317,65.626,117.75494,101.24724,0.44502,0.16724,0.174,0.09872,0.08456
27043,103734,Iowa,Hawkeyes,0.37605,0.71027,0.57889,68.441,117.28226,101.23173,0.45262,0.1349,0.16388,0.10175,0.13487
27168,103903,Michigan St.,Spartans,0.36387,0.72699,0.53741,63.635,106.85963,92.93471,0.3696,0.17962,0.16784,0.12608,0.10946
27168,103257,Purdue,Boilermakers,0.37106,0.70065,0.55847,64.395,102.10651,100.20221,0.33537,0.15901,0.14806,0.07634,0.11301
27168,103734,Iowa,Hawkeyes,0.36186,0.69358,0.63512,65.223,106.32932,95.45846,0.41611,0.15664,0.16651,0.10492,0.12544
27043,104500,Wisconsin,Badgers,0.28107,0.72635,0.50485,61.91,118.33077,103.03631,0.42666,0.11354,0.13407,0.07691,0.07962
27249,103903,Michigan St.,Spartans,0.36527,0.72836,0.58958,63.947,111.66714,92.45921,0.37724,0.17015,0.1696,0.11216,0.12391
27249,103902,Michigan,Wolverines,0.28035,0.69677,0.53342,60.096,109.15913,101.17188,0.28306,0.15623,0.17496,0.081,0.06102
27043,103720,Illinois,Fighting Illini,0.31172,0.70702,0.4404,61.408,104.22121,100.88316,0.31221,0.14154,0.1645,0.10009,0.1069
27168,104500,Wisconsin,Badgers,0.32637,0.73051,0.56501,60.319,106.19603,91.4388,0.29709,0.13375,0.15709,0.09322,0.10775
27043,104041,Ohio St.,Buckeyes,0.29598,0.70377,0.49941,63.902,107.96662,92.8726,0.42293,0.1505,0.19157,0.12023,0.12246
27693,104019,Northwestern,Wildcats,0.21713,0.74762,0.5799,67.976,102.27939,101.97607,0.27033,0.15328,0.16442,0.09003,0.08025
27693,104078,Penn St.,Nittany Lions,0.31904,0.75248,0.5259,68.088,105.62872,106.15221,0.27849,0.13982,0.1774,0.11424,0.06852
27693,103977,Nebraska,Huskers,0.23483,0.71623,0.54993,71.635,97.21539,103.13375,0.3111,0.17245,0.15805,0.09964,0.09607
27693,103730,Indiana,Hoosiers,0.25496,0.72603,0.57492,65.742,102.69762,102.20651,0.41457,0.15279,0.15744,0.08534,0.1051
27693,104155,Rutgers,Scarlet Knights,0.27694,0.70316,0.51822,66.956,102.96721,100.52446,0.27119,0.14792,0.16424,0.11306,0.13859
27693,103903,Michigan St.,Spartans,0.30491,0.73663,0.63702,67.462,102.45789,104.93501,0.31315,0.16365,0.1351,0.06589,0.12256
27693,103902,Michigan,Wolverines,0.2963,0.75309,0.57458,66.073,114.2435,98.046,0.3035,0.14814,0.13005,0.06411,0.10112
27693,103257,Purdue,Boilermakers,0.32811,0.75742,0.55882,65.201,107.98525,101.41601,0.31704,0.16139,0.14975,0.07696,0.11356
27693,103921,Minnesota,Golden Gophers,0.29185,0.6865,0.56676,69.292,103.31819,104.30077,0.36734,0.13455,0.16582,0.09016,0.11395
30629,103921,Minnesota,Golden Gophers,0.17722,0.72495,0.50941,64.402,103.17354,106.56132,0.23602,0.12829,0.13979,0.08239,0.07274
27693,103871,Maryland,Terrapins,0.20417,0.74071,0.55113,64.657,106.51724,101.47825,0.32885,0.1548,0.14766,0.07721,0.09952
38409,104078,Penn St.,Nittany Lions,0.28614,0.70865,0.57809,69.609,113.63056,105.19631,0.37946,0.15514,0.17542,0.11608,0.1125
27693,103734,Iowa,Hawkeyes,0.30803,0.709,0.64355,69.662,119.6825,104.00156,0.31973,0.11617,0.13909,0.07962,0.11634
38409,104424,Washington,Huskies,0.27561,0.72004,0.50635,67.205,105.65838,111.37221,0.35178,0.15425,0.15278,0.09537,0.10545
27693,104500,Wisconsin,Badgers,0.2377,0.74857,0.53977,64.356,107.75052,99.59589,0.26246,0.12203,0.15485,0.08703,0.10714
33533,103921,Minnesota,Golden Gophers,0.25,0.69203,0.63056,64.366,96.89533,109.47333,0.30769,0.17509,0.12792,0.0713,0.09718
30629,104078,Penn St.,Nittany Lions,0.28614,0.7594,0.4973,61.559,103.70612,104.32742,0.21787,0.16324,0.12245,0.08483,0.06198
27693,104041,Ohio St.,Buckeyes,0.29327,0.72999,0.49573,66.13,115.28692,106.22591,0.37178,0.13668,0.12992,0.06755,0.09634
27693,103720,Illinois,Fighting Illini,0.32207,0.77872,0.55666,69.776,114.05863,97.20335,0.37933,0.15957,0.14408,0.08022,0.06894
30629,104019,Northwestern,Wildcats,0.25579,0.75257,0.59466,67.488,106.40387,101.98214,0.25622,0.12447,0.17481,0.09466,0.10661
41097,104078,Penn St.,Nittany Lions,0.25926,0.68854,0.48276,66.062,111.54332,120.10538,0.33816,0.14047,0.15626,0.10483,0.05187
41097,104055,Oregon,Ducks,0.3234,0.67701,0.59021,64.874,108.77732,113.52763,0.34962,0.15206,0.13649,0.09344,0.11688
36046,104155,Rutgers,Scarlet Knights,0.30247,0.6868,0.50267,67.38,96.64681,98.35615,0.32901,0.14197,0.18735,0.11411,0.15335
38409,103730,Indiana,Hoosiers,0.31498,0.71856,0.58439,67.633,109.95561,106.08944,0.3307,0.1455,0.14432,0.08578,0.092
30629,104041,Ohio St.,Buckeyes,0.29328,0.71341,0.4884,63.714,113.34571,105.41297,0.33391,0.1521,0.1341,0.06963,0.12762
30629,103871,Maryland,Terrapins,0.27297,0.72383,0.47089,66.096,106.49365,106.16526,0.33882,0.14936,0.14159,0.09596,0.08748
41097,103730,Indiana,Hoosiers,0.26864,0.7075,0.62544,64.849,119.12472,109.9796,0.34969,0.13576,0.13231,0.0709,0.0742
36046,103902,Michigan,Wolverines,0.30631,0.69588,0.48251,67.53,106.75669,115.63022,0.32049,0.16257,0.1195,0.06071,0.08514
30629,104155,Rutgers,Scarlet Knights,0.29566,0.73046,0.58838,64.357,104.79929,101.78727,0.26239,0.15127,0.15706,0.10769,0.11743
33533,103977,Nebraska,Huskers,0.24696,0.71697,0.51038,66.181,101.12197,103.95804,0.28156,0.16792,0.15342,0.08192,0.07215
38409,104155,Rutgers,Scarlet Knights,0.30782,0.6775,0.47746,68.063,111.00866,111.77423,0.36204,0.13439,0.15077,0.10108,0.10246
41097,104240,Southern California,Trojans,0.33272,0.68542,0.57176,69.128,111.51504,110.5839,0.44068,0.15039,0.14342,0.08991,0.15287
38409,103921,Minnesota,Golden Gophers,0.30197,0.69359,0.61307,62.678,106.51064,109.1025,0.31451,0.14405,0.14196,0.09475,0.12851
30629,103977,Nebraska,Huskers,0.20596,0.68552,0.49038,70.63,101.76613,109.05684,0.33333,0.15752,0.15814,0.0995,0.07214
38409,104041,Ohio St.,Buckeyes,0.2891,0.69487,0.48064,66.696,115.46082,107.72376,0.35828,0.13794,0.14735,0.09555,0.09957
36046,103730,Indiana,Hoosiers,0.2698,0.70343,0.57338,67.952,106.40323,109.34649,0.37662,0.1566,0.12945,0.0764,0.11233
30629,104500,Wisconsin,Badgers,0.26014,0.75579,0.44785,65.633,106.56147,100.51314,0.32418,0.1151,0.1526,0.0805,0.0781
41097,103871,Maryland,Terrapins,0.3381,0.70926,0.45157,65.189,106.51134,117.02355,0.36368,0.15839,0.13206,0.07267,0.09091
38409,103734,Iowa,Hawkeyes,0.25132,0.67782,0.59842,70.148,117.1424,113.18314,0.25956,0.1231,0.15555,0.09406,0.11049
36046,104078,Penn St.,Nittany Lions,0.26802,0.67844,0.48829,68.701,108.47888,106.02738,0.35315,0.13969,0.18101,0.12005,0.08833
30629,103720,Illinois,Fighting Illini,0.331,0.73416,0.58053,66.53,111.0253,100.26633,0.32,0.15668,0.13639,0.07699,0.07112
41097,103921,Minnesota,Golden Gophers,0.26756,0.70455,0.71049,61.66,111.23038,109.82117,0.35785,0.14792,0.14735,0.10133,0.08201
33533,103734,Iowa,Hawkeyes,0.32149,0.72621,0.57492,68.448,115.65206,107.86021,0.32306,0.12049,0.16222,0.09435,0.08346
41097,104424,Washington,Huskies,0.34568,0.71465,0.49408,66.271,115.06445,109.86507,0.30064,0.13122,0.12621,0.0855,0.11193
33533,103720,Illinois,Fighting Illini,0.31579,0.73256,0.46796,68.156,107.79413,97.41916,0.34275,0.15982,0.16377,0.10076,0.13829
36046,103871,Maryland,Terrapins,0.31693,0.70896,0.46997,64.862,105.23098,100.42675,0.40831,0.15034,0.16575,0.10071,0.11677
38409,104019,Northwestern,Wildcats,0.31174,0.69916,0.55814,64.59,110.45606,105.46474,0.31317,0.12908,0.17416,0.10521,0.10652
38409,104360,UCLA,Bruins,0.32708,0.70161,0.61056,64.71,114.62947,100.76667,0.32347,0.13819,0.20216,0.12526,0.11031
30629,103902,Michigan,Wolverines,0.30974,0.75952,0.52626,65.997,110.07586,105.1737,0.29382,0.15196,0.13214,0.0711,0.08615
36046,103734,Iowa,Hawkeyes,0.2743,0.69714,0.59122,71.264,116.24688,111.02461,0.33055,0.11702,0.14426,0.0955,0.09897
36046,103921,Minnesota,Golden Gophers,0.30707,0.71164,0.64615,66.49,112.3856,107.71389,0.34715,0.15497,0.14104,0.09439,0.10791
41097,104019,Northwestern,Wildcats,0.28116,0.65291,0.65843,63.666,114.47152,112.6304,0.33904,0.11569,0.15036,0.09048,0.10558
33533,104019,Northwestern,Wildcats,0.28525,0.72281,0.54182,63.667,105.61296,97.86282,0.29675,0.12814,0.18734,0.12198,0.12715
33533,104155,Rutgers,Scarlet Knights,0.32111,0.72017,0.59054,64.974,104.52196,93.42268,0.28181,0.14644,0.19137,0.13394,0.1237
41097,104155,Rutgers,Scarlet Knights,0.2969,0.67201,0.50121,65.159,107.0606,114.33787,0.36267,0.13015,0.14862,0.09244,0.09599
36046,103977,Nebraska,Huskers,0.27627,0.69737,0.57127,68.003,113.06422,103.13956,0.32623,0.14049,0.13903,0.09127,0.07114
41097,104041,Ohio St.,Buckeyes,0.30388,0.69983,0.52564,64.828,121.026,110.74979,0.37231,0.13622,0.13669,0.07394,0.07021
33533,103903,Michigan St.,Spartans,0.27608,0.74814,0.56542,64.145,108.94726,104.33813,0.2716,0.14531,0.13095,0.07222,0.08423
36046,104019,Northwestern,Wildcats,0.25732,0.72171,0.59417,63.444,113.48503,106.88442,0.29235,0.11942,0.16753,0.10872,0.09464
33533,103902,Michigan,Wolverines,0.25619,0.74236,0.46102,66.176,108.45226,102.92963,0.30843,0.13585,0.12731,0.06859,0.11393
33533,103730,Indiana,Hoosiers,0.28133,0.71024,0.53622,67.077,111.03197,102.03397,0.29452,0.14829,0.14227,0.0867,0.13647
33533,103871,Maryland,Terrapins,0.3,0.71872,0.46172,63.153,109.99622,100.16869,0.34286,0.1441,0.16239,0.0862,0.10061
33533,103257,Purdue,Boilermakers,0.38359,0.7649,0.61312,62.783,115.31623,99.58098,0.3719,0.14693,0.13684,0.07443,0.0987
36046,103903,Michigan St.,Spartans,0.29789,0.71476,0.58799,65.042,111.66096,101.19959,0.29252,0.13094,0.16325,0.10906,0.11661
41097,103903,Michigan St.,Spartans,0.37826,0.77606,0.67635,65.33,119.76272,103.86962,0.35879,0.14618,0.13472,0.07778,0.13539
38409,103720,Illinois,Fighting Illini,0.35782,0.74214,0.5169,70.556,117.688,105.30402,0.34393,0.13725,0.10917,0.06013,0.09211
33533,104041,Ohio St.,Buckeyes,0.31516,0.71417,0.43249,64.686,111.30619,105.86806,0.26559,0.14062,0.13833,0.07912,0.10193
41097,103977,Nebraska,Huskers,0.26672,0.72604,0.65935,65.499,116.68275,100.26747,0.26178,0.12898,0.16577,0.10787,0.08739
38409,104240,Southern California,Trojans,0.27855,0.69767,0.56531,67.399,113.01469,109.89995,0.35544,0.15875,0.15666,0.09332,0.08664
30629,103730,Indiana,Hoosiers,0.27103,0.74763,0.56589,66.442,105.43017,98.53764,0.33501,0.15362,0.15712,0.08394,0.14072
38409,104055,Oregon,Ducks,0.30461,0.70942,0.52904,67.221,112.66021,104.29164,0.32961,0.14344,0.15235,0.10493,0.09916
38409,103977,Nebraska,Huskers,0.27052,0.71507,0.53448,67.654,110.75352,105.79875,0.35479,0.14407,0.15414,0.10441,0.08988
41097,104500,Wisconsin,Badgers,0.29116,0.71776,0.5726,67.24,121.65737,111.60304,0.31506,0.11271,0.12594,0.08169,0.08576
33533,104500,Wisconsin,Badgers,0.22602,0.7509,0.48857,62.046,102.96899,100.3091,0.24988,0.11949,0.1645,0.09355,0.04388
38409,103257,Purdue,Boilermakers,0.31769,0.70305,0.58274,64.743,119.31775,108.6774,0.34632,0.13833,0.15425,0.09859,0.05082
30629,103903,Michigan St.,Spartans,0.30685,0.72906,0.6017,66.542,108.5773,103.73495,0.29869,0.1646,0.13429,0.0856,0.13558
38409,103871,Maryland,Terrapins,0.30695,0.71817,0.49086,68.824,117.40561,97.2548,0.33092,0.1256,0.17702,0.1141,0.11847
30629,103734,Iowa,Hawkeyes,0.32282,0.70015,0.53875,68.909,119.89739,102.56331,0.30017,0.11184,0.16834,0.10576,0.11288
41097,104360,UCLA,Bruins,0.31046,0.66694,0.59184,64.067,119.07581,109.76429,0.33079,0.11768,0.15955,0.10286,0.09758
36046,104041,Ohio St.,Buckeyes,0.31445,0.7145,0.52978,66.034,113.15584,105.24576,0.33725,0.13499,0.13849,0.08363,0.11723
36046,104500,Wisconsin,Badgers,0.30242,0.75614,0.48109,64.579,114.42913,107.27731,0.33817,0.13101,0.15271,0.09514,0.04577
38409,103903,Michigan St.,Spartans,0.35341,0.75274,0.61117,67.287,115.05041,99.43814,0.37728,0.14113,0.14213,0.07831,0.13172
38409,104500,Wisconsin,Badgers,0.27984,0.73265,0.54188,67.012,119.14116,105.3941,0.34158,0.12412,0.12744,0.07617,0.06341
41097,103734,Iowa,Hawkeyes,0.30194,0.70841,0.57692,61.385,121.02244,107.59501,0.35056,0.13382,0.18053,0.11087,0.06449
38409,103902,Michigan,Wolverines,0.33171,0.69814,0.57962,69.103,112.07908,102.71649,0.35741,0.17138,0.13674,0.07704,0.09474
30629,103257,Purdue,Boilermakers,0.35214,0.76215,0.58577,65.409,120.09827,103.57248,0.38204,0.15128,0.12593,0.07044,0.09682
41097,103720,Illinois,Fighting Illini,0.39175,0.73319,0.49952,63.878,128.53607,106.20193,0.33216,0.11018,0.10151,0.05699,0.12964
33533,104078,Penn St.,Nittany Lions,0.19172,0.74429,0.51943,63.27,112.28624,106.02711,0.2127,0.12573,0.11604,0.06791,0.0583
36046,103720,Illinois,Fighting Illini,0.3563,0.73706,0.45833,68.629,120.68317,106.16919,0.37097,0.12764,0.10912,0.06334,0.08247
41097,103257,Purdue,Boilermakers,0.36424,0.72912,0.65636,63.729,127.6976,110.33169,0.28571,0.11739,0.13601,0.08576,0.08772
36046,103257,Purdue,Boilermakers,0.37658,0.75722,0.64923,66.773,122.12892,102.35096,0.41285,0.14136,0.12161,0.08037,0.09281
41097,103902,Michigan,Wolverines,0.34696,0.71823,0.61016,69.623,125.0342,99.5119,0.37998,0.14274,0.1319,0.08004,0.16373
27693,103646,Georgia St.,Panthers,0.31289,0.6849,0.56857,69.789,112.52936,101.83047,0.30664,0.13997,0.17437,0.09967,0.12217
27693,103302,Arkansas St.,Red Wolves,0.31851,0.72402,0.55878,67.985,106.1492,101.6374,0.34388,0.16403,0.15845,0.09592,0.07143
27693,104323,Texas St.,Bobcats,0.30103,0.74369,0.53895,63.434,103.12825,95.85957,0.27333,0.17926,0.20426,0.10668,0.09593
27693,103784,ULM,Warhawks,0.22873,0.68019,0.58292,66.345,96.34988,103.38862,0.25068,0.17214,0.18593,0.11176,0.08141
27693,104378,UT Arlington,Mavericks,0.29554,0.69656,0.52585,70.166,104.52318,99.66798,0.26763,0.14402,0.17962,0.11761,0.12326
27693,103822,Little Rock,Trojans,0.31071,0.72551,0.55486,66.683,102.03196,101.80345,0.36902,0.19401,0.17966,0.09403,0.09609
27693,103828,Louisiana,Ragin' Cajuns,0.33827,0.72513,0.46564,70.508,104.49264,102.22341,0.28811,0.17647,0.14736,0.07859,0.11021
27693,103473,Coastal Carolina,Chanticleers,0.36936,0.74095,0.55191,71.101,110.74844,94.99612,0.33229,0.17685,0.16867,0.1142,0.11866
27693,103634,Ga. Southern,Eagles,0.32768,0.71585,0.4723,67.25,103.39502,97.94733,0.30143,0.17694,0.19748,0.11662,0.11298
27168,103784,ULM,Warhawks,0.27344,0.65912,0.60963,65.809,90.39198,109.2399,0.31512,0.21484,0.18995,0.10795,0.03909
27043,103784,ULM,Warhawks,0.30728,0.68835,0.54299,63.895,98.91166,105.34263,0.36463,0.17346,0.14374,0.08807,0.09661
27693,104343,Troy,Trojans,0.28817,0.74213,0.50314,68.98,94.27574,100.10032,0.34774,0.18474,0.1691,0.09015,0.08657
27249,104343,Troy,Trojans,0.35,0.63009,0.49931,67.435,104.77467,111.3887,0.25597,0.15067,0.18267,0.09825,0.10128
27693,104228,South Alabama,Jaguars,0.27227,0.67944,0.43916,67.214,108.79822,104.07926,0.33436,0.15188,0.17149,0.10485,0.11017
30629,103822,Little Rock,Trojans,0.2521,0.7033,0.55914,66.653,98.33583,107.7588,0.32513,0.18022,0.18528,0.10224,0.0627
27249,103784,ULM,Warhawks,0.2639,0.68743,0.51962,63.283,94.94787,112.74381,0.2836,0.17771,0.1488,0.08551,0.06875
30629,103302,Arkansas St.,Red Wolves,0.29848,0.71977,0.60671,68.303,103.30113,99.2294,0.33152,0.17544,0.17377,0.11488,0.08615
30629,104323,Texas St.,Bobcats,0.31602,0.71728,0.49662,64.375,108.96403,97.81695,0.3175,0.16411,0.19766,0.1032,0.11364
30629,103634,Ga. Southern,Eagles,0.29645,0.70136,0.48599,65.823,100.08645,98.83992,0.30269,0.18708,0.17573,0.11239,0.10142
27249,103594,FIU,Panthers,0.32816,0.63823,0.43016,63.351,98.66038,104.84009,0.38838,0.19302,0.18346,0.11619,0.11752
27249,104228,South Alabama,Jaguars,0.42885,0.67233,0.47361,64.626,101.9278,102.55991,0.38643,0.1993,0.16143,0.07535,0.12764
30629,103646,Georgia St.,Panthers,0.33891,0.69691,0.54155,67.12,103.92293,96.67013,0.29513,0.14247,0.20455,0.12891,0.1277
27693,103293,App State,Mountaineers,0.30394,0.72393,0.49275,65.204,105.55596,96.2894,0.34005,0.1502,0.18191,0.11934,0.10429
30629,104378,UT Arlington,Mavericks,0.31634,0.68411,0.56962,65.369,99.33379,101.62846,0.28774,0.17525,0.17383,0.11591,0.12154
36046,103784,ULM,Warhawks,0.34828,0.70662,0.50732,67.644,102.85782,109.58087,0.37192,0.15237,0.15566,0.10767,0.07006
27168,104228,South Alabama,Jaguars,0.36364,0.67123,0.47423,67.819,100.41336,99.43847,0.44773,0.1934,0.18238,0.09677,0.12255
27249,103609,Fla. Atlantic,Owls,0.32904,0.65988,0.53203,63.494,101.25836,104.79241,0.289,0.1575,0.17962,0.10256,0.10518
27043,104323,Texas St.,Bobcats,0.31238,0.71979,0.49354,62.252,98.21443,105.64632,0.34227,0.18718,0.17227,0.09431,0.0848
33533,103646,Georgia St.,Panthers,0.31877,0.71626,0.45906,66.012,100.65037,104.64134,0.32476,0.16362,0.15731,0.08757,0.09754
33533,104049,Old Dominion,Monarchs,0.32837,0.71301,0.44626,64.522,103.225,102.1793,0.36705,0.14547,0.15133,0.098,0.11712
38409,103293,App State,Mountaineers,0.282,0.71151,0.5271,63.391,106.53602,99.84584,0.35047,0.14642,0.12628,0.08681,0.10062
30629,103828,Louisiana,Ragin' Cajuns,0.33544,0.72396,0.50392,68.962,102.22426,99.81134,0.35156,0.1867,0.16186,0.09818,0.11138
33533,103473,Coastal Carolina,Chanticleers,0.31612,0.70096,0.46936,67.586,107.61983,108.61412,0.28351,0.15199,0.14437,0.08902,0.09574
36046,103473,Coastal Carolina,Chanticleers,0.30884,0.70133,0.47305,70.289,103.79932,110.81033,0.32766,0.16336,0.113,0.0812,0.08818
36046,103646,Georgia St.,Panthers,0.27802,0.70524,0.42757,69.088,109.7731,107.41089,0.2847,0.11971,0.1289,0.08301,0.07536
27249,103535,Denver,Pioneers,0.23508,0.67351,0.66484,60.146,111.91852,99.41247,0.35231,0.17862,0.20546,0.1181,0.12421
30629,103784,ULM,Warhawks,0.25888,0.6719,0.55542,68.49,104.51932,107.21839,0.26096,0.16096,0.17398,0.1041,0.07834
27043,104228,South Alabama,Jaguars,0.32672,0.69472,0.48811,65.418,103.55911,105.88847,0.38254,0.15486,0.14769,0.07408,0.10082
27043,104343,Troy,Trojans,0.33215,0.67625,0.48791,64.572,104.27583,106.73401,0.44431,0.16231,0.15462,0.08876,0.06527
27249,103822,Little Rock,Trojans,0.27757,0.69129,0.48214,64.033,97.86597,98.65921,0.40604,0.16555,0.19037,0.09825,0.09216
27168,103302,Arkansas St.,Red Wolves,0.33939,0.69601,0.45957,65.12,102.4716,93.65529,0.43869,0.1645,0.20428,0.12329,0.08304
27168,103822,Little Rock,Trojans,0.32004,0.67647,0.5082,67.933,97.84482,98.07483,0.42684,0.19137,0.20549,0.09903,0.1094
27168,103594,FIU,Panthers,0.31233,0.64015,0.48172,68.567,100.72236,100.67678,0.35786,0.18903,0.21971,0.13609,0.07909
36046,104245,Southern Miss.,Golden Eagles,0.29417,0.70499,0.48516,68.291,102.3189,104.01201,0.37952,0.16169,0.15366,0.1047,0.12561
41097,103865,Marshall,Thundering Herd,0.3244,0.66694,0.57389,69.4,116.89471,112.43686,0.29063,0.14343,0.14116,0.08888,0.13374
38409,103473,Coastal Carolina,Chanticleers,0.29396,0.71973,0.49595,63.271,105.08813,111.92673,0.34375,0.16109,0.09424,0.05177,0.04492
41097,103646,Georgia St.,Panthers,0.28441,0.67474,0.51172,67.514,103.8778,110.24048,0.36667,0.13685,0.14388,0.10151,0.0864
41097,103293,App State,Mountaineers,0.34328,0.71607,0.485,63.512,112.97238,103.61111,0.38669,0.12933,0.12543,0.07698,0.10846
33533,103293,App State,Mountaineers,0.2576,0.72619,0.50916,66.079,105.48881,96.99527,0.29288,0.14397,0.16156,0.09604,0.12796
36046,104049,Old Dominion,Monarchs,0.25539,0.69218,0.39239,69.88,100.63796,109.33507,0.27536,0.13462,0.15747,0.11137,0.11192
38409,103784,ULM,Warhawks,0.30151,0.68772,0.52813,67.249,101.66956,111.44459,0.30885,0.14638,0.14232,0.1049,0.07005
38409,103745,James Madison,Dukes,0.32143,0.71091,0.45322,64.536,113.63247,108.39529,0.30576,0.13682,0.13686,0.0931,0.08545
41097,103784,ULM,Warhawks,0.25318,0.65194,0.50781,69.636,103.2169,119.55883,0.3943,0.151,0.13625,0.08723,0.09001
27043,104453,Western Ky.,Hilltoppers,0.34569,0.71828,0.49317,65.364,103.77218,102.16551,0.42752,0.17139,0.17142,0.07809,0.0656
27168,104005,North Texas,Mean Green,0.3385,0.67231,0.43919,66.349,98.55505,102.4656,0.41272,0.17326,0.16034,0.09186,0.11916
33533,103784,ULM,Warhawks,0.2969,0.71077,0.53096,65.869,101.14826,104.80591,0.29946,0.16135,0.16414,0.10343,0.10215
33533,103865,Marshall,Thundering Herd,0.32377,0.67619,0.56897,71.54,112.94739,98.48356,0.25849,0.13611,0.17448,0.12447,0.12774
41097,103302,Arkansas St.,Red Wolves,0.38095,0.72651,0.56187,71.013,115.48292,107.47958,0.38632,0.16392,0.1393,0.10429,0.06951
41097,104323,Texas St.,Bobcats,0.34568,0.72238,0.48439,66.436,109.95584,105.58551,0.34561,0.15997,0.16882,0.12417,0.10522
27168,103609,Fla. Atlantic,Owls,0.3291,0.66201,0.44126,65.091,98.89057,102.29407,0.3562,0.1956,0.14526,0.079,0.12275
30629,104343,Troy,Trojans,0.31766,0.73192,0.57532,67.315,101.20033,95.98947,0.32947,0.19106,0.18911,0.11513,0.06429
36046,104228,South Alabama,Jaguars,0.22618,0.68515,0.40838,68.834,105.80592,108.21975,0.32397,0.14383,0.14785,0.09659,0.07018
36046,104343,Troy,Trojans,0.36003,0.70377,0.5099,69.795,112.2403,99.67608,0.38615,0.16199,0.18916,0.14615,0.08706
27043,104378,UT Arlington,Mavericks,0.31772,0.68581,0.47853,69.005,108.51637,110.51524,0.42091,0.16317,0.14855,0.07246,0.10695
27249,104005,North Texas,Mean Green,0.34274,0.70903,0.47066,67.624,101.98397,94.27852,0.33899,0.17642,0.18359,0.09094,0.10535
27249,103828,Louisiana,Ragin' Cajuns,0.33506,0.69594,0.4824,68.678,97.69637,96.17893,0.42793,0.19675,0.17341,0.08428,0.11253
38409,104323,Texas St.,Bobcats,0.35754,0.69493,0.53633,65.779,113.21712,108.9001,0.36437,0.15342,0.1472,0.10522,0.11073
38409,104228,South Alabama,Jaguars,0.29038,0.68528,0.56634,63.014,113.09767,100.11131,0.33515,0.12362,0.18244,0.14468,0.11367
41097,103473,Coastal Carolina,Chanticleers,0.27719,0.73235,0.41542,67.369,106.33011,105.28766,0.31795,0.13402,0.10728,0.06333,0.08333
27043,103302,Arkansas St.,Red Wolves,0.27093,0.68927,0.53325,67.189,110.10326,104.08199,0.42674,0.15464,0.16195,0.09749,0.07002
27043,103822,Little Rock,Trojans,0.31865,0.69878,0.47959,66.975,103.52176,107.27714,0.40889,0.16245,0.16263,0.08581,0.11815
33533,104245,Southern Miss.,Golden Eagles,0.32049,0.70932,0.55505,67.685,109.06191,97.6901,0.32112,0.15419,0.18471,0.12319,0.07468
36046,103828,Louisiana,Ragin' Cajuns,0.31494,0.67733,0.44505,69.007,109.95853,103.85461,0.28099,0.14568,0.18246,0.1242,0.09795
36046,103865,Marshall,Thundering Herd,0.30141,0.7199,0.56944,71.288,103.50616,107.5869,0.29051,0.14134,0.14383,0.09774,0.1073
41097,103828,Louisiana,Ragin' Cajuns,0.28346,0.677,0.45946,62.646,101.62885,112.8027,0.28704,0.14652,0.16063,0.09248,0.10811
33533,103302,Arkansas St.,Red Wolves,0.29018,0.72433,0.55727,63.642,102.88641,105.87481,0.33352,0.15727,0.15729,0.10428,0.09153
38409,103646,Georgia St.,Panthers,0.33221,0.68413,0.44655,68.336,109.51484,114.10925,0.32833,0.14602,0.11438,0.07632,0.07766
38409,103865,Marshall,Thundering Herd,0.33469,0.70744,0.54587,67.932,111.05435,105.1439,0.34082,0.14219,0.1529,0.09765,0.14229
33533,103634,Ga. Southern,Eagles,0.27707,0.73107,0.40833,66.429,102.56969,100.02476,0.27985,0.14909,0.1695,0.10535,0.08181
30629,104228,South Alabama,Jaguars,0.28971,0.69473,0.45539,66.314,107.12373,95.74013,0.31683,0.16277,0.18883,0.1049,0.14235
33533,104343,Troy,Trojans,0.30835,0.70826,0.52098,67.787,107.10169,97.78464,0.32494,0.16018,0.19769,0.1283,0.07376
38409,104245,Southern Miss.,Golden Eagles,0.28678,0.70485,0.56532,70.141,100.84892,107.495,0.33367,0.17031,0.14074,0.09739,0.11306
38409,103828,Louisiana,Ragin' Cajuns,0.26246,0.64657,0.44914,65.216,99.56549,111.14073,0.30522,0.1423,0.16826,0.11191,0.08444
41097,104049,Old Dominion,Monarchs,0.26476,0.70101,0.49203,68.85,109.81655,112.26274,0.34732,0.13635,0.12787,0.08299,0.08327
41097,103745,James Madison,Dukes,0.30864,0.70772,0.48361,65.691,112.62493,111.57194,0.35874,0.15056,0.11243,0.07905,0.11642
27168,103828,Louisiana,Ragin' Cajuns,0.29112,0.64933,0.44377,69.627,100.56801,103.83851,0.35194,0.17255,0.18065,0.10132,0.0916
30629,103473,Coastal Carolina,Chanticleers,0.34394,0.71719,0.51032,66.44,108.41275,97.22874,0.30718,0.16579,0.15611,0.10114,0.11214
36046,103634,Ga. Southern,Eagles,0.28797,0.66188,0.41795,68.74,105.48412,113.98387,0.28919,0.16405,0.1476,0.09914,0.10654
33533,103745,James Madison,Dukes,0.32777,0.7285,0.47588,70.928,111.86516,94.52564,0.37048,0.1563,0.20032,0.12522,0.07305
38409,103634,Ga. Southern,Eagles,0.3297,0.67025,0.50733,68.825,106.21842,108.64727,0.2666,0.16151,0.15795,0.11309,0.10613
41097,104228,South Alabama,Jaguars,0.2538,0.69716,0.45287,64.852,112.53594,106.02408,0.38704,0.11497,0.15668,0.1214,0.10632
27168,104343,Troy,Trojans,0.30657,0.67041,0.4934,60.844,99.2679,106.88523,0.24541,0.14036,0.16531,0.0869,0.07168
38409,104343,Troy,Trojans,0.39022,0.68182,0.55582,66.154,110.92667,99.36718,0.37922,0.16727,0.17313,0.14263,0.12911
30629,103293,App State,Mountaineers,0.27437,0.74676,0.51946,64.261,104.01721,97.861,0.27314,0.13713,0.16215,0.08718,0.07143
33533,103828,Louisiana,Ragin' Cajuns,0.33964,0.74099,0.51474,67.811,113.65359,102.07216,0.36511,0.15349,0.16148,0.10497,0.07544
27168,103908,Middle Tenn.,Blue Raiders,0.36502,0.71028,0.56722,64.581,108.72997,89.24447,0.41417,0.1762,0.20746,0.10787,0.11006
27249,103302,Arkansas St.,Red Wolves,0.34598,0.69972,0.43007,63.101,101.70301,103.60011,0.41615,0.18002,0.17625,0.09682,0.05986
27249,103908,Middle Tenn.,Blue Raiders,0.35009,0.66667,0.59524,65.592,109.45818,94.72428,0.47026,0.18028,0.1916,0.10625,0.11962
27043,103646,Georgia St.,Panthers,0.25455,0.65783,0.50111,64.429,118.81393,104.82259,0.39366,0.10865,0.16988,0.11694,0.14844
36046,103293,App State,Mountaineers,0.30674,0.72632,0.4995,68.163,112.51078,96.38353,0.31286,0.13253,0.12766,0.08813,0.15405
33533,104323,Texas St.,Bobcats,0.31519,0.72458,0.40802,63.459,103.9589,105.08448,0.32847,0.1577,0.16775,0.09901,0.10325
33533,104228,South Alabama,Jaguars,0.21062,0.72253,0.4178,65.554,107.83572,99.10637,0.21955,0.13283,0.14411,0.0925,0.10407
27249,104453,Western Ky.,Hilltoppers,0.34093,0.67649,0.50065,67.225,95.87833,100.56252,0.40215,0.1886,0.18331,0.08225,0.10139
36046,104323,Texas St.,Bobcats,0.31908,0.7072,0.46772,67.109,103.35659,103.65249,0.37575,0.16866,0.1662,0.10971,0.09313
38409,104049,Old Dominion,Monarchs,0.36523,0.68421,0.43981,64.872,103.90276,109.41276,0.31557,0.14213,0.138,0.08441,0.09049
41097,104245,Southern Miss.,Golden Eagles,0.32591,0.71521,0.44629,68.458,108.36434,107.12116,0.42929,0.15996,0.15612,0.10781,0.10991
41097,104343,Troy,Trojans,0.35106,0.68944,0.58606,66.503,115.00503,106.13224,0.3568,0.14647,0.15389,0.11383,0.09062
27043,103828,Louisiana,Ragin' Cajuns,0.3724,0.67997,0.47773,69.764,113.67033,105.49088,0.42924,0.15589,0.16636,0.10069,0.10162
27168,104453,Western Ky.,Hilltoppers,0.35111,0.69839,0.4779,65.889,101.20792,99.31736,0.3854,0.18987,0.18159,0.09354,0.08666
38409,103302,Arkansas St.,Red Wolves,0.33993,0.69759,0.52028,68.968,114.31568,101.11618,0.32512,0.12451,0.14796,0.10589,0.11315
36046,103745,James Madison,Dukes,0.32473,0.73143,0.53774,70.183,117.31658,98.16205,0.34206,0.13131,0.1752,0.12686,0.08315
36046,103302,Arkansas St.,Red Wolves,0.34534,0.71155,0.52498,68.612,114.51725,111.88693,0.32901,0.13521,0.12528,0.08148,0.09988
41097,103634,Ga. Southern,Eagles,0.28882,0.6553,0.4203,69.766,114.82238,113.09659,0.39005,0.12767,0.16262,0.11421,0.10158
27693,104320,Texas A&M,Aggies,0.32838,0.69775,0.54364,64.996,98.89552,102.99836,0.33954,0.19327,0.20119,0.10552,0.06746
27693,104229,South Carolina,Gamecocks,0.32197,0.68714,0.4947,73.707,98.39523,107.37549,0.27933,0.16968,0.19552,0.1142,0.10026
27693,104399,Vanderbilt,Commodores,0.28278,0.71429,0.52217,68.327,105.0244,105.90253,0.3291,0.1759,0.17557,0.10221,0.07345
27693,103614,Florida,Gators,0.31078,0.6929,0.44193,69.045,106.87374,101.28218,0.33902,0.18826,0.17538,0.1032,0.14086
27693,103765,Kentucky,Wildcats,0.32644,0.69477,0.51057,68.408,101.95075,101.5455,0.34485,0.17033,0.15566,0.09092,0.14859
27693,103644,Georgia,Bulldogs,0.33091,0.68388,0.52997,74.523,103.44594,104.11366,0.34498,0.18997,0.19075,0.11315,0.06349
27693,103928,Missouri,Tigers,0.28524,0.71156,0.51647,68.909,105.53589,103.37984,0.37074,0.16577,0.1585,0.09581,0.09011
27693,104312,Tennessee,Volunteers,0.31383,0.71142,0.58798,67.343,106.75088,94.26636,0.34405,0.1588,0.20032,0.10754,0.14054
27693,103308,Auburn,Tigers,0.3504,0.68195,0.56259,72.038,106.16169,105.14286,0.36179,0.18872,0.15979,0.0854,0.14791
27693,104051,Ole Miss,Rebels,0.34734,0.72718,0.48857,66.19,103.51304,95.72405,0.34216,0.17674,0.19925,0.11365,0.11559
27693,103779,LSU,Fighting Tigers,0.31415,0.67944,0.41986,71.133,114.44489,105.27385,0.3401,0.13568,0.15378,0.10842,0.08228
27043,103308,Auburn,Tigers,0.31731,0.6686,0.48271,66.313,107.77126,108.32419,0.44082,0.15511,0.16266,0.09221,0.12774
27249,104229,South Carolina,Gamecocks,0.36064,0.62447,0.44848,60.863,100.45672,106.36904,0.26737,0.17139,0.19464,0.11207,0.14674
30629,104229,South Carolina,Gamecocks,0.34444,0.68651,0.53637,70.63,100.07455,99.07381,0.28594,0.17976,0.18609,0.1105,0.13712
27043,104399,Vanderbilt,Commodores,0.29902,0.65411,0.58636,63.25,101.28744,102.80523,0.41176,0.17988,0.13882,0.07365,0.11675
27249,103308,Auburn,Tigers,0.31413,0.6713,0.5546,63.804,97.01056,99.05867,0.36429,0.17823,0.1859,0.09957,0.13964
27168,103779,LSU,Fighting Tigers,0.34388,0.65214,0.56091,67.967,102.47726,99.86161,0.33388,0.17423,0.18432,0.13183,0.09651
27249,103301,Arkansas,Razorbacks,0.31538,0.63348,0.5396,68.851,104.34614,101.25978,0.37204,0.16089,0.19643,0.11993,0.12882
30629,103644,Georgia,Bulldogs,0.25831,0.69793,0.58191,68.503,101.91192,114.59389,0.39014,0.18606,0.13755,0.07612,0.05882
36046,104051,Ole Miss,Rebels,0.30273,0.63786,0.57688,67.08,111.71372,110.17638,0.35075,0.13708,0.15388,0.11697,0.15232
27168,103926,Mississippi St.,Bulldogs,0.30462,0.63894,0.4791,67.37,89.63836,102.76068,0.40849,0.21648,0.18888,0.11871,0.10325
27693,103301,Arkansas,Razorbacks,0.31675,0.73532,0.4984,73.365,110.48622,96.06022,0.3269,0.14815,0.1798,0.10704,0.12951
33533,103644,Georgia,Bulldogs,0.306,0.69452,0.49176,66.815,102.16993,106.64248,0.40474,0.16833,0.14584,0.0939,0.07025
36046,103928,Missouri,Tigers,0.26807,0.64305,0.48327,66.856,107.50775,113.51403,0.31719,0.15013,0.15938,0.11395,0.14077
36046,104399,Vanderbilt,Commodores,0.2822,0.70709,0.40107,66.342,101.95959,113.92447,0.35162,0.13318,0.14036,0.09205,0.08091
27168,103301,Arkansas,Razorbacks,0.31717,0.66486,0.55751,69.35,105.4303,98.49998,0.35051,0.14122,0.21379,0.13156,0.13707
38409,104229,South Carolina,Gamecocks,0.30357,0.72685,0.54656,65.258,106.10188,108.62019,0.43285,0.16088,0.13869,0.08616,0.07833
27043,103268,Alabama,Crimson Tide,0.30389,0.6553,0.47368,63.245,105.98049,105.00371,0.44158,0.16012,0.16713,0.10618,0.118
27249,103644,Georgia,Bulldogs,0.305,0.69009,0.50723,60.208,100.03875,103.37337,0.30286,0.1434,0.16205,0.10206,0.11281
30629,104051,Ole Miss,Rebels,0.26667,0.73435,0.53216,65.875,102.21802,103.01513,0.28673,0.15991,0.17263,0.1063,0.0778
38409,103779,LSU,Fighting Tigers,0.29464,0.65668,0.48807,68.101,107.17629,106.81344,0.32467,0.16283,0.14101,0.10361,0.11724
41097,103926,Mississippi St.,Bulldogs,0.29827,0.69299,0.45094,70.119,109.42291,115.32576,0.30655,0.13985,0.11104,0.0819,0.11146
41097,104229,South Carolina,Gamecocks,0.27156,0.6788,0.52919,66.21,111.87127,114.15722,0.36712,0.12861,0.12726,0.08198,0.06164
27168,104229,South Carolina,Gamecocks,0.38347,0.67113,0.52759,65.093,99.97545,104.22972,0.35239,0.19087,0.18352,0.07741,0.09644
27168,103308,Auburn,Tigers,0.29167,0.70055,0.54545,65.466,97.47805,103.44705,0.35284,0.17219,0.17397,0.1043,0.11608
27168,103644,Georgia,Bulldogs,0.32112,0.69539,0.58333,61.301,97.67614,98.93097,0.44958,0.19991,0.15907,0.09009,0.12488
33533,104229,South Carolina,Gamecocks,0.32671,0.67519,0.47715,63.795,99.30777,112.08901,0.26815,0.16943,0.13803,0.07596,0.07095
41097,103779,LSU,Fighting Tigers,0.33088,0.68303,0.52508,67.079,118.17404,113.91143,0.40914,0.13545,0.12077,0.08684,0.10271
33533,103779,LSU,Fighting Tigers,0.3173,0.71168,0.52865,65.279,103.56465,108.34598,0.33707,0.15832,0.15415,0.10365,0.08103
38409,103644,Georgia,Bulldogs,0.35971,0.68064,0.47791,66.937,112.5439,104.44037,0.40107,0.16222,0.15493,0.11581,0.14469
27693,103268,Alabama,Crimson Tide,0.32246,0.7084,0.50216,73.147,108.50159,95.45994,0.288,0.16087,0.17841,0.11515,0.106
30629,103928,Missouri,Tigers,0.32035,0.70301,0.50506,66.048,98.72722,106.26888,0.29989,0.18488,0.15937,0.09826,0.11232
30629,103268,Alabama,Crimson Tide,0.35327,0.69509,0.53128,71.833,110.23525,106.03261,0.32851,0.16827,0.15686,0.0982,0.11896
33533,104051,Ole Miss,Rebels,0.33305,0.70125,0.52941,65.265,103.01084,105.41613,0.29177,0.15562,0.15788,0.10873,0.10016
33533,103614,Florida,Gators,0.23781,0.69311,0.48916,68.342,103.85056,100.00751,0.34506,0.14469,0.15423,0.09942,0.12267
36046,103779,LSU,Fighting Tigers,0.30721,0.68647,0.447,69.21,109.91971,107.91324,0.3828,0.16302,0.15775,0.1151,0.10776
38409,104399,Vanderbilt,Commodores,0.3161,0.70275,0.50164,68.378,114.9662,108.25543,0.33432,0.12588,0.17573,0.13016,0.11247
27043,103926,Mississippi St.,Bulldogs,0.28559,0.68497,0.51083,67.279,99.86456,105.18412,0.433,0.17837,0.177,0.11413,0.07333
27168,104399,Vanderbilt,Commodores,0.27909,0.70477,0.56535,60.381,99.16955,98.82089,0.35069,0.17105,0.16065,0.0797,0.10591
27168,103765,Kentucky,Wildcats,0.34739,0.68775,0.51101,65.687,109.70314,97.38671,0.41708,0.16679,0.15045,0.08509,0.15589
27168,103928,Missouri,Tigers,0.38529,0.71554,0.51416,66.881,111.79171,99.69518,0.35512,0.16222,0.15314,0.09908,0.0917
27249,103268,Alabama,Crimson Tide,0.33492,0.68363,0.51671,61.906,103.72245,93.18016,0.36179,0.17486,0.18109,0.11597,0.11986
41097,103928,Missouri,Tigers,0.34935,0.68307,0.51204,66.877,117.59814,112.02178,0.42128,0.15379,0.14368,0.09879,0.10555
27043,104051,Ole Miss,Rebels,0.3323,0.64444,0.49402,68.018,109.33502,105.72283,0.39591,0.13562,0.17003,0.10857,0.15359
36046,103765,Kentucky,Wildcats,0.28895,0.69549,0.54882,72.326,121.71221,108.95273,0.30441,0.1271,0.1375,0.1026,0.16185
27168,104312,Tennessee,Volunteers,0.36518,0.71178,0.47012,62.014,105.36862,100.65134,0.42204,0.16992,0.15224,0.06753,0.10117
27249,103779,LSU,Fighting Tigers,0.34582,0.68684,0.52465,65.044,98.99216,97.2482,0.29892,0.16299,0.18953,0.10658,0.10407
27693,103926,Mississippi St.,Bulldogs,0.35778,0.72467,0.50649,66.016,103.41159,99.749,0.33708,0.18858,0.1519,0.0951,0.129
36046,103301,Arkansas,Razorbacks,0.25202,0.70098,0.45052,70.407,108.79152,111.63214,0.45258,0.14789,0.13252,0.08387,0.14966
41097,103644,Georgia,Bulldogs,0.34923,0.65142,0.48075,71.93,122.46621,109.35224,0.36929,0.1225,0.15723,0.11494,0.14884
27168,104320,Texas A&M,Aggies,0.34888,0.66544,0.49544,60.61,102.80673,100.1669,0.32893,0.18009,0.18743,0.10411,0.08991
27249,103926,Mississippi St.,Bulldogs,0.31574,0.71767,0.51639,64.383,109.39208,102.90311,0.3266,0.15553,0.13935,0.09121,0.08504
27043,104229,South Carolina,Gamecocks,0.39361,0.66126,0.54379,65.309,104.61547,107.00231,0.4571,0.17892,0.17358,0.09629,0.11327
38409,104047,Oklahoma,Sooners,0.26599,0.68163,0.5158,68.298,114.59277,109.25286,0.39916,0.15582,0.15847,0.11404,0.06777
33533,103308,Auburn,Tigers,0.32836,0.67557,0.54743,67.132,107.99422,100.48613,0.36313,0.15203,0.16323,0.11537,0.13565
38409,103928,Missouri,Tigers,0.33543,0.67734,0.49734,68.193,122.21274,107.60221,0.47101,0.13588,0.17541,0.13645,0.07349
27043,103644,Georgia,Bulldogs,0.35268,0.70155,0.44459,63.879,107.09115,103.80025,0.5408,0.17154,0.13912,0.07934,0.1309
30629,103765,Kentucky,Wildcats,0.37671,0.75122,0.53398,67.832,116.25984,97.40689,0.28022,0.14147,0.15609,0.09986,0.1112
30629,103779,LSU,Fighting Tigers,0.33855,0.69061,0.49033,68.988,104.40897,91.24675,0.33367,0.17832,0.21865,0.15792,0.14632
30629,103614,Florida,Gators,0.31495,0.67518,0.52727,65.572,106.86467,100.67543,0.33781,0.15982,0.18902,0.12648,0.13528
33533,103765,Kentucky,Wildcats,0.39203,0.74935,0.55113,65.421,113.00232,102.87139,0.31932,0.1464,0.14794,0.09763,0.10048
36046,104229,South Carolina,Gamecocks,0.32797,0.7213,0.60578,63.351,112.9143,105.86291,0.31827,0.13282,0.13221,0.07491,0.08219
38409,104320,Texas A&M,Aggies,0.41387,0.7202,0.47375,66.325,111.68146,102.83322,0.41317,0.14595,0.17144,0.11328,0.13511
27043,103779,LSU,Fighting Tigers,0.34906,0.68356,0.52288,68.95,107.16525,102.2289,0.34204,0.16326,0.15546,0.1108,0.14044
30629,103926,Mississippi St.,Bulldogs,0.34073,0.74281,0.52907,65.38,106.60949,100.20225,0.38075,0.169,0.17389,0.11994,0.1031
38409,103926,Mississippi St.,Bulldogs,0.33879,0.7009,0.53244,68.369,115.05444,107.31039,0.31486,0.12992,0.16585,0.13224,0.13793
27043,103301,Arkansas,Razorbacks,0.31786,0.63362,0.56142,70.691,111.65218,99.43317,0.4019,0.13662,0.19715,0.1175,0.13816
30629,103308,Auburn,Tigers,0.33591,0.71083,0.53128,69.729,110.5735,94.98513,0.31579,0.14281,0.17541,0.11832,0.21102
33533,103926,Mississippi St.,Bulldogs,0.35541,0.7138,0.59069,63.794,101.50412,94.18892,0.33833,0.16327,0.18989,0.13344,0.1125
27043,104320,Texas A&M,Aggies,0.27519,0.68046,0.56718,62.934,100.91324,97.97625,0.38825,0.15329,0.17464,0.10015,0.11344
27249,104312,Tennessee,Volunteers,0.33074,0.69854,0.53894,64.191,105.19219,99.70312,0.37845,0.17782,0.15605,0.08649,0.10852
41097,104320,Texas A&M,Aggies,0.32003,0.66979,0.61196,70.454,119.55398,109.62859,0.37068,0.1273,0.15894,0.11299,0.08497
27249,104051,Ole Miss,Rebels,0.35835,0.67589,0.46341,65.275,99.93555,98.83736,0.42511,0.17729,0.16949,0.09946,0.14378
33533,104320,Texas A&M,Aggies,0.3674,0.69576,0.52575,65.556,111.09387,101.41838,0.45135,0.15661,0.18098,0.10176,0.07854
36046,103308,Auburn,Tigers,0.3286,0.69767,0.61584,69.16,120.176,98.7765,0.38284,0.13112,0.15763,0.10696,0.15914
41097,103614,Florida,Gators,0.43346,0.75165,0.54982,70.634,123.37278,101.28703,0.39045,0.13562,0.13536,0.09362,0.12411
36046,103926,Mississippi St.,Bulldogs,0.35447,0.72164,0.53544,67.338,109.62852,102.18747,0.37395,0.1616,0.16162,0.12002,0.09022
30629,104312,Tennessee,Volunteers,0.32486,0.72832,0.62951,67.25,108.45494,92.93124,0.28937,0.15292,0.20287,0.13727,0.12909
33533,103928,Missouri,Tigers,0.26338,0.62804,0.56579,68.606,114.21024,107.67685,0.29063,0.14184,0.20481,0.14736,0.08528
41097,103268,Alabama,Crimson Tide,0.32394,0.67165,0.54278,72.545,124.82301,113.24794,0.35986,0.11354,0.10868,0.08777,0.11211
27043,103928,Missouri,Tigers,0.34692,0.69307,0.43083,64.458,111.96379,107.05194,0.52492,0.16585,0.13628,0.0766,0.09201
38409,104319,Texas,Longhorns,0.29716,0.70625,0.4728,66.879,115.70274,107.06821,0.36768,0.12657,0.14314,0.09192,0.11592
41097,104051,Ole Miss,Rebels,0.28306,0.67407,0.50212,66.706,111.76516,112.1018,0.33018,0.12346,0.14235,0.10448,0.12906
36046,104312,Tennessee,Volunteers,0.32181,0.71829,0.61287,68.543,114.93147,98.31585,0.33738,0.12568,0.16238,0.1132,0.13474
33533,104312,Tennessee,Volunteers,0.36421,0.73147,0.66189,64.491,109.32491,89.45156,0.30663,0.15333,0.19522,0.12705,0.11786
33533,103301,Arkansas,Razorbacks,0.30725,0.72093,0.48075,68.786,107.28772,98.43427,0.39263,0.15917,0.18136,0.12143,0.13112
38409,103765,Kentucky,Wildcats,0.28187,0.73566,0.56995,70.894,118.70157,108.54946,0.35188,0.13309,0.12539,0.09751,0.11355
41097,103765,Kentucky,Wildcats,0.33228,0.70023,0.56944,68.123,117.75922,108.73833,0.37367,0.13338,0.13523,0.10258,0.12693
30629,104399,Vanderbilt,Commodores,0.27453,0.72254,0.49823,67.528,104.08963,99.75938,0.38731,0.16773,0.18303,0.10648,0.09926
36046,104320,Texas A&M,Aggies,0.42251,0.72025,0.44492,66.151,114.09669,108.04989,0.38628,0.11376,0.14618,0.10361,0.09351
38409,103301,Arkansas,Razorbacks,0.28092,0.70097,0.52147,68.679,111.06097,103.26863,0.35556,0.14476,0.14981,0.10878,0.14963
38409,104051,Ole Miss,Rebels,0.2554,0.69572,0.5318,67.749,113.15594,105.13445,0.3525,0.11512,0.17757,0.12831,0.11837
41097,104399,Vanderbilt,Commodores,0.31194,0.68474,0.56388,68.667,123.97743,108.43003,0.38058,0.1184,0.15414,0.11481,0.12414
41097,104319,Texas,Longhorns,0.36,0.73499,0.44051,67.146,122.38835,112.65151,0.43503,0.1336,0.11698,0.08343,0.07605
27168,104051,Ole Miss,Rebels,0.34075,0.68165,0.46059,69.256,110.3132,95.62594,0.38834,0.13543,0.18621,0.11834,0.13694
27168,103268,Alabama,Crimson Tide,0.32017,0.66975,0.4703,61.204,101.8733,94.41697,0.3434,0.17193,0.19743,0.13213,0.12739
27249,104399,Vanderbilt,Commodores,0.32294,0.68153,0.51751,64.362,111.69619,99.90722,0.40083,0.17399,0.16343,0.09164,0.10375
36046,103614,Florida,Gators,0.37297,0.71173,0.50696,71.627,117.40826,108.67888,0.38409,0.13256,0.12737,0.09188,0.12092
27168,103614,Florida,Gators,0.34172,0.7161,0.5625,61.893,115.36975,87.85918,0.30995,0.15344,0.19592,0.11568,0.09419
36046,103644,Georgia,Bulldogs,0.27051,0.69511,0.46235,69.145,107.67323,107.67323,0.36583,0.14178,0.14066,0.09261,0.0842
27043,104312,Tennessee,Volunteers,0.39825,0.72449,0.50917,61.707,116.24497,99.32159,0.41602,0.13804,0.14957,0.08355,0.11986
30629,103301,Arkansas,Razorbacks,0.29564,0.7472,0.52675,70.372,107.19681,96.40084,0.37171,0.14801,0.184,0.10738,0.11706
33533,104399,Vanderbilt,Commodores,0.3082,0.68118,0.46129,65.68,108.76472,108.11074,0.3155,0.13808,0.13116,0.07646,0.11831
36046,103268,Alabama,Crimson Tide,0.34963,0.69049,0.51673,72.325,123.78895,111.57709,0.35304,0.13715,0.13185,0.09497,0.10961
38409,103268,Alabama,Crimson Tide,0.33725,0.70573,0.55449,74.559,120.79933,108.26932,0.39308,0.1443,0.1167,0.08191,0.10121
27249,103614,Florida,Gators,0.33494,0.6983,0.56455,64.006,117.38094,100.4928,0.33238,0.14518,0.16554,0.09735,0.08819
41097,104312,Tennessee,Volunteers,0.44681,0.72173,0.60441,65.916,118.4037,104.48101,0.37423,0.14206,0.14161,0.10935,0.11584
41097,103301,Arkansas,Razorbacks,0.32013,0.69122,0.53094,71.01,125.31541,112.58483,0.35903,0.10723,0.13589,0.1018,0.12993
41097,104047,Oklahoma,Sooners,0.3281,0.67114,0.50854,66.91,122.23299,114.18243,0.35546,0.12445,0.13353,0.09388,0.10736
33533,103268,Alabama,Crimson Tide,0.34205,0.72099,0.54252,71.217,112.59294,93.95764,0.36646,0.16004,0.13718,0.08345,0.11304
38409,104312,Tennessee,Volunteers,0.35557,0.69742,0.606,63.222,117.09021,99.77435,0.35547,0.13836,0.15216,0.10907,0.15109
38409,103308,Auburn,Tigers,0.3417,0.70325,0.54928,67.529,122.46876,102.46514,0.33916,0.1176,0.1515,0.10128,0.15797
41097,103308,Auburn,Tigers,0.37043,0.69141,0.47624,67.359,122.01599,115.78753,0.43214,0.12434,0.1429,0.10951,0.11573
27043,103614,Florida,Gators,0.35405,0.71648,0.53862,61.744,112.88479,93.26345,0.42364,0.15016,0.18749,0.11337,0.08576
27249,103765,Kentucky,Wildcats,0.37869,0.68702,0.48449,65.013,119.01512,93.17403,0.41726,0.14549,0.14959,0.09338,0.20355
38409,103614,Florida,Gators,0.38526,0.7096,0.52369,69.112,122.6638,100.70658,0.34861,0.13297,0.14389,0.10677,0.11684
27043,103765,Kentucky,Wildcats,0.41959,0.70292,0.44422,64.622,114.67461,102.14166,0.51762,0.15035,0.13956,0.07247,0.14918
30629,104320,Texas A&M,Aggies,0.34302,0.66928,0.52321,67.244,106.77949,97.0489,0.35332,0.16263,0.2092,0.14587,0.09877
27693,103454,Chicago St.,Cougars,0.16564,0.62069,0.49444,69.982,79.22688,126.69951,0.25352,0.20218,0.14006,0.07797,0.03683
27693,104381,UTRGV,Vaqueros,0.32614,0.68258,0.60714,73.315,98.78104,92.39186,0.40206,0.17021,0.21863,0.12125,0.11219
27693,104309,Tarleton St.,Texans,0.27217,0.70167,0.55472,67.515,108.64325,92.27641,0.36492,0.14988,0.25033,0.15479,0.1
27693,103985,New Mexico St.,Aggies,0.34593,0.75272,0.5061,64.783,109.75036,99.0223,0.31228,0.15653,0.17536,0.07736,0.07186
27693,103539,Utah Tech,Trailblazers ,0.25316,0.68702,0.62451,72.869,95.47463,104.75416,0.348,0.18445,0.17155,0.09311,0.05257
27693,104391,Utah Valley,Wolverines,0.31746,0.75709,0.625,70.583,104.50441,104.69651,0.42215,0.18213,0.14021,0.07371,0.11649
27693,103407,California Baptist,Lancers,0.29342,0.7438,0.63565,69.783,112.78263,103.73523,0.34232,0.16837,0.14896,0.07166,0.06278
27693,104209,Seattle U,Redhawks,0.27231,0.69961,0.44519,68.831,105.35758,99.1379,0.29173,0.13261,0.19635,0.0951,0.09901
27693,103659,Grand Canyon,Lopes,0.33842,0.76804,0.57692,66.657,113.26646,93.20104,0.31358,0.16357,0.15375,0.07294,0.09102
33533,103985,New Mexico St.,Aggies,0.28975,0.74907,0.46117,69.962,105.35545,102.43718,0.3359,0.15707,0.17417,0.10464,0.07324
27249,104209,Seattle U,Redhawks,0.3432,0.71265,0.47882,74.082,102.76338,100.7728,0.25335,0.17209,0.17691,0.11281,0.08806
30629,103791,Lamar University,Cardinals,0.30414,0.689,0.48343,66.323,92.44202,110.01536,0.26163,0.18682,0.15529,0.08816,0.09139
27168,104202,San Jose St.,Spartans,0.33659,0.68091,0.50397,66.505,93.03246,103.20304,0.36249,0.172,0.16482,0.09042,0.08488
27043,104366,Kansas City,Roos,0.26388,0.68719,0.47874,70.134,99.09604,109.07694,0.42722,0.16453,0.17196,0.10346,0.06381
27043,103659,Grand Canyon,Lopes,0.28428,0.71415,0.57526,66.372,108.17927,107.62912,0.53648,0.16597,0.13008,0.06039,0.06672
27168,103716,Idaho,Vandals,0.33145,0.71526,0.55105,62.181,108.9853,110.52704,0.37598,0.18452,0.12324,0.06524,0.07699
33533,103260,Abilene Christian,Wildcats,0.28558,0.73481,0.58005,69.593,106.83139,101.32119,0.31833,0.1559,0.22474,0.12547,0.07037
27043,104209,Seattle U,Redhawks,0.38169,0.70058,0.51842,66.82,105.38718,104.40179,0.33871,0.16861,0.16574,0.09493,0.08489
27168,104209,Seattle U,Redhawks,0.36649,0.70337,0.57221,68.975,93.83782,98.22901,0.28971,0.21675,0.17644,0.11054,0.08188
30629,104381,UTRGV,Vaqueros,0.25463,0.66863,0.49934,71.796,99.38619,109.54048,0.41638,0.1897,0.15499,0.07271,0.08498
30629,103659,Grand Canyon,Lopes,0.3545,0.72481,0.50638,66.491,106.92719,92.08158,0.30904,0.16309,0.16769,0.09987,0.05995
38409,104249,Southern Utah,Thunderbirds,0.31028,0.68766,0.48945,69.369,100.58399,106.25725,0.35742,0.17822,0.13295,0.0729,0.09756
30629,103539,Utah Tech,Trailblazers ,0.28752,0.72292,0.60252,72.624,99.40563,101.57335,0.34566,0.17846,0.16421,0.09206,0.06292
36046,104249,Southern Utah,Thunderbirds,0.2847,0.67565,0.45732,70.055,106.67538,110.34436,0.36217,0.1474,0.15266,0.0929,0.06706
30629,104309,Tarleton St.,Texans,0.28146,0.67355,0.49504,64.405,99.86946,101.01681,0.34343,0.16326,0.21559,0.11782,0.07375
36046,103539,Utah Tech,Trailblazers ,0.28373,0.68492,0.5201,70.544,99.52357,108.3691,0.40545,0.19592,0.16166,0.09319,0.11575
36046,104381,UTRGV,Vaqueros,0.24936,0.68095,0.5305,72.101,96.7971,109.75664,0.40422,0.16984,0.17038,0.11109,0.07302
27168,104390,Utah St.,Aggies,0.37832,0.73206,0.60667,61.159,111.21208,102.71744,0.39487,0.17866,0.13174,0.07802,0.11804
38409,104378,UT Arlington,Mavericks,0.33059,0.6781,0.54568,67.709,108.36151,109.20882,0.36698,0.16717,0.14289,0.08654,0.08003
27249,104202,San Jose St.,Spartans,0.29895,0.65915,0.58182,64.374,102.69656,110.62264,0.32376,0.14156,0.15679,0.07356,0.03313
30629,103454,Chicago St.,Cougars,0.3165,0.67591,0.44,66.219,93.77061,112.31708,0.29167,0.19212,0.16403,0.08453,0.06578
38409,104309,Tarleton St.,Texans,0.30699,0.66867,0.48494,66.993,94.45978,103.88244,0.42193,0.22701,0.21394,0.14016,0.12221
38409,104209,Seattle U,Redhawks,0.30279,0.73798,0.51743,66.468,105.97135,99.90644,0.42635,0.14557,0.19061,0.12186,0.09855
27043,104391,Utah Valley,Wolverines,0.28739,0.71313,0.6197,62.632,107.40227,104.02265,0.38783,0.15322,0.14242,0.07857,0.07581
27168,104382,UTSA,Roadrunners,0.30983,0.65554,0.46465,64.068,99.5058,108.00849,0.36437,0.17684,0.17689,0.09718,0.03902
27168,103535,Denver,Pioneers,0.22676,0.65792,0.69824,58.781,109.9378,94.79222,0.31234,0.1693,0.22811,0.15306,0.13315
30629,104209,Seattle U,Redhawks,0.26407,0.74788,0.52593,70.328,106.00726,94.36638,0.27954,0.14244,0.18157,0.09762,0.10122
30629,104159,SFA,Lumberjacks,0.3512,0.68083,0.5496,70.448,105.38422,96.7679,0.35262,0.1976,0.22012,0.12856,0.11894
33533,104378,UT Arlington,Mavericks,0.34462,0.70841,0.55959,66.297,99.77474,102.82668,0.30596,0.17326,0.18573,0.09587,0.09014
33533,104209,Seattle U,Redhawks,0.29917,0.74437,0.48473,69.037,103.84171,99.60327,0.32514,0.14611,0.1666,0.08828,0.08223
41097,104249,Southern Utah,Thunderbirds,0.29982,0.68576,0.51373,70.682,107.54628,112.03838,0.33368,0.17234,0.13048,0.07854,0.09468
27043,103389,CSU Bakersfield,Roadrunners,0.34486,0.69332,0.50065,64.808,105.97825,104.73426,0.38185,0.17796,0.16772,0.10043,0.10413
33533,104381,UTRGV,Vaqueros,0.30914,0.72529,0.5818,72.92,107.07242,106.39206,0.43305,0.18905,0.15374,0.06447,0.0834
36046,104391,Utah Valley,Wolverines,0.28511,0.73264,0.59551,67.967,100.32296,100.14047,0.35386,0.15587,0.16198,0.10109,0.11867
38409,103260,Abilene Christian,Wildcats,0.31753,0.69808,0.51404,69.655,100.60622,100.16106,0.36098,0.18209,0.21141,0.14685,0.08545
27249,103685,Hawaii,Rainbow Warriors,0.34675,0.66306,0.56886,69.333,104.95987,106.34092,0.43401,0.1842,0.15323,0.08128,0.07867
38409,103407,California Baptist,Lancers,0.33304,0.70394,0.45599,66.077,106.58041,104.75733,0.29713,0.15129,0.15911,0.09903,0.0688
41097,104309,Tarleton St.,Texans,0.32043,0.66731,0.42823,69.856,105.4576,103.86579,0.40948,0.17325,0.21403,0.14642,0.09804
41097,104378,UT Arlington,Mavericks,0.36129,0.71046,0.48067,65.86,105.05555,100.08417,0.4161,0.17445,0.1625,0.11473,0.09884
27043,103454,Chicago St.,Cougars,0.26683,0.63364,0.45489,68.333,100.11778,109.40289,0.34448,0.15204,0.19312,0.12414,0.07566
27043,104381,UTRGV,Vaqueros,0.29377,0.65953,0.5298,65.688,98.03719,105.5498,0.36105,0.15581,0.18392,0.10465,0.06944
30629,104391,Utah Valley,Wolverines,0.3302,0.7498,0.59524,66.936,104.35943,95.43004,0.38168,0.19425,0.14168,0.08008,0.11838
33533,104159,SFA,Lumberjacks,0.32022,0.69028,0.55594,69.723,106.69488,98.38614,0.37296,0.1876,0.21959,0.12455,0.0758
27168,104378,UT Arlington,Mavericks,0.3628,0.68713,0.548,65.575,98.01464,95.75028,0.36429,0.18709,0.19704,0.11556,0.11984
30629,104195,Sam Houston,Bearkats,0.31422,0.75223,0.55083,66.393,103.30743,94.66817,0.24395,0.15888,0.19474,0.11515,0.08124
38409,103539,Utah Tech,Trailblazers ,0.27993,0.68597,0.51605,67.906,102.47238,111.49706,0.33124,0.16019,0.15173,0.09467,0.08198
41097,103260,Abilene Christian,Wildcats,0.32597,0.71822,0.54658,67.873,103.23454,106.25908,0.40272,0.17892,0.21362,0.14272,0.08103
27249,103716,Idaho,Vandals,0.3254,0.67963,0.60223,63.315,109.15715,106.4021,0.41194,0.18076,0.14289,0.07357,0.10878
33533,103539,Utah Tech,Trailblazers ,0.29342,0.73694,0.52415,69.551,107.88784,104.64472,0.43674,0.18788,0.18677,0.09451,0.06379
33533,103407,California Baptist,Lancers,0.3042,0.74892,0.58076,64.781,106.36233,100.0948,0.31191,0.14936,0.14566,0.06797,0.0822
36046,103407,California Baptist,Lancers,0.32946,0.76036,0.48819,64.457,103.6774,102.51091,0.37695,0.1533,0.13818,0.06205,0.06454
36046,104159,SFA,Lumberjacks,0.34413,0.70186,0.49706,69.992,104.65382,99.97988,0.42116,0.19132,0.20744,0.12543,0.08252
27249,103631,Fresno St.,Bulldogs,0.29915,0.66315,0.50067,61.959,103.38989,103.91399,0.37033,0.14259,0.19136,0.11189,0.09288
27168,103830,Louisiana Tech,Bulldogs,0.34496,0.66826,0.52975,69.308,104.8176,91.28043,0.34512,0.14873,0.21079,0.13055,0.12272
27168,104323,Texas St.,Bobcats,0.27344,0.66555,0.49819,70.345,99.89539,106.56064,0.36829,0.16975,0.17982,0.10615,0.07852
30629,103407,California Baptist,Lancers,0.28921,0.7344,0.65223,67.999,103.51362,98.42844,0.3654,0.17644,0.15637,0.07588,0.07051
30629,103985,New Mexico St.,Aggies,0.33155,0.74818,0.5374,66.759,108.15802,96.43797,0.341,0.17857,0.15518,0.07471,0.1218
36046,104378,UT Arlington,Mavericks,0.33978,0.70871,0.60909,70.335,108.90815,103.82521,0.37708,0.18549,0.16725,0.10063,0.10236
38409,103659,Grand Canyon,Lopes,0.3262,0.71141,0.51766,70.784,110.16393,97.78549,0.43913,0.15886,0.17998,0.12874,0.13198
33533,104309,Tarleton St.,Texans,0.28212,0.71145,0.51594,67.766,105.38585,99.44012,0.44807,0.15938,0.23321,0.14203,0.09917
33533,104195,Sam Houston,Bearkats,0.33681,0.75747,0.51454,65.556,109.29588,89.74376,0.29322,0.16767,0.22283,0.12466,0.08361
38409,104391,Utah Valley,Wolverines,0.31512,0.73751,0.58224,68.1,110.78544,99.55255,0.41376,0.15271,0.1513,0.09705,0.14232
27043,103716,Idaho,Vandals,0.3113,0.69105,0.46098,65.556,109.20827,112.53644,0.45147,0.1479,0.13424,0.06457,0.04438
36046,103260,Abilene Christian,Wildcats,0.26575,0.70313,0.50058,69.807,102.18277,104.18309,0.38098,0.15758,0.17967,0.10937,0.05496
41097,104391,Utah Valley,Wolverines,0.36519,0.69601,0.6319,68.62,115.48249,99.11823,0.363,0.17136,0.189,0.13657,0.14711
41097,103407,California Baptist,Lancers,0.3748,0.72831,0.39862,66.112,108.68653,101.11807,0.35923,0.15092,0.14946,0.08201,0.07348
27249,103830,Louisiana Tech,Bulldogs,0.31329,0.6641,0.51943,67.069,101.90613,101.77648,0.30815,0.16209,0.18829,0.09932,0.09335
41097,103539,Utah Tech,Trailblazers ,0.28597,0.66908,0.52922,67.506,110.94717,108.22871,0.31976,0.1562,0.15053,0.10356,0.07832
36046,103659,Grand Canyon,Lopes,0.34448,0.69924,0.45887,68.401,115.25017,97.64424,0.4497,0.15166,0.17243,0.12014,0.14275
36046,104309,Tarleton St.,Texans,0.31193,0.67977,0.50683,67.033,110.12716,102.01521,0.30846,0.14261,0.18256,0.13131,0.0996
27168,103985,New Mexico St.,Aggies,0.37337,0.70546,0.48197,64.151,104.14182,96.18194,0.46225,0.18701,0.1636,0.08806,0.14119
27249,103979,Nevada,Wolf Pack,0.34891,0.6996,0.53444,64.695,107.15571,99.14407,0.44468,0.17696,0.16448,0.08593,0.12661
27249,103985,New Mexico St.,Aggies,0.41079,0.70493,0.5134,69.64,111.77585,97.74424,0.51736,0.17513,0.18037,0.09749,0.10799
33533,103659,Grand Canyon,Lopes,0.30847,0.70697,0.48446,65.606,113.78194,101.79825,0.35778,0.15548,0.13839,0.07444,0.0811
27043,103985,New Mexico St.,Aggies,0.37511,0.66764,0.50641,65.585,116.15293,101.23036,0.53545,0.16166,0.13846,0.07102,0.13486
30629,103260,Abilene Christian,Wildcats,0.2928,0.70317,0.56871,70.238,107.69662,94.86352,0.38212,0.15227,0.25877,0.15241,0.06315
27249,104390,Utah St.,Aggies,0.30525,0.6699,0.55469,62.4,110.11886,103.60065,0.40594,0.16797,0.1444,0.06308,0.08642
33533,104391,Utah Valley,Wolverines,0.29361,0.71383,0.58121,70.825,107.79562,95.55895,0.35455,0.16676,0.14622,0.08982,0.14994
33533,104249,Southern Utah,Thunderbirds,0.29412,0.75,0.45583,72.371,112.15151,101.17062,0.37577,0.1559,0.17033,0.09828,0.08675
36046,104209,Seattle U,Redhawks,0.2984,0.74944,0.50314,67.032,107.88629,97.65092,0.34064,0.16018,0.15769,0.08482,0.07599
27693,103865,Marshall,Thundering Herd,0.23859,0.71687,0.53201,71.923,110.47565,100.2953,0.24168,0.14677,0.17487,0.10822,0.1321
27693,103908,Middle Tenn.,Blue Raiders,0.26037,0.74694,0.44814,68.64,90.32629,103.05812,0.25775,0.18976,0.17984,0.10385,0.06075
27693,103609,Fla. Atlantic,Owls,0.34045,0.76886,0.5138,69.654,111.50038,95.42098,0.28886,0.16683,0.18045,0.10887,0.07702
27693,104049,Old Dominion,Monarchs,0.28015,0.74444,0.4744,67.012,101.37768,100.40972,0.31575,0.16342,0.16967,0.11086,0.11528
27693,104380,UTEP,Miners,0.24683,0.75773,0.46875,68.033,103.45425,100.16418,0.2905,0.13958,0.17048,0.09147,0.07511
27693,104245,Southern Miss.,Golden Eagles,0.24535,0.7631,0.50083,67.319,94.89283,98.6176,0.2808,0.18329,0.17521,0.08777,0.0671
27693,103447,Charlotte,49ers,0.22323,0.75561,0.51743,63.355,97.75365,102.74297,0.38382,0.18519,0.16889,0.08352,0.08578
27693,104382,UTSA,Roadrunners,0.3013,0.73375,0.4987,71.861,109.72081,102.01359,0.23355,0.13756,0.16887,0.08641,0.08755
27693,103594,FIU,Panthers,0.26272,0.67614,0.56522,71.491,101.50691,105.27232,0.24439,0.17621,0.19697,0.11604,0.1001
27693,104135,Rice,Owls,0.27126,0.74277,0.58413,70.998,104.02772,103.7259,0.26386,0.1812,0.15366,0.07649,0.05199
27693,104005,North Texas,Mean Green,0.28217,0.72747,0.52022,63.923,108.20482,96.63122,0.27111,0.17422,0.18563,0.1003,0.08368
27693,104351,UAB,Blazers,0.29535,0.749,0.39086,67.55,107.45607,89.23193,0.31443,0.13266,0.20821,0.1184,0.12136
27693,104453,Western Ky.,Hilltoppers,0.31771,0.75769,0.53888,67.705,106.44452,99.57713,0.35496,0.17939,0.16862,0.09406,0.12922
27043,104382,UTSA,Roadrunners,0.34816,0.67463,0.48318,66.986,102.38073,114.17483,0.5411,0.19825,0.15123,0.08981,0.05335
27249,103704,Houston,Cougars,0.35218,0.66395,0.50063,66.554,106.45137,106.20404,0.32964,0.18143,0.14825,0.07744,0.11797
27043,104135,Rice,Owls,0.22127,0.70286,0.64992,63.809,94.82455,106.59446,0.33249,0.17849,0.14777,0.07196,0.05322
30629,103447,Charlotte,49ers,0.2268,0.74379,0.55442,65.413,107.06246,108.88711,0.27974,0.15731,0.15134,0.07325,0.08036
27168,104135,Rice,Owls,0.19924,0.642,0.54503,62.75,96.00193,112.59106,0.30413,0.15843,0.18137,0.1046,0.03068
27249,104351,UAB,Blazers,0.34826,0.68662,0.53823,60.984,98.78091,100.46677,0.36305,0.19537,0.16067,0.07124,0.0941
27043,103594,FIU,Panthers,0.33805,0.67257,0.44562,66.141,102.95542,104.98744,0.41523,0.17986,0.15768,0.10661,0.10824
27043,103447,Charlotte,49ers,0.33838,0.70296,0.53299,68.693,103.18433,103.46383,0.39469,0.18024,0.15185,0.08778,0.06527
27168,104359,UCF,Knights,0.35023,0.67345,0.5612,65.58,107.05621,101.44479,0.40118,0.17636,0.16151,0.11354,0.11417
27249,104346,Tulane,Green Wave,0.31343,0.70722,0.54978,63.261,101.26982,96.61606,0.39793,0.16966,0.19607,0.11086,0.09738
27249,103553,East Carolina,Pirates,0.31466,0.68327,0.60509,65.75,103.9574,98.26311,0.34597,0.17743,0.19002,0.11712,0.11074
27043,104351,UAB,Blazers,0.40095,0.70233,0.49,68.445,105.52034,101.5156,0.40229,0.15141,0.13649,0.07882,0.0993
41097,104380,UTEP,Miners,0.27824,0.6756,0.48794,65.476,104.6086,109.23299,0.35069,0.15212,0.16333,0.11502,0.10491
41097,103530,Delaware,Blue Hens,0.21025,0.69188,0.52222,62.827,105.59108,115.40531,0.30612,0.16895,0.12009,0.08805,0.09143
27249,104347,Tulsa,Golden Hurricane,0.33765,0.73277,0.48592,63.232,103.84479,99.28018,0.461,0.19449,0.16433,0.07382,0.12825
27043,103609,Fla. Atlantic,Owls,0.34525,0.67209,0.5087,64.582,102.58228,106.06621,0.3674,0.16933,0.14205,0.07291,0.11466
27693,103830,Louisiana Tech,Bulldogs,0.27715,0.75669,0.5024,69.53,105.12556,94.11412,0.34171,0.16041,0.17216,0.0977,0.08108
30629,104453,Western Ky.,Hilltoppers,0.24818,0.70376,0.50511,69.768,108.12631,99.16804,0.30186,0.15376,0.17543,0.12146,0.16874
27168,104161,SMU,Mustangs,0.34831,0.67241,0.52538,62.581,102.66567,99.83043,0.40764,0.19434,0.1844,0.1098,0.13924
30629,104382,UTSA,Roadrunners,0.31092,0.74522,0.46038,68.87,97.31296,104.54477,0.26468,0.1532,0.15901,0.08317,0.07181
30629,104049,Old Dominion,Monarchs,0.32304,0.72616,0.50254,64.627,102.44884,103.31582,0.34033,0.15475,0.15012,0.09909,0.10574
36046,103744,Jacksonville St.,Gamecocks,0.33914,0.75514,0.44085,65.918,105.77893,100.39554,0.37177,0.17307,0.16745,0.10219,0.1129
38409,104453,Western Ky.,Hilltoppers,0.23875,0.71797,0.45314,71.436,104.36213,104.23141,0.30896,0.13433,0.15407,0.11316,0.07914
38409,103985,New Mexico St.,Aggies,0.33246,0.72671,0.47395,65.223,106.38154,100.70213,0.33404,0.13801,0.14363,0.09768,0.07269
27168,103865,Marshall,Thundering Herd,0.37985,0.64389,0.58409,67.948,100.76141,106.19193,0.44321,0.19078,0.16181,0.09493,0.10968
30629,104005,North Texas,Mean Green,0.32524,0.74926,0.48892,59.609,108.35502,92.7494,0.36903,0.16083,0.17698,0.10921,0.08018
33533,104382,UTSA,Roadrunners,0.29296,0.68842,0.44593,68.059,101.00661,111.6221,0.3609,0.17182,0.13708,0.06231,0.06601
36046,103811,Liberty,Flames,0.26099,0.76226,0.58864,64.904,112.8449,100.13671,0.25541,0.13977,0.15738,0.07988,0.06177
36046,103830,Louisiana Tech,Bulldogs,0.34464,0.72093,0.49089,66.21,112.02334,96.70911,0.40954,0.15764,0.16287,0.11234,0.13808
41097,103744,Jacksonville St.,Gamecocks,0.31503,0.72775,0.49551,65.257,110.47602,103.96625,0.42568,0.1479,0.14834,0.09425,0.09636
41097,104453,Western Ky.,Hilltoppers,0.32464,0.70798,0.52015,69.593,113.03868,108.53852,0.41784,0.12385,0.15318,0.10865,0.06994
27043,104005,North Texas,Mean Green,0.29859,0.69839,0.4186,68.424,100.57602,104.41308,0.4168,0.15647,0.15358,0.09481,0.08913
36046,103985,New Mexico St.,Aggies,0.25953,0.71765,0.46563,66.878,100.03882,107.05909,0.33864,0.15431,0.14808,0.0898,0.09369
38409,104195,Sam Houston,Bearkats,0.31053,0.69136,0.49819,67.698,110.00549,111.00927,0.35741,0.15872,0.15313,0.09319,0.08371
41097,103594,FIU,Panthers,0.35354,0.66332,0.5237,71.321,111.73656,107.92539,0.38973,0.15168,0.17662,0.12659,0.13628
41097,103985,New Mexico St.,Aggies,0.33249,0.70145,0.49819,66.499,111.61746,106.97254,0.35221,0.13029,0.14065,0.09584,0.09546
27168,104380,UTEP,Miners,0.28016,0.67034,0.60623,60.732,103.45521,99.80743,0.42584,0.17512,0.16903,0.0867,0.09809
27249,104161,SMU,Mustangs,0.2495,0.66937,0.59225,59.295,99.06076,99.73535,0.35802,0.18449,0.20262,0.11448,0.07973
33533,103594,FIU,Panthers,0.2551,0.63906,0.4579,69.801,103.10585,105.97113,0.2907,0.1839,0.19627,0.12843,0.11208
38409,103830,Louisiana Tech,Bulldogs,0.30306,0.72306,0.58434,65.279,111.42767,103.13187,0.34157,0.16411,0.13646,0.09643,0.11481
30629,103594,FIU,Panthers,0.27249,0.70121,0.5449,67.595,102.66265,103.1161,0.24841,0.17558,0.16522,0.09326,0.11101
27249,104380,UTEP,Miners,0.27963,0.68692,0.61486,61.19,100.84935,100.74955,0.3898,0.1881,0.16537,0.07554,0.07652
41097,103908,Middle Tenn.,Blue Raiders,0.31421,0.71825,0.53964,65.865,111.91121,107.97068,0.31983,0.14508,0.14183,0.09133,0.11258
33533,104380,UTEP,Miners,0.33244,0.71333,0.48367,67.259,99.13398,99.13398,0.39358,0.19509,0.21213,0.1303,0.07907
27249,104359,UCF,Knights,0.36466,0.67776,0.48828,63.337,103.6297,100.28063,0.4063,0.16602,0.16558,0.09947,0.11774
30629,103865,Marshall,Thundering Herd,0.27834,0.7208,0.5136,72.182,102.51903,105.91954,0.23825,0.15683,0.16044,0.09382,0.11896
27168,104351,UAB,Blazers,0.33719,0.6949,0.61727,70.106,101.49582,101.23746,0.29596,0.1856,0.19584,0.11568,0.06833
36046,103594,FIU,Panthers,0.27899,0.64103,0.52721,70.917,103.40048,107.48712,0.28182,0.16579,0.2076,0.14401,0.1125
38409,104380,UTEP,Miners,0.2563,0.67463,0.52606,68.139,105.97703,103.45166,0.37307,0.15164,0.20153,0.14959,0.09244
27043,103908,Middle Tenn.,Blue Raiders,0.35561,0.71103,0.53064,64.955,108.29941,95.70537,0.44345,0.16242,0.19111,0.1082,0.13539
27043,103865,Marshall,Thundering Herd,0.33047,0.66033,0.47431,68.752,104.33043,103.89298,0.42208,0.1567,0.16617,0.09299,0.09802
30629,104245,Southern Miss.,Golden Eagles,0.23888,0.71945,0.50562,67.144,95.22816,110.68146,0.26981,0.1736,0.14658,0.07357,0.08214
33533,104453,Western Ky.,Hilltoppers,0.26019,0.69212,0.49583,67.173,105.43974,104.32043,0.31515,0.14994,0.15737,0.09132,0.14965
33533,103908,Middle Tenn.,Blue Raiders,0.32973,0.71033,0.41657,65.724,105.8422,102.31871,0.287,0.17082,0.1958,0.11382,0.13683
36046,104195,Sam Houston,Bearkats,0.32506,0.73113,0.51329,68.096,105.1588,100.78638,0.34035,0.16263,0.17089,0.09957,0.06602
38409,103762,Kennesaw St.,Owls,0.34414,0.73243,0.51225,69.855,108.75352,104.06067,0.36774,0.16282,0.13814,0.0938,0.11551
27168,104347,Tulsa,Golden Hurricane,0.30602,0.70545,0.50983,66.707,100.65808,101.01741,0.4358,0.18749,0.16577,0.09559,0.08699
30629,104135,Rice,Owls,0.26642,0.72712,0.59793,67.193,108.6646,107.55397,0.3055,0.16137,0.12869,0.07486,0.04461
38409,103594,FIU,Panthers,0.31579,0.70551,0.49086,68.129,100.11684,104.27925,0.34783,0.16837,0.18399,0.12979,0.13576
36046,103908,Middle Tenn.,Blue Raiders,0.29054,0.69404,0.44399,65.416,98.51703,105.42732,0.34238,0.17889,0.1431,0.08011,0.10177
33533,103830,Louisiana Tech,Bulldogs,0.3163,0.72309,0.47775,66.395,106.34408,103.53263,0.2829,0.17206,0.1958,0.11574,0.08538
27168,103704,Houston,Cougars,0.3413,0.68594,0.54825,68.977,110.33117,103.56921,0.39796,0.15791,0.15938,0.09416,0.09407
27043,103553,East Carolina,Pirates,0.3083,0.657,0.56613,65.371,111.44605,108.47655,0.4359,0.15411,0.15443,0.09631,0.0825
30629,103830,Louisiana Tech,Bulldogs,0.26493,0.72829,0.51043,68.817,109.32678,98.81294,0.31384,0.14685,0.17092,0.09427,0.05954
36046,104453,Western Ky.,Hilltoppers,0.29043,0.73417,0.45582,74.626,107.51706,99.75281,0.32694,0.1612,0.16403,0.10229,0.08682
41097,104195,Sam Houston,Bearkats,0.3752,0.70698,0.52965,69.856,117.76387,107.53269,0.3405,0.14037,0.13976,0.10229,0.0804
27043,104346,Tulane,Green Wave,0.31013,0.68326,0.45245,62.46,101.5272,110.58208,0.4893,0.1758,0.14287,0.07604,0.08262
30629,103609,Fla. Atlantic,Owls,0.31699,0.75153,0.50055,67.515,109.334,100.47964,0.28443,0.16203,0.17898,0.10856,0.07779
27043,104380,UTEP,Miners,0.32163,0.66642,0.57465,64.046,106.99481,98.10517,0.51342,0.17671,0.14803,0.07778,0.11014
27043,104347,Tulsa,Golden Hurricane,0.30189,0.70392,0.51138,67.394,107.05077,99.59924,0.47077,0.14667,0.17737,0.10045,0.10496
30629,104380,UTEP,Miners,0.23545,0.70823,0.49048,66.713,102.9351,99.12755,0.27744,0.15325,0.18903,0.11062,0.09926
36046,104380,UTEP,Miners,0.30209,0.69427,0.51106,70.153,102.79935,97.72181,0.42092,0.17999,0.23106,0.16185,0.08362
41097,103811,Liberty,Flames,0.19717,0.69264,0.61783,63.649,121.14888,109.95602,0.30898,0.12248,0.14752,0.09855,0.09378
41097,103830,Louisiana Tech,Bulldogs,0.37261,0.70033,0.49312,63.907,108.1123,100.60134,0.32828,0.15499,0.1613,0.115,0.16181
41097,103930,Missouri St.,Bears,0.33164,0.68772,0.56552,65.505,112.8793,110.71109,0.42111,0.14194,0.14732,0.10224,0.08407
27249,104245,Southern Miss.,Golden Eagles,0.37174,0.7243,0.45665,63.21,110.05045,100.34278,0.39443,0.1399,0.19315,0.09297,0.08086
38409,103908,Middle Tenn.,Blue Raiders,0.31415,0.71868,0.45185,67.861,110.19726,104.19726,0.32869,0.14083,0.14359,0.09463,0.11195
27168,104346,Tulane,Green Wave,0.36048,0.72493,0.50951,64.017,108.7207,102.60628,0.45992,0.15869,0.18371,0.10433,0.05537
27249,104135,Rice,Owls,0.27824,0.72314,0.59721,67.819,102.34479,97.47523,0.39979,0.17435,0.17217,0.1082,0.12036
38409,103811,Liberty,Flames,0.20731,0.7337,0.61378,65.854,114.77923,95.93036,0.28841,0.13819,0.15821,0.10003,0.07839
41097,103762,Kennesaw St.,Owls,0.36336,0.6972,0.51197,70.56,116.51444,106.90541,0.43623,0.13859,0.145,0.10058,0.14154
27168,103553,East Carolina,Pirates,0.30637,0.65356,0.65401,68.76,110.13848,102.12168,0.3845,0.157,0.16303,0.11461,0.09968
27249,103891,Memphis,Tigers,0.31321,0.67157,0.54234,65.706,112.46228,94.99491,0.41338,0.16515,0.17795,0.12007,0.14605
30629,104351,UAB,Blazers,0.33678,0.72447,0.44155,69.246,114.75465,95.36352,0.28436,0.13936,0.19522,0.13677,0.11709
33533,104135,Rice,Owls,0.24768,0.74437,0.55753,69.651,108.91325,108.38749,0.31238,0.16164,0.14815,0.08396,0.06287
27249,103865,Marshall,Thundering Herd,0.40998,0.69975,0.49609,64.866,106.97428,103.12286,0.38012,0.16052,0.16033,0.09232,0.09621
27043,104245,Southern Miss.,Golden Eagles,0.39127,0.70915,0.58076,64.369,111.64047,98.05095,0.50743,0.17267,0.21105,0.12637,0.07543
27043,104049,Old Dominion,Monarchs,0.34019,0.69469,0.46303,63.308,100.70083,101.18015,0.39315,0.17328,0.1716,0.09842,0.11351
27168,103891,Memphis,Tigers,0.35581,0.68859,0.61988,68.424,108.08892,94.21999,0.37228,0.1783,0.19155,0.12969,0.16279
38409,103744,Jacksonville St.,Gamecocks,0.31804,0.74454,0.44894,64.611,113.27242,105.20288,0.31342,0.13201,0.11876,0.07766,0.10342
33533,103447,Charlotte,49ers,0.22297,0.75634,0.53107,60.353,109.02932,101.92658,0.24853,0.15544,0.15978,0.08976,0.07589
27043,103830,Louisiana Tech,Bulldogs,0.33781,0.70087,0.56286,70.978,113.77325,93.3563,0.41506,0.13567,0.19803,0.12866,0.12352
27168,104245,Southern Miss.,Golden Eagles,0.39414,0.68408,0.55939,65.171,111.45805,95.75686,0.36249,0.18593,0.22206,0.145,0.09883
30629,103908,Middle Tenn.,Blue Raiders,0.3031,0.70936,0.47767,66.809,109.87146,98.57107,0.33536,0.16258,0.18592,0.11702,0.12201
33533,104005,North Texas,Mean Green,0.34404,0.71824,0.50117,58.326,109.19338,94.45316,0.31119,0.16854,0.17819,0.10955,0.095
33533,103609,Fla. Atlantic,Owls,0.31552,0.75034,0.51845,67.354,114.8028,96.34357,0.29407,0.14901,0.15842,0.0952,0.06711
33533,104351,UAB,Blazers,0.35831,0.70889,0.4955,69.243,113.33961,98.61878,0.35581,0.14631,0.17042,0.1132,0.11156
27693,104159,SFA,Lumberjacks,0.36953,0.72911,0.53215,71.465,111.02085,97.71942,0.42092,0.19815,0.22151,0.13113,0.10014
27693,103724,UIW,Cardinals,0.24128,0.69169,0.51336,67.161,100.60946,106.19513,0.33701,0.1884,0.16532,0.0792,0.04818
27693,103431,Central Ark.,Bears,0.28889,0.72391,0.53135,72.658,97.54588,110.8502,0.32061,0.20921,0.14192,0.06937,0.06809
27693,103258,A&M-Corpus Christi,Islanders,0.2491,0.71479,0.56827,69.974,92.53411,102.18053,0.35725,0.21097,0.17519,0.09836,0.08087
27693,103882,McNeese,Cowboys,0.31365,0.74535,0.61699,72.288,111.0724,99.25618,0.2864,0.17964,0.18663,0.0991,0.05385
27693,103705,Houston Christian,Huskies,0.25581,0.68874,0.56063,72.973,96.86649,109.46568,0.27927,0.20033,0.1675,0.09618,0.09494
27693,103992,Nicholls,Colonels,0.28542,0.72169,0.45777,73.18,106.07301,99.09168,0.27685,0.15322,0.18603,0.12344,0.08601
27693,103986,New Orleans,Privateers,0.29236,0.68353,0.55619,73.187,102.76132,103.35656,0.32724,0.19957,0.18279,0.10284,0.06917
27043,103986,New Orleans,Privateers,0.35528,0.68484,0.51382,71.524,99.91253,106.8494,0.50384,0.19975,0.17995,0.09191,0.0794
27693,104237,Southeastern La.,Lions,0.31151,0.69963,0.44162,70.226,95.83204,109.00557,0.40988,0.18972,0.19783,0.09734,0.07256
27043,103724,UIW,Cardinals,0.32227,0.7055,0.55253,72.095,113.31639,98.9473,0.4358,0.16636,0.15623,0.0904,0.09837
27693,104195,Sam Houston,Bearkats,0.30505,0.69358,0.5458,73.46,108.3683,95.72776,0.31229,0.16739,0.20815,0.11573,0.0873
27693,103791,Lamar University,Cardinals,0.26347,0.71181,0.49552,68.688,94.97893,104.40983,0.30846,0.1782,0.17606,0.10294,0.11122
27168,103258,A&M-Corpus Christi,Islanders,0.30226,0.65914,0.49842,62.281,96.6705,108.62974,0.32051,0.16471,0.16748,0.10218,0.11146
27693,103260,Abilene Christian,Wildcats,0.31629,0.73053,0.65267,70.623,107.22316,85.59299,0.33904,0.16366,0.24934,0.13827,0.08884
36046,103705,Houston Christian,Huskies,0.31171,0.67907,0.43478,72.129,98.72576,115.19592,0.36265,0.17977,0.12247,0.07779,0.06472
27043,103431,Central Ark.,Bears,0.28839,0.63123,0.4676,73.039,101.33857,110.46606,0.37819,0.1701,0.17301,0.11624,0.10978
27043,103992,Nicholls,Colonels,0.28924,0.68977,0.54237,65.646,103.42957,110.09573,0.38809,0.15822,0.1703,0.08744,0.08012
27693,104022,Northwestern St.,Demons,0.26726,0.68891,0.48831,72.427,99.41032,109.13421,0.29642,0.17171,0.1598,0.09578,0.07328
27249,104237,Southeastern La.,Lions,0.3207,0.69417,0.51033,64.525,91.30668,94.3012,0.38954,0.19926,0.18195,0.09465,0.09099
27249,103431,Central Ark.,Bears,0.33946,0.63854,0.54198,73.538,94.86676,109.29498,0.32113,0.17147,0.18197,0.10847,0.07273
30629,103705,Houston Christian,Huskies,0.32119,0.74375,0.51181,70.692,105.01454,106.4531,0.38282,0.18039,0.18121,0.10989,0.06942
27043,103791,Lamar University,Cardinals,0.27634,0.65779,0.50774,68.229,97.75837,113.24532,0.39803,0.18002,0.1603,0.07776,0.07084
27249,104323,Texas St.,Bobcats,0.31304,0.65938,0.52638,73.554,103.86884,101.64826,0.34691,0.17263,0.20232,0.11111,0.07773
27249,103992,Nicholls,Colonels,0.27255,0.62807,0.52594,67.604,97.66441,114.80111,0.37067,0.19421,0.1634,0.07918,0.04863
27043,104237,Southeastern La.,Lions,0.256,0.67113,0.4916,65.454,105.30371,109.69767,0.40323,0.16055,0.14155,0.06951,0.10589
27249,103258,A&M-Corpus Christi,Islanders,0.29589,0.66925,0.55343,65.102,89.11601,103.08005,0.37879,0.19792,0.17406,0.08717,0.10109
27043,103260,Abilene Christian,Wildcats,0.29857,0.6868,0.53693,66.313,105.00118,108.17852,0.39888,0.18892,0.17783,0.10578,0.06446
27168,103992,Nicholls,Colonels,0.30067,0.64898,0.52875,66.284,100.32894,108.62346,0.40012,0.17788,0.1798,0.09409,0.05432
27168,103431,Central Ark.,Bears,0.33794,0.63918,0.49416,72.233,103.27886,106.20525,0.29588,0.16271,0.1698,0.10668,0.08876
33533,103992,Nicholls,Colonels,0.31043,0.69105,0.48866,71.519,105.72406,101.61958,0.2739,0.16227,0.21497,0.13622,0.09064
38409,104381,UTRGV,Vaqueros,0.31712,0.68376,0.61239,70.207,109.26165,105.40212,0.22036,0.1621,0.15481,0.10837,0.07016
41097,103724,UIW,Cardinals,0.3408,0.697,0.44969,64.976,114.28611,113.44212,0.33037,0.14364,0.14188,0.08322,0.07019
27168,104237,Southeastern La.,Lions,0.27174,0.68826,0.43913,65.271,96.72363,104.00867,0.36002,0.16928,0.16171,0.07256,0.07623
38409,104316,East Texas A&M,Lions,0.28096,0.6408,0.61571,66.629,96.19894,111.91867,0.28005,0.1979,0.17169,0.12575,0.10683
41097,104237,Southeastern La.,Lions,0.29086,0.69011,0.52395,64.475,100.45931,108.83092,0.3958,0.16453,0.17045,0.1073,0.08546
41097,103791,Lamar University,Cardinals,0.36011,0.71143,0.56336,65.049,107.03063,105.84524,0.27802,0.15153,0.15759,0.09936,0.13014
27043,103705,Houston Christian,Huskies,0.30891,0.67225,0.52239,69.112,96.81716,109.87428,0.38777,0.19294,0.14449,0.07262,0.05218
27043,103882,McNeese,Cowboys,0.33279,0.64273,0.50617,67.707,99.77147,111.44535,0.34822,0.15632,0.1566,0.09953,0.0975
27168,103791,Lamar University,Cardinals,0.32401,0.65572,0.49718,69.542,85.68085,110.34515,0.31476,0.22151,0.13585,0.06102,0.08932
33533,103791,Lamar University,Cardinals,0.33151,0.66755,0.53745,66.812,100.77255,110.68696,0.32484,0.17923,0.1539,0.09499,0.10165
36046,103724,UIW,Cardinals,0.30328,0.70485,0.49089,70.433,101.77098,110.67594,0.35877,0.19236,0.13608,0.08548,0.1039
38409,103986,New Orleans,Privateers,0.31646,0.64456,0.50132,68.375,98.51609,119.62334,0.33859,0.16177,0.13625,0.10548,0.07099
33533,103724,UIW,Cardinals,0.26996,0.68447,0.49227,68.041,102.77435,107.27132,0.34112,0.17419,0.18443,0.12154,0.07593
38409,104159,SFA,Lumberjacks,0.35764,0.67139,0.51323,67.062,98.14313,100.66205,0.31937,0.19124,0.1761,0.12277,0.11515
27043,104022,Northwestern St.,Demons,0.32888,0.63373,0.53549,76.298,111.75941,108.13951,0.39372,0.14947,0.17558,0.1121,0.12296
27168,103882,McNeese,Cowboys,0.32201,0.62809,0.49287,65.064,99.47796,105.14167,0.29724,0.15222,0.16571,0.11792,0.11848
27168,104159,SFA,Lumberjacks,0.35196,0.7474,0.64119,61.956,104.66077,82.6694,0.39478,0.17304,0.21587,0.1267,0.10804
27168,104022,Northwestern St.,Demons,0.35285,0.64161,0.5321,73.384,108.97314,97.30505,0.38634,0.16029,0.19114,0.13103,0.10649
30629,103724,UIW,Cardinals,0.24059,0.68744,0.50746,67.158,99.81125,113.77087,0.28362,0.1784,0.16416,0.07849,0.04831
30629,104022,Northwestern St.,Demons,0.29368,0.68228,0.53743,72.351,102.0636,111.134,0.24354,0.17023,0.15504,0.08763,0.08622
38409,103705,Houston Christian,Huskies,0.26739,0.68616,0.469,64.227,102.7115,108.01494,0.31204,0.15796,0.15929,0.12269,0.09434
41097,104316,East Texas A&M,Lions,0.26643,0.68011,0.64943,68.007,103.2069,109.59415,0.31131,0.16588,0.15496,0.10711,0.08703
27249,104195,Sam Houston,Bearkats,0.3114,0.70364,0.621,63.673,91.66552,94.89215,0.43608,0.20748,0.1925,0.09025,0.0674
33533,103705,Houston Christian,Huskies,0.29464,0.70046,0.55699,72.158,107.07136,114.66385,0.38486,0.18332,0.15224,0.07943,0.06677
41097,104022,Northwestern St.,Demons,0.27203,0.68019,0.51413,64.387,105.63579,112.01745,0.40318,0.15751,0.14938,0.09961,0.06853
41097,103705,Houston Christian,Huskies,0.30504,0.67906,0.58839,64.068,104.31524,112.18626,0.36432,0.16619,0.15747,0.10335,0.1124
27249,104159,SFA,Lumberjacks,0.36863,0.752,0.6105,60.926,100.26104,88.60633,0.40123,0.18651,0.22051,0.11647,0.08683
30629,103986,New Orleans,Privateers,0.2695,0.69775,0.46742,73.557,104.08031,100.5393,0.39874,0.16905,0.17755,0.10735,0.07321
33533,103986,New Orleans,Privateers,0.29569,0.67381,0.55942,71.135,102.00077,110.54443,0.37759,0.2081,0.18289,0.09398,0.05927
36046,104237,Southeastern La.,Lions,0.31759,0.69749,0.60602,65.554,104.48766,107.42032,0.34652,0.17817,0.15434,0.10504,0.07122
38409,104237,Southeastern La.,Lions,0.31498,0.71186,0.45874,66.275,108.73184,104.42748,0.34628,0.14864,0.16784,0.10383,0.07327
38409,104022,Northwestern St.,Demons,0.33579,0.6738,0.53836,63.577,104.665,107.49379,0.32745,0.17325,0.15371,0.10619,0.12466
27249,104022,Northwestern St.,Demons,0.33061,0.61638,0.52978,70.101,99.5367,98.65545,0.43197,0.17607,0.19377,0.12324,0.14989
36046,104022,Northwestern St.,Demons,0.3075,0.65548,0.45545,68.109,101.96274,109.73305,0.35417,0.16417,0.16367,0.10068,0.0899
27249,104382,UTSA,Roadrunners,0.28261,0.66637,0.54603,66.968,107.05624,99.22955,0.36451,0.17701,0.19971,0.1201,0.09408
33533,104237,Southeastern La.,Lions,0.28936,0.70407,0.50956,69.126,110.09983,107.83842,0.3172,0.14982,0.17869,0.10319,0.05273
41097,103992,Nicholls,Colonels,0.29125,0.6683,0.52158,67.356,107.43418,111.16828,0.34344,0.15111,0.18496,0.1337,0.08004
27249,103882,McNeese,Cowboys,0.33854,0.69306,0.43408,65.346,101.95903,100.94267,0.33141,0.15559,0.17866,0.10234,0.0986
27249,104378,UT Arlington,Mavericks,0.36891,0.69498,0.52494,71.14,107.6589,94.71607,0.47134,0.18926,0.21166,0.11044,0.11131
36046,103986,New Orleans,Privateers,0.2927,0.65408,0.46217,71.744,102.12436,110.32965,0.38161,0.14695,0.17221,0.10659,0.08638
36046,103258,A&M-Corpus Christi,Islanders,0.3457,0.76068,0.54556,69.761,107.32071,95.20386,0.3607,0.14437,0.18945,0.12606,0.08664
38409,103791,Lamar University,Cardinals,0.35971,0.69091,0.5858,65.679,105.99315,99.74204,0.28398,0.15648,0.16197,0.11332,0.142
41097,103258,A&M-Corpus Christi,Islanders,0.33392,0.72874,0.52005,66.949,107.90456,100.73497,0.38706,0.16725,0.17734,0.11322,0.08839
27043,104054,Oral Roberts,Golden Eagles,0.33425,0.69731,0.47894,64.241,110.34659,107.06943,0.41362,0.14976,0.14223,0.08038,0.11351
30629,103992,Nicholls,Colonels,0.31643,0.70257,0.44008,71.239,109.34283,99.29511,0.21004,0.14586,0.1829,0.11522,0.10561
33533,104022,Northwestern St.,Demons,0.32895,0.66234,0.46111,67.179,110.26518,106.45985,0.27026,0.14787,0.18708,0.12257,0.06556
38409,103992,Nicholls,Colonels,0.31379,0.69356,0.43022,67.62,108.65612,102.11807,0.32938,0.13149,0.15567,0.1186,0.10609
41097,103986,New Orleans,Privateers,0.35625,0.65544,0.52457,68.066,108.65132,113.24658,0.46384,0.17632,0.12624,0.0844,0.10223
41097,104381,UTRGV,Vaqueros,0.29567,0.68858,0.61417,65.373,114.81155,105.09497,0.29158,0.15861,0.14176,0.09165,0.07976
36046,103791,Lamar University,Cardinals,0.34448,0.69149,0.59649,69.105,110.9286,103.93077,0.33531,0.15492,0.17056,0.10053,0.10677
33533,104316,East Texas A&M,Lions,0.27446,0.7024,0.5518,65.789,106.77302,109.44009,0.27619,0.16636,0.15898,0.08661,0.08445
30629,103882,McNeese,Cowboys,0.36142,0.72705,0.44802,72.941,104.76263,103.78772,0.36649,0.18253,0.17454,0.10481,0.08958
36046,103882,McNeese,Cowboys,0.33509,0.69925,0.52004,66.388,120.4589,93.7444,0.37306,0.12397,0.21059,0.15504,0.12105
38409,103258,A&M-Corpus Christi,Islanders,0.33657,0.71168,0.52583,67.402,112.40799,99.97155,0.35374,0.15158,0.17218,0.1174,0.10342
27043,103258,A&M-Corpus Christi,Islanders,0.35102,0.67618,0.50777,62.899,109.48394,107.71356,0.45181,0.16339,0.16091,0.10442,0.08537
30629,104237,Southeastern La.,Lions,0.27022,0.67504,0.5697,71.946,109.11767,107.65136,0.36932,0.17419,0.17623,0.10979,0.10038
36046,104316,East Texas A&M,Lions,0.25566,0.67768,0.55127,67.209,102.94308,107.34683,0.29659,0.14575,0.16713,0.11449,0.12377
41097,104159,SFA,Lumberjacks,0.34747,0.71126,0.49205,65.332,116.80063,101.59501,0.29171,0.11809,0.15554,0.10814,0.1016
33533,103882,McNeese,Cowboys,0.33923,0.69101,0.44872,66.874,102.31479,111.58055,0.28679,0.18203,0.16696,0.1074,0.052
41097,103882,McNeese,Cowboys,0.3644,0.65917,0.50157,65.749,119.86007,100.4807,0.37244,0.11903,0.21333,0.15751,0.15795
27168,104195,Sam Houston,Bearkats,0.3458,0.73084,0.63784,64.16,97.94338,93.96782,0.36913,0.16763,0.20175,0.10801,0.06672
38409,103882,McNeese,Cowboys,0.34894,0.68876,0.50779,65.281,117.29473,98.73766,0.34869,0.13997,0.19036,0.13789,0.11628
27249,103791,Lamar University,Cardinals,0.37766,0.69804,0.49667,67.543,108.45418,96.77839,0.40968,0.14538,0.17845,0.11912,0.10455
30629,103258,A&M-Corpus Christi,Islanders,0.34624,0.72213,0.55992,70.909,107.68104,98.52695,0.36432,0.16602,0.20237,0.11974,0.05636
36046,103992,Nicholls,Colonels,0.27683,0.68442,0.45583,66.563,107.44127,107.52681,0.38292,0.16787,0.14111,0.09792,0.10786
27043,104159,SFA,Lumberjacks,0.3835,0.71498,0.62256,64.204,117.57771,98.0477,0.40161,0.14359,0.21616,0.11369,0.08581
27168,104054,Oral Roberts,Golden Eagles,0.36356,0.68481,0.49663,65.349,107.83271,101.62495,0.37804,0.17659,0.16566,0.09453,0.09249
33533,103258,A&M-Corpus Christi,Islanders,0.33703,0.72213,0.55201,70.304,113.10506,103.34001,0.34805,0.15292,0.18633,0.11922,0.05286
27043,104195,Sam Houston,Bearkats,0.34635,0.68574,0.62857,65.973,113.02128,103.79854,0.51189,0.16158,0.18166,0.10113,0.09539
38409,103724,UIW,Cardinals,0.35685,0.69244,0.45214,64.283,114.10719,107.62724,0.28919,0.14861,0.15662,0.10719,0.10053
27693,103525,DePaul,Blue Demons,0.3185,0.68443,0.45114,69.408,93.55569,102.3125,0.23657,0.19058,0.17384,0.09713,0.11045
27693,104509,Xavier,Musketeers,0.2681,0.72727,0.62649,68.314,108.22037,101.5384,0.25914,0.14101,0.1429,0.10001,0.10341
27693,104361,UConn,Huskies,0.37351,0.70486,0.49336,64.814,110.08618,99.07756,0.29035,0.14618,0.17154,0.09501,0.14596
27693,104403,Villanova,Wildcats,0.27771,0.74334,0.57099,64.293,115.76289,102.9485,0.30035,0.12185,0.16403,0.0784,0.05697
27693,103386,Butler,Bulldogs,0.26018,0.74838,0.53846,63.889,97.95314,105.91029,0.29433,0.15381,0.16687,0.08538,0.06
27693,103643,Georgetown,Hoyas,0.32158,0.73081,0.51708,69.04,102.95623,103.28889,0.30835,0.18611,0.14258,0.08474,0.10434
27693,104112,Providence,Friars,0.29131,0.7014,0.53272,65.978,103.86579,103.69421,0.31589,0.14945,0.14691,0.08446,0.07685
27693,103863,Marquette,Golden Eagles,0.2912,0.7167,0.50378,66.985,103.63473,103.74481,0.3504,0.18469,0.13897,0.07568,0.09872
27693,104210,Seton Hall,Pirates,0.29677,0.70222,0.5156,66.494,105.69806,103.33579,0.35672,0.16553,0.16783,0.09348,0.11401
27693,104270,St. John's (NY),Red Storm,0.29207,0.69688,0.56483,72.772,107.02141,104.00955,0.28612,0.14797,0.19247,0.12292,0.10184
30629,103643,Georgetown,Hoyas,0.32269,0.70138,0.47532,69.661,101.50593,110.58219,0.29002,0.16025,0.15874,0.10296,0.10858
30629,103525,DePaul,Blue Demons,0.31693,0.71478,0.43382,69.051,105.71373,104.13175,0.33404,0.14996,0.14691,0.08999,0.1252
27693,103510,Creighton,Bluejays,0.24553,0.71658,0.55239,68.311,110.31883,99.07615,0.25671,0.14165,0.15656,0.10128,0.08972
27043,103386,Butler,Bulldogs,0.30714,0.71624,0.45695,62.805,106.14784,103.10077,0.37201,0.13159,0.15783,0.09282,0.07426
33533,103386,Butler,Bulldogs,0.19904,0.69601,0.5227,65.98,98.89391,102.96712,0.25976,0.16106,0.16259,0.10255,0.11031
41097,103525,DePaul,Blue Demons,0.30046,0.68949,0.60914,66.148,106.20073,105.1614,0.35265,0.15536,0.16351,0.10473,0.09394
36046,103525,DePaul,Blue Demons,0.22002,0.67672,0.54069,66.997,96.59952,122.02045,0.33489,0.18113,0.12671,0.07843,0.08631
38409,104112,Providence,Friars,0.33181,0.7128,0.51177,65.298,108.83303,110.59685,0.29569,0.16421,0.12007,0.07561,0.09152
30629,104210,Seton Hall,Pirates,0.32658,0.70854,0.40842,67.199,106.63549,98.43633,0.31169,0.15056,0.16012,0.10488,0.13796
36046,103643,Georgetown,Hoyas,0.33419,0.69307,0.50452,65.972,106.55179,117.12706,0.33905,0.15381,0.14419,0.08569,0.08612
33533,103643,Georgetown,Hoyas,0.2887,0.69965,0.46455,68.388,100.88395,113.35276,0.29111,0.15231,0.13841,0.08936,0.12066
30629,103863,Marquette,Golden Eagles,0.22531,0.68358,0.5935,70.256,104.55741,101.15896,0.26214,0.15641,0.16214,0.10951,0.12891
30629,104270,St. John's (NY),Red Storm,0.30665,0.68543,0.6192,72.849,108.41119,101.00501,0.26065,0.13789,0.18578,0.1213,0.14547
38409,104210,Seton Hall,Pirates,0.31217,0.68201,0.50706,63.368,96.02613,109.47953,0.32881,0.16488,0.19606,0.12652,0.11934
41097,103863,Marquette,Golden Eagles,0.29707,0.65313,0.58061,68.598,108.2908,109.19135,0.32753,0.14002,0.16576,0.13488,0.0839
41097,103386,Butler,Bulldogs,0.34555,0.69966,0.57192,68.44,114.19272,111.54021,0.4207,0.13707,0.132,0.09329,0.08006
27043,103863,Marquette,Golden Eagles,0.34113,0.70357,0.5925,64.914,107.83526,102.65357,0.44778,0.15093,0.16908,0.09422,0.08993
41097,104210,Seton Hall,Pirates,0.3564,0.68085,0.51613,64.964,108.26522,100.56864,0.35276,0.14151,0.18663,0.14191,0.18681
33533,104210,Seton Hall,Pirates,0.3094,0.70261,0.51148,66.572,102.69071,97.82019,0.40672,0.17745,0.18555,0.12387,0.12338
36046,104270,St. John's (NY),Red Storm,0.38636,0.69644,0.53402,68.038,115.88818,105.73349,0.27302,0.13063,0.16271,0.10352,0.14742
27043,103643,Georgetown,Hoyas,0.31879,0.6794,0.53808,63.714,110.64553,106.4444,0.4475,0.15648,0.15858,0.09451,0.129
41097,104509,Xavier,Musketeers,0.26532,0.70465,0.62162,69.831,111.37493,114.60506,0.28119,0.12351,0.13664,0.09207,0.10312
30629,103386,Butler,Bulldogs,0.26679,0.72217,0.48465,63.546,99.34663,104.156,0.3035,0.16227,0.15192,0.08032,0.06963
41097,104403,Villanova,Wildcats,0.32228,0.68211,0.56826,65.281,116.81081,107.90657,0.30937,0.12923,0.1616,0.11216,0.05863
27043,103525,DePaul,Blue Demons,0.33805,0.68034,0.45908,66.122,103.3827,112.27632,0.41991,0.1686,0.1679,0.09985,0.11516
33533,103525,DePaul,Blue Demons,0.25804,0.65891,0.54535,68.394,102.52232,111.33863,0.27588,0.1626,0.15308,0.09222,0.12046
33533,104270,St. John's (NY),Red Storm,0.34041,0.72439,0.51546,72.418,105.19386,102.26723,0.27744,0.16016,0.1743,0.11219,0.0996
27043,104270,St. John's (NY),Red Storm,0.31078,0.69212,0.50058,66.12,108.08363,100.48224,0.37064,0.1348,0.16648,0.10107,0.19792
30629,104112,Providence,Friars,0.3034,0.72602,0.54084,64.656,108.55259,100.45714,0.37009,0.14884,0.13595,0.07625,0.09649
30629,104361,UConn,Huskies,0.37728,0.72442,0.52614,65.408,112.26059,97.98363,0.3048,0.14477,0.15772,0.08893,0.16614
33533,104112,Providence,Friars,0.34813,0.72812,0.53496,66.828,113.56835,104.26749,0.36304,0.14454,0.14954,0.10065,0.11179
36046,103386,Butler,Bulldogs,0.269,0.7093,0.54121,67.904,111.00675,106.11966,0.26326,0.13711,0.14201,0.08898,0.08352
41097,104112,Providence,Friars,0.31731,0.69155,0.47482,70.69,117.5552,115.75951,0.36693,0.14666,0.11339,0.07372,0.09563
38409,103643,Georgetown,Hoyas,0.31575,0.71117,0.52689,66.992,107.43094,103.83089,0.2557,0.14696,0.17036,0.11769,0.10684
36046,104509,Xavier,Musketeers,0.31851,0.71055,0.59697,69.942,108.45105,106.72694,0.31758,0.14104,0.14016,0.09908,0.08431
33533,104403,Villanova,Wildcats,0.2261,0.7482,0.46716,63.648,108.93267,105.94001,0.30005,0.14054,0.15463,0.08905,0.05316
41097,103510,Creighton,Bluejays,0.26861,0.70536,0.58417,67.385,111.15416,111.19765,0.28308,0.14532,0.11919,0.08333,0.06607
27043,104509,Xavier,Musketeers,0.34052,0.71343,0.57192,64.572,110.41836,104.72109,0.41622,0.16132,0.14917,0.08903,0.08151
38409,103863,Marquette,Golden Eagles,0.30024,0.68975,0.49523,66.719,113.91065,102.27015,0.25907,0.11852,0.1873,0.13328,0.10699
38409,104509,Xavier,Musketeers,0.24444,0.74549,0.62762,67.883,114.23669,104.68829,0.36687,0.1415,0.15783,0.11303,0.06935
41097,103643,Georgetown,Hoyas,0.32483,0.68538,0.57768,65.438,111.27232,110.20538,0.37253,0.1365,0.14017,0.09767,0.10342
27043,104210,Seton Hall,Pirates,0.26446,0.7168,0.55392,64.769,108.89087,105.90329,0.43072,0.16258,0.16164,0.10084,0.07617
27043,104403,Villanova,Wildcats,0.32644,0.71348,0.60115,66.295,115.48945,98.4993,0.44468,0.15115,0.175,0.10257,0.11164
36046,104403,Villanova,Wildcats,0.2487,0.7574,0.52906,62.944,109.17545,101.99767,0.26787,0.13074,0.14397,0.08987,0.07685
38409,103525,DePaul,Blue Demons,0.26903,0.71286,0.59478,66.438,106.68179,109.67044,0.27783,0.16115,0.13623,0.09,0.0933
27043,103510,Creighton,Bluejays,0.27694,0.72151,0.64159,64.091,122.86127,105.92104,0.33939,0.13376,0.12956,0.06197,0.03775
38409,103386,Butler,Bulldogs,0.26102,0.71077,0.54474,66.146,112.59535,112.76752,0.3678,0.14531,0.09911,0.06019,0.06638
30629,103510,Creighton,Bluejays,0.28354,0.71408,0.52009,66.932,102.29302,98.154,0.26723,0.18026,0.13367,0.08125,0.10074
36046,104112,Providence,Friars,0.26952,0.72222,0.53535,67.022,106.87924,101.52263,0.31825,0.15608,0.1489,0.09478,0.11675
38409,104361,UConn,Huskies,0.35539,0.72246,0.63522,63.049,120.45109,106.37762,0.30777,0.14575,0.13866,0.08508,0.17458
36046,103510,Creighton,Bluejays,0.26133,0.7509,0.57874,66.275,118.39544,102.87575,0.24655,0.13773,0.0966,0.05634,0.08532
38409,104403,Villanova,Wildcats,0.30308,0.7229,0.4838,62.451,118.08227,108.77398,0.29181,0.13406,0.13876,0.0897,0.07778
27043,104112,Providence,Friars,0.3541,0.69344,0.56066,63.394,111.6605,106.3081,0.41885,0.14733,0.14187,0.08421,0.11989
38409,103510,Creighton,Bluejays,0.26417,0.72784,0.63142,66.498,112.71332,104.58236,0.28613,0.1607,0.10079,0.05398,0.10523
30629,104509,Xavier,Musketeers,0.29314,0.73906,0.55929,67.825,107.77161,100.66224,0.35275,0.14686,0.16055,0.10826,0.11437
33533,103863,Marquette,Golden Eagles,0.26242,0.68287,0.59091,68.076,114.94052,101.82056,0.27047,0.13694,0.19642,0.13262,0.08366
38409,104270,St. John's (NY),Red Storm,0.37916,0.70206,0.53605,68.769,112.54684,94.34015,0.30347,0.12752,0.18617,0.12763,0.14916
36046,103863,Marquette,Golden Eagles,0.25739,0.69153,0.54453,68.076,114.27038,102.20235,0.25532,0.12819,0.18408,0.12561,0.10624
41097,104270,St. John's (NY),Red Storm,0.35225,0.70082,0.57905,68.984,116.90573,100.62327,0.4021,0.12333,0.16676,0.11147,0.12134
33533,104509,Xavier,Musketeers,0.30744,0.74982,0.63571,70.657,114.17573,104.49271,0.31383,0.15166,0.14511,0.08989,0.07895
33533,103510,Creighton,Bluejays,0.25289,0.7653,0.57298,67.955,111.72035,99.98734,0.28373,0.14983,0.12377,0.07297,0.09246
36046,104210,Seton Hall,Pirates,0.35178,0.70973,0.48734,65.911,110.45199,104.66641,0.30861,0.15815,0.15569,0.11316,0.14184
30629,104403,Villanova,Wildcats,0.31185,0.71123,0.48915,62.183,114.98521,100.51715,0.2977,0.13484,0.16022,0.09611,0.06885
33533,104361,UConn,Huskies,0.38438,0.73991,0.63216,66.825,117.56674,95.96423,0.30819,0.15956,0.16464,0.09411,0.12735
36046,104361,UConn,Huskies,0.36698,0.73293,0.63551,64.665,125.87898,98.04333,0.31939,0.12424,0.14011,0.09505,0.14192
41097,104361,UConn,Huskies,0.35714,0.71202,0.64928,64.301,118.38781,100.76874,0.29864,0.1404,0.15636,0.10579,0.14648
27693,103619,Fordham,Rams,0.19231,0.69631,0.59533,63.171,81.97762,105.38365,0.27514,0.18895,0.16792,0.0987,0.07018
27693,103876,Massachusetts,Minutemen,0.24286,0.74414,0.56853,70.84,105.67743,100.53587,0.34239,0.14601,0.17962,0.1011,0.09935
27693,103642,George Washington,Revolutionaries,0.2446,0.71474,0.47202,67.726,99.84462,105.96635,0.36099,0.17808,0.14652,0.09225,0.07002
27693,103550,Duquesne,Dukes,0.31014,0.69938,0.55023,67.166,99.6705,99.91864,0.31635,0.16845,0.17093,0.10032,0.12987
27693,104181,Saint Joseph's,Hawks,0.2179,0.69074,0.56719,71.623,97.68362,111.83184,0.26737,0.16881,0.15116,0.08143,0.04455
27693,104263,St. Bonaventure,Bonnies,0.32782,0.70938,0.56458,64.004,109.44259,95.45537,0.28023,0.14063,0.16688,0.09171,0.125
27693,104183,Saint Louis,Billikens,0.35841,0.77952,0.62969,67.244,111.53485,97.30088,0.29787,0.15086,0.18102,0.10985,0.10015
27693,103522,Davidson,Wildcats,0.28183,0.78134,0.57941,62.513,114.16362,102.01702,0.2603,0.14852,0.14798,0.0817,0.08201
27693,103641,George Mason,Patriots,0.30166,0.75718,0.49654,68.104,101.82711,99.81523,0.2925,0.15693,0.17786,0.10309,0.116
27693,104136,Richmond,Spiders,0.20561,0.71829,0.52404,68.419,109.11039,100.84926,0.3081,0.13842,0.19677,0.12946,0.06005
27693,103524,Dayton,Flyers,0.23,0.70979,0.54899,65.083,104.45066,101.51806,0.3371,0.19549,0.15136,0.06701,0.05281
27693,103782,La Salle,Explorers,0.26804,0.70749,0.50237,68.447,98.96835,106.87651,0.24226,0.18335,0.17307,0.10815,0.09389
27693,104132,Rhode Island,Rams,0.29966,0.7339,0.47717,68.945,101.58701,101.07509,0.38858,0.17351,0.15472,0.09314,0.12232
27693,104393,VCU,Rams,0.28655,0.68427,0.52656,68.894,103.56408,94.11886,0.34041,0.18458,0.20566,0.13285,0.14799
27249,103619,Fordham,Rams,0.36154,0.64532,0.52338,66.328,93.02125,107.36008,0.31579,0.16848,0.16118,0.09795,0.15234
27168,104263,St. Bonaventure,Bonnies,0.3235,0.658,0.58616,65.934,109.35561,108.26672,0.39899,0.17473,0.18624,0.09718,0.08425
27168,104132,Rhode Island,Rams,0.28377,0.64598,0.51299,62.172,97.37879,106.15705,0.35932,0.16414,0.16643,0.08759,0.11207
27043,103550,Duquesne,Dukes,0.29852,0.71139,0.60852,67.16,109.19256,109.73852,0.42201,0.14112,0.15517,0.08682,0.07973
27168,103642,George Washington,Revolutionaries,0.3819,0.69202,0.55055,67.008,98.48273,97.39288,0.40361,0.19681,0.18548,0.11595,0.12405
27168,103550,Duquesne,Dukes,0.30933,0.66789,0.53641,68.159,98.35961,110.04831,0.31654,0.18003,0.14925,0.07572,0.09007
27249,103447,Charlotte,49ers,0.30009,0.69484,0.56566,67.621,98.26295,101.00063,0.38955,0.17588,0.18222,0.11901,0.07996
30629,104181,Saint Joseph's,Hawks,0.27012,0.75862,0.54351,67.237,99.70945,101.87277,0.22943,0.17175,0.12247,0.07316,0.05934
30629,103782,La Salle,Explorers,0.2894,0.72316,0.5397,66.965,99.55498,105.50369,0.25111,0.16145,0.14843,0.08703,0.11459
30629,103642,George Washington,Revolutionaries,0.23277,0.68997,0.48549,68.407,98.70663,105.15552,0.2606,0.16086,0.15656,0.0997,0.10504
30629,103550,Duquesne,Dukes,0.29331,0.68511,0.40431,65.798,97.46668,109.72476,0.21878,0.14556,0.16524,0.09892,0.108
30629,103641,George Mason,Patriots,0.25276,0.76127,0.56458,65.276,106.14908,102.84755,0.2908,0.16185,0.15393,0.0759,0.09664
27168,103619,Fordham,Rams,0.35862,0.68029,0.52507,67.58,95.32284,112.3158,0.32661,0.19228,0.14105,0.07302,0.11082
27249,103642,George Washington,Revolutionaries,0.35781,0.64539,0.52115,62.94,98.45476,106.04003,0.28464,0.17369,0.18339,0.10498,0.1007
30629,104132,Rhode Island,Rams,0.28804,0.7232,0.54226,66.988,100.21104,97.0328,0.3604,0.18443,0.16951,0.11095,0.18164
33533,103876,Massachusetts,Minutemen,0.34471,0.72099,0.54581,69.243,100.76765,103.14359,0.32227,0.17198,0.1704,0.0984,0.11195
27043,103619,Fordham,Rams,0.35359,0.6441,0.49607,67.878,105.26795,114.49783,0.33419,0.13679,0.15394,0.0978,0.10815
27249,103550,Duquesne,Dukes,0.29626,0.60307,0.58685,68.052,106.3202,105.37597,0.36954,0.15263,0.2088,0.11305,0.09401
36046,103876,Massachusetts,Minutemen,0.3662,0.69864,0.56294,67.745,113.86883,104.00431,0.35767,0.13537,0.16543,0.11208,0.08603
27168,103524,Dayton,Flyers,0.35221,0.69632,0.55089,65.213,109.18136,101.42826,0.39674,0.18789,0.18445,0.08502,0.07201
27168,104509,Xavier,Musketeers,0.34307,0.70977,0.48199,62.041,104.24089,99.85669,0.41403,0.17692,0.16116,0.08422,0.08398
27168,104181,Saint Joseph's,Hawks,0.31621,0.66608,0.60552,62.035,107.75936,103.68421,0.35451,0.16222,0.13367,0.08067,0.14366
27043,103641,George Mason,Patriots,0.31682,0.70182,0.44841,66.376,103.43072,107.22414,0.4014,0.17229,0.15721,0.07853,0.09677
33533,104132,Rhode Island,Rams,0.31565,0.7053,0.49856,66.94,97.41755,104.27392,0.36997,0.17555,0.15127,0.09484,0.10008
33533,103833,Loyola Chicago,Ramblers,0.24526,0.71485,0.56539,65.75,101.26492,108.92401,0.31074,0.19949,0.15915,0.08531,0.08902
38409,104132,Rhode Island,Rams,0.2893,0.71465,0.51932,69.853,110.37404,106.2219,0.42593,0.15932,0.13977,0.08394,0.08881
27043,103782,La Salle,Explorers,0.33095,0.67468,0.53472,63.921,104.29484,105.28813,0.39128,0.14981,0.15182,0.08592,0.08243
27249,104132,Rhode Island,Rams,0.39022,0.68585,0.45971,66.799,100.24132,110.28432,0.34322,0.17187,0.16676,0.09453,0.10431
36046,104132,Rhode Island,Rams,0.30018,0.72184,0.49395,67.863,106.92547,112.49738,0.39611,0.16013,0.11506,0.06965,0.08312
36046,103641,George Mason,Patriots,0.31729,0.72528,0.46144,63.767,111.39232,103.35521,0.37035,0.15894,0.14412,0.08563,0.10587
41097,103782,La Salle,Explorers,0.33764,0.68288,0.55705,65.251,102.87154,113.50352,0.36854,0.15515,0.1497,0.10432,0.0794
27043,104132,Rhode Island,Rams,0.32597,0.69512,0.51061,66.271,101.88018,102.30292,0.45743,0.18063,0.15055,0.07441,0.13009
27249,104136,Richmond,Spiders,0.27867,0.63559,0.54834,63.366,108.41857,105.56932,0.39374,0.15587,0.16966,0.09544,0.12299
30629,104393,VCU,Rams,0.2664,0.67958,0.56101,67.348,99.18931,92.30245,0.30934,0.19791,0.2128,0.13533,0.14674
41097,104136,Richmond,Spiders,0.25297,0.69635,0.5471,67.203,113.71547,109.59299,0.36683,0.12638,0.15674,0.10411,0.0743
41097,103619,Fordham,Rams,0.34821,0.74887,0.54708,64.549,107.78191,101.03047,0.25747,0.1467,0.15892,0.11316,0.06838
33533,104263,St. Bonaventure,Bonnies,0.27514,0.70605,0.49415,65.306,101.41883,102.79577,0.29487,0.16655,0.17138,0.10649,0.10405
38409,103550,Duquesne,Dukes,0.33274,0.69477,0.55597,64.144,106.93007,104.17464,0.29597,0.15704,0.17887,0.10987,0.12628
41097,104132,Rhode Island,Rams,0.31044,0.68195,0.47889,64.733,107.10677,104.52011,0.38387,0.16679,0.18482,0.12941,0.11988
27249,104263,St. Bonaventure,Bonnies,0.36517,0.7029,0.57662,63.727,109.24977,100.86458,0.42087,0.18472,0.16629,0.09026,0.11515
30629,103876,Massachusetts,Minutemen,0.29335,0.70255,0.53098,67.849,110.26119,113.72108,0.32772,0.14571,0.15846,0.09365,0.0682
33533,103522,Davidson,Wildcats,0.2479,0.72121,0.53503,64.899,106.42032,104.56416,0.33935,0.14544,0.15278,0.0818,0.03519
30629,103619,Fordham,Rams,0.2707,0.73702,0.51425,67.424,96.51946,97.52345,0.29733,0.16603,0.17369,0.10649,0.09917
36046,103522,Davidson,Wildcats,0.26481,0.72484,0.51469,64.643,106.7164,103.47968,0.3315,0.13973,0.15444,0.09859,0.10749
38409,103876,Massachusetts,Minutemen,0.34809,0.69487,0.49108,69.361,103.49372,106.42153,0.34194,0.13702,0.1538,0.11061,0.1342
27249,104311,Temple,Owls,0.31439,0.68237,0.57259,66.395,110.84194,102.71692,0.3415,0.15958,0.16761,0.10587,0.10128
33533,103642,George Washington,Revolutionaries,0.26868,0.70261,0.4672,68.304,109.54039,110.16865,0.3483,0.15895,0.13633,0.08165,0.08971
38409,104136,Richmond,Spiders,0.19641,0.72828,0.51166,63.366,102.97549,110.92633,0.3106,0.14153,0.13911,0.09204,0.07089
36046,103642,George Washington,Revolutionaries,0.25883,0.70903,0.46968,68.885,108.49589,109.15825,0.34403,0.15353,0.12147,0.08351,0.11608
27043,104263,St. Bonaventure,Bonnies,0.36475,0.68253,0.51752,67.055,109.40804,104.52738,0.41148,0.15995,0.18868,0.10397,0.12035
33533,104183,Saint Louis,Billikens,0.29964,0.73756,0.58958,68.501,110.28304,103.86867,0.29239,0.15215,0.13533,0.07352,0.10793
33533,103550,Duquesne,Dukes,0.33442,0.6687,0.56299,68.118,109.96953,104.6312,0.26413,0.14709,0.17993,0.11847,0.09992
36046,104183,Saint Louis,Billikens,0.25856,0.71181,0.50414,68.31,109.70549,116.22661,0.3732,0.15106,0.12852,0.0888,0.08899
38409,103522,Davidson,Wildcats,0.24563,0.736,0.57159,65.317,111.02081,108.28356,0.28979,0.12979,0.14095,0.08728,0.07371
41097,103641,George Mason,Patriots,0.31636,0.71813,0.4958,63.55,115.29956,106.66878,0.4204,0.14265,0.13699,0.07905,0.09099
27043,103876,Massachusetts,Minutemen,0.34325,0.68329,0.55333,70.393,107.30075,100.78208,0.39215,0.16246,0.16152,0.09664,0.12276
27043,103642,George Washington,Revolutionaries,0.35053,0.68555,0.54946,66.868,109.02952,99.81957,0.46578,0.1639,0.16902,0.10598,0.11157
27168,103876,Massachusetts,Minutemen,0.32348,0.67312,0.57518,69.485,104.61906,102.79431,0.35766,0.17551,0.1633,0.10794,0.12923
30629,104263,St. Bonaventure,Bonnies,0.26934,0.72525,0.51959,65.002,107.23677,101.89583,0.25926,0.13803,0.16868,0.09717,0.14938
36046,103524,Dayton,Flyers,0.2629,0.71356,0.58123,63.502,116.37817,104.25544,0.36701,0.14424,0.13802,0.0861,0.11063
36046,104136,Richmond,Spiders,0.17279,0.73377,0.49886,66.21,108.15179,99.76227,0.27634,0.11857,0.15005,0.1004,0.08464
38409,103782,La Salle,Explorers,0.30964,0.70755,0.45917,68.144,105.26035,109.20318,0.30694,0.13227,0.14664,0.10525,0.10086
41097,103833,Loyola Chicago,Ramblers,0.30466,0.70304,0.60766,64.28,103.5101,117.41164,0.34766,0.1726,0.11311,0.0631,0.1165
27168,103447,Charlotte,49ers,0.36537,0.68876,0.48802,67.049,99.98311,100.07282,0.44845,0.1895,0.17578,0.11074,0.08796
33533,103641,George Mason,Patriots,0.2786,0.75236,0.565,66.377,102.76244,100.58758,0.37035,0.18004,0.15056,0.06864,0.08484
33533,103619,Fordham,Rams,0.29866,0.74783,0.52447,68.513,104.2996,97.93451,0.37612,0.16757,0.17289,0.10457,0.1251
33533,104181,Saint Joseph's,Hawks,0.28934,0.69264,0.48778,67.917,105.74599,105.79027,0.34219,0.16007,0.16571,0.09584,0.09614
36046,103833,Loyola Chicago,Ramblers,0.28078,0.75168,0.63977,67.853,106.909,98.75343,0.33105,0.16271,0.16082,0.10348,0.1395
36046,104263,St. Bonaventure,Bonnies,0.2974,0.71615,0.483,64.598,112.43255,105.05765,0.32212,0.14347,0.17085,0.10069,0.11996
38409,103619,Fordham,Rams,0.31923,0.69755,0.53176,69.189,106.18398,111.42389,0.33267,0.15863,0.14916,0.10847,0.08712
27043,104136,Richmond,Spiders,0.25894,0.657,0.46533,63.603,103.06511,100.90619,0.40968,0.14336,0.17033,0.09075,0.11489
27249,103524,Dayton,Flyers,0.36339,0.68935,0.57985,63.903,110.66292,104.21654,0.33495,0.1677,0.16939,0.08097,0.07236
33533,104136,Richmond,Spiders,0.20984,0.74623,0.51145,65.088,104.24481,102.59377,0.32998,0.15631,0.15287,0.08673,0.06897
36046,103782,La Salle,Explorers,0.27541,0.69663,0.55188,65.954,108.53366,109.12204,0.24596,0.12258,0.13843,0.09482,0.08403
41097,103550,Duquesne,Dukes,0.31074,0.70738,0.56194,68.282,112.96494,108.46208,0.3781,0.15494,0.16387,0.11269,0.08907
36046,103619,Fordham,Rams,0.326,0.72603,0.52506,67.954,101.75199,104.55291,0.35173,0.15619,0.17586,0.11585,0.12601
27168,104311,Temple,Owls,0.308,0.68541,0.58402,66.29,108.96794,102.44583,0.35581,0.13738,0.17615,0.11886,0.09488
27043,104181,Saint Joseph's,Hawks,0.29476,0.72227,0.56667,64.973,109.73249,103.64376,0.436,0.16489,0.1336,0.06827,0.11938
27249,104183,Saint Louis,Billikens,0.31661,0.71256,0.56388,62.014,110.38441,92.61706,0.36018,0.15389,0.20492,0.1116,0.07965
30629,103522,Davidson,Wildcats,0.23886,0.78082,0.54846,64.842,116.01,101.41271,0.31638,0.13413,0.15069,0.07082,0.08247
38409,104263,St. Bonaventure,Bonnies,0.28007,0.73357,0.43779,64.002,106.8651,101.55389,0.29979,0.13986,0.16892,0.11708,0.10989
27168,103782,La Salle,Explorers,0.28996,0.65825,0.55224,65.247,109.6336,100.99715,0.31331,0.15074,0.18428,0.11766,0.08252
27249,103782,La Salle,Explorers,0.27289,0.66011,0.55234,67.457,107.25346,97.34182,0.2984,0.16816,0.19482,0.11889,0.08149
33533,103524,Dayton,Flyers,0.30806,0.7299,0.62185,62.398,109.21137,97.09237,0.35538,0.16613,0.1409,0.0762,0.12521
38409,104183,Saint Louis,Billikens,0.23735,0.72419,0.56618,67.327,109.58571,105.07566,0.30594,0.16797,0.13058,0.09335,0.08165
41097,104263,St. Bonaventure,Bonnies,0.34749,0.70308,0.55929,66.069,114.72186,111.89358,0.29686,0.14412,0.15332,0.1141,0.13688
27043,104183,Saint Louis,Billikens,0.29412,0.71452,0.58142,66.307,104.1552,92.35328,0.40396,0.16374,0.18284,0.11078,0.099
33533,103782,La Salle,Explorers,0.30525,0.69533,0.47277,67.25,102.69486,106.76113,0.28326,0.15711,0.15657,0.09905,0.08462
38409,103642,George Washington,Revolutionaries,0.31665,0.67654,0.55529,66.148,109.46279,102.33825,0.40399,0.16045,0.1677,0.13348,0.08532
41097,103522,Davidson,Wildcats,0.28659,0.70635,0.54191,63.631,111.87234,105.56323,0.31697,0.13755,0.1554,0.10279,0.12659
38409,103524,Dayton,Flyers,0.2965,0.71318,0.59268,64.713,114.84312,107.85578,0.37592,0.13755,0.15504,0.10706,0.1064
27168,104136,Richmond,Spiders,0.27139,0.64105,0.56186,63.0,109.10529,103.69587,0.43249,0.16596,0.19633,0.11373,0.10266
27249,104181,Saint Joseph's,Hawks,0.29752,0.68267,0.56279,64.915,108.82274,102.77209,0.36305,0.16606,0.13093,0.07255,0.17087
33533,104393,VCU,Rams,0.28851,0.70042,0.52778,67.007,105.74634,93.89251,0.41564,0.17486,0.2091,0.13208,0.12759
41097,104183,Saint Louis,Billikens,0.31523,0.73253,0.60167,70.715,123.35289,99.63584,0.33223,0.15137,0.1409,0.10147,0.09847
30629,103524,Dayton,Flyers,0.30093,0.76406,0.55938,63.271,109.02649,96.42748,0.30483,0.16858,0.15342,0.08757,0.11111
38409,104393,VCU,Rams,0.36922,0.69586,0.56405,65.289,117.43106,95.97689,0.32088,0.14189,0.17806,0.12291,0.15298
41097,103642,George Washington,Revolutionaries,0.35877,0.71924,0.55691,68.841,117.78092,107.40065,0.34432,0.15546,0.16049,0.10798,0.10776
27168,104183,Saint Louis,Billikens,0.27911,0.7094,0.56064,63.535,106.62505,90.90813,0.4404,0.15639,0.20662,0.11883,0.08308
36046,104181,Saint Joseph's,Hawks,0.29149,0.7081,0.5528,67.133,111.60263,104.3343,0.28695,0.14592,0.15414,0.10425,0.1112
38409,104181,Saint Joseph's,Hawks,0.30293,0.72084,0.56229,66.84,111.49676,101.94717,0.31739,0.14342,0.14192,0.09655,0.13834
30629,104183,Saint Louis,Billikens,0.34494,0.73474,0.53967,67.54,111.58428,99.44645,0.32249,0.15864,0.15962,0.09427,0.08365
27043,104393,VCU,Rams,0.34943,0.69153,0.49783,69.156,106.8824,92.95185,0.35155,0.14442,0.22516,0.15936,0.11468
27168,103386,Butler,Bulldogs,0.36308,0.73671,0.5351,63.538,108.70062,100.16142,0.38529,0.17348,0.1534,0.08954,0.07031
41097,104393,VCU,Rams,0.31642,0.69977,0.51871,67.788,118.8324,105.51991,0.42023,0.13155,0.14804,0.10789,0.11199
41097,104181,Saint Joseph's,Hawks,0.32537,0.69786,0.60043,66.922,108.91141,104.60955,0.30143,0.14635,0.12795,0.08299,0.12621
27168,104393,VCU,Rams,0.36607,0.65278,0.51584,67.577,113.07717,94.8297,0.29826,0.14202,0.24809,0.17213,0.08905
27249,104509,Xavier,Musketeers,0.31997,0.69695,0.52392,66.009,105.91152,100.87208,0.41259,0.16218,0.15932,0.08973,0.10158
38409,103641,George Mason,Patriots,0.32014,0.70968,0.52474,63.897,109.18882,97.77595,0.42296,0.17075,0.16642,0.11547,0.10766
36046,103550,Duquesne,Dukes,0.30534,0.70125,0.53963,65.607,107.56067,101.62856,0.32275,0.15232,0.17127,0.11409,0.12608
27043,103524,Dayton,Flyers,0.33962,0.71254,0.51872,64.237,111.62525,103.55948,0.40585,0.15672,0.16624,0.09282,0.07251
30629,104136,Richmond,Spiders,0.22373,0.72482,0.57388,66.089,106.75006,102.85051,0.31013,0.13074,0.16708,0.11333,0.06341
38409,103833,Loyola Chicago,Ramblers,0.29621,0.72252,0.60802,66.019,110.27586,103.46721,0.32234,0.1531,0.1558,0.09287,0.13422
41097,103524,Dayton,Flyers,0.26936,0.71234,0.59142,66.23,110.8135,103.58214,0.46154,0.15142,0.18512,0.12232,0.11987
27249,103876,Massachusetts,Minutemen,0.34461,0.65732,0.5561,72.507,104.70656,98.56466,0.33447,0.16947,0.18936,0.11966,0.12005
36046,104393,VCU,Rams,0.27751,0.73068,0.56843,64.782,108.84131,102.26321,0.35017,0.16278,0.1474,0.09884,0.12777
27693,104174,Sacramento St.,Hornets,0.27101,0.74124,0.48023,65.016,108.93087,108.85538,0.31547,0.13293,0.17187,0.10408,0.06365
27693,104106,Portland St.,Vikings,0.32616,0.76512,0.46429,69.225,98.71995,95.52069,0.32734,0.16646,0.21065,0.11906,0.08719
27693,104009,Northern Colo.,Bears,0.24861,0.78833,0.4408,67.908,103.23053,101.10069,0.31204,0.18298,0.13919,0.06336,0.06095
27693,104008,Northern Ariz.,Lumberjacks,0.23765,0.72115,0.47129,64.106,98.00175,115.62797,0.30409,0.16026,0.16627,0.08504,0.05223
27693,103716,Idaho,Vandals,0.21965,0.70334,0.54397,66.211,91.16174,114.17278,0.29568,0.21946,0.15146,0.07411,0.05464
27693,104434,Weber St.,Wildcats,0.22222,0.75561,0.52591,70.809,115.49812,97.8756,0.36769,0.16015,0.17735,0.09441,0.07995
27693,103941,Montana St.,Bobcats,0.2635,0.74548,0.43345,68.211,106.80913,103.79866,0.39676,0.15981,0.17126,0.08085,0.06557
27693,103567,Eastern Wash.,Eagles,0.23423,0.74308,0.54723,70.122,111.65074,100.42031,0.30246,0.14643,0.14423,0.06839,0.07368
27693,104249,Southern Utah,Thunderbirds,0.31769,0.78211,0.48355,71.519,117.13205,96.73102,0.37356,0.14446,0.16985,0.09716,0.07216
27693,103717,Idaho St.,Bengals,0.321,0.75453,0.48837,64.937,103.95452,94.04805,0.39334,0.1953,0.17129,0.06869,0.09347
27249,104174,Sacramento St.,Hornets,0.31,0.70748,0.5822,64.64,103.59599,106.96631,0.38639,0.18213,0.15944,0.07193,0.06387
27168,104106,Portland St.,Vikings,0.31008,0.67312,0.52496,64.049,107.08451,113.07991,0.32815,0.15955,0.156,0.08489,0.06083
27693,103940,Montana,Grizzlies,0.24714,0.73532,0.51076,66.5,104.9851,99.42052,0.36592,0.17428,0.16362,0.07274,0.06957
27249,104009,Northern Colo.,Bears,0.34152,0.72216,0.49928,65.824,107.99625,112.5805,0.42228,0.20916,0.1584,0.08279,0.07526
27168,104174,Sacramento St.,Hornets,0.30491,0.68278,0.55937,62.624,103.29797,104.83973,0.38745,0.15226,0.16284,0.08309,0.07107
27249,104008,Northern Ariz.,Lumberjacks,0.32911,0.67408,0.61573,65.163,95.05375,108.96406,0.28951,0.19057,0.18511,0.10022,0.05816
27043,104249,Southern Utah,Thunderbirds,0.24174,0.65962,0.52961,63.852,91.9503,116.73924,0.39398,0.19023,0.14842,0.06976,0.08918
30629,104174,Sacramento St.,Hornets,0.22366,0.72436,0.45833,65.266,99.8482,107.05537,0.28297,0.1502,0.16146,0.09091,0.08087
27249,103941,Montana St.,Bobcats,0.31925,0.69444,0.53315,67.022,103.55122,106.50983,0.3583,0.17009,0.18515,0.09925,0.10714
27043,103717,Idaho St.,Bengals,0.35736,0.69055,0.49135,63.503,110.11044,109.1455,0.45314,0.1625,0.17245,0.11233,0.08744
30629,103717,Idaho St.,Bengals,0.29126,0.7263,0.46508,64.605,99.21839,110.26549,0.33893,0.18304,0.15172,0.06997,0.0634
38409,103717,Idaho St.,Bengals,0.39736,0.74793,0.51091,65.073,113.75697,107.07438,0.3361,0.13389,0.16181,0.09117,0.12943
27043,104174,Sacramento St.,Hornets,0.29957,0.69665,0.54694,62.592,109.32749,109.80283,0.35982,0.15441,0.1601,0.08327,0.04118
27168,103717,Idaho St.,Bengals,0.25053,0.65605,0.523,59.449,95.08753,107.20979,0.3795,0.17643,0.17997,0.11597,0.10661
27168,103941,Montana St.,Bobcats,0.29917,0.69978,0.46248,65.827,105.49291,108.6308,0.36459,0.1505,0.19446,0.11841,0.04976
27043,103940,Montana,Grizzlies,0.24567,0.65431,0.48364,60.291,114.97958,112.10915,0.45492,0.1445,0.16366,0.08201,0.07136
27249,103717,Idaho St.,Bengals,0.30864,0.66443,0.51655,64.629,99.5805,110.29836,0.35048,0.18086,0.19749,0.10624,0.06834
33533,104106,Portland St.,Vikings,0.26036,0.70113,0.51617,70.829,107.6195,106.572,0.33834,0.14895,0.19813,0.10064,0.09519
27043,103567,Eastern Wash.,Eagles,0.30239,0.70962,0.51292,68.295,111.11657,109.56414,0.39084,0.15089,0.13426,0.06921,0.10769
27043,103941,Montana St.,Bobcats,0.25872,0.73734,0.44158,64.789,104.5842,107.36121,0.3829,0.15536,0.17653,0.10066,0.04941
27168,104009,Northern Colo.,Bears,0.32192,0.70145,0.50879,65.307,107.44397,107.29639,0.32887,0.17147,0.16342,0.10187,0.06642
33533,103940,Montana,Grizzlies,0.24544,0.75132,0.49606,62.711,109.99626,108.30558,0.29152,0.15711,0.14485,0.07496,0.07041
41097,104174,Sacramento St.,Hornets,0.25405,0.68,0.50822,71.267,108.557,114.59797,0.40723,0.12711,0.14696,0.1062,0.09083
27168,104249,Southern Utah,Thunderbirds,0.32524,0.72769,0.52646,67.873,97.40603,105.13817,0.36538,0.18699,0.15307,0.07302,0.12909
30629,103716,Idaho,Vandals,0.23628,0.74081,0.47436,70.021,103.4205,112.78912,0.35071,0.17159,0.13063,0.05021,0.05502
30629,104106,Portland St.,Vikings,0.27414,0.68539,0.42927,70.811,103.0345,101.0913,0.31759,0.15028,0.20868,0.13059,0.09444
41097,104106,Portland St.,Vikings,0.31923,0.74323,0.52761,68.045,111.73796,102.47349,0.35714,0.14443,0.16386,0.1113,0.11501
27168,103567,Eastern Wash.,Eagles,0.29381,0.64736,0.55126,67.211,101.36251,109.10876,0.32027,0.16759,0.134,0.07778,0.1297
27043,104434,Weber St.,Wildcats,0.28899,0.72007,0.55601,63.027,113.53085,103.8097,0.49773,0.16899,0.12556,0.06579,0.09044
38409,104174,Sacramento St.,Hornets,0.27681,0.73775,0.56032,64.971,101.92101,108.55862,0.31074,0.17576,0.15863,0.09164,0.10509
38409,103567,Eastern Wash.,Eagles,0.26976,0.67515,0.53423,66.859,106.70842,112.87816,0.30915,0.16456,0.16737,0.11233,0.09042
41097,104008,Northern Ariz.,Lumberjacks,0.24187,0.67798,0.51762,65.458,108.94315,116.72481,0.32956,0.14228,0.15267,0.10496,0.07923
27249,103567,Eastern Wash.,Eagles,0.31368,0.67981,0.49492,67.777,106.82709,104.89814,0.34431,0.14607,0.19746,0.10468,0.10714
27249,104106,Portland St.,Vikings,0.33037,0.69651,0.43735,67.321,112.7297,108.42951,0.43461,0.17125,0.14488,0.07874,0.06844
27249,103940,Montana,Grizzlies,0.28289,0.68659,0.55826,64.919,107.3585,95.17938,0.39846,0.16771,0.19508,0.11017,0.09664
30629,103940,Montana,Grizzlies,0.19531,0.75,0.52897,66.126,108.7415,100.78595,0.36187,0.13904,0.17589,0.08321,0.07745
36046,103567,Eastern Wash.,Eagles,0.26791,0.73074,0.62864,69.313,116.13746,108.09856,0.38194,0.16849,0.14969,0.08562,0.10168
36046,103716,Idaho,Vandals,0.24076,0.72692,0.49936,64.633,104.51068,109.71213,0.2739,0.15556,0.14974,0.08653,0.0956
38409,104106,Portland St.,Vikings,0.34187,0.70841,0.5126,68.746,109.48761,100.83909,0.32143,0.1558,0.18183,0.11988,0.13968
27043,104008,Northern Ariz.,Lumberjacks,0.33659,0.7211,0.44216,62.428,106.49101,108.72613,0.34169,0.16997,0.16465,0.09847,0.11864
30629,104008,Northern Ariz.,Lumberjacks,0.28816,0.77015,0.52338,66.528,100.72078,109.38994,0.28076,0.17246,0.12917,0.06734,0.06861
33533,104009,Northern Colo.,Bears,0.2424,0.73115,0.43947,68.009,107.37253,113.07171,0.31905,0.1538,0.12492,0.06712,0.04209
36046,104106,Portland St.,Vikings,0.30169,0.71964,0.46848,68.179,104.69543,104.55899,0.33453,0.13901,0.16589,0.10297,0.09386
36046,104434,Weber St.,Wildcats,0.238,0.76779,0.46263,65.617,114.07519,102.1195,0.35448,0.13204,0.17151,0.10487,0.04788
41097,103941,Montana St.,Bobcats,0.28166,0.72753,0.41686,66.022,117.08613,107.31721,0.29968,0.1306,0.14632,0.10265,0.0738
27043,104009,Northern Colo.,Bears,0.34394,0.69713,0.44907,63.028,115.85264,110.16783,0.37158,0.15187,0.16683,0.09013,0.06636
27249,104434,Weber St.,Wildcats,0.26893,0.71378,0.51394,65.837,116.02229,103.68349,0.36784,0.14004,0.15894,0.08313,0.06588
33533,103716,Idaho,Vandals,0.22024,0.73211,0.46238,65.837,109.54798,109.40723,0.35318,0.15207,0.15197,0.07719,0.04676
41097,104434,Weber St.,Wildcats,0.32687,0.73953,0.46841,69.255,115.87241,110.34193,0.37162,0.13443,0.14864,0.10249,0.04421
41097,104009,Northern Colo.,Bears,0.28585,0.7627,0.54809,68.517,118.55597,109.97863,0.26724,0.13637,0.11784,0.06233,0.06811
27168,104008,Northern Ariz.,Lumberjacks,0.27015,0.6934,0.55076,67.533,97.12911,109.4291,0.31413,0.18229,0.1772,0.10359,0.0652
27168,103940,Montana,Grizzlies,0.25887,0.69217,0.53289,62.544,109.67898,102.71991,0.39817,0.16909,0.16215,0.0918,0.08278
33533,104174,Sacramento St.,Hornets,0.33143,0.76177,0.56041,62.259,104.07665,106.78441,0.27927,0.17843,0.13122,0.07031,0.06789
27043,104106,Portland St.,Vikings,0.2759,0.67707,0.51247,64.469,109.88116,109.4549,0.41122,0.152,0.17305,0.09164,0.05605
33533,103717,Idaho St.,Bengals,0.24527,0.72568,0.4937,64.376,104.9661,107.76456,0.28964,0.1553,0.15967,0.08748,0.07725
27168,103999,North Dakota,Fighting Hawks,0.30026,0.67565,0.49613,66.003,101.63099,102.5915,0.35516,0.16572,0.17724,0.11739,0.09624
30629,104434,Weber St.,Wildcats,0.20762,0.75583,0.39977,69.577,109.03608,100.61865,0.37683,0.15135,0.18427,0.10927,0.07137
38409,103716,Idaho,Vandals,0.29929,0.6941,0.4921,65.851,111.40149,114.28967,0.33886,0.15355,0.13812,0.08884,0.08144
41097,103717,Idaho St.,Bengals,0.34213,0.72989,0.4673,65.028,114.15745,116.66437,0.38172,0.14419,0.13307,0.07968,0.11962
38409,103941,Montana St.,Bobcats,0.21617,0.70874,0.52096,65.21,108.97765,106.38515,0.31134,0.13592,0.13841,0.09719,0.0914
36046,104008,Northern Ariz.,Lumberjacks,0.24077,0.68903,0.53818,67.74,100.56177,112.28288,0.31121,0.1627,0.14734,0.08334,0.08102
41097,103567,Eastern Wash.,Eagles,0.31461,0.69429,0.49015,67.429,114.89603,116.2341,0.35714,0.154,0.14431,0.0876,0.09605
33533,104434,Weber St.,Wildcats,0.21268,0.77376,0.45058,64.499,102.31637,102.77747,0.33468,0.17559,0.17652,0.09204,0.04554
27043,103999,North Dakota,Fighting Hawks,0.31448,0.67875,0.46907,67.556,109.97386,110.45277,0.40851,0.14138,0.18847,0.12465,0.06902
33533,103567,Eastern Wash.,Eagles,0.29187,0.74432,0.56176,67.647,113.34747,105.60837,0.30984,0.17588,0.1448,0.07634,0.09528
36046,104009,Northern Colo.,Bears,0.24368,0.75042,0.49742,68.614,112.17955,108.96463,0.29194,0.14038,0.14077,0.08863,0.06491
36046,104174,Sacramento St.,Hornets,0.35435,0.75419,0.55639,64.234,104.48885,109.61714,0.32237,0.18943,0.14199,0.08167,0.08201
38409,104008,Northern Ariz.,Lumberjacks,0.32983,0.76543,0.5288,66.774,113.68466,107.25383,0.28599,0.1268,0.14312,0.09191,0.04279
41097,103940,Montana,Grizzlies,0.22037,0.72671,0.55446,69.756,110.7635,106.88446,0.37157,0.1771,0.12821,0.0802,0.06265
30629,103567,Eastern Wash.,Eagles,0.26661,0.7492,0.59116,70.051,108.90854,105.69922,0.33283,0.16471,0.14265,0.0784,0.07724
38409,104434,Weber St.,Wildcats,0.2553,0.71997,0.44919,65.641,108.66439,108.66439,0.34314,0.14551,0.14735,0.09855,0.07434
36046,103717,Idaho St.,Bengals,0.30443,0.74483,0.46629,63.616,108.82114,108.18556,0.3286,0.14594,0.16606,0.1074,0.0955
38409,103940,Montana,Grizzlies,0.23711,0.72152,0.4917,66.665,114.45043,109.53931,0.3485,0.14556,0.14102,0.09336,0.08396
33533,103941,Montana St.,Bobcats,0.26624,0.76035,0.49829,66.437,110.50843,100.00415,0.4339,0.15665,0.18063,0.0974,0.08448
30629,103941,Montana St.,Bobcats,0.27354,0.77045,0.50054,68.047,111.29235,100.74056,0.38371,0.16505,0.16566,0.07584,0.10063
38409,104009,Northern Colo.,Bears,0.26728,0.78005,0.53906,67.468,118.23898,106.63296,0.32838,0.14314,0.14341,0.08962,0.06284
30629,104249,Southern Utah,Thunderbirds,0.2878,0.77832,0.43867,69.381,110.43315,103.04388,0.33812,0.1559,0.15554,0.0862,0.06877
33533,104008,Northern Ariz.,Lumberjacks,0.28006,0.74888,0.52043,66.712,108.98176,110.4174,0.27131,0.13723,0.15916,0.0783,0.04499
36046,103941,Montana St.,Bobcats,0.20771,0.71638,0.49203,68.414,108.49513,107.30107,0.29622,0.15211,0.16992,0.11859,0.06368
41097,103716,Idaho,Vandals,0.2948,0.76452,0.46757,67.953,114.06296,106.64887,0.33813,0.13287,0.13836,0.08523,0.06565
36046,103940,Montana,Grizzlies,0.26205,0.73709,0.53327,65.899,115.87166,108.25293,0.29012,0.13686,0.12716,0.07196,0.07578
27168,104434,Weber St.,Wildcats,0.30755,0.74514,0.52323,64.282,116.54267,94.69092,0.39244,0.16607,0.15125,0.08118,0.10625
30629,104009,Northern Colo.,Bears,0.23267,0.76226,0.44519,69.239,111.47711,110.04695,0.3033,0.15805,0.12452,0.05685,0.0706
27693,103269,Alabama A&M,Bulldogs,0.28246,0.70628,0.4755,68.725,90.6439,96.17795,0.31797,0.18795,0.15616,0.07838,0.09091
27693,103270,Alabama St.,Hornets,0.29539,0.7044,0.45692,70.922,90.55314,100.89312,0.42716,0.19535,0.18115,0.08603,0.06056
27693,103742,Jackson St.,Tigers,0.29077,0.73602,0.47859,68.774,94.09409,90.11042,0.42032,0.18609,0.19682,0.1172,0.08417
27693,103278,Alcorn,Braves,0.30086,0.69459,0.4069,69.488,95.13226,108.8416,0.33966,0.17824,0.19806,0.10881,0.04959
27693,104248,Southern U.,Jaguars,0.29771,0.73442,0.57419,70.78,96.76466,97.34802,0.40483,0.19584,0.18484,0.11254,0.06622
27693,104108,Prairie View,Panthers,0.3088,0.68571,0.5873,69.697,102.27894,92.1672,0.27036,0.16955,0.22455,0.13768,0.12209
27693,103927,Mississippi Val.,Delta Devils,0.17957,0.64238,0.55,72.61,78.2725,120.33536,0.24647,0.2232,0.12416,0.06311,0.07002
27693,103658,Grambling,Tigers,0.26173,0.68638,0.59964,70.078,95.64456,97.53734,0.42117,0.19208,0.18033,0.11497,0.0843
27693,103300,Ark.-Pine Bluff,Golden Lions,0.27222,0.67793,0.45802,67.973,90.25193,111.92638,0.38569,0.19898,0.1612,0.09325,0.09937
27693,104322,Texas Southern,Tigers,0.32653,0.73518,0.4518,72.334,101.65436,95.56885,0.37852,0.17945,0.17376,0.09664,0.12067
30629,104108,Prairie View,Panthers,0.31872,0.65923,0.48457,70.587,97.08607,106.55662,0.38375,0.21267,0.17804,0.11831,0.08284
27168,103658,Grambling,Tigers,0.28527,0.60874,0.55877,64.252,77.31842,118.84025,0.2493,0.23555,0.12247,0.06804,0.05714
27168,103927,Mississippi Val.,Delta Devils,0.31603,0.62474,0.457,69.384,90.44704,106.02545,0.39464,0.18489,0.1899,0.10099,0.06174
27249,103658,Grambling,Tigers,0.27756,0.63682,0.47217,65.291,82.39291,108.96775,0.35675,0.21423,0.14739,0.07369,0.08997
27249,103269,Alabama A&M,Bulldogs,0.31102,0.67149,0.49921,67.748,92.16919,102.61921,0.36086,0.20622,0.18045,0.09333,0.10682
30629,103927,Mississippi Val.,Delta Devils,0.23661,0.66165,0.48722,71.525,91.92113,113.46056,0.31283,0.16131,0.183,0.10112,0.06
27043,103658,Grambling,Tigers,0.30814,0.64537,0.46522,67.849,96.71639,117.70633,0.40926,0.1885,0.16451,0.0896,0.0553
33533,103615,Florida A&M,Rattlers,0.29324,0.66532,0.47059,65.237,89.47173,106.83977,0.32292,0.20917,0.16215,0.10069,0.10184
27168,103742,Jackson St.,Tigers,0.27418,0.64969,0.42504,67.723,96.51295,104.20383,0.38397,0.16022,0.18069,0.12099,0.05835
36046,103615,Florida A&M,Rattlers,0.27634,0.68626,0.56946,68.551,96.37761,110.7675,0.27635,0.19009,0.14108,0.08567,0.07414
27168,103300,Ark.-Pine Bluff,Golden Lions,0.3148,0.6436,0.5593,67.244,92.80602,98.63108,0.32982,0.18134,0.1999,0.14622,0.0999
30629,103742,Jackson St.,Tigers,0.31279,0.71976,0.47186,64.717,93.71088,100.68662,0.26452,0.17258,0.16438,0.09614,0.10236
30629,103615,Florida A&M,Rattlers,0.26265,0.66511,0.49113,65.841,98.00733,103.6307,0.29049,0.16327,0.16405,0.09499,0.08464
30629,103350,Bethune-Cookman,Wildcats,0.28249,0.69856,0.45634,66.019,95.18917,104.45272,0.2868,0.17311,0.18164,0.11946,0.07115
27043,103269,Alabama A&M,Bulldogs,0.27933,0.65688,0.57927,65.205,97.74776,101.23154,0.4201,0.17298,0.1747,0.09212,0.11072
30629,103269,Alabama A&M,Bulldogs,0.28719,0.69085,0.43445,67.094,90.06269,98.22356,0.33526,0.16989,0.16895,0.10335,0.08775
41097,104322,Texas Southern,Tigers,0.29423,0.69991,0.42839,69.688,105.90475,110.04496,0.38848,0.16615,0.15125,0.09622,0.10119
27249,103270,Alabama St.,Hornets,0.33106,0.67033,0.54943,64.545,88.63329,96.87943,0.35476,0.19371,0.20533,0.11679,0.08402
27043,103300,Ark.-Pine Bluff,Golden Lions,0.28853,0.66286,0.53111,66.842,94.44508,105.59317,0.42056,0.20084,0.21289,0.14208,0.07251
36046,103300,Ark.-Pine Bluff,Golden Lions,0.24279,0.68465,0.57442,72.757,110.08832,112.43817,0.37452,0.16298,0.13598,0.08076,0.0539
36046,104108,Prairie View,Panthers,0.26909,0.66157,0.48442,71.071,98.76549,107.4801,0.36865,0.15689,0.20058,0.12777,0.07585
38409,103927,Mississippi Val.,Delta Devils,0.23425,0.6319,0.42295,65.342,82.83979,123.71664,0.3074,0.21963,0.13275,0.09165,0.05386
38409,103300,Ark.-Pine Bluff,Golden Lions,0.26913,0.67237,0.54197,71.962,100.5017,116.63935,0.32046,0.17634,0.14768,0.09874,0.06304
38409,103615,Florida A&M,Rattlers,0.28599,0.68525,0.51715,67.839,106.27631,110.98385,0.35851,0.1758,0.13926,0.07685,0.08584
30629,103300,Ark.-Pine Bluff,Golden Lions,0.2491,0.64848,0.50141,67.955,97.15844,114.69897,0.34449,0.17181,0.1666,0.10484,0.06405
30629,104248,Southern U.,Jaguars,0.27679,0.69379,0.52465,70.474,101.61784,95.9648,0.34763,0.17828,0.23311,0.14835,0.07759
33533,103270,Alabama St.,Hornets,0.32358,0.66063,0.45242,66.963,94.18323,108.04922,0.3207,0.16613,0.15184,0.08692,0.09136
36046,103927,Mississippi Val.,Delta Devils,0.27877,0.64323,0.44209,64.837,85.18099,119.37231,0.33023,0.21153,0.14887,0.10174,0.06532
41097,103615,Florida A&M,Rattlers,0.30877,0.69399,0.52375,68.861,101.85198,107.87071,0.37392,0.18787,0.17057,0.11724,0.08129
27043,103742,Jackson St.,Tigers,0.33424,0.69885,0.41326,66.527,97.93375,102.50335,0.40518,0.18793,0.18731,0.08866,0.1007
30629,103270,Alabama St.,Hornets,0.29646,0.66757,0.49667,69.971,98.78333,106.64941,0.37798,0.18903,0.17079,0.10702,0.09569
33533,103300,Ark.-Pine Bluff,Golden Lions,0.2721,0.7251,0.56491,69.852,95.01299,99.0444,0.32775,0.18753,0.19945,0.11445,0.07919
27168,103269,Alabama A&M,Bulldogs,0.32333,0.68779,0.5273,66.316,94.05715,103.81371,0.37285,0.17929,0.15839,0.08775,0.07925
27249,104248,Southern U.,Jaguars,0.24427,0.6428,0.51897,64.895,92.28501,97.29462,0.37772,0.18839,0.1667,0.08992,0.08966
27168,104322,Texas Southern,Tigers,0.31429,0.66901,0.56314,63.992,108.09932,100.16178,0.31197,0.15472,0.14907,0.07897,0.10815
27249,103742,Jackson St.,Tigers,0.33673,0.6407,0.41748,62.245,88.5904,104.14599,0.33436,0.20347,0.18098,0.11371,0.09123
27043,103278,Alcorn,Braves,0.29292,0.66062,0.4127,62.936,99.73114,105.55926,0.42702,0.15308,0.16265,0.09265,0.09991
27043,103927,Mississippi Val.,Delta Devils,0.2992,0.68866,0.44183,72.715,98.5438,110.96384,0.36556,0.1728,0.17279,0.10522,0.04374
27249,104108,Prairie View,Panthers,0.34399,0.70619,0.45828,70.084,89.89151,93.68158,0.32726,0.18947,0.20182,0.11269,0.08766
30629,103658,Grambling,Tigers,0.27889,0.68814,0.46729,69.201,94.47158,102.64527,0.32953,0.17745,0.17081,0.09525,0.09075
38409,104108,Prairie View,Panthers,0.24759,0.61284,0.47561,70.152,101.83249,117.46819,0.3413,0.14953,0.17274,0.11514,0.08134
41097,103270,Alabama St.,Hornets,0.32706,0.69315,0.48649,70.328,104.02119,109.88654,0.35041,0.1565,0.16841,0.11615,0.10999
33533,103350,Bethune-Cookman,Wildcats,0.27625,0.66052,0.46891,68.064,99.3347,109.80784,0.31455,0.16299,0.16937,0.10571,0.07653
36046,103278,Alcorn,Braves,0.33582,0.69674,0.45355,66.534,107.60773,115.88885,0.37763,0.14633,0.15187,0.10255,0.05657
36046,103742,Jackson St.,Tigers,0.34866,0.68007,0.4806,68.45,103.6404,109.9616,0.34737,0.16182,0.16605,0.10868,0.09875
38409,103278,Alcorn,Braves,0.33541,0.67426,0.43634,64.78,99.99741,110.85729,0.30606,0.16734,0.15968,0.10174,0.08722
30629,104322,Texas Southern,Tigers,0.32985,0.72163,0.43088,68.441,100.46993,96.19461,0.33585,0.18366,0.1519,0.08099,0.13591
41097,103278,Alcorn,Braves,0.26947,0.64466,0.46597,67.987,98.02748,117.48646,0.31811,0.17389,0.15658,0.11245,0.09076
41097,103300,Ark.-Pine Bluff,Golden Lions,0.2927,0.67297,0.58129,70.678,108.87353,114.20269,0.3634,0.16355,0.14855,0.10108,0.07769
27043,104248,Southern U.,Jaguars,0.33246,0.70714,0.50911,66.942,105.51719,92.91812,0.39407,0.16583,0.16704,0.09304,0.13437
27168,103270,Alabama St.,Hornets,0.337,0.65374,0.50545,65.965,93.02542,104.87101,0.31927,0.1891,0.16907,0.09486,0.0867
27249,103278,Alcorn,Braves,0.28504,0.62592,0.41011,66.21,93.7584,102.42239,0.36491,0.19672,0.17907,0.09534,0.08347
33533,104248,Southern U.,Jaguars,0.25067,0.71863,0.56095,71.259,100.08252,99.21223,0.33494,0.17891,0.21112,0.1213,0.0736
33533,103927,Mississippi Val.,Delta Devils,0.28623,0.67586,0.46999,66.941,90.46505,110.8,0.38013,0.20886,0.1699,0.11205,0.06007
36046,104248,Southern U.,Jaguars,0.28756,0.70871,0.54523,68.933,102.335,98.87135,0.35703,0.17727,0.20786,0.13141,0.09813
38409,104248,Southern U.,Jaguars,0.35962,0.72804,0.48881,68.774,107.8462,98.46827,0.36993,0.15034,0.19479,0.13914,0.11793
38409,104322,Texas Southern,Tigers,0.30769,0.66747,0.51773,70.144,102.77858,101.98288,0.28065,0.16681,0.16695,0.12145,0.09604
41097,103350,Bethune-Cookman,Wildcats,0.30411,0.68293,0.51111,69.712,106.87087,109.08627,0.41112,0.16949,0.14115,0.09979,0.1136
27043,103270,Alabama St.,Hornets,0.34631,0.66063,0.52399,66.906,104.16421,102.32467,0.39535,0.15034,0.18598,0.09989,0.092
33533,103278,Alcorn,Braves,0.33714,0.68585,0.41415,66.007,100.92098,105.30277,0.35278,0.15769,0.18487,0.11934,0.07737
36046,103270,Alabama St.,Hornets,0.3245,0.71922,0.44689,68.187,99.04861,100.22185,0.28366,0.13329,0.18405,0.12568,0.12
38409,103269,Alabama A&M,Bulldogs,0.35059,0.6621,0.5434,71.555,100.49281,108.40496,0.37538,0.18297,0.19,0.11485,0.11481
33533,104108,Prairie View,Panthers,0.32253,0.7233,0.45537,67.795,98.01981,99.28575,0.32863,0.16662,0.19503,0.10932,0.0979
27168,104248,Southern U.,Jaguars,0.26422,0.70097,0.49409,64.149,105.01152,89.28105,0.39215,0.1484,0.17793,0.11489,0.10841
38409,103350,Bethune-Cookman,Wildcats,0.28843,0.69967,0.52875,68.218,100.61263,105.76542,0.35882,0.17143,0.14588,0.09794,0.09742
41097,103658,Grambling,Tigers,0.30804,0.68577,0.50834,68.279,103.00899,102.69832,0.41004,0.18359,0.1858,0.11787,0.07973
27249,103300,Ark.-Pine Bluff,Golden Lions,0.31515,0.64773,0.52057,65.414,92.90006,105.72977,0.42121,0.19528,0.18212,0.10522,0.11282
36046,104322,Texas Southern,Tigers,0.30215,0.69025,0.46772,67.879,103.00313,104.33737,0.30152,0.15615,0.15915,0.10188,0.10351
33533,103658,Grambling,Tigers,0.32763,0.68534,0.49938,66.599,103.16841,93.10541,0.41737,0.18355,0.18615,0.11022,0.12121
41097,103269,Alabama A&M,Bulldogs,0.27993,0.71241,0.49362,66.289,108.29589,108.979,0.44939,0.14864,0.1461,0.09007,0.07895
27249,104322,Texas Southern,Tigers,0.33544,0.65583,0.48392,65.353,93.00554,95.39856,0.44994,0.21993,0.20441,0.12757,0.12478
33533,103269,Alabama A&M,Bulldogs,0.29982,0.65122,0.50911,68.325,101.10924,103.00201,0.34743,0.18781,0.19038,0.11716,0.12014
41097,103927,Mississippi Val.,Delta Devils,0.26602,0.65005,0.53448,68.335,93.3045,120.54765,0.33733,0.19393,0.15158,0.10564,0.07951
41097,103742,Jackson St.,Tigers,0.29715,0.62773,0.45817,69.415,100.43145,119.75519,0.37397,0.16915,0.14023,0.09014,0.08072
33533,103742,Jackson St.,Tigers,0.33132,0.70771,0.5075,68.096,98.20862,106.87668,0.32967,0.19022,0.17169,0.10962,0.07193
27168,103278,Alcorn,Braves,0.29559,0.64503,0.42424,66.772,90.18696,98.65708,0.37341,0.18892,0.16499,0.09854,0.1026
27168,104108,Prairie View,Panthers,0.38799,0.67631,0.45012,68.111,93.87833,95.64232,0.32203,0.17756,0.18896,0.11228,0.09341
38409,103658,Grambling,Tigers,0.26714,0.703,0.48375,65.5,101.23069,102.56795,0.3328,0.16791,0.15944,0.10095,0.09828
30629,103278,Alcorn,Braves,0.32092,0.72144,0.43084,67.482,97.86826,104.57453,0.32426,0.1745,0.1703,0.10982,0.07597
27249,103927,Mississippi Val.,Delta Devils,0.33284,0.67726,0.55542,68.882,98.48791,99.03695,0.34963,0.17482,0.20448,0.12688,0.07016
36046,103350,Bethune-Cookman,Wildcats,0.29866,0.675,0.4814,70.039,102.96654,102.46811,0.37212,0.16873,0.19923,0.1453,0.0975
41097,104248,Southern U.,Jaguars,0.32048,0.69647,0.5396,70.839,111.16562,108.82486,0.39493,0.14206,0.17666,0.13009,0.10647
27043,104322,Texas Southern,Tigers,0.3383,0.69021,0.55543,67.034,111.73201,108.61873,0.49083,0.16763,0.1377,0.06698,0.08499
38409,103742,Jackson St.,Tigers,0.30073,0.70032,0.49701,68.688,102.45933,106.97462,0.37462,0.16973,0.15214,0.10289,0.09559
27043,104108,Prairie View,Panthers,0.31313,0.6347,0.44526,67.355,99.83711,110.86906,0.40585,0.17581,0.16782,0.1031,0.06804
36046,103269,Alabama A&M,Bulldogs,0.31851,0.67297,0.45782,70.147,97.97452,107.67456,0.47237,0.19607,0.16957,0.10604,0.10726
33533,104322,Texas Southern,Tigers,0.31011,0.72698,0.46085,69.448,97.55257,101.41923,0.33842,0.17512,0.16913,0.09497,0.08889
38409,103270,Alabama St.,Hornets,0.2866,0.69545,0.45092,68.157,106.81624,105.88211,0.29039,0.11239,0.16538,0.11589,0.08225
36046,103658,Grambling,Tigers,0.29802,0.67667,0.41163,65.281,102.5853,105.53315,0.38363,0.1715,0.16493,0.11222,0.08588
41097,104108,Prairie View,Panthers,0.27586,0.66188,0.43955,71.701,108.30571,106.35222,0.41989,0.14125,0.17758,0.11001,0.12212
