isOffense,competitionId,teamId,teamMarket,teamName,pfPct,freqChncTr,atr2FgPct,atr2FgaFreq,paint2FgPct,paint2FgaFreq,mid2FgPct,mid2FgaFreq,lane2FgaFreq,lane2FgPct,fga3Rate,fg3Pct
True,27693,104407,Virginia Tech,Hokies,0.2491,0.1157,0.6322,0.296,0.4388,0.1581,0.355,0.1363,0.454,0.5648,0.40968,0.35433
False,27693,104407,Virginia Tech,Hokies,0.2629,0.1323,0.5988,0.276,0.3945,0.1802,0.3797,0.1545,0.4562,0.5181,0.38926,0.33121
False,27693,104413,Wake Forest,Demon Deacons,0.2254,0.167,0.7067,0.2951,0.4198,0.1748,0.3,0.1649,0.4699,0.6,0.36521,0.37698
True,27693,104413,Wake Forest,Demon Deacons,0.2494,0.1097,0.5863,0.2512,0.3649,0.1817,0.3435,0.1072,0.4329,0.4934,0.4599,0.34698
False,27693,104405,Virginia,Cavaliers,0.2041,0.1104,0.6227,0.2466,0.3609,0.2284,0.3535,0.1498,0.475,0.4968,0.37519,0.33871
True,27693,104405,Virginia,Cavaliers,0.2154,0.0819,0.6768,0.2474,0.4366,0.1606,0.4658,0.1652,0.408,0.5823,0.42685,0.37456
False,27693,103966,NC State,Wolfpack,0.2548,0.152,0.6658,0.2749,0.4222,0.2226,0.3645,0.1512,0.4975,0.5568,0.35124,0.34205
True,27693,103966,NC State,Wolfpack,0.2376,0.1655,0.6939,0.3004,0.4314,0.2147,0.3304,0.1593,0.5151,0.5845,0.32561,0.35991
True,27693,104026,Notre Dame,Fighting Irish,0.194,0.1273,0.747,0.2218,0.4399,0.1968,0.3211,0.1474,0.4185,0.6026,0.43408,0.3676
False,27693,104026,Notre Dame,Fighting Irish,0.2289,0.1213,0.6332,0.2276,0.4116,0.2378,0.3938,0.1754,0.4655,0.52,0.35916,0.36622
False,27693,103616,Florida St.,Seminoles,0.2411,0.1491,0.5695,0.2505,0.3639,0.2157,0.3431,0.1392,0.4662,0.4744,0.39454,0.32526
True,27693,103616,Florida St.,Seminoles,0.2666,0.1927,0.6736,0.2977,0.4385,0.217,0.3467,0.1362,0.5147,0.5745,0.34908,0.37647
True,27693,103647,Georgia Tech,Yellow Jackets,0.2312,0.1676,0.6862,0.3159,0.4558,0.1943,0.356,0.1262,0.5102,0.5984,0.36352,0.34909
False,27693,103647,Georgia Tech,Yellow Jackets,0.2221,0.1473,0.6332,0.3148,0.3938,0.178,0.3919,0.1526,0.4928,0.5467,0.35464,0.36628
False,27693,103899,Miami (FL),Hurricanes,0.2316,0.1529,0.6164,0.2882,0.417,0.1609,0.3463,0.1435,0.4491,0.545,0.40745,0.37805
True,27693,103899,Miami (FL),Hurricanes,0.1836,0.1365,0.6476,0.3091,0.3636,0.2021,0.339,0.1549,0.5112,0.5353,0.33399,0.2947
True,27693,104303,Syracuse,Orange,0.2148,0.1833,0.7,0.2259,0.3764,0.2164,0.3977,0.154,0.4423,0.5417,0.40369,0.34904
False,27693,104303,Syracuse,Orange,0.23,0.159,0.6637,0.2604,0.3205,0.181,0.3333,0.1166,0.4414,0.523,0.442,0.31759
True,38409,104405,Virginia,Cavaliers,0.253,0.0802,0.6335,0.2669,0.3741,0.1679,0.3921,0.1371,0.4348,0.5333,0.42814,0.37518
False,38409,104405,Virginia,Cavaliers,0.2271,0.1164,0.6307,0.3158,0.4303,0.1946,0.2655,0.1022,0.5104,0.5543,0.38741,0.34128
False,38409,103966,NC State,Wolfpack,0.2456,0.1461,0.6389,0.2922,0.4365,0.2603,0.3445,0.1212,0.5525,0.5435,0.32638,0.34281
True,38409,103966,NC State,Wolfpack,0.257,0.1516,0.6343,0.2236,0.4263,0.2492,0.3658,0.1657,0.4727,0.5247,0.36151,0.32154
True,33533,104405,Virginia,Cavaliers,0.2322,0.104,0.6273,0.336,0.3948,0.132,0.3516,0.1756,0.468,0.5617,0.35637,0.34976
False,33533,104405,Virginia,Cavaliers,0.2642,0.1103,0.5867,0.2621,0.3905,0.1835,0.3434,0.1543,0.4455,0.5059,0.40012,0.34061
True,27693,103996,North Carolina,Tar Heels,0.238,0.2033,0.6343,0.3445,0.3333,0.1922,0.365,0.1846,0.5367,0.5265,0.27875,0.31827
False,27693,103996,North Carolina,Tar Heels,0.2576,0.1468,0.6045,0.2843,0.3642,0.1932,0.3402,0.139,0.4775,0.5072,0.38351,0.35038
True,41097,104026,Notre Dame,Fighting Irish,0.2691,0.1147,0.6646,0.2752,0.4012,0.1857,0.3155,0.1039,0.4608,0.5585,0.43524,0.35632
False,41097,104026,Notre Dame,Fighting Irish,0.272,0.156,0.6732,0.2555,0.3896,0.1725,0.4343,0.098,0.428,0.5589,0.47395,0.33215
True,33533,104026,Notre Dame,Fighting Irish,0.2208,0.0953,0.6403,0.2415,0.4527,0.1907,0.3452,0.1377,0.4322,0.5575,0.43005,0.35832
False,33533,104026,Notre Dame,Fighting Irish,0.2242,0.1302,0.6893,0.2766,0.4179,0.2095,0.3697,0.1525,0.486,0.5724,0.36144,0.34324
True,36046,104405,Virginia,Cavaliers,0.2225,0.0901,0.6011,0.2856,0.385,0.1982,0.3343,0.1902,0.4838,0.5126,0.32591,0.35772
False,36046,104405,Virginia,Cavaliers,0.2148,0.1144,0.5996,0.2781,0.3862,0.185,0.3294,0.1413,0.4632,0.5144,0.39557,0.30532
True,30629,104405,Virginia,Cavaliers,0.2321,0.0847,0.6081,0.3126,0.4067,0.1797,0.4274,0.2082,0.4923,0.5346,0.29945,0.32294
False,30629,104405,Virginia,Cavaliers,0.2412,0.115,0.6169,0.3203,0.3518,0.1667,0.311,0.1379,0.487,0.5262,0.37514,0.33575
True,38409,103899,Miami (FL),Hurricanes,0.2151,0.1616,0.67,0.2704,0.4787,0.1774,0.4337,0.1671,0.4478,0.5942,0.38507,0.3132
False,38409,103899,Miami (FL),Hurricanes,0.2151,0.1349,0.686,0.3105,0.4532,0.1863,0.3717,0.104,0.4967,0.5987,0.39924,0.397
False,38409,104407,Virginia Tech,Hokies,0.2286,0.1375,0.6415,0.3203,0.4403,0.161,0.4205,0.1071,0.4813,0.5742,0.41154,0.32577
True,38409,104407,Virginia Tech,Hokies,0.2601,0.098,0.656,0.2812,0.388,0.1783,0.3388,0.1361,0.4595,0.552,0.40439,0.35049
True,30629,103616,Florida St.,Seminoles,0.2407,0.1687,0.6652,0.2416,0.4579,0.2383,0.2857,0.1786,0.4799,0.5622,0.34148,0.33068
False,30629,103616,Florida St.,Seminoles,0.2355,0.1503,0.6407,0.247,0.4297,0.2171,0.325,0.1131,0.4641,0.542,0.42284,0.36898
True,38409,104413,Wake Forest,Demon Deacons,0.2486,0.1335,0.6473,0.2896,0.4497,0.2233,0.4083,0.1347,0.5129,0.5613,0.35241,0.28503
False,38409,104413,Wake Forest,Demon Deacons,0.2722,0.156,0.605,0.2621,0.3533,0.1635,0.385,0.1161,0.4256,0.5083,0.45831,0.30678
True,36046,104026,Notre Dame,Fighting Irish,0.2343,0.1008,0.5658,0.2664,0.4073,0.1804,0.3744,0.1201,0.4468,0.5018,0.43311,0.31772
False,36046,104026,Notre Dame,Fighting Irish,0.2281,0.1414,0.603,0.277,0.4073,0.1864,0.3529,0.1691,0.4634,0.5243,0.36754,0.32479
True,33533,103616,Florida St.,Seminoles,0.2409,0.1792,0.6901,0.2245,0.4501,0.2342,0.3149,0.1967,0.4587,0.5675,0.34457,0.32965
False,33533,103616,Florida St.,Seminoles,0.24,0.1223,0.6687,0.2566,0.4339,0.2131,0.2946,0.119,0.4697,0.5622,0.41126,0.37597
True,33533,104303,Syracuse,Orange,0.1976,0.1641,0.644,0.3117,0.4125,0.2124,0.3725,0.1853,0.5242,0.5502,0.29049,0.36197
False,33533,104303,Syracuse,Orange,0.2425,0.1534,0.6351,0.25,0.4261,0.1739,0.3243,0.0932,0.4239,0.5493,0.48286,0.34342
True,36046,103647,Georgia Tech,Yellow Jackets,0.2433,0.1497,0.6165,0.2588,0.3952,0.1933,0.3723,0.1424,0.4522,0.5218,0.40541,0.32564
False,36046,103647,Georgia Tech,Yellow Jackets,0.2401,0.1398,0.6225,0.2788,0.4121,0.1756,0.3545,0.1513,0.4545,0.5412,0.39423,0.32606
True,38409,104026,Notre Dame,Fighting Irish,0.2387,0.106,0.6429,0.2742,0.41,0.2234,0.39,0.1276,0.4976,0.5383,0.3748,0.35452
False,38409,104026,Notre Dame,Fighting Irish,0.2544,0.134,0.707,0.2559,0.4431,0.1799,0.3651,0.1594,0.4358,0.5981,0.40482,0.32124
False,41097,104303,Syracuse,Orange,0.2666,0.1543,0.671,0.2792,0.3935,0.2719,0.2775,0.0903,0.5511,0.5341,0.35856,0.34061
True,41097,104303,Syracuse,Orange,0.2422,0.1782,0.7092,0.2676,0.4447,0.2601,0.3704,0.1007,0.5277,0.5788,0.37154,0.32855
True,30629,103966,NC State,Wolfpack,0.2425,0.1696,0.622,0.2729,0.3562,0.1968,0.2826,0.1382,0.4697,0.5107,0.39209,0.341
False,30629,103966,NC State,Wolfpack,0.2471,0.1522,0.6718,0.3113,0.4447,0.231,0.3237,0.1102,0.5423,0.5751,0.34753,0.35835
True,41097,103647,Georgia Tech,Yellow Jackets,0.2561,0.1545,0.6058,0.3526,0.4082,0.1709,0.291,0.1449,0.5235,0.5413,0.33153,0.35073
False,41097,103647,Georgia Tech,Yellow Jackets,0.2423,0.1627,0.6146,0.2916,0.4,0.1502,0.3439,0.1144,0.4417,0.5416,0.44381,0.33139
False,41097,104407,Virginia Tech,Hokies,0.2642,0.1179,0.6136,0.3482,0.4542,0.1572,0.4219,0.0986,0.5054,0.564,0.39599,0.3061
True,41097,104407,Virginia Tech,Hokies,0.2514,0.1406,0.638,0.3227,0.4169,0.158,0.3193,0.1225,0.4807,0.5653,0.39681,0.35538
True,30629,103647,Georgia Tech,Yellow Jackets,0.2632,0.1884,0.6147,0.2921,0.4282,0.209,0.3275,0.1522,0.5011,0.5369,0.34673,0.3524
False,30629,103647,Georgia Tech,Yellow Jackets,0.2134,0.1656,0.6248,0.3227,0.4309,0.1643,0.3333,0.1249,0.487,0.5594,0.38811,0.31476
False,41097,104290,Stanford,Cardinal,0.2736,0.1393,0.6221,0.3089,0.441,0.2472,0.397,0.1096,0.5562,0.5416,0.33425,0.32949
True,41097,104290,Stanford,Cardinal,0.2654,0.1478,0.567,0.2991,0.449,0.2014,0.3793,0.0596,0.5005,0.5195,0.43988,0.35164
False,33533,103647,Georgia Tech,Yellow Jackets,0.2279,0.1422,0.6486,0.3222,0.4456,0.1987,0.2915,0.1271,0.5208,0.5711,0.35203,0.30117
True,33533,103647,Georgia Tech,Yellow Jackets,0.2389,0.1663,0.6332,0.2566,0.3904,0.2169,0.3345,0.1436,0.4735,0.522,0.38286,0.33506
True,38409,103616,Florida St.,Seminoles,0.2773,0.1919,0.6456,0.3101,0.4541,0.2073,0.3619,0.1458,0.5174,0.5689,0.33678,0.31664
False,38409,103616,Florida St.,Seminoles,0.2759,0.1477,0.604,0.294,0.4029,0.1824,0.3141,0.1025,0.4764,0.527,0.42114,0.31975
False,36046,103899,Miami (FL),Hurricanes,0.2171,0.1294,0.6627,0.2523,0.4173,0.1847,0.3495,0.1031,0.4369,0.559,0.45996,0.33297
True,36046,103899,Miami (FL),Hurricanes,0.1899,0.1773,0.6759,0.2582,0.4305,0.1872,0.3492,0.1505,0.4454,0.5727,0.40408,0.36111
False,41097,103996,North Carolina,Tar Heels,0.2694,0.1246,0.6011,0.2609,0.397,0.2211,0.3117,0.1477,0.482,0.5075,0.37026,0.34715
True,41097,103996,North Carolina,Tar Heels,0.2174,0.1781,0.7009,0.2977,0.4167,0.1832,0.4263,0.0967,0.4809,0.5926,0.42239,0.34217
False,33533,104407,Virginia Tech,Hokies,0.2368,0.1202,0.6339,0.28,0.3986,0.212,0.4158,0.1515,0.492,0.5325,0.3565,0.33941
True,33533,104407,Virginia Tech,Hokies,0.235,0.1077,0.6378,0.3147,0.4652,0.1886,0.392,0.1004,0.5033,0.5731,0.39637,0.35751
True,30629,104407,Virginia Tech,Hokies,0.2376,0.0859,0.6359,0.2953,0.4323,0.1752,0.3915,0.1186,0.4705,0.5601,0.4109,0.39189
False,30629,104407,Virginia Tech,Hokies,0.2376,0.1342,0.6232,0.2897,0.3951,0.1899,0.3652,0.1516,0.4796,0.5329,0.36886,0.32258
True,30629,104303,Syracuse,Orange,0.2081,0.1477,0.6452,0.2597,0.3671,0.204,0.4198,0.1444,0.4638,0.5228,0.39182,0.37736
False,30629,104303,Syracuse,Orange,0.2139,0.1562,0.6715,0.2631,0.3619,0.1512,0.3398,0.0989,0.4143,0.5585,0.4868,0.33037
False,38409,103405,California,Golden Bears,0.2811,0.1417,0.6084,0.3296,0.4344,0.1763,0.4074,0.1666,0.5059,0.5478,0.32751,0.37677
True,38409,103405,California,Golden Bears,0.2408,0.1386,0.5913,0.3312,0.4086,0.1748,0.279,0.1164,0.506,0.5281,0.37762,0.31481
True,36046,104407,Virginia Tech,Hokies,0.2384,0.1259,0.6796,0.2982,0.4505,0.1748,0.3491,0.1113,0.473,0.5949,0.41575,0.34848
False,36046,104407,Virginia Tech,Hokies,0.253,0.1311,0.6342,0.3222,0.4557,0.2033,0.2992,0.1359,0.5255,0.5651,0.33865,0.33891
False,36046,104303,Syracuse,Orange,0.226,0.1872,0.6837,0.2994,0.4343,0.2286,0.2667,0.0993,0.528,0.5757,0.37271,0.34153
True,36046,104303,Syracuse,Orange,0.2176,0.1689,0.6847,0.3097,0.4046,0.2026,0.3569,0.1478,0.5123,0.5739,0.33995,0.33641
False,38409,104303,Syracuse,Orange,0.2505,0.1757,0.6647,0.2603,0.4519,0.2412,0.4206,0.1176,0.5015,0.5624,0.38093,0.3457
True,38409,104303,Syracuse,Orange,0.2382,0.141,0.6512,0.2862,0.4523,0.2454,0.3682,0.141,0.5316,0.5594,0.32739,0.32815
True,33533,103996,North Carolina,Tar Heels,0.243,0.1622,0.649,0.2839,0.3867,0.1813,0.3912,0.1587,0.4652,0.5468,0.37606,0.31158
False,33533,103996,North Carolina,Tar Heels,0.2701,0.1447,0.6201,0.291,0.3803,0.2216,0.3828,0.1671,0.5126,0.5164,0.32028,0.32972
False,33533,104413,Wake Forest,Demon Deacons,0.2585,0.1485,0.6706,0.2548,0.4218,0.1894,0.368,0.1693,0.4442,0.5645,0.38643,0.3498
True,33533,104413,Wake Forest,Demon Deacons,0.2309,0.148,0.7168,0.2682,0.3789,0.1991,0.3467,0.0786,0.4673,0.5729,0.45416,0.36332
False,38409,104290,Stanford,Cardinal,0.2457,0.135,0.6206,0.2751,0.4568,0.2262,0.3822,0.1614,0.5013,0.5467,0.33728,0.33384
True,38409,104290,Stanford,Cardinal,0.2614,0.109,0.6248,0.2433,0.4619,0.185,0.3553,0.1544,0.4284,0.5544,0.41719,0.34226
True,30629,104026,Notre Dame,Fighting Irish,0.1942,0.1107,0.6547,0.2833,0.4034,0.1809,0.3812,0.113,0.4643,0.5568,0.42271,0.38129
False,30629,104026,Notre Dame,Fighting Irish,0.229,0.1361,0.6498,0.2372,0.4143,0.2213,0.3807,0.1892,0.4585,0.5361,0.35238,0.32153
False,41097,103616,Florida St.,Seminoles,0.2544,0.1537,0.641,0.2834,0.4138,0.1583,0.3846,0.1097,0.4417,0.5596,0.44864,0.34624
True,41097,103616,Florida St.,Seminoles,0.26,0.1973,0.6631,0.2766,0.4131,0.1712,0.3895,0.0463,0.4478,0.5675,0.50585,0.33076
True,41097,103405,California,Golden Bears,0.2709,0.1425,0.5946,0.3128,0.3953,0.1268,0.3969,0.1313,0.4396,0.5371,0.42907,0.36682
False,41097,103405,California,Golden Bears,0.2644,0.1381,0.6022,0.3692,0.4201,0.1335,0.3333,0.0878,0.5027,0.5538,0.40943,0.31273
False,38409,103647,Georgia Tech,Yellow Jackets,0.2385,0.1574,0.5852,0.305,0.3594,0.1659,0.3254,0.1212,0.4709,0.5056,0.40789,0.35142
True,38409,103647,Georgia Tech,Yellow Jackets,0.2307,0.144,0.6216,0.3218,0.3955,0.1756,0.3236,0.1345,0.4973,0.5418,0.36822,0.34263
False,33533,103966,NC State,Wolfpack,0.2284,0.1536,0.6393,0.3086,0.4322,0.2253,0.3373,0.1305,0.5339,0.5519,0.33558,0.31636
True,33533,103966,NC State,Wolfpack,0.2532,0.1842,0.6204,0.2476,0.4667,0.227,0.4018,0.1541,0.4746,0.5469,0.37139,0.34691
False,36046,103616,Florida St.,Seminoles,0.2633,0.1847,0.6349,0.2881,0.4351,0.2199,0.3654,0.1099,0.5079,0.5484,0.38214,0.35408
True,36046,103616,Florida St.,Seminoles,0.2783,0.1928,0.6515,0.2747,0.4609,0.2371,0.3721,0.1724,0.5118,0.5632,0.31579,0.31746
True,41097,103966,NC State,Wolfpack,0.2654,0.1503,0.6989,0.2605,0.3945,0.2295,0.3269,0.0755,0.4901,0.5563,0.43438,0.38796
False,41097,103966,NC State,Wolfpack,0.2462,0.1635,0.6642,0.2728,0.3893,0.1989,0.3694,0.0795,0.4717,0.5483,0.44889,0.35513
True,36046,104413,Wake Forest,Demon Deacons,0.2285,0.15,0.6923,0.2419,0.4729,0.262,0.3815,0.1219,0.5039,0.5782,0.37414,0.36387
False,36046,104413,Wake Forest,Demon Deacons,0.2592,0.1246,0.6568,0.2152,0.4319,0.2333,0.3722,0.1971,0.4484,0.5398,0.35452,0.33103
True,41097,103899,Miami (FL),Hurricanes,0.2282,0.1781,0.6841,0.3653,0.4483,0.2308,0.3855,0.0854,0.5961,0.5928,0.31855,0.3488
False,41097,103899,Miami (FL),Hurricanes,0.2632,0.1394,0.6395,0.2634,0.4181,0.1984,0.3591,0.1294,0.4618,0.5444,0.4088,0.35819
True,41097,104405,Virginia,Cavaliers,0.263,0.1638,0.6261,0.3274,0.4343,0.1499,0.4016,0.0559,0.4773,0.5658,0.46676,0.36248
False,41097,104405,Virginia,Cavaliers,0.2634,0.1348,0.5533,0.2779,0.3624,0.2102,0.3627,0.1335,0.488,0.4711,0.37847,0.31553
True,41097,104413,Wake Forest,Demon Deacons,0.2717,0.1613,0.666,0.2593,0.4591,0.2001,0.3761,0.1049,0.4594,0.5759,0.43579,0.34106
False,41097,104413,Wake Forest,Demon Deacons,0.265,0.1411,0.6672,0.2772,0.4197,0.1714,0.3636,0.085,0.4486,0.5727,0.46644,0.32919
False,30629,103899,Miami (FL),Hurricanes,0.2302,0.1365,0.6366,0.3326,0.4537,0.1569,0.3396,0.1241,0.4895,0.578,0.38642,0.34545
True,30629,103899,Miami (FL),Hurricanes,0.2222,0.1561,0.6727,0.3104,0.4758,0.1742,0.3819,0.1606,0.4846,0.6019,0.35487,0.33905
False,30629,104413,Wake Forest,Demon Deacons,0.2544,0.1478,0.6081,0.267,0.3625,0.2201,0.3613,0.1455,0.4871,0.4971,0.36743,0.32184
True,30629,104413,Wake Forest,Demon Deacons,0.2254,0.162,0.7164,0.2942,0.4604,0.193,0.419,0.0884,0.4872,0.615,0.42448,0.34419
False,33533,103899,Miami (FL),Hurricanes,0.2255,0.1267,0.6284,0.3184,0.4304,0.1752,0.3582,0.121,0.4937,0.5581,0.38528,0.33411
True,33533,103899,Miami (FL),Hurricanes,0.2103,0.1748,0.6635,0.3302,0.4476,0.1601,0.3767,0.1673,0.4902,0.593,0.3424,0.36821
True,38409,103996,North Carolina,Tar Heels,0.2427,0.1958,0.6658,0.3422,0.4036,0.2,0.3958,0.0861,0.5422,0.5691,0.37175,0.35585
False,38409,103996,North Carolina,Tar Heels,0.2477,0.1349,0.6303,0.2585,0.4026,0.2056,0.3761,0.1546,0.4641,0.5294,0.38133,0.33487
False,36046,103996,North Carolina,Tar Heels,0.2669,0.131,0.5599,0.267,0.3912,0.1894,0.3853,0.1854,0.4564,0.4899,0.35818,0.32069
True,36046,103996,North Carolina,Tar Heels,0.2363,0.1836,0.6005,0.3319,0.4092,0.1778,0.3754,0.1296,0.5097,0.5338,0.36074,0.35919
True,30629,103996,North Carolina,Tar Heels,0.2079,0.1468,0.6035,0.3088,0.4115,0.1735,0.3848,0.137,0.4824,0.5344,0.38066,0.35769
False,30629,103996,North Carolina,Tar Heels,0.2377,0.1551,0.6142,0.263,0.3848,0.2289,0.3677,0.1457,0.4919,0.5074,0.36242,0.33707
True,36046,103966,NC State,Wolfpack,0.2386,0.158,0.6667,0.2259,0.4416,0.2654,0.383,0.1756,0.4913,0.5451,0.33306,0.34462
False,36046,103966,NC State,Wolfpack,0.2379,0.1446,0.6245,0.2301,0.4384,0.2662,0.365,0.1354,0.4963,0.5247,0.36836,0.33484
True,27693,104078,Penn St.,Nittany Lions,0.2594,0.1813,0.5831,0.2734,0.3478,0.1325,0.348,0.1748,0.4059,0.5063,0.41933,0.3374
False,27693,104078,Penn St.,Nittany Lions,0.2513,0.134,0.6588,0.3648,0.427,0.1323,0.2952,0.1187,0.4971,0.5971,0.38412,0.34451
False,27693,103730,Indiana,Hoosiers,0.2915,0.1461,0.6494,0.2632,0.3711,0.2294,0.3366,0.1313,0.4925,0.5198,0.37622,0.33333
True,27693,103730,Indiana,Hoosiers,0.2615,0.1542,0.6561,0.2927,0.3805,0.2576,0.3037,0.1265,0.5503,0.5271,0.32318,0.32377
False,27693,103257,Purdue,Boilermakers,0.2798,0.1529,0.626,0.2388,0.405,0.1533,0.3893,0.1545,0.392,0.5396,0.45345,0.31844
True,27693,103257,Purdue,Boilermakers,0.2668,0.1136,0.6024,0.3152,0.4482,0.2055,0.3889,0.1015,0.5207,0.5415,0.37782,0.33333
True,27693,104155,Rutgers,Scarlet Knights,0.2602,0.1884,0.6667,0.3396,0.3531,0.1731,0.3701,0.1538,0.5127,0.5608,0.33354,0.31216
False,27693,104155,Rutgers,Scarlet Knights,0.2389,0.1571,0.6221,0.2971,0.3574,0.1892,0.3059,0.1582,0.4864,0.5191,0.35546,0.32286
True,27693,103977,Nebraska,Huskers,0.2433,0.1664,0.592,0.3286,0.3502,0.1602,0.306,0.0835,0.4888,0.5128,0.42768,0.33236
False,27693,103977,Nebraska,Huskers,0.2397,0.147,0.6406,0.2424,0.4436,0.1577,0.3776,0.1429,0.4001,0.563,0.45702,0.31128
False,27693,103871,Maryland,Terrapins,0.2599,0.122,0.5939,0.2757,0.3924,0.1621,0.2685,0.1446,0.4378,0.5193,0.41756,0.34501
True,27693,103871,Maryland,Terrapins,0.2269,0.1262,0.6965,0.28,0.4031,0.1577,0.3632,0.1296,0.4377,0.5908,0.43276,0.35734
False,27693,104500,Wisconsin,Badgers,0.2491,0.1389,0.6441,0.2652,0.3927,0.2212,0.2922,0.1783,0.4864,0.5298,0.33526,0.33506
True,27693,104500,Wisconsin,Badgers,0.2486,0.0966,0.6529,0.2281,0.3528,0.1899,0.345,0.1733,0.4181,0.5166,0.40864,0.3645
False,27693,103921,Minnesota,Golden Gophers,0.2801,0.1462,0.6037,0.3722,0.2952,0.1574,0.3826,0.1533,0.5296,0.5121,0.31707,0.35165
True,27693,103921,Minnesota,Golden Gophers,0.2644,0.1586,0.5932,0.2781,0.3447,0.1472,0.3654,0.1678,0.4253,0.5072,0.40691,0.28356
False,27693,104041,Ohio St.,Buckeyes,0.2835,0.1429,0.634,0.2971,0.3142,0.1625,0.331,0.1543,0.4596,0.5209,0.38605,0.33855
True,27693,104041,Ohio St.,Buckeyes,0.2753,0.129,0.6444,0.2928,0.4116,0.1646,0.4052,0.1506,0.4574,0.5606,0.39194,0.36
True,27693,103734,Iowa,Hawkeyes,0.2126,0.173,0.6474,0.3269,0.3951,0.1458,0.3775,0.127,0.4727,0.5696,0.40031,0.38344
False,27693,103734,Iowa,Hawkeyes,0.2647,0.1408,0.5878,0.3042,0.3257,0.1533,0.3615,0.1479,0.4575,0.5,0.39461,0.3481
False,27693,103720,Illinois,Fighting Illini,0.2777,0.1436,0.5839,0.2451,0.4048,0.2216,0.3419,0.2077,0.4666,0.4989,0.32568,0.32951
True,27693,103720,Illinois,Fighting Illini,0.2508,0.173,0.6948,0.3711,0.4076,0.1875,0.3784,0.1424,0.5585,0.5984,0.29907,0.37316
False,30629,104078,Penn St.,Nittany Lions,0.2283,0.1313,0.6102,0.2476,0.3621,0.1666,0.3472,0.2068,0.4141,0.5104,0.37909,0.35152
True,30629,104078,Penn St.,Nittany Lions,0.2475,0.0891,0.6304,0.2956,0.3574,0.1536,0.3645,0.125,0.4492,0.5371,0.42582,0.34156
False,30629,103921,Minnesota,Golden Gophers,0.2281,0.1208,0.6279,0.34,0.4211,0.174,0.3607,0.1397,0.514,0.5579,0.34631,0.33719
True,30629,103921,Minnesota,Golden Gophers,0.2168,0.1121,0.5711,0.2772,0.3864,0.1295,0.4194,0.219,0.4067,0.5123,0.37434,0.36792
True,30629,104041,Ohio St.,Buckeyes,0.2555,0.1076,0.6947,0.2391,0.4799,0.2,0.3902,0.1649,0.4391,0.5969,0.39598,0.3643
False,30629,104041,Ohio St.,Buckeyes,0.2681,0.1263,0.5721,0.3204,0.3502,0.1704,0.3381,0.1495,0.4909,0.4951,0.35968,0.33782
True,30629,104155,Rutgers,Scarlet Knights,0.2411,0.1488,0.6673,0.2899,0.4106,0.1929,0.3244,0.201,0.4828,0.5647,0.31627,0.33901
False,30629,104155,Rutgers,Scarlet Knights,0.2325,0.1291,0.6619,0.2701,0.3601,0.1859,0.2594,0.1472,0.456,0.5388,0.39679,0.33891
True,30629,103871,Maryland,Terrapins,0.2276,0.1503,0.6287,0.2982,0.3906,0.1979,0.3554,0.1327,0.4962,0.5337,0.37116,0.32644
False,30629,103871,Maryland,Terrapins,0.2712,0.1359,0.6289,0.2682,0.3732,0.1839,0.3586,0.1592,0.4521,0.5249,0.38869,0.3558
False,30629,104500,Wisconsin,Badgers,0.2882,0.1274,0.6307,0.2578,0.42,0.2241,0.3783,0.1824,0.4818,0.5327,0.33583,0.32484
True,30629,104500,Wisconsin,Badgers,0.2558,0.1014,0.6528,0.2491,0.4176,0.2232,0.3344,0.1673,0.4723,0.5417,0.36044,0.30603
True,30629,103720,Illinois,Fighting Illini,0.2432,0.1211,0.6388,0.3049,0.3851,0.1538,0.3575,0.1148,0.4587,0.5538,0.42649,0.35932
False,30629,103720,Illinois,Fighting Illini,0.2694,0.1525,0.626,0.257,0.3498,0.2256,0.3539,0.2215,0.4825,0.4969,0.2959,0.31966
False,30629,103977,Nebraska,Huskers,0.2521,0.1378,0.6673,0.2676,0.443,0.1864,0.309,0.1424,0.454,0.5752,0.40356,0.34681
True,30629,103977,Nebraska,Huskers,0.2412,0.1565,0.629,0.3536,0.3986,0.1579,0.3411,0.1141,0.5115,0.5579,0.3744,0.31909
True,30629,103730,Indiana,Hoosiers,0.2591,0.1433,0.6874,0.3234,0.3675,0.2012,0.3313,0.164,0.5246,0.5647,0.31137,0.33279
False,30629,103730,Indiana,Hoosiers,0.2565,0.1337,0.588,0.258,0.3351,0.1936,0.3176,0.1477,0.4516,0.4796,0.4007,0.33001
False,30629,103257,Purdue,Boilermakers,0.293,0.115,0.607,0.2562,0.41,0.1524,0.3826,0.1856,0.4085,0.5336,0.40584,0.33223
True,30629,103257,Purdue,Boilermakers,0.2189,0.1345,0.6832,0.3467,0.4282,0.1862,0.3038,0.0755,0.533,0.5941,0.3916,0.38415
False,30629,103734,Iowa,Hawkeyes,0.2567,0.1203,0.5948,0.3742,0.3661,0.1359,0.36,0.1267,0.5101,0.5339,0.36313,0.32868
True,30629,103734,Iowa,Hawkeyes,0.2334,0.2013,0.651,0.3307,0.4249,0.152,0.3125,0.124,0.4828,0.5798,0.3932,0.36254
True,33533,103921,Minnesota,Golden Gophers,0.2396,0.0895,0.6629,0.3209,0.4,0.1292,0.2716,0.1947,0.4501,0.5874,0.35517,0.32487
False,33533,103921,Minnesota,Golden Gophers,0.2604,0.1322,0.5929,0.3772,0.3977,0.1843,0.3205,0.1261,0.5614,0.5288,0.3125,0.35862
True,33533,103977,Nebraska,Huskers,0.2102,0.1237,0.6616,0.3335,0.3974,0.2123,0.3782,0.0872,0.5458,0.5589,0.36704,0.32572
False,33533,103977,Nebraska,Huskers,0.2502,0.123,0.6422,0.2316,0.4161,0.1657,0.3529,0.1662,0.3973,0.5479,0.43644,0.3408
True,33533,103257,Purdue,Boilermakers,0.2172,0.099,0.661,0.3048,0.4397,0.2185,0.3833,0.093,0.5232,0.5686,0.38378,0.32167
False,33533,103257,Purdue,Boilermakers,0.2993,0.1147,0.6121,0.2446,0.399,0.1981,0.3756,0.2026,0.4427,0.5167,0.35474,0.31337
False,33533,104500,Wisconsin,Badgers,0.2567,0.122,0.651,0.2726,0.4521,0.1951,0.375,0.1668,0.4677,0.568,0.36558,0.31725
True,33533,104500,Wisconsin,Badgers,0.2499,0.0856,0.6203,0.2758,0.381,0.2095,0.2311,0.1122,0.4853,0.517,0.40249,0.34201
False,33533,103871,Maryland,Terrapins,0.2894,0.1241,0.5758,0.3243,0.4103,0.1836,0.3505,0.1731,0.5078,0.516,0.31904,0.32295
True,33533,103871,Maryland,Terrapins,0.2524,0.1378,0.6135,0.3226,0.4623,0.2068,0.3265,0.1018,0.5294,0.5545,0.36883,0.32817
False,33533,104155,Rutgers,Scarlet Knights,0.244,0.1291,0.6236,0.2464,0.3687,0.1827,0.3321,0.1412,0.4291,0.5151,0.42965,0.3074
True,33533,104155,Rutgers,Scarlet Knights,0.244,0.1546,0.6271,0.3226,0.3645,0.2018,0.3352,0.1735,0.5244,0.5261,0.30219,0.32072
True,33533,103720,Illinois,Fighting Illini,0.2458,0.1842,0.6948,0.3232,0.4018,0.1675,0.3161,0.0894,0.4908,0.5948,0.41984,0.30722
False,33533,103720,Illinois,Fighting Illini,0.2656,0.1525,0.5907,0.2906,0.3643,0.2285,0.3343,0.1763,0.5191,0.491,0.30455,0.33447
True,33533,104041,Ohio St.,Buckeyes,0.2513,0.1293,0.6588,0.2671,0.4212,0.2071,0.3939,0.2091,0.4742,0.555,0.31676,0.36769
False,33533,104041,Ohio St.,Buckeyes,0.239,0.1254,0.6132,0.3045,0.3787,0.1794,0.3836,0.1491,0.4839,0.5263,0.36706,0.32091
True,33533,103734,Iowa,Hawkeyes,0.2137,0.2003,0.643,0.3452,0.3902,0.1666,0.339,0.1136,0.5118,0.5607,0.37458,0.34062
False,33533,103734,Iowa,Hawkeyes,0.2618,0.1158,0.6532,0.3491,0.3944,0.1791,0.3831,0.1488,0.5283,0.5654,0.32291,0.36562
False,33533,103730,Indiana,Hoosiers,0.238,0.1311,0.5881,0.2668,0.3867,0.2159,0.3024,0.1396,0.4827,0.498,0.37764,0.33418
True,33533,103730,Indiana,Hoosiers,0.2541,0.1695,0.6831,0.3366,0.4396,0.2148,0.3512,0.1825,0.5514,0.5883,0.26614,0.36765
False,33533,104078,Penn St.,Nittany Lions,0.2101,0.1137,0.6388,0.2754,0.3842,0.169,0.3667,0.1796,0.4445,0.542,0.37586,0.32721
True,33533,104078,Penn St.,Nittany Lions,0.2404,0.1003,0.636,0.2525,0.4333,0.1563,0.4422,0.1189,0.4088,0.5585,0.47229,0.38616
False,36046,103871,Maryland,Terrapins,0.2892,0.1483,0.5956,0.3211,0.3333,0.2038,0.3459,0.1742,0.5249,0.4937,0.30082,0.32787
True,36046,103871,Maryland,Terrapins,0.2661,0.1383,0.6151,0.3139,0.4094,0.2055,0.2615,0.1052,0.5194,0.5337,0.3754,0.28879
False,36046,104155,Rutgers,Scarlet Knights,0.2517,0.1334,0.609,0.2731,0.3428,0.2158,0.3286,0.1168,0.4889,0.4915,0.39433,0.32722
True,36046,104155,Rutgers,Scarlet Knights,0.2498,0.1737,0.5814,0.2901,0.3461,0.2174,0.3097,0.1759,0.5075,0.4806,0.31655,0.28689
True,36046,103730,Indiana,Hoosiers,0.2494,0.1488,0.6976,0.3382,0.4212,0.2403,0.3383,0.1439,0.5785,0.5828,0.2776,0.32359
False,36046,103730,Indiana,Hoosiers,0.2725,0.1456,0.6178,0.2509,0.3617,0.2047,0.3745,0.1326,0.4555,0.5027,0.41182,0.34258
False,36046,103921,Minnesota,Golden Gophers,0.2486,0.1521,0.5826,0.3727,0.4065,0.2006,0.3361,0.1221,0.5733,0.5209,0.30465,0.35961
True,36046,103921,Minnesota,Golden Gophers,0.2411,0.1401,0.67,0.358,0.3524,0.1176,0.3822,0.1342,0.4756,0.5915,0.39016,0.35591
True,36046,104078,Penn St.,Nittany Lions,0.2642,0.1432,0.6196,0.3193,0.3818,0.1691,0.3718,0.1199,0.4885,0.5373,0.39159,0.33377
False,36046,104078,Penn St.,Nittany Lions,0.255,0.1546,0.6266,0.3702,0.3844,0.1764,0.4237,0.125,0.5466,0.5484,0.32839,0.30323
False,36046,103977,Nebraska,Huskers,0.2356,0.1126,0.6029,0.2228,0.3894,0.22,0.3148,0.1428,0.4429,0.4968,0.41433,0.32542
True,36046,103977,Nebraska,Huskers,0.2305,0.1502,0.6516,0.2519,0.4131,0.2112,0.4526,0.0942,0.4631,0.5428,0.44274,0.35722
False,36046,104500,Wisconsin,Badgers,0.2802,0.1347,0.6745,0.2381,0.4459,0.2264,0.3571,0.1928,0.4646,0.5631,0.34268,0.36905
True,36046,104500,Wisconsin,Badgers,0.2529,0.0969,0.6391,0.3164,0.4165,0.2172,0.3957,0.1113,0.5336,0.5485,0.3551,0.34877
True,36046,104041,Ohio St.,Buckeyes,0.2543,0.1276,0.672,0.294,0.3733,0.2117,0.3651,0.1482,0.5056,0.547,0.34619,0.34511
False,36046,104041,Ohio St.,Buckeyes,0.2726,0.1401,0.5828,0.3057,0.3765,0.1917,0.3662,0.1664,0.4974,0.5033,0.33615,0.34728
False,36046,103734,Iowa,Hawkeyes,0.2431,0.1388,0.6358,0.3675,0.3644,0.1779,0.3284,0.0951,0.5454,0.5473,0.35951,0.35789
True,36046,103734,Iowa,Hawkeyes,0.2365,0.2144,0.6734,0.3213,0.4189,0.1917,0.3951,0.188,0.513,0.5783,0.29898,0.35093
True,36046,103720,Illinois,Fighting Illini,0.2194,0.1673,0.6853,0.3345,0.4013,0.1893,0.3178,0.0908,0.5238,0.5827,0.3854,0.34912
False,36046,103720,Illinois,Fighting Illini,0.2693,0.1456,0.6098,0.3127,0.4007,0.225,0.3041,0.1795,0.5376,0.5223,0.28288,0.34064
True,36046,103257,Purdue,Boilermakers,0.2039,0.1206,0.6569,0.3015,0.4603,0.2276,0.3652,0.1241,0.529,0.5724,0.34683,0.40355
False,36046,103257,Purdue,Boilermakers,0.3013,0.1458,0.6431,0.2452,0.3791,0.2014,0.3638,0.1849,0.4466,0.524,0.36855,0.31467
True,38409,103921,Minnesota,Golden Gophers,0.2743,0.1108,0.6228,0.345,0.3824,0.1506,0.3626,0.1451,0.4956,0.5497,0.35936,0.32203
False,38409,103921,Minnesota,Golden Gophers,0.2601,0.1393,0.6048,0.3466,0.3681,0.1928,0.3619,0.1174,0.5394,0.5202,0.34321,0.34528
True,38409,104078,Penn St.,Nittany Lions,0.2373,0.1859,0.642,0.4146,0.4034,0.1618,0.3784,0.0619,0.5765,0.575,0.36161,0.34259
False,38409,104078,Penn St.,Nittany Lions,0.2763,0.1518,0.6319,0.3488,0.3611,0.1587,0.3518,0.1096,0.5074,0.5472,0.38292,0.35252
False,38409,103730,Indiana,Hoosiers,0.2642,0.1496,0.6262,0.281,0.4254,0.1901,0.3609,0.1397,0.4711,0.5452,0.38918,0.32659
True,38409,103730,Indiana,Hoosiers,0.2444,0.1518,0.7063,0.3186,0.3581,0.1909,0.3654,0.1583,0.5095,0.5759,0.33228,0.3212
True,38409,104041,Ohio St.,Buckeyes,0.2868,0.1131,0.6764,0.2919,0.4569,0.1847,0.3116,0.1465,0.4766,0.5913,0.37686,0.36761
False,38409,104041,Ohio St.,Buckeyes,0.2763,0.1289,0.6199,0.3155,0.4,0.1756,0.3618,0.1329,0.4911,0.5413,0.37601,0.3046
True,38409,104155,Rutgers,Scarlet Knights,0.2463,0.1761,0.6439,0.2723,0.4555,0.2027,0.3628,0.1635,0.475,0.5635,0.36153,0.32953
False,38409,104155,Rutgers,Scarlet Knights,0.2765,0.1412,0.6559,0.3178,0.4225,0.1911,0.3527,0.1145,0.5089,0.5683,0.3766,0.35142
True,38409,103734,Iowa,Hawkeyes,0.2191,0.206,0.6748,0.3186,0.4749,0.1448,0.3946,0.1264,0.4634,0.6123,0.41017,0.38017
False,38409,103734,Iowa,Hawkeyes,0.2265,0.1414,0.669,0.3521,0.4671,0.1636,0.3316,0.096,0.5157,0.6049,0.38834,0.34426
True,38409,103257,Purdue,Boilermakers,0.2445,0.1167,0.6728,0.2699,0.4976,0.2033,0.3966,0.1431,0.4731,0.5975,0.38382,0.38175
False,38409,103257,Purdue,Boilermakers,0.2762,0.1352,0.6988,0.2969,0.4175,0.1408,0.3855,0.1359,0.4377,0.6084,0.42638,0.3117
True,38409,104055,Oregon,Ducks,0.2393,0.1518,0.6496,0.3034,0.4129,0.1811,0.4234,0.133,0.4845,0.5611,0.38252,0.34391
False,38409,104055,Oregon,Ducks,0.2603,0.1274,0.5929,0.3063,0.4335,0.1783,0.3668,0.137,0.4846,0.5342,0.37838,0.31704
False,38409,103977,Nebraska,Huskers,0.2532,0.1398,0.6315,0.2371,0.4329,0.1866,0.3534,0.1176,0.4237,0.544,0.45867,0.33883
True,38409,103977,Nebraska,Huskers,0.2274,0.1331,0.6563,0.3174,0.4062,0.1912,0.3843,0.1061,0.5086,0.5623,0.38526,0.33546
False,38409,103871,Maryland,Terrapins,0.2599,0.1378,0.5973,0.3158,0.3861,0.1689,0.3344,0.153,0.4847,0.5237,0.36227,0.3057
True,38409,103871,Maryland,Terrapins,0.2221,0.1727,0.647,0.3137,0.4587,0.1863,0.3364,0.1465,0.5,0.5769,0.35353,0.3734
True,38409,103720,Illinois,Fighting Illini,0.2279,0.1232,0.7109,0.2866,0.4145,0.1729,0.3987,0.0685,0.4595,0.5994,0.47201,0.31309
False,38409,103720,Illinois,Fighting Illini,0.2568,0.1501,0.6172,0.2933,0.3288,0.2237,0.3701,0.1775,0.517,0.4924,0.30548,0.33618
False,38409,104500,Wisconsin,Badgers,0.2753,0.1314,0.6278,0.2362,0.4089,0.1998,0.3223,0.1736,0.4361,0.5275,0.39032,0.33333
True,38409,104500,Wisconsin,Badgers,0.2456,0.1191,0.6635,0.2898,0.4342,0.1635,0.3521,0.065,0.4533,0.5808,0.48168,0.34791
False,41097,103921,Minnesota,Golden Gophers,0.2703,0.1069,0.6495,0.2866,0.4248,0.167,0.3512,0.1321,0.4536,0.5668,0.4143,0.34651
True,41097,103921,Minnesota,Golden Gophers,0.2328,0.128,0.6782,0.3185,0.4177,0.1442,0.313,0.0666,0.4627,0.597,0.47076,0.34194
True,41097,104055,Oregon,Ducks,0.2388,0.1245,0.6069,0.3002,0.428,0.1487,0.3482,0.1229,0.449,0.5477,0.4281,0.32051
False,41097,104055,Oregon,Ducks,0.2537,0.1295,0.6046,0.2566,0.4589,0.1895,0.4211,0.1326,0.4461,0.5427,0.42136,0.33376
True,41097,103730,Indiana,Hoosiers,0.2787,0.1274,0.7068,0.2967,0.4473,0.1322,0.4492,0.0658,0.4289,0.6268,0.5053,0.34658
False,41097,103730,Indiana,Hoosiers,0.2625,0.1328,0.6273,0.2722,0.4022,0.2008,0.3493,0.1593,0.473,0.5317,0.3677,0.33086
False,41097,104078,Penn St.,Nittany Lions,0.2555,0.1264,0.6837,0.3505,0.4541,0.1185,0.3933,0.0967,0.469,0.6257,0.43424,0.38798
True,41097,104078,Penn St.,Nittany Lions,0.2347,0.1698,0.6378,0.3538,0.4777,0.1621,0.4086,0.1036,0.5159,0.5875,0.3805,0.32357
False,41097,103871,Maryland,Terrapins,0.2658,0.1693,0.6418,0.3367,0.4108,0.1286,0.3878,0.1046,0.4653,0.578,0.4301,0.36352
True,41097,103871,Maryland,Terrapins,0.2755,0.1232,0.6089,0.2737,0.3166,0.1379,0.4,0.1198,0.4116,0.511,0.46858,0.31705
False,41097,104041,Ohio St.,Buckeyes,0.2855,0.1224,0.6007,0.2945,0.4766,0.1748,0.388,0.1278,0.4693,0.5545,0.40286,0.31853
True,41097,104041,Ohio St.,Buckeyes,0.2666,0.1179,0.6821,0.2937,0.5289,0.1993,0.3941,0.1064,0.4929,0.6202,0.40063,0.35733
False,41097,104155,Rutgers,Scarlet Knights,0.2724,0.1351,0.6611,0.2755,0.4593,0.2055,0.348,0.1268,0.481,0.5749,0.39219,0.35576
True,41097,104155,Rutgers,Scarlet Knights,0.2523,0.1426,0.6033,0.2473,0.3881,0.1877,0.3764,0.2231,0.435,0.5105,0.34193,0.32396
False,41097,103734,Iowa,Hawkeyes,0.2821,0.1218,0.664,0.3437,0.4223,0.1367,0.3333,0.1193,0.4804,0.5952,0.40033,0.33333
True,41097,103734,Iowa,Hawkeyes,0.2817,0.0991,0.6791,0.3394,0.4578,0.1682,0.4274,0.0628,0.5076,0.6058,0.42958,0.35613
True,41097,103977,Nebraska,Huskers,0.2162,0.1243,0.6824,0.2875,0.4551,0.1462,0.3772,0.0554,0.4337,0.6058,0.51093,0.35456
False,41097,103977,Nebraska,Huskers,0.2318,0.1112,0.6856,0.1999,0.3936,0.186,0.3684,0.1128,0.3859,0.5449,0.50124,0.30503
False,41097,104500,Wisconsin,Badgers,0.254,0.152,0.6194,0.2835,0.455,0.1817,0.4,0.1284,0.4652,0.5552,0.40635,0.33448
True,41097,104500,Wisconsin,Badgers,0.2498,0.1565,0.6382,0.2916,0.4126,0.1317,0.3884,0.0557,0.4233,0.568,0.52096,0.36163
True,41097,103720,Illinois,Fighting Illini,0.2071,0.1167,0.6976,0.308,0.3987,0.1344,0.3431,0.0602,0.4424,0.6068,0.49736,0.34541
False,41097,103720,Illinois,Fighting Illini,0.291,0.139,0.5923,0.2579,0.4069,0.1751,0.3452,0.133,0.433,0.5173,0.43391,0.31256
True,41097,103257,Purdue,Boilermakers,0.2271,0.1129,0.7356,0.245,0.4807,0.1999,0.451,0.1532,0.4449,0.621,0.40197,0.38314
False,41097,103257,Purdue,Boilermakers,0.2616,0.1184,0.6435,0.2512,0.4568,0.1814,0.4236,0.129,0.4326,0.5652,0.43842,0.34116
True,27693,103876,Massachusetts,Minutemen,0.2396,0.1782,0.5872,0.3054,0.4388,0.1511,0.3789,0.1033,0.4565,0.5381,0.44022,0.32593
False,27693,103876,Massachusetts,Minutemen,0.2571,0.1917,0.6247,0.4239,0.3217,0.1625,0.3469,0.1114,0.5864,0.5407,0.30227,0.33835
True,27693,103642,George Washington,Revolutionaries,0.2143,0.1451,0.6288,0.301,0.4012,0.1847,0.3865,0.1859,0.4857,0.5423,0.32839,0.32292
False,27693,103642,George Washington,Revolutionaries,0.2381,0.175,0.6239,0.354,0.343,0.1775,0.4,0.1032,0.5315,0.5301,0.36533,0.33616
False,27693,104183,Saint Louis,Billikens,0.2416,0.1349,0.5979,0.2612,0.3661,0.2011,0.3908,0.1562,0.4623,0.4971,0.38151,0.33647
True,27693,104263,St. Bonaventure,Bonnies,0.2404,0.1109,0.6296,0.3529,0.3227,0.2051,0.3667,0.1225,0.558,0.5168,0.31944,0.34271
True,27693,104183,Saint Louis,Billikens,0.2543,0.1653,0.6145,0.3578,0.4781,0.1797,0.3161,0.1521,0.5374,0.5689,0.31048,0.34772
False,27693,104263,St. Bonaventure,Bonnies,0.2441,0.1291,0.5843,0.2847,0.3657,0.1852,0.2328,0.0995,0.47,0.4982,0.43053,0.30677
False,27693,103641,George Mason,Patriots,0.2401,0.1556,0.7053,0.2235,0.3822,0.2729,0.3351,0.1451,0.4965,0.5276,0.35843,0.35449
False,27693,104136,Richmond,Spiders,0.2236,0.1546,0.6658,0.3146,0.4706,0.1854,0.3621,0.1355,0.5,0.5935,0.36449,0.31624
True,27693,103641,George Mason,Patriots,0.2291,0.1689,0.7035,0.2353,0.4024,0.2472,0.2919,0.1552,0.4826,0.5492,0.36229,0.32787
True,27693,104136,Richmond,Spiders,0.2261,0.154,0.6921,0.2877,0.4222,0.2044,0.3978,0.1408,0.4921,0.58,0.36715,0.3567
True,27693,103524,Dayton,Flyers,0.2303,0.1664,0.646,0.3121,0.4254,0.1839,0.4862,0.0879,0.496,0.5642,0.41613,0.37209
True,27693,103782,La Salle,Explorers,0.2506,0.1755,0.6481,0.2719,0.4098,0.2099,0.3167,0.1239,0.4818,0.5443,0.39436,0.34031
False,27693,103782,La Salle,Explorers,0.2105,0.1691,0.6806,0.3047,0.4248,0.2158,0.3151,0.103,0.5205,0.5745,0.37659,0.32772
False,27693,103524,Dayton,Flyers,0.2527,0.1552,0.6098,0.2989,0.3804,0.1781,0.3641,0.1439,0.477,0.5242,0.37919,0.32044
True,30629,103642,George Washington,Revolutionaries,0.2465,0.1706,0.6224,0.3024,0.3866,0.1769,0.3136,0.1622,0.4794,0.5354,0.35839,0.33754
False,30629,103641,George Mason,Patriots,0.2561,0.1293,0.6802,0.2168,0.3833,0.2115,0.3307,0.1492,0.4283,0.5336,0.42244,0.34353
True,30629,103782,La Salle,Explorers,0.2543,0.1492,0.6034,0.2906,0.3519,0.1503,0.3624,0.1598,0.441,0.5177,0.39922,0.31939
False,30629,103782,La Salle,Explorers,0.2307,0.1407,0.5696,0.3547,0.3838,0.1612,0.3221,0.118,0.5159,0.5116,0.36606,0.35969
False,30629,103642,George Washington,Revolutionaries,0.2099,0.1697,0.645,0.3548,0.4012,0.1837,0.2938,0.1161,0.5385,0.5618,0.34543,0.30732
True,30629,103641,George Mason,Patriots,0.2401,0.1276,0.6935,0.2362,0.4335,0.2053,0.2866,0.0932,0.4415,0.5726,0.46528,0.35714
False,30629,103876,Massachusetts,Minutemen,0.2513,0.1594,0.6383,0.3966,0.4333,0.1424,0.3557,0.1023,0.539,0.5841,0.35865,0.37353
False,30629,104263,St. Bonaventure,Bonnies,0.2281,0.1246,0.6275,0.2669,0.3821,0.16,0.3669,0.1318,0.4269,0.5355,0.44125,0.34217
True,30629,103876,Massachusetts,Minutemen,0.2486,0.1645,0.56,0.3156,0.4053,0.1389,0.3486,0.1147,0.4545,0.5127,0.43083,0.37118
True,30629,104263,St. Bonaventure,Bonnies,0.2039,0.1365,0.6521,0.3224,0.3978,0.1941,0.3622,0.1685,0.5164,0.5566,0.31508,0.33113
True,30629,103524,Dayton,Flyers,0.2195,0.164,0.6706,0.3579,0.4262,0.1907,0.3116,0.1142,0.5486,0.5857,0.33723,0.36063
True,30629,104183,Saint Louis,Billikens,0.2624,0.1639,0.6049,0.3124,0.447,0.2526,0.3396,0.1282,0.5651,0.5343,0.3067,0.36817
False,30629,104183,Saint Louis,Billikens,0.2473,0.1556,0.6338,0.2614,0.4358,0.2049,0.292,0.1801,0.4663,0.5468,0.35367,0.32258
False,30629,103524,Dayton,Flyers,0.2537,0.1412,0.5824,0.2699,0.4029,0.2104,0.3112,0.1479,0.4804,0.5038,0.37177,0.32406
False,30629,104136,Richmond,Spiders,0.2341,0.1496,0.6156,0.3344,0.3879,0.1765,0.3491,0.1281,0.5109,0.5369,0.36097,0.34323
True,30629,104136,Richmond,Spiders,0.2085,0.1301,0.6435,0.3267,0.4087,0.1529,0.3119,0.1032,0.4796,0.5686,0.41714,0.32917
False,33533,103876,Massachusetts,Minutemen,0.2698,0.1707,0.6194,0.3618,0.3172,0.1265,0.3369,0.1042,0.4883,0.5411,0.40747,0.33105
False,33533,103833,Loyola Chicago,Ramblers,0.2549,0.1323,0.6426,0.3003,0.4343,0.1918,0.3456,0.1273,0.4921,0.5614,0.38065,0.34361
False,33533,104183,Saint Louis,Billikens,0.2482,0.1445,0.5703,0.2625,0.4204,0.2382,0.3047,0.1179,0.5008,0.499,0.38139,0.33687
True,33533,104263,St. Bonaventure,Bonnies,0.2831,0.1339,0.5829,0.2993,0.3704,0.1806,0.3873,0.1583,0.4799,0.5029,0.36176,0.34823
True,33533,103833,Loyola Chicago,Ramblers,0.2912,0.1371,0.6574,0.3297,0.4253,0.188,0.3864,0.0806,0.5177,0.5731,0.40171,0.33435
True,33533,104136,Richmond,Spiders,0.2289,0.1067,0.6543,0.3166,0.3837,0.1441,0.3125,0.0983,0.4606,0.5697,0.44109,0.33038
False,33533,103642,George Washington,Revolutionaries,0.2446,0.1597,0.6424,0.3162,0.3731,0.1636,0.3516,0.1281,0.4797,0.5506,0.3922,0.34949
True,33533,103876,Massachusetts,Minutemen,0.2521,0.1924,0.5466,0.3967,0.3102,0.1777,0.3542,0.1285,0.5744,0.4734,0.29711,0.32793
True,33533,103642,George Washington,Revolutionaries,0.2361,0.1521,0.696,0.3007,0.4563,0.192,0.4035,0.1233,0.4927,0.6026,0.38399,0.32113
False,33533,104263,St. Bonaventure,Bonnies,0.2413,0.156,0.6459,0.338,0.3667,0.1576,0.3598,0.1103,0.4956,0.5571,0.39405,0.28741
True,33533,103641,George Mason,Patriots,0.2574,0.129,0.6843,0.2768,0.412,0.2435,0.2771,0.0936,0.5203,0.5569,0.38613,0.35036
False,33533,103641,George Mason,Patriots,0.2877,0.1439,0.7374,0.234,0.3603,0.2313,0.3528,0.1832,0.4653,0.5499,0.3515,0.30091
True,33533,103782,La Salle,Explorers,0.2622,0.147,0.5642,0.3211,0.4109,0.1708,0.3344,0.1512,0.4919,0.511,0.3569,0.34113
True,33533,103524,Dayton,Flyers,0.22,0.1402,0.6513,0.352,0.4498,0.1732,0.3297,0.102,0.5252,0.5848,0.37276,0.33835
True,33533,104183,Saint Louis,Billikens,0.2469,0.1699,0.6703,0.2787,0.4447,0.266,0.3571,0.1279,0.5447,0.5601,0.32741,0.35659
False,33533,103524,Dayton,Flyers,0.2766,0.1227,0.561,0.2956,0.3518,0.1859,0.3725,0.1313,0.4815,0.4802,0.38723,0.29255
False,33533,104136,Richmond,Spiders,0.2651,0.1371,0.6246,0.3222,0.4007,0.1543,0.2795,0.121,0.4765,0.5521,0.40254,0.3294
False,33533,103782,La Salle,Explorers,0.2471,0.1588,0.5865,0.3647,0.4153,0.1894,0.3795,0.0977,0.5541,0.528,0.3482,0.34532
True,36046,103641,George Mason,Patriots,0.258,0.1327,0.6521,0.3118,0.4159,0.2027,0.4263,0.1178,0.5146,0.559,0.36764,0.34233
False,36046,103641,George Mason,Patriots,0.2804,0.1448,0.6036,0.2291,0.3542,0.2178,0.3009,0.1282,0.4469,0.4821,0.42493,0.34777
False,36046,103876,Massachusetts,Minutemen,0.2689,0.1581,0.5242,0.388,0.4076,0.1356,0.3642,0.0923,0.5236,0.494,0.38405,0.33531
True,36046,103876,Massachusetts,Minutemen,0.2746,0.1575,0.6328,0.3718,0.4043,0.1702,0.3431,0.1071,0.542,0.561,0.35084,0.31287
True,36046,104136,Richmond,Spiders,0.2134,0.1106,0.6235,0.3065,0.4401,0.1636,0.4054,0.1763,0.4701,0.5597,0.35363,0.36228
False,36046,103642,George Washington,Revolutionaries,0.2274,0.1634,0.6053,0.2655,0.4049,0.2124,0.3654,0.1414,0.4779,0.5162,0.38064,0.34815
False,36046,103833,Loyola Chicago,Ramblers,0.2513,0.1348,0.5584,0.3181,0.3559,0.1905,0.2571,0.1319,0.5086,0.4825,0.35953,0.34132
False,36046,104183,Saint Louis,Billikens,0.2582,0.1475,0.626,0.2585,0.4842,0.226,0.3825,0.0931,0.4845,0.5599,0.42239,0.36506
True,36046,104183,Saint Louis,Billikens,0.2644,0.1362,0.5936,0.2851,0.4531,0.2274,0.3671,0.1105,0.5125,0.5313,0.37694,0.36686
False,36046,103524,Dayton,Flyers,0.2602,0.1256,0.5711,0.249,0.4585,0.2105,0.37,0.1401,0.4594,0.5196,0.40041,0.32051
True,36046,103642,George Washington,Revolutionaries,0.2053,0.1637,0.6127,0.2988,0.4189,0.1946,0.3054,0.0878,0.4934,0.5362,0.41873,0.36055
True,36046,103524,Dayton,Flyers,0.2126,0.1354,0.666,0.3008,0.4101,0.1809,0.3053,0.0748,0.4817,0.5699,0.44349,0.39897
False,36046,104263,St. Bonaventure,Bonnies,0.2452,0.1608,0.635,0.3396,0.3686,0.1523,0.3516,0.1012,0.4919,0.5525,0.40689,0.3347
True,36046,103782,La Salle,Explorers,0.2487,0.1376,0.5911,0.2876,0.402,0.1499,0.3728,0.1656,0.4375,0.5263,0.39686,0.34691
False,36046,103782,La Salle,Explorers,0.2279,0.1462,0.558,0.3903,0.387,0.1663,0.413,0.1184,0.5566,0.5069,0.32492,0.35341
True,36046,104263,St. Bonaventure,Bonnies,0.2564,0.1418,0.6254,0.2981,0.4501,0.1982,0.3373,0.1362,0.4963,0.5554,0.36752,0.36483
True,36046,103833,Loyola Chicago,Ramblers,0.2849,0.1759,0.6414,0.3405,0.3858,0.1705,0.2662,0.0811,0.5111,0.5561,0.40789,0.35355
False,36046,104136,Richmond,Spiders,0.2276,0.1375,0.5599,0.3152,0.3818,0.1423,0.3448,0.1351,0.4576,0.5045,0.40735,0.31385
True,38409,104136,Richmond,Spiders,0.2698,0.0778,0.6469,0.2418,0.4264,0.1479,0.3582,0.1536,0.3897,0.5632,0.45673,0.31368
False,38409,103876,Massachusetts,Minutemen,0.2711,0.1753,0.5629,0.3993,0.3596,0.1181,0.3526,0.0808,0.5173,0.5165,0.40186,0.32732
False,38409,104183,Saint Louis,Billikens,0.2308,0.1355,0.5994,0.2948,0.3547,0.1918,0.3906,0.1209,0.4865,0.5029,0.39254,0.33093
True,38409,103782,La Salle,Explorers,0.2308,0.1623,0.5537,0.3143,0.3657,0.1711,0.356,0.1799,0.4853,0.4874,0.3348,0.33577
False,38409,103782,La Salle,Explorers,0.2384,0.1649,0.6274,0.3464,0.4268,0.1654,0.3655,0.0731,0.5119,0.5626,0.41503,0.32807
True,38409,103876,Massachusetts,Minutemen,0.2573,0.1857,0.5478,0.4028,0.3702,0.1895,0.3296,0.0872,0.5923,0.491,0.32051,0.28116
False,38409,104263,St. Bonaventure,Bonnies,0.2298,0.148,0.619,0.289,0.4068,0.1562,0.3063,0.0847,0.4452,0.5446,0.47009,0.3277
False,38409,103642,George Washington,Revolutionaries,0.2587,0.1435,0.594,0.3163,0.4195,0.1644,0.3307,0.1284,0.4808,0.5343,0.3908,0.31586
True,38409,104263,St. Bonaventure,Bonnies,0.2088,0.1776,0.6246,0.318,0.4638,0.2304,0.2895,0.0991,0.5485,0.557,0.35245,0.31213
True,38409,103524,Dayton,Flyers,0.2392,0.1663,0.6352,0.366,0.3511,0.1372,0.3333,0.0864,0.5031,0.5578,0.41047,0.36097
False,38409,103524,Dayton,Flyers,0.2737,0.1445,0.6431,0.3142,0.3625,0.1597,0.3802,0.0992,0.4739,0.5485,0.42687,0.32809
True,38409,103642,George Washington,Revolutionaries,0.2248,0.1561,0.6162,0.3814,0.4286,0.1616,0.2361,0.0378,0.543,0.5604,0.4192,0.31665
False,38409,104136,Richmond,Spiders,0.2385,0.1323,0.6374,0.2949,0.3992,0.1367,0.2683,0.0923,0.4316,0.5619,0.47608,0.3487
True,38409,104183,Saint Louis,Billikens,0.2165,0.1519,0.6591,0.325,0.5142,0.131,0.4321,0.0429,0.456,0.6174,0.50106,0.35238
False,38409,103833,Loyola Chicago,Ramblers,0.2448,0.1302,0.5751,0.3294,0.3284,0.1594,0.3968,0.1176,0.4888,0.4946,0.39362,0.33253
False,38409,103641,George Mason,Patriots,0.2903,0.1372,0.6126,0.2186,0.3738,0.1989,0.2702,0.1221,0.4175,0.4988,0.46036,0.30802
True,38409,103641,George Mason,Patriots,0.2529,0.1391,0.6672,0.326,0.3669,0.1871,0.3259,0.1174,0.5131,0.5577,0.3695,0.35461
True,38409,103833,Loyola Chicago,Ramblers,0.2658,0.1441,0.6497,0.3431,0.4096,0.1381,0.3351,0.09,0.4811,0.5808,0.42884,0.34615
True,41097,103782,La Salle,Explorers,0.2505,0.1263,0.5534,0.3608,0.3764,0.2002,0.3289,0.1238,0.5611,0.4902,0.31518,0.29843
False,41097,104183,Saint Louis,Billikens,0.2311,0.1451,0.5028,0.3305,0.3968,0.1479,0.3227,0.1033,0.4784,0.4701,0.41831,0.29742
True,41097,104136,Richmond,Spiders,0.2654,0.1578,0.6302,0.2717,0.4458,0.1345,0.3648,0.1659,0.4063,0.5691,0.42788,0.36364
True,41097,103641,George Mason,Patriots,0.2419,0.1346,0.6854,0.3133,0.4353,0.2278,0.359,0.1105,0.5411,0.5801,0.34844,0.33984
False,41097,104136,Richmond,Spiders,0.2645,0.1457,0.6429,0.305,0.4065,0.1514,0.4241,0.0861,0.4564,0.5644,0.45752,0.32381
True,41097,103833,Loyola Chicago,Ramblers,0.2618,0.1283,0.6096,0.3131,0.4015,0.1473,0.3393,0.0625,0.4604,0.543,0.47712,0.31696
False,41097,103782,La Salle,Explorers,0.2625,0.1548,0.632,0.3513,0.4122,0.1337,0.3728,0.0922,0.485,0.5714,0.4228,0.36258
False,41097,104263,St. Bonaventure,Bonnies,0.2374,0.143,0.6301,0.3159,0.4044,0.1892,0.3882,0.0879,0.5052,0.5455,0.40693,0.35705
False,41097,103833,Loyola Chicago,Ramblers,0.2604,0.1457,0.595,0.2923,0.3937,0.1636,0.3692,0.1012,0.4559,0.5228,0.44289,0.36811
False,41097,103641,George Mason,Patriots,0.3001,0.1366,0.659,0.2799,0.3607,0.201,0.3333,0.0991,0.4808,0.5344,0.42004,0.32614
False,41097,103642,George Washington,Revolutionaries,0.2435,0.1654,0.6717,0.2938,0.4136,0.1889,0.2935,0.091,0.4827,0.5707,0.42631,0.33527
True,41097,104263,St. Bonaventure,Bonnies,0.2467,0.1771,0.6114,0.3194,0.4277,0.2341,0.4142,0.1315,0.5535,0.5337,0.31501,0.37383
True,41097,103642,George Washington,Revolutionaries,0.2597,0.1478,0.6541,0.3486,0.3854,0.1479,0.3784,0.0349,0.4965,0.574,0.46868,0.35276
True,41097,103524,Dayton,Flyers,0.2493,0.1623,0.6229,0.3866,0.3382,0.1383,0.2893,0.0608,0.5249,0.5479,0.41428,0.33859
True,41097,104183,Saint Louis,Billikens,0.259,0.2141,0.6484,0.4226,0.4887,0.1046,0.2683,0.0194,0.5272,0.6167,0.45338,0.39562
False,41097,103524,Dayton,Flyers,0.3002,0.1555,0.5955,0.3295,0.3767,0.1868,0.3576,0.0748,0.5164,0.5163,0.40882,0.35394
False,27693,104476,William & Mary,Tribe,0.2556,0.1577,0.6226,0.2928,0.4733,0.1657,0.4076,0.1735,0.4586,0.5687,0.36796,0.32432
True,27693,104476,William & Mary,Tribe,0.2313,0.1356,0.5659,0.3685,0.375,0.1801,0.3375,0.0948,0.5486,0.5032,0.35664,0.25249
True,27693,103530,Delaware,Blue Hens,0.2632,0.1154,0.661,0.2232,0.4346,0.2409,0.3846,0.1311,0.4641,0.5435,0.40479,0.33333
False,27693,103530,Delaware,Blue Hens,0.2702,0.149,0.5279,0.2301,0.4444,0.2839,0.3967,0.1414,0.514,0.4818,0.34463,0.34237
False,27693,103546,Drexel,Dragons,0.2366,0.1658,0.6056,0.3203,0.4796,0.1966,0.3567,0.1521,0.5169,0.5577,0.33096,0.31989
True,27693,103546,Drexel,Dragons,0.2304,0.1301,0.6242,0.2927,0.4615,0.1773,0.4041,0.1755,0.47,0.5629,0.35455,0.37179
True,27693,103697,Hofstra,Pride,0.2353,0.1483,0.6494,0.2295,0.4896,0.2496,0.3314,0.1282,0.4791,0.5661,0.3927,0.33017
False,27693,103697,Hofstra,Pride,0.2686,0.1342,0.7164,0.1938,0.4513,0.2451,0.3815,0.18,0.4389,0.5684,0.38106,0.33776
True,30629,103546,Drexel,Dragons,0.2252,0.1531,0.6353,0.3033,0.4799,0.2026,0.3625,0.1397,0.5058,0.5731,0.35448,0.34647
False,30629,103546,Drexel,Dragons,0.2421,0.1357,0.6028,0.3378,0.3865,0.1902,0.4286,0.1511,0.528,0.5249,0.32089,0.33636
True,33533,103546,Drexel,Dragons,0.2263,0.1182,0.619,0.3021,0.4039,0.1766,0.3905,0.1208,0.4787,0.5397,0.40046,0.31466
False,33533,103546,Drexel,Dragons,0.2611,0.1466,0.5771,0.337,0.3857,0.1691,0.3269,0.21,0.5061,0.5131,0.2839,0.33333
True,38409,104298,Stony Brook,Seawolves,0.2388,0.102,0.6174,0.2506,0.3822,0.176,0.3313,0.1811,0.4266,0.5204,0.39238,0.33714
False,38409,104298,Stony Brook,Seawolves,0.2398,0.1403,0.7304,0.2863,0.4618,0.179,0.2976,0.1122,0.4652,0.6271,0.42255,0.35622
False,33533,104298,Stony Brook,Seawolves,0.2453,0.1507,0.5899,0.2538,0.4,0.1556,0.4321,0.1502,0.4093,0.5177,0.44045,0.3447
True,33533,104298,Stony Brook,Seawolves,0.236,0.0699,0.6566,0.2137,0.4107,0.1315,0.351,0.1991,0.3453,0.5629,0.45567,0.32345
True,33533,104476,William & Mary,Tribe,0.2484,0.1198,0.5759,0.3078,0.3949,0.1981,0.3299,0.1109,0.5059,0.505,0.38323,0.36858
False,33533,104476,William & Mary,Tribe,0.2464,0.1334,0.6341,0.3063,0.4917,0.167,0.3937,0.1593,0.4734,0.5838,0.36737,0.35196
True,36046,103546,Drexel,Dragons,0.2356,0.137,0.6467,0.3271,0.3791,0.2238,0.3927,0.1161,0.5509,0.538,0.33298,0.34395
False,36046,103546,Drexel,Dragons,0.2471,0.1239,0.5887,0.301,0.3962,0.1697,0.3556,0.1756,0.4707,0.5193,0.35379,0.31523
False,38409,103411,Campbell,Fighting Camels,0.2513,0.1375,0.6713,0.3271,0.4313,0.2071,0.3567,0.0973,0.5341,0.5783,0.3686,0.3071
True,38409,103411,Campbell,Fighting Camels,0.246,0.1531,0.6488,0.2999,0.4074,0.2095,0.3357,0.0776,0.5094,0.5495,0.41297,0.32215
False,38409,103546,Drexel,Dragons,0.2238,0.1524,0.538,0.3452,0.3881,0.1723,0.413,0.1271,0.5175,0.4881,0.35545,0.31114
True,38409,103546,Drexel,Dragons,0.2295,0.1215,0.6052,0.323,0.4589,0.186,0.3673,0.1191,0.509,0.5518,0.37197,0.35977
False,41097,103546,Drexel,Dragons,0.2583,0.1612,0.5699,0.3427,0.3964,0.1791,0.3514,0.1393,0.5218,0.5103,0.33889,0.3
True,41097,103546,Drexel,Dragons,0.2592,0.1334,0.6246,0.3143,0.3603,0.1947,0.3434,0.0903,0.509,0.5235,0.40076,0.35007
False,41097,104298,Stony Brook,Seawolves,0.2352,0.1499,0.589,0.2773,0.4162,0.1812,0.3383,0.146,0.4585,0.5207,0.39555,0.35117
True,41097,104298,Stony Brook,Seawolves,0.2423,0.1151,0.5909,0.2791,0.3781,0.1496,0.3791,0.1115,0.4286,0.5166,0.45983,0.34943
False,36046,103411,Campbell,Fighting Camels,0.2505,0.133,0.6119,0.278,0.4371,0.1732,0.4292,0.1209,0.4512,0.5448,0.4279,0.33333
True,36046,103411,Campbell,Fighting Camels,0.2279,0.1548,0.6501,0.3466,0.4249,0.1799,0.3245,0.0868,0.5264,0.5731,0.38678,0.34473
True,38409,103697,Hofstra,Pride,0.2718,0.1101,0.6358,0.2789,0.3887,0.1714,0.3032,0.1188,0.4503,0.5418,0.43095,0.3404
False,38409,103697,Hofstra,Pride,0.2371,0.1275,0.5146,0.281,0.3619,0.1718,0.297,0.1451,0.4528,0.4566,0.40207,0.33786
False,33533,103530,Delaware,Blue Hens,0.265,0.1504,0.6079,0.3035,0.4238,0.2293,0.3439,0.1206,0.5328,0.5287,0.34662,0.36693
True,33533,103530,Delaware,Blue Hens,0.2444,0.1257,0.6353,0.2472,0.471,0.229,0.3559,0.1554,0.4762,0.5563,0.36836,0.32132
True,36046,104476,William & Mary,Tribe,0.2587,0.1182,0.5712,0.3126,0.3869,0.1597,0.3478,0.0482,0.4723,0.5089,0.47958,0.32314
False,36046,104476,William & Mary,Tribe,0.2568,0.1385,0.6661,0.2915,0.405,0.1921,0.3416,0.1487,0.4836,0.5624,0.36772,0.33094
True,36046,103697,Hofstra,Pride,0.2215,0.1226,0.6934,0.2211,0.4745,0.133,0.4556,0.182,0.354,0.6112,0.46403,0.37079
False,36046,103697,Hofstra,Pride,0.215,0.1185,0.5794,0.2454,0.3883,0.1885,0.3679,0.1474,0.4339,0.4964,0.41864,0.34465
False,36046,103530,Delaware,Blue Hens,0.2333,0.1447,0.6133,0.2572,0.4148,0.23,0.4027,0.1497,0.4872,0.5196,0.36313,0.30982
True,36046,103530,Delaware,Blue Hens,0.2255,0.1343,0.6707,0.2994,0.4429,0.2238,0.3787,0.1226,0.5232,0.5733,0.3542,0.33432
True,30629,104476,William & Mary,Tribe,0.2418,0.1474,0.5599,0.3157,0.3936,0.209,0.2745,0.085,0.5247,0.4936,0.39022,0.30769
False,30629,104476,William & Mary,Tribe,0.2355,0.1663,0.6678,0.3015,0.439,0.172,0.3981,0.1133,0.4735,0.5847,0.41321,0.33503
False,30629,103697,Hofstra,Pride,0.218,0.1273,0.6434,0.2818,0.4351,0.1637,0.3333,0.134,0.4455,0.5668,0.42052,0.36915
True,30629,103697,Hofstra,Pride,0.214,0.1725,0.6934,0.2425,0.4595,0.1662,0.4602,0.1442,0.4087,0.5983,0.44711,0.3404
False,38409,104476,William & Mary,Tribe,0.2634,0.1614,0.6591,0.3014,0.3864,0.1623,0.4159,0.1191,0.4636,0.5636,0.41728,0.33586
True,38409,104476,William & Mary,Tribe,0.2549,0.2495,0.6315,0.3315,0.4178,0.1146,0.4058,0.0371,0.4462,0.5766,0.51668,0.35
False,41097,103697,Hofstra,Pride,0.2573,0.1447,0.5904,0.2365,0.3387,0.2119,0.3434,0.146,0.4484,0.4715,0.4056,0.31636
True,41097,103697,Hofstra,Pride,0.2635,0.1158,0.6234,0.2676,0.4,0.1639,0.3548,0.1345,0.4315,0.5385,0.43394,0.37
True,33533,103697,Hofstra,Pride,0.2124,0.1362,0.6745,0.2708,0.4349,0.1664,0.4822,0.1664,0.4372,0.5833,0.39636,0.36522
False,33533,103697,Hofstra,Pride,0.2269,0.1158,0.6,0.2893,0.3556,0.1818,0.3649,0.1692,0.4711,0.5057,0.35975,0.30946
True,41097,104476,William & Mary,Tribe,0.2425,0.2783,0.6811,0.3836,0.4032,0.1357,0.4175,0.0553,0.5193,0.6085,0.42543,0.33165
False,41097,104476,William & Mary,Tribe,0.2892,0.1429,0.6012,0.3438,0.4356,0.1143,0.3391,0.0884,0.4581,0.5599,0.45353,0.32811
True,30629,103530,Delaware,Blue Hens,0.2339,0.1289,0.6717,0.2747,0.4695,0.2196,0.393,0.118,0.4943,0.5819,0.38763,0.34707
False,30629,103530,Delaware,Blue Hens,0.2621,0.1411,0.5977,0.2577,0.4163,0.2455,0.3392,0.1399,0.5032,0.5092,0.35697,0.35342
True,41097,103411,Campbell,Fighting Camels,0.255,0.1884,0.6009,0.4239,0.3975,0.1602,0.3093,0.0483,0.5841,0.5451,0.36766,0.33018
False,41097,103411,Campbell,Fighting Camels,0.2834,0.1673,0.665,0.4017,0.3657,0.2011,0.3251,0.1016,0.6028,0.5651,0.29565,0.35025
True,36046,104298,Stony Brook,Seawolves,0.2248,0.1293,0.6782,0.179,0.4314,0.1942,0.393,0.258,0.3732,0.5497,0.36887,0.35742
False,36046,104298,Stony Brook,Seawolves,0.229,0.1311,0.6279,0.2565,0.4034,0.1904,0.2927,0.1336,0.4469,0.5323,0.41946,0.34739
False,38409,103530,Delaware,Blue Hens,0.2279,0.1491,0.6221,0.294,0.4504,0.2367,0.3584,0.126,0.5307,0.5455,0.34327,0.35132
True,38409,103530,Delaware,Blue Hens,0.2404,0.1732,0.644,0.2821,0.4757,0.2374,0.3907,0.0726,0.5195,0.5671,0.40798,0.3722
True,27693,103315,Austin Peay,Governors,0.2488,0.177,0.7069,0.2646,0.4247,0.207,0.3668,0.1591,0.4716,0.5831,0.3693,0.32684
False,27693,103315,Austin Peay,Governors,0.2637,0.1717,0.7119,0.2684,0.4595,0.202,0.358,0.1474,0.4704,0.6035,0.38217,0.35952
True,27693,104379,UT Martin,Skyhawks,0.2638,0.1412,0.5799,0.2615,0.3333,0.2115,0.3333,0.1623,0.473,0.4697,0.36475,0.34157
False,27693,104379,UT Martin,Skyhawks,0.2407,0.2059,0.7341,0.2849,0.4029,0.1773,0.4094,0.1282,0.4621,0.6071,0.40964,0.35924
True,27693,103960,Murray St.,Racers,0.245,0.1812,0.7047,0.3424,0.4729,0.2044,0.3645,0.079,0.5469,0.6181,0.37417,0.35897
False,27693,103960,Murray St.,Racers,0.2116,0.1559,0.6247,0.2767,0.3434,0.2009,0.3655,0.1099,0.4776,0.5063,0.41243,0.31985
False,30629,103315,Austin Peay,Governors,0.2439,0.165,0.6801,0.2924,0.4647,0.2162,0.3408,0.124,0.5087,0.5886,0.36729,0.32075
True,30629,103315,Austin Peay,Governors,0.2512,0.1535,0.5902,0.1999,0.4497,0.1953,0.3866,0.156,0.3952,0.5207,0.44889,0.31825
True,30629,104379,UT Martin,Skyhawks,0.2621,0.1659,0.6186,0.329,0.3574,0.1882,0.3005,0.1091,0.5172,0.5235,0.37366,0.30257
False,38409,104452,Western Ill.,Leathernecks,0.2193,0.1465,0.6252,0.277,0.4212,0.2219,0.3321,0.1448,0.4989,0.5345,0.35628,0.34202
True,38409,104452,Western Ill.,Leathernecks,0.2208,0.1142,0.6375,0.2274,0.388,0.2359,0.3887,0.1609,0.4633,0.5104,0.37578,0.37519
False,41097,104452,Western Ill.,Leathernecks,0.2587,0.1705,0.6721,0.3699,0.3838,0.163,0.335,0.1081,0.5329,0.5839,0.35895,0.35321
True,41097,104452,Western Ill.,Leathernecks,0.2445,0.1457,0.5637,0.3381,0.3333,0.1998,0.32,0.1292,0.5379,0.4781,0.33295,0.31379
False,41097,104243,Southern Ind.,Screaming Eagles,0.258,0.1848,0.58,0.4015,0.3434,0.2032,0.3733,0.1212,0.6047,0.5005,0.27415,0.34012
True,41097,104243,Southern Ind.,Screaming Eagles,0.2507,0.1656,0.5576,0.3068,0.2796,0.154,0.3484,0.1347,0.4608,0.4647,0.40453,0.30969
True,38409,104243,Southern Ind.,Screaming Eagles,0.2526,0.1553,0.6272,0.2875,0.3484,0.1971,0.3377,0.172,0.4846,0.5138,0.34338,0.35122
True,41097,104379,UT Martin,Skyhawks,0.2535,0.1544,0.6321,0.2931,0.4043,0.1981,0.3171,0.0438,0.4912,0.5402,0.46503,0.30425
False,41097,104379,UT Martin,Skyhawks,0.2636,0.1601,0.636,0.2478,0.3473,0.2082,0.2989,0.1418,0.456,0.5042,0.40217,0.29189
True,36046,104243,Southern Ind.,Screaming Eagles,0.3068,0.1287,0.5927,0.3037,0.3508,0.1795,0.3015,0.1502,0.4832,0.5029,0.36665,0.3238
True,36046,104452,Western Ill.,Leathernecks,0.2145,0.1365,0.6248,0.2794,0.386,0.2355,0.3567,0.1694,0.515,0.5155,0.3156,0.31915
False,36046,104452,Western Ill.,Leathernecks,0.2616,0.1605,0.5447,0.2884,0.4252,0.2284,0.3429,0.1734,0.5168,0.4919,0.30971,0.2976
False,30629,103960,Murray St.,Racers,0.2486,0.153,0.6741,0.2416,0.3797,0.2116,0.3383,0.1425,0.4531,0.5366,0.40439,0.29801
True,30629,103960,Murray St.,Racers,0.2293,0.1916,0.6358,0.313,0.5083,0.2115,0.3897,0.0975,0.5245,0.5844,0.378,0.35582
True,33533,104243,Southern Ind.,Screaming Eagles,0.2611,0.1699,0.6124,0.3061,0.3205,0.133,0.3346,0.1335,0.4391,0.524,0.42732,0.3774
False,38409,104379,UT Martin,Skyhawks,0.2409,0.1478,0.6527,0.2376,0.3951,0.1703,0.375,0.1052,0.408,0.5451,0.48686,0.33369
True,38409,104379,UT Martin,Skyhawks,0.2467,0.153,0.6108,0.2779,0.3835,0.1998,0.4043,0.0471,0.4777,0.5157,0.47521,0.32244
False,36046,104379,UT Martin,Skyhawks,0.2369,0.135,0.6582,0.2184,0.3929,0.1959,0.3558,0.1774,0.4143,0.5328,0.40829,0.32506
False,33533,104379,UT Martin,Skyhawks,0.2449,0.1452,0.6424,0.2909,0.358,0.1561,0.3323,0.1493,0.447,0.5431,0.40366,0.3222
True,33533,104379,UT Martin,Skyhawks,0.2503,0.1919,0.6462,0.3557,0.3539,0.173,0.4573,0.0967,0.5287,0.5506,0.37464,0.33074
False,38409,104243,Southern Ind.,Screaming Eagles,0.2423,0.1381,0.6157,0.3234,0.3677,0.2019,0.352,0.1102,0.5253,0.5203,0.36445,0.3534
False,36046,104243,Southern Ind.,Screaming Eagles,0.2726,0.1715,0.6225,0.2796,0.3782,0.2212,0.3578,0.1303,0.5008,0.5146,0.36889,0.32725
True,36046,104379,UT Martin,Skyhawks,0.1932,0.1722,0.6341,0.31,0.3657,0.1912,0.3485,0.1178,0.5012,0.5317,0.38093,0.35815
False,30629,104379,UT Martin,Skyhawks,0.2207,0.1743,0.6237,0.2906,0.4,0.2105,0.3632,0.1111,0.5012,0.5298,0.38772,0.32127
False,33533,104243,Southern Ind.,Screaming Eagles,0.2598,0.1559,0.6393,0.3045,0.3146,0.1642,0.383,0.1278,0.4687,0.5255,0.40348,0.34636
True,27693,103821,Lipscomb,Bisons,0.2081,0.1312,0.5992,0.3884,0.3725,0.1604,0.2683,0.0645,0.5487,0.533,0.38679,0.32927
False,27693,103821,Lipscomb,Bisons,0.2445,0.1676,0.6741,0.3242,0.3918,0.1404,0.3375,0.1158,0.4645,0.5888,0.41968,0.34138
False,27693,104001,North Florida,Ospreys,0.2329,0.1667,0.5933,0.347,0.4118,0.1966,0.3692,0.165,0.5436,0.5277,0.29144,0.33598
True,27693,104001,North Florida,Ospreys,0.2435,0.1318,0.6297,0.2715,0.4029,0.177,0.369,0.0722,0.4485,0.5402,0.47938,0.36738
True,27693,103743,Jacksonville,Dolphins,0.2295,0.1607,0.6241,0.3222,0.4462,0.1544,0.3006,0.1291,0.4766,0.5664,0.3943,0.33333
False,27693,103743,Jacksonville,Dolphins,0.263,0.1368,0.6494,0.3304,0.3953,0.1277,0.3147,0.1463,0.4581,0.5786,0.39569,0.32458
False,27693,104293,Stetson,Hatters,0.2246,0.159,0.6501,0.2867,0.4167,0.2252,0.3315,0.1172,0.512,0.5474,0.37087,0.34555
True,27693,104293,Stetson,Hatters,0.2421,0.1496,0.6125,0.3025,0.3727,0.1708,0.2722,0.1065,0.4732,0.526,0.42029,0.36882
False,30629,104293,Stetson,Hatters,0.2121,0.1604,0.6238,0.285,0.4557,0.1845,0.3791,0.1191,0.4695,0.5577,0.4114,0.34842
False,30629,103743,Jacksonville,Dolphins,0.2345,0.1369,0.5787,0.2554,0.4366,0.1657,0.3382,0.128,0.4212,0.5228,0.45083,0.29492
True,30629,104001,North Florida,Ospreys,0.2298,0.1574,0.604,0.2593,0.3968,0.1779,0.3084,0.0614,0.4372,0.5197,0.50143,0.33867
True,30629,103821,Lipscomb,Bisons,0.1918,0.1488,0.6153,0.3452,0.4535,0.1849,0.3265,0.0527,0.5301,0.5588,0.4172,0.34407
False,30629,104001,North Florida,Ospreys,0.2373,0.1472,0.5881,0.3496,0.3711,0.1934,0.3139,0.1573,0.543,0.5108,0.29975,0.31919
True,30629,104293,Stetson,Hatters,0.2201,0.1306,0.6042,0.267,0.4174,0.2007,0.341,0.122,0.4677,0.524,0.41034,0.34932
True,30629,103743,Jacksonville,Dolphins,0.2428,0.1139,0.6049,0.3101,0.4394,0.2081,0.371,0.1659,0.5182,0.5385,0.31594,0.34694
False,30629,103821,Lipscomb,Bisons,0.2411,0.1437,0.5855,0.2693,0.4296,0.2014,0.3257,0.1214,0.4707,0.5188,0.40791,0.36716
False,33533,103315,Austin Peay,Governors,0.2289,0.1779,0.687,0.334,0.4587,0.2084,0.297,0.1052,0.5424,0.5993,0.35245,0.34358
False,33533,103743,Jacksonville,Dolphins,0.2066,0.1249,0.6559,0.2563,0.3645,0.1288,0.2967,0.1326,0.3852,0.5585,0.48223,0.31711
False,33533,104293,Stetson,Hatters,0.2249,0.1478,0.6346,0.3331,0.4067,0.1714,0.3365,0.1189,0.5046,0.5572,0.37657,0.35964
True,33533,103743,Jacksonville,Dolphins,0.2315,0.106,0.6345,0.3134,0.4089,0.1336,0.3976,0.1672,0.447,0.567,0.38578,0.3413
True,33533,104001,North Florida,Ospreys,0.2033,0.1631,0.6335,0.3118,0.4014,0.1518,0.3714,0.0571,0.4635,0.5575,0.47933,0.36663
True,33533,103315,Austin Peay,Governors,0.2545,0.1356,0.6364,0.2494,0.3778,0.21,0.3424,0.1533,0.4594,0.5182,0.38723,0.32357
True,33533,103821,Lipscomb,Bisons,0.2007,0.1639,0.6394,0.358,0.4451,0.1836,0.3789,0.0812,0.5416,0.5736,0.37721,0.35561
True,33533,104293,Stetson,Hatters,0.234,0.1329,0.6422,0.2978,0.3721,0.1447,0.412,0.1211,0.4425,0.5539,0.43634,0.38946
True,33533,104117,Queens (NC),Royals,0.2311,0.1674,0.622,0.3171,0.4224,0.176,0.2769,0.0658,0.4932,0.5508,0.44107,0.34977
False,33533,104001,North Florida,Ospreys,0.2323,0.1508,0.6168,0.3633,0.3973,0.1871,0.3962,0.1587,0.5504,0.5422,0.29092,0.35163
False,33533,104117,Queens (NC),Royals,0.2511,0.1577,0.6463,0.3325,0.3881,0.1752,0.387,0.1295,0.5077,0.5572,0.36278,0.3461
False,33533,103821,Lipscomb,Bisons,0.2099,0.1247,0.5865,0.2999,0.3887,0.1843,0.4016,0.123,0.4842,0.5112,0.39279,0.33333
False,36046,104001,North Florida,Ospreys,0.2206,0.1593,0.5928,0.341,0.448,0.2322,0.4009,0.1217,0.5732,0.5341,0.30509,0.34271
True,36046,103821,Lipscomb,Bisons,0.1853,0.1642,0.6757,0.3407,0.4567,0.1542,0.3881,0.1033,0.4949,0.6075,0.40185,0.3798
False,36046,103743,Jacksonville,Dolphins,0.2588,0.1775,0.6321,0.315,0.3252,0.1609,0.3807,0.1226,0.4758,0.5284,0.40157,0.34734
True,36046,104117,Queens (NC),Royals,0.2403,0.2094,0.6024,0.3146,0.4333,0.2148,0.3443,0.0582,0.5294,0.5338,0.41241,0.34028
True,36046,104001,North Florida,Ospreys,0.2347,0.1358,0.6519,0.2546,0.4317,0.1493,0.3158,0.0408,0.4039,0.5705,0.55532,0.3617
False,36046,103821,Lipscomb,Bisons,0.2207,0.133,0.6273,0.3022,0.4028,0.2119,0.4622,0.1117,0.5141,0.5347,0.37419,0.35544
True,36046,103743,Jacksonville,Dolphins,0.2896,0.1478,0.6154,0.3416,0.3798,0.1807,0.3142,0.1399,0.5223,0.5339,0.3378,0.32857
False,36046,103315,Austin Peay,Governors,0.2418,0.1485,0.7054,0.271,0.4547,0.2359,0.3619,0.1307,0.5069,0.5888,0.36248,0.32258
False,36046,104293,Stetson,Hatters,0.2504,0.1575,0.6312,0.2601,0.4462,0.2574,0.3408,0.1029,0.5175,0.5392,0.37961,0.33536
False,36046,104117,Queens (NC),Royals,0.2491,0.1642,0.6517,0.3177,0.4633,0.208,0.3922,0.0973,0.5258,0.5771,0.37691,0.34051
True,36046,104293,Stetson,Hatters,0.2223,0.1413,0.6335,0.2353,0.4816,0.2377,0.4267,0.1096,0.473,0.5572,0.41744,0.36523
True,36046,103315,Austin Peay,Governors,0.267,0.1118,0.6035,0.2432,0.4167,0.228,0.448,0.1644,0.4713,0.5131,0.36437,0.36115
False,38409,104444,West Ga.,Wolves,0.2253,0.171,0.6826,0.3185,0.429,0.1829,0.3826,0.0649,0.5014,0.5901,0.43365,0.36068
True,38409,104001,North Florida,Ospreys,0.2465,0.1715,0.639,0.2555,0.4553,0.1788,0.2727,0.0259,0.4344,0.5634,0.53976,0.35658
False,38409,104293,Stetson,Hatters,0.2567,0.1724,0.6149,0.3296,0.416,0.1694,0.3511,0.0907,0.499,0.5474,0.41023,0.36118
True,38409,104444,West Ga.,Wolves,0.2338,0.1453,0.6165,0.3344,0.3912,0.2338,0.3512,0.131,0.5682,0.5238,0.30087,0.30216
False,38409,103315,Austin Peay,Governors,0.2205,0.1644,0.6312,0.3326,0.4193,0.2389,0.2903,0.0664,0.5715,0.5426,0.36208,0.37426
True,38409,104293,Stetson,Hatters,0.2143,0.1387,0.6362,0.3265,0.4011,0.1956,0.3,0.0994,0.5221,0.5481,0.37845,0.34015
True,38409,103743,Jacksonville,Dolphins,0.2585,0.1706,0.5866,0.3322,0.4029,0.2105,0.3333,0.1196,0.5427,0.5153,0.33771,0.36024
False,38409,103743,Jacksonville,Dolphins,0.2361,0.1611,0.6216,0.3344,0.3775,0.1887,0.3333,0.0973,0.5231,0.5335,0.37959,0.34594
False,38409,104001,North Florida,Ospreys,0.1983,0.1458,0.6301,0.3626,0.4544,0.2545,0.4074,0.0768,0.6171,0.5576,0.30616,0.3452
True,38409,103821,Lipscomb,Bisons,0.1863,0.1487,0.688,0.315,0.4086,0.1371,0.3907,0.0742,0.4521,0.6033,0.47371,0.35685
True,38409,103315,Austin Peay,Governors,0.2678,0.1291,0.5584,0.3202,0.3955,0.203,0.3209,0.0677,0.5232,0.4952,0.40909,0.34568
True,38409,104117,Queens (NC),Royals,0.2387,0.1676,0.6514,0.3153,0.3827,0.2117,0.2951,0.0294,0.527,0.5435,0.44359,0.35
False,38409,103821,Lipscomb,Bisons,0.2358,0.1234,0.6198,0.2933,0.4009,0.2081,0.367,0.1251,0.5014,0.529,0.37348,0.30991
False,38409,104117,Queens (NC),Royals,0.2474,0.158,0.6136,0.3209,0.4174,0.2177,0.3594,0.0909,0.5386,0.5343,0.37056,0.341
True,41097,103315,Austin Peay,Governors,0.2429,0.1844,0.6197,0.3267,0.4818,0.2201,0.314,0.0648,0.5469,0.5642,0.38832,0.35862
True,41097,103821,Lipscomb,Bisons,0.2286,0.1934,0.6474,0.3507,0.3661,0.1287,0.3377,0.039,0.4795,0.5719,0.4815,0.36211
False,41097,103743,Jacksonville,Dolphins,0.2507,0.1595,0.644,0.3487,0.4229,0.2021,0.3916,0.0958,0.5508,0.5629,0.35335,0.34314
False,41097,104001,North Florida,Ospreys,0.2261,0.1722,0.6567,0.3294,0.5011,0.2116,0.4345,0.0683,0.541,0.5958,0.39067,0.34982
False,41097,104444,West Ga.,Wolves,0.2419,0.1623,0.65,0.3696,0.413,0.1976,0.3051,0.0606,0.5672,0.5674,0.37218,0.33103
False,41097,103315,Austin Peay,Governors,0.2596,0.1494,0.6057,0.3302,0.4699,0.1839,0.3696,0.0765,0.5141,0.5571,0.40942,0.32476
False,41097,104293,Stetson,Hatters,0.2467,0.1552,0.6629,0.356,0.4444,0.1485,0.3895,0.086,0.5045,0.5986,0.4095,0.34432
True,41097,104001,North Florida,Ospreys,0.2537,0.1298,0.6301,0.2598,0.4537,0.1703,0.4435,0.0585,0.4301,0.5603,0.51144,0.35089
True,41097,104117,Queens (NC),Royals,0.2815,0.1604,0.662,0.3406,0.4925,0.1587,0.3286,0.0332,0.4993,0.6082,0.46755,0.35765
True,41097,104444,West Ga.,Wolves,0.2405,0.1451,0.6095,0.2907,0.4379,0.2345,0.3868,0.1417,0.5252,0.5329,0.33317,0.3363
False,41097,103821,Lipscomb,Bisons,0.2196,0.1384,0.6449,0.3292,0.4519,0.1759,0.2811,0.0949,0.5051,0.5777,0.4,0.33846
True,41097,104293,Stetson,Hatters,0.2296,0.1366,0.6252,0.2966,0.4861,0.1539,0.3297,0.0989,0.4506,0.5777,0.45056,0.36299
True,41097,103743,Jacksonville,Dolphins,0.2978,0.1341,0.6374,0.329,0.4062,0.177,0.4292,0.1155,0.506,0.5565,0.37854,0.32662
False,41097,104117,Queens (NC),Royals,0.27,0.1372,0.6285,0.3624,0.4373,0.1523,0.3769,0.0927,0.5147,0.5719,0.39264,0.36062
False,30629,103506,Cornell,Big Red,0.2557,0.1559,0.6441,0.3151,0.3213,0.1475,0.375,0.1015,0.4626,0.5411,0.43591,0.31394
False,36046,103506,Cornell,Big Red,0.2229,0.1472,0.6019,0.3067,0.453,0.1741,0.3408,0.1046,0.4807,0.548,0.41472,0.34225
False,41097,103506,Cornell,Big Red,0.2398,0.1515,0.6528,0.3617,0.3705,0.1609,0.4099,0.0932,0.5226,0.5659,0.38426,0.37199
False,33533,103506,Cornell,Big Red,0.243,0.1595,0.6448,0.3068,0.4935,0.1887,0.3631,0.1089,0.4954,0.5872,0.39562,0.35538
False,38409,103506,Cornell,Big Red,0.2314,0.1528,0.6184,0.3471,0.4218,0.1518,0.335,0.112,0.4989,0.5586,0.38907,0.34043
True,30629,103506,Cornell,Big Red,0.2602,0.2775,0.6602,0.3549,0.3989,0.1261,0.3333,0.0558,0.481,0.5917,0.46313,0.3497
True,33533,103506,Cornell,Big Red,0.2325,0.2365,0.6964,0.29,0.4774,0.1651,0.2917,0.0552,0.4551,0.6169,0.48964,0.35253
True,41097,103506,Cornell,Big Red,0.2684,0.1891,0.69,0.3255,0.4352,0.11,0.4265,0.0388,0.4356,0.6257,0.52566,0.39262
True,36046,103506,Cornell,Big Red,0.2628,0.2399,0.6987,0.316,0.5109,0.1612,0.375,0.0327,0.4772,0.6353,0.49007,0.35161
True,38409,103506,Cornell,Big Red,0.2304,0.1968,0.7085,0.3605,0.4192,0.1119,0.3768,0.039,0.4723,0.64,0.4887,0.37572
True,30629,103520,Dartmouth,Big Green,0.2427,0.1454,0.5651,0.3226,0.4202,0.1339,0.2791,0.0919,0.4566,0.5226,0.45157,0.33754
False,30629,103520,Dartmouth,Big Green,0.2352,0.1471,0.594,0.3495,0.4381,0.1688,0.3129,0.1098,0.5183,0.5432,0.37192,0.35743
False,41097,103520,Dartmouth,Big Green,0.2619,0.132,0.6318,0.3417,0.3737,0.1676,0.3694,0.0936,0.5092,0.5468,0.39714,0.33784
False,38409,103520,Dartmouth,Big Green,0.2435,0.1487,0.5942,0.3507,0.4164,0.1776,0.3713,0.0936,0.5283,0.5345,0.37815,0.2963
True,36046,103520,Dartmouth,Big Green,0.2123,0.1106,0.5778,0.2619,0.4331,0.217,0.375,0.0885,0.4789,0.5123,0.43262,0.30511
True,41097,103520,Dartmouth,Big Green,0.2334,0.182,0.6304,0.2875,0.3822,0.1467,0.3478,0.075,0.4342,0.5465,0.49087,0.36122
False,36046,103520,Dartmouth,Big Green,0.2447,0.1395,0.6069,0.2923,0.4704,0.1812,0.3602,0.1016,0.4735,0.5547,0.42487,0.36404
True,33533,103520,Dartmouth,Big Green,0.2413,0.1317,0.6316,0.2688,0.4665,0.2202,0.3333,0.0886,0.4889,0.5572,0.42251,0.33188
False,33533,103520,Dartmouth,Big Green,0.2438,0.1647,0.5809,0.2888,0.4455,0.2475,0.4124,0.1162,0.5362,0.5184,0.34751,0.33103
True,38409,103520,Dartmouth,Big Green,0.2102,0.1854,0.6167,0.3082,0.3784,0.1515,0.3445,0.0696,0.4596,0.5382,0.47076,0.3528
True,30629,103682,Harvard,Crimson,0.2398,0.1389,0.5972,0.3287,0.3165,0.1231,0.5,0.1277,0.4517,0.5207,0.42056,0.34074
False,30629,103682,Harvard,Crimson,0.2385,0.1561,0.617,0.3214,0.4217,0.1419,0.3333,0.1179,0.4632,0.5572,0.4188,0.39184
False,36046,103682,Harvard,Crimson,0.2501,0.1255,0.5755,0.3617,0.3648,0.1398,0.3197,0.0882,0.5015,0.5167,0.41032,0.33772
False,33533,103682,Harvard,Crimson,0.2493,0.1359,0.5967,0.348,0.3828,0.1656,0.3176,0.0957,0.5136,0.5277,0.39069,0.32119
False,38409,103682,Harvard,Crimson,0.2106,0.1321,0.6089,0.3529,0.5,0.1865,0.2979,0.0888,0.5394,0.5713,0.37177,0.33559
True,38409,103682,Harvard,Crimson,0.2156,0.1277,0.627,0.3185,0.3824,0.1332,0.4279,0.1495,0.4517,0.5549,0.39883,0.32242
True,33533,103682,Harvard,Crimson,0.2167,0.1508,0.6061,0.387,0.4146,0.1603,0.304,0.0814,0.5472,0.55,0.37134,0.30877
True,36046,103682,Harvard,Crimson,0.2209,0.1439,0.5825,0.3997,0.3497,0.1075,0.3642,0.0996,0.5073,0.5332,0.39314,0.33557
True,41097,103682,Harvard,Crimson,0.2143,0.1195,0.6793,0.2977,0.4077,0.1803,0.399,0.1212,0.478,0.5769,0.40075,0.34639
False,41097,103682,Harvard,Crimson,0.2246,0.1187,0.5778,0.3167,0.4844,0.1972,0.3506,0.0949,0.5139,0.542,0.39125,0.31654
True,30629,104074,Penn,Quakers,0.2483,0.1216,0.6036,0.3218,0.4513,0.1974,0.3415,0.0788,0.5192,0.5457,0.40192,0.33971
True,38409,104074,Penn,Quakers,0.2301,0.1163,0.5866,0.3511,0.3694,0.1407,0.3039,0.0646,0.4918,0.5245,0.4436,0.32571
False,30629,104074,Penn,Quakers,0.2114,0.1513,0.5933,0.359,0.4486,0.1353,0.3781,0.1271,0.4943,0.5537,0.37863,0.34725
False,38409,104074,Penn,Quakers,0.2268,0.1416,0.5925,0.3386,0.4389,0.1578,0.3476,0.1127,0.4964,0.5437,0.39096,0.37596
True,36046,104074,Penn,Quakers,0.2235,0.1097,0.603,0.3498,0.38,0.1453,0.4034,0.0691,0.4951,0.5376,0.43579,0.36667
False,41097,104074,Penn,Quakers,0.2715,0.1465,0.632,0.3687,0.3953,0.1647,0.3871,0.0678,0.5334,0.559,0.3988,0.32236
True,33533,104074,Penn,Quakers,0.267,0.1155,0.63,0.3276,0.4083,0.1933,0.4313,0.0915,0.5209,0.5477,0.38765,0.35988
False,36046,104074,Penn,Quakers,0.2235,0.1469,0.6374,0.3045,0.408,0.1453,0.392,0.1156,0.4497,0.5633,0.43463,0.35829
False,33533,104074,Penn,Quakers,0.2222,0.1388,0.5851,0.3181,0.3898,0.1403,0.3389,0.0994,0.4583,0.5253,0.4423,0.32459
True,41097,104074,Penn,Quakers,0.2448,0.1626,0.5666,0.3282,0.3953,0.1638,0.3546,0.1561,0.492,0.5096,0.35196,0.38208
False,27693,103900,Miami (OH),RedHawks,0.2465,0.1487,0.6417,0.2931,0.3865,0.1622,0.3631,0.1317,0.4553,0.5508,0.41301,0.36053
True,27693,103900,Miami (OH),RedHawks,0.2547,0.1261,0.5783,0.2661,0.4341,0.1554,0.3927,0.1873,0.4215,0.5252,0.39121,0.35659
False,27693,103266,Akron,Zips,0.2632,0.1513,0.6209,0.2941,0.4064,0.2383,0.373,0.1289,0.5324,0.5249,0.33868,0.3107
True,27693,103266,Akron,Zips,0.2576,0.1686,0.6457,0.2693,0.483,0.1873,0.3162,0.0827,0.4565,0.5789,0.46078,0.33282
False,27693,103763,Kent St.,Golden Flashes,0.2438,0.1682,0.6273,0.2751,0.3682,0.1863,0.3112,0.1415,0.4614,0.5227,0.39711,0.34545
True,27693,103763,Kent St.,Golden Flashes,0.2438,0.1598,0.6524,0.3254,0.3868,0.1697,0.3333,0.1089,0.4951,0.5614,0.39595,0.32628
True,27693,103435,Central Mich.,Chippewas,0.2345,0.2517,0.5905,0.386,0.3731,0.1835,0.3986,0.1044,0.5695,0.5204,0.32604,0.329
False,27693,103435,Central Mich.,Chippewas,0.2629,0.1943,0.628,0.3465,0.3894,0.1542,0.4,0.1023,0.5007,0.5545,0.397,0.34536
True,27693,104334,Toledo,Rockets,0.2191,0.175,0.6629,0.2977,0.3976,0.1416,0.3041,0.1081,0.4392,0.5774,0.45262,0.37438
False,27693,104334,Toledo,Rockets,0.2545,0.1663,0.6003,0.3475,0.4106,0.1432,0.3547,0.1106,0.4907,0.545,0.39869,0.29645
False,30629,103435,Central Mich.,Chippewas,0.252,0.1618,0.7102,0.2574,0.4298,0.2027,0.3382,0.1162,0.4601,0.5866,0.42369,0.34812
True,30629,103435,Central Mich.,Chippewas,0.2933,0.1509,0.623,0.2205,0.3714,0.2064,0.339,0.1722,0.4269,0.5014,0.40094,0.34118
False,30629,103266,Akron,Zips,0.2989,0.1359,0.5816,0.3102,0.3873,0.1863,0.3201,0.1497,0.4965,0.5087,0.3538,0.34247
True,30629,103266,Akron,Zips,0.2492,0.141,0.6717,0.2963,0.4167,0.1601,0.3652,0.1278,0.4564,0.5822,0.41579,0.35428
True,30629,103900,Miami (OH),RedHawks,0.2345,0.1333,0.6389,0.2308,0.47,0.1601,0.3785,0.1828,0.3909,0.5698,0.42626,0.34597
False,30629,103900,Miami (OH),RedHawks,0.24,0.1456,0.6642,0.2847,0.4,0.1726,0.34,0.1328,0.4572,0.5645,0.40998,0.34715
False,30629,103763,Kent St.,Golden Flashes,0.2592,0.1561,0.6643,0.2275,0.3673,0.1768,0.3737,0.1577,0.4043,0.5344,0.43808,0.31258
True,30629,103763,Kent St.,Golden Flashes,0.2743,0.1418,0.6372,0.2697,0.4387,0.19,0.3764,0.1403,0.4596,0.5552,0.4001,0.33247
True,30629,104334,Toledo,Rockets,0.2181,0.1833,0.6292,0.3775,0.4203,0.1715,0.4266,0.1381,0.549,0.5639,0.31291,0.35392
False,30629,104334,Toledo,Rockets,0.239,0.1592,0.5735,0.3166,0.3377,0.1406,0.3709,0.128,0.4572,0.501,0.4148,0.3064
False,33533,103435,Central Mich.,Chippewas,0.293,0.1877,0.6144,0.3409,0.3162,0.1332,0.383,0.107,0.4741,0.5306,0.4189,0.34647
True,33533,103435,Central Mich.,Chippewas,0.2906,0.1469,0.6333,0.3134,0.3666,0.1842,0.2938,0.125,0.4976,0.5345,0.37737,0.29984
False,33533,103900,Miami (OH),RedHawks,0.2549,0.1592,0.6515,0.3139,0.4537,0.1781,0.3566,0.1418,0.492,0.5799,0.36614,0.34384
True,33533,103900,Miami (OH),RedHawks,0.2668,0.1125,0.6537,0.3115,0.4216,0.158,0.3904,0.1255,0.4695,0.5756,0.40506,0.33967
False,33533,103266,Akron,Zips,0.2779,0.1506,0.6193,0.2819,0.381,0.2018,0.3423,0.1591,0.4837,0.5199,0.35718,0.3423
True,33533,103266,Akron,Zips,0.2418,0.1577,0.62,0.3008,0.4205,0.1855,0.3231,0.0685,0.4863,0.5439,0.44521,0.35503
False,33533,103763,Kent St.,Golden Flashes,0.2693,0.1454,0.5795,0.3047,0.3805,0.1656,0.3138,0.1245,0.4703,0.5094,0.40521,0.31105
True,33533,103763,Kent St.,Golden Flashes,0.2752,0.1498,0.6446,0.3055,0.4073,0.1673,0.3882,0.1429,0.4727,0.5606,0.3844,0.33619
False,33533,104334,Toledo,Rockets,0.2682,0.156,0.6165,0.3308,0.4425,0.1635,0.3657,0.1259,0.4944,0.5589,0.3797,0.3651
True,33533,104334,Toledo,Rockets,0.2323,0.1704,0.6707,0.3096,0.4559,0.1857,0.414,0.1469,0.4953,0.5902,0.35781,0.39477
False,36046,103435,Central Mich.,Chippewas,0.2317,0.138,0.6134,0.2808,0.3491,0.2093,0.3553,0.1028,0.4901,0.5005,0.4071,0.31282
True,36046,103435,Central Mich.,Chippewas,0.2466,0.1574,0.616,0.2867,0.3833,0.2484,0.3692,0.1138,0.5351,0.508,0.35106,0.30303
True,36046,103900,Miami (OH),RedHawks,0.2557,0.133,0.6098,0.3158,0.3934,0.1509,0.3469,0.136,0.4667,0.5398,0.39734,0.36173
False,36046,103900,Miami (OH),RedHawks,0.259,0.1539,0.6203,0.3155,0.3837,0.184,0.3518,0.1353,0.4995,0.5332,0.36524,0.31186
False,36046,104334,Toledo,Rockets,0.2595,0.1561,0.6552,0.3494,0.4756,0.1828,0.388,0.0959,0.5322,0.5935,0.37192,0.34085
True,36046,104334,Toledo,Rockets,0.224,0.1868,0.6048,0.3494,0.4614,0.2352,0.3865,0.1303,0.5846,0.5471,0.28505,0.37705
True,36046,103763,Kent St.,Golden Flashes,0.2656,0.1365,0.5977,0.3403,0.3983,0.1731,0.3057,0.0957,0.5134,0.5304,0.39087,0.35787
False,36046,103763,Kent St.,Golden Flashes,0.2573,0.1496,0.6079,0.3461,0.4272,0.1662,0.4,0.0894,0.5124,0.5493,0.39821,0.32629
True,36046,103266,Akron,Zips,0.2525,0.1462,0.6586,0.2671,0.4741,0.2101,0.4115,0.0951,0.4772,0.5774,0.42765,0.32445
False,36046,103266,Akron,Zips,0.2595,0.1541,0.6495,0.2746,0.3978,0.2242,0.3828,0.129,0.4987,0.5364,0.37229,0.30311
True,38409,103435,Central Mich.,Chippewas,0.2407,0.1837,0.6743,0.3381,0.4072,0.2147,0.3384,0.1096,0.5529,0.5706,0.33758,0.32459
False,38409,103435,Central Mich.,Chippewas,0.2656,0.1525,0.6528,0.291,0.3759,0.1593,0.3349,0.1148,0.4503,0.5549,0.43493,0.33712
False,38409,104334,Toledo,Rockets,0.27,0.158,0.6197,0.3518,0.493,0.1769,0.4031,0.0946,0.5287,0.5773,0.37661,0.38026
True,38409,104334,Toledo,Rockets,0.2315,0.1481,0.6099,0.3403,0.4548,0.1862,0.4031,0.1892,0.5265,0.555,0.2843,0.33624
False,38409,103900,Miami (OH),RedHawks,0.2371,0.1509,0.6359,0.3206,0.4195,0.1774,0.2979,0.0958,0.498,0.5589,0.40622,0.34128
True,38409,103900,Miami (OH),RedHawks,0.2544,0.1553,0.6639,0.2937,0.4407,0.132,0.3985,0.1276,0.4257,0.5947,0.44673,0.39716
True,38409,103763,Kent St.,Golden Flashes,0.273,0.132,0.6351,0.2613,0.4596,0.2384,0.3214,0.1284,0.4998,0.5514,0.37185,0.31936
False,38409,103763,Kent St.,Golden Flashes,0.2525,0.1576,0.6282,0.2419,0.434,0.2424,0.3198,0.1001,0.4842,0.531,0.41565,0.31418
False,38409,103266,Akron,Zips,0.2315,0.1719,0.6188,0.2966,0.4213,0.1914,0.3594,0.1302,0.488,0.5413,0.38184,0.31917
True,38409,103266,Akron,Zips,0.2495,0.1911,0.6923,0.2934,0.4197,0.1571,0.3725,0.0903,0.4504,0.5972,0.45929,0.36224
True,41097,103435,Central Mich.,Chippewas,0.2595,0.1603,0.6304,0.3233,0.4798,0.2211,0.3876,0.1167,0.5444,0.5692,0.33892,0.33114
False,41097,103435,Central Mich.,Chippewas,0.2481,0.1733,0.6517,0.3694,0.3759,0.152,0.359,0.0865,0.5214,0.5713,0.39212,0.34229
True,41097,104334,Toledo,Rockets,0.216,0.1852,0.6493,0.3215,0.4625,0.2428,0.4468,0.1128,0.5643,0.5689,0.32294,0.36553
False,41097,104334,Toledo,Rockets,0.2391,0.1647,0.6465,0.3483,0.4789,0.1701,0.3276,0.0834,0.5184,0.5915,0.39818,0.33935
True,41097,103876,Massachusetts,Minutemen,0.2918,0.1602,0.6161,0.3804,0.4184,0.1663,0.4286,0.1001,0.5466,0.556,0.35323,0.34637
False,41097,103876,Massachusetts,Minutemen,0.2663,0.1707,0.6375,0.3519,0.4321,0.1292,0.3706,0.0904,0.4811,0.5823,0.4285,0.32382
False,41097,103900,Miami (OH),RedHawks,0.27,0.1305,0.6226,0.3178,0.4181,0.1874,0.3436,0.1223,0.5052,0.5467,0.37252,0.32573
True,41097,103900,Miami (OH),RedHawks,0.2251,0.1515,0.7256,0.3488,0.4706,0.1174,0.4214,0.0784,0.4662,0.6614,0.45535,0.38678
False,41097,103763,Kent St.,Golden Flashes,0.2867,0.1678,0.619,0.2617,0.4381,0.1937,0.364,0.1093,0.4554,0.5421,0.43528,0.34361
True,41097,103763,Kent St.,Golden Flashes,0.2716,0.1872,0.6478,0.2871,0.4146,0.176,0.3386,0.0901,0.463,0.5592,0.44683,0.35432
True,41097,103266,Akron,Zips,0.2235,0.1974,0.7118,0.3318,0.4452,0.1392,0.4167,0.0808,0.471,0.633,0.44814,0.37675
False,41097,103266,Akron,Zips,0.2227,0.152,0.605,0.2821,0.3797,0.1758,0.3333,0.103,0.4579,0.5185,0.43912,0.35332
True,27693,104233,South Dakota St.,Jackrabbits,0.2283,0.1623,0.6262,0.328,0.5153,0.2596,0.3721,0.0685,0.5876,0.5772,0.34395,0.38889
False,30629,104288,St. Thomas (MN),Tommies,0.234,0.1251,0.666,0.2938,0.4937,0.1902,0.4153,0.1102,0.484,0.5983,0.40578,0.38131
True,33533,104452,Western Ill.,Leathernecks,0.2132,0.133,0.6315,0.3185,0.4597,0.2194,0.3522,0.0906,0.5379,0.5614,0.37151,0.32055
False,33533,104452,Western Ill.,Leathernecks,0.2668,0.1563,0.6507,0.3165,0.4303,0.2256,0.3982,0.1268,0.5421,0.559,0.33109,0.32542
False,30629,104231,South Dakota,Coyotes,0.286,0.1393,0.6449,0.2413,0.4575,0.2471,0.3542,0.1399,0.4883,0.5501,0.37179,0.36207
True,33533,104366,Kansas City,Roos,0.2829,0.1172,0.5864,0.2636,0.3911,0.2191,0.3151,0.1584,0.4826,0.4978,0.359,0.28399
False,33533,104366,Kansas City,Roos,0.2534,0.1611,0.6128,0.2613,0.4037,0.2191,0.3186,0.1179,0.4803,0.5174,0.40173,0.34388
True,36046,104288,St. Thomas (MN),Tommies,0.2502,0.1405,0.6555,0.3438,0.4152,0.1584,0.3671,0.0433,0.5022,0.5797,0.4545,0.36068
True,30629,104366,Kansas City,Roos,0.2967,0.1444,0.6356,0.3177,0.482,0.2332,0.3716,0.1023,0.5509,0.5706,0.34676,0.3629
False,30629,103999,North Dakota,Fighting Hawks,0.2738,0.1512,0.6528,0.3238,0.4737,0.2044,0.4272,0.1108,0.5282,0.5835,0.36095,0.36811
True,38409,104366,Kansas City,Roos,0.2589,0.1444,0.6506,0.2292,0.4193,0.2023,0.3504,0.1233,0.4315,0.5421,0.44521,0.3432
False,38409,104366,Kansas City,Roos,0.2655,0.1533,0.6429,0.3042,0.3818,0.1838,0.408,0.0969,0.488,0.5445,0.41504,0.30872
True,41097,104233,South Dakota St.,Jackrabbits,0.2504,0.1251,0.643,0.3107,0.4185,0.2161,0.4314,0.0804,0.5268,0.5509,0.39274,0.34404
False,36046,104366,Kansas City,Roos,0.2591,0.158,0.5911,0.3155,0.4186,0.2018,0.4301,0.1091,0.5173,0.5238,0.37361,0.32025
False,36046,103999,North Dakota,Fighting Hawks,0.257,0.1596,0.5837,0.3415,0.46,0.2138,0.398,0.1048,0.5553,0.5361,0.33993,0.33648
True,36046,103999,North Dakota,Fighting Hawks,0.2267,0.1361,0.6163,0.349,0.4375,0.1737,0.2627,0.061,0.5228,0.5569,0.41624,0.32795
False,33533,104233,South Dakota St.,Jackrabbits,0.2475,0.1143,0.6188,0.2553,0.4691,0.2064,0.3811,0.1298,0.4617,0.5518,0.40851,0.33073
True,33533,104233,South Dakota St.,Jackrabbits,0.2121,0.131,0.665,0.2266,0.4507,0.2643,0.3607,0.1213,0.4909,0.5497,0.38781,0.35143
True,33533,104288,St. Thomas (MN),Tommies,0.2649,0.1285,0.6151,0.2522,0.486,0.2269,0.331,0.0749,0.4792,0.554,0.44591,0.35148
False,33533,104288,St. Thomas (MN),Tommies,0.2598,0.1287,0.6819,0.2846,0.4103,0.2325,0.3609,0.1247,0.5171,0.5597,0.35827,0.33585
True,38409,104233,South Dakota St.,Jackrabbits,0.2369,0.1416,0.6667,0.3191,0.4459,0.2003,0.3643,0.0723,0.5194,0.5815,0.40836,0.35019
False,41097,104366,Kansas City,Roos,0.2475,0.1896,0.6631,0.3303,0.4548,0.1911,0.3989,0.093,0.5213,0.5867,0.38567,0.36364
True,41097,104366,Kansas City,Roos,0.2302,0.168,0.5812,0.2722,0.4165,0.252,0.3582,0.1071,0.5242,0.502,0.36867,0.30058
False,36046,104231,South Dakota,Coyotes,0.2459,0.1298,0.6294,0.2773,0.4344,0.2365,0.3478,0.1003,0.5138,0.5396,0.38585,0.3593
False,33533,103999,North Dakota,Fighting Hawks,0.2551,0.1535,0.6384,0.3506,0.4239,0.2059,0.378,0.1263,0.5565,0.559,0.31725,0.35113
True,36046,104233,South Dakota St.,Jackrabbits,0.2088,0.1415,0.6858,0.3091,0.4342,0.2104,0.4315,0.0762,0.5196,0.5839,0.40418,0.36176
False,41097,104231,South Dakota,Coyotes,0.2888,0.1651,0.6527,0.3645,0.4718,0.2252,0.4058,0.1052,0.5897,0.5836,0.30503,0.33667
True,41097,104231,South Dakota,Coyotes,0.2177,0.154,0.6301,0.3526,0.3787,0.1988,0.3851,0.0923,0.5514,0.5394,0.35631,0.33185
True,38409,103999,North Dakota,Fighting Hawks,0.2408,0.1206,0.577,0.3577,0.4107,0.1624,0.3889,0.0783,0.5201,0.5251,0.40164,0.32611
False,38409,103999,North Dakota,Fighting Hawks,0.2658,0.1655,0.6554,0.3289,0.4561,0.1731,0.3529,0.0946,0.502,0.5867,0.40334,0.36136
False,30629,104452,Western Ill.,Leathernecks,0.2639,0.1685,0.6243,0.2828,0.4545,0.2406,0.3755,0.1443,0.5234,0.5463,0.33229,0.37147
False,38409,104288,St. Thomas (MN),Tommies,0.2581,0.1415,0.6179,0.3252,0.3913,0.1646,0.3622,0.0946,0.4898,0.5418,0.41564,0.35178
False,41097,104288,St. Thomas (MN),Tommies,0.2557,0.1243,0.596,0.3512,0.4078,0.1533,0.3704,0.0804,0.5045,0.5388,0.41518,0.30944
True,41097,104288,St. Thomas (MN),Tommies,0.2283,0.1741,0.6909,0.412,0.4335,0.103,0.4118,0.0259,0.515,0.6394,0.45916,0.36133
False,41097,103999,North Dakota,Fighting Hawks,0.2656,0.1505,0.6344,0.3619,0.4686,0.1417,0.4077,0.068,0.5037,0.5877,0.42835,0.36142
True,38409,104231,South Dakota,Coyotes,0.2543,0.1989,0.6262,0.384,0.372,0.1597,0.3691,0.0708,0.5437,0.5516,0.38546,0.32059
False,38409,104231,South Dakota,Coyotes,0.2833,0.1693,0.6645,0.3719,0.3533,0.159,0.3374,0.0776,0.531,0.5713,0.39143,0.35036
False,30629,104233,South Dakota St.,Jackrabbits,0.2533,0.1157,0.6234,0.2578,0.4435,0.223,0.2954,0.1085,0.4808,0.54,0.41071,0.3534
True,30629,104233,South Dakota St.,Jackrabbits,0.2172,0.1752,0.6737,0.3185,0.4852,0.2281,0.3835,0.0996,0.5466,0.595,0.35379,0.44536
True,33533,104231,South Dakota,Coyotes,0.2629,0.1121,0.5879,0.2245,0.4044,0.2404,0.342,0.1361,0.4649,0.493,0.39894,0.39439
True,30629,103999,North Dakota,Fighting Hawks,0.2535,0.1436,0.5816,0.2615,0.3562,0.2073,0.2963,0.0886,0.4688,0.4819,0.44256,0.34363
True,27693,103999,North Dakota,Fighting Hawks,0.246,0.1452,0.625,0.2857,0.3561,0.1986,0.3672,0.1264,0.4843,0.5147,0.38929,0.33578
True,30629,104288,St. Thomas (MN),Tommies,0.2588,0.1367,0.6429,0.27,0.3768,0.1565,0.4231,0.0573,0.4264,0.5452,0.51625,0.35646
True,27693,104452,Western Ill.,Leathernecks,0.2799,0.1338,0.5756,0.2766,0.3765,0.2377,0.3293,0.1203,0.5143,0.4836,0.36537,0.31526
False,27693,104231,South Dakota,Coyotes,0.2716,0.1412,0.5993,0.1993,0.4334,0.2614,0.3493,0.1427,0.4608,0.5052,0.39659,0.34768
False,27693,104233,South Dakota St.,Jackrabbits,0.2716,0.1202,0.6125,0.2188,0.4364,0.2203,0.4067,0.1582,0.4391,0.5241,0.40273,0.3515
True,30629,104231,South Dakota,Coyotes,0.2656,0.1032,0.6275,0.2293,0.4895,0.2951,0.3725,0.1433,0.5245,0.5498,0.33221,0.37394
True,41097,103999,North Dakota,Fighting Hawks,0.2905,0.1359,0.6022,0.3442,0.398,0.1898,0.3284,0.0633,0.534,0.5296,0.40274,0.33177
True,30629,104452,Western Ill.,Leathernecks,0.2422,0.1188,0.6159,0.2695,0.4652,0.2173,0.3052,0.104,0.4868,0.5486,0.40918,0.33055
False,27693,104366,Kansas City,Roos,0.2499,0.1522,0.6475,0.2639,0.4615,0.2209,0.2722,0.1413,0.4848,0.5627,0.37388,0.32536
False,36046,104288,St. Thomas (MN),Tommies,0.256,0.1284,0.6453,0.3049,0.4294,0.1916,0.3472,0.111,0.4965,0.562,0.39241,0.32991
False,38409,104233,South Dakota St.,Jackrabbits,0.2584,0.1301,0.6413,0.218,0.4396,0.1885,0.376,0.1253,0.4065,0.5478,0.46815,0.33186
True,33533,103999,North Dakota,Fighting Hawks,0.2344,0.1301,0.6268,0.3183,0.3612,0.1537,0.3648,0.0817,0.472,0.5403,0.44627,0.35023
True,38409,104288,St. Thomas (MN),Tommies,0.2628,0.1374,0.645,0.3651,0.4694,0.1483,0.3265,0.0247,0.5134,0.5943,0.46193,0.38755
True,27693,104231,South Dakota,Coyotes,0.2716,0.1124,0.5754,0.1981,0.5402,0.2766,0.3921,0.1932,0.4746,0.5549,0.33218,0.38912
True,27693,104366,Kansas City,Roos,0.3341,0.129,0.6815,0.3475,0.4532,0.2562,0.3524,0.0813,0.6037,0.5846,0.31502,0.36609
False,27693,103999,North Dakota,Fighting Hawks,0.263,0.1424,0.613,0.3274,0.4226,0.2301,0.3953,0.1178,0.5575,0.5344,0.32466,0.3903
False,41097,104233,South Dakota St.,Jackrabbits,0.2546,0.1365,0.6348,0.2556,0.4024,0.1807,0.4024,0.0917,0.4362,0.5386,0.47206,0.33908
True,36046,104366,Kansas City,Roos,0.2918,0.1304,0.6441,0.248,0.4309,0.1902,0.3256,0.1356,0.4383,0.5516,0.42617,0.33169
True,36046,104231,South Dakota,Coyotes,0.2297,0.1388,0.6034,0.2777,0.4436,0.2777,0.3661,0.0955,0.5553,0.5235,0.34916,0.37519
False,27693,104452,Western Ill.,Leathernecks,0.2825,0.1776,0.5881,0.3134,0.4599,0.2131,0.426,0.1314,0.5264,0.5362,0.34215,0.39318
False,36046,104233,South Dakota St.,Jackrabbits,0.2534,0.1241,0.632,0.255,0.3365,0.1622,0.3395,0.1096,0.4171,0.5171,0.47323,0.34914
False,33533,104231,South Dakota,Coyotes,0.2477,0.1328,0.6275,0.252,0.4648,0.2264,0.3674,0.1223,0.4784,0.5505,0.39932,0.35185
False,30629,104366,Kansas City,Roos,0.2526,0.1184,0.6484,0.2746,0.4286,0.2502,0.3538,0.1223,0.5248,0.5436,0.35298,0.31794
True,27693,103984,New Mexico,Lobos,0.2604,0.1763,0.6764,0.2625,0.3639,0.2591,0.3333,0.181,0.5217,0.5212,0.29737,0.28286
False,27693,103984,New Mexico,Lobos,0.2647,0.1903,0.6396,0.2888,0.4525,0.1917,0.3175,0.1093,0.4805,0.565,0.41023,0.34461
False,27693,104199,San Diego St.,Aztecs,0.2814,0.1045,0.6667,0.1749,0.3239,0.1973,0.3384,0.1581,0.3722,0.485,0.46965,0.33673
False,27693,103979,Nevada,Wolf Pack,0.2912,0.1412,0.5863,0.253,0.4115,0.1574,0.3191,0.1416,0.4104,0.5193,0.44804,0.33109
True,27693,103979,Nevada,Wolf Pack,0.2906,0.1407,0.6163,0.2575,0.4651,0.1931,0.4057,0.1587,0.4506,0.5515,0.39072,0.34483
True,27693,104199,San Diego St.,Aztecs,0.2802,0.1512,0.6504,0.2509,0.4409,0.1826,0.3578,0.1467,0.4335,0.5622,0.41984,0.36986
False,30629,103979,Nevada,Wolf Pack,0.26,0.1341,0.616,0.2734,0.4065,0.152,0.4008,0.135,0.4254,0.5411,0.43958,0.35697
False,30629,104199,San Diego St.,Aztecs,0.2621,0.1125,0.5684,0.2491,0.3632,0.2233,0.3216,0.1498,0.4724,0.4714,0.37779,0.30016
False,30629,103984,New Mexico,Lobos,0.2521,0.1611,0.6378,0.3719,0.4119,0.177,0.3171,0.1083,0.5489,0.565,0.34284,0.32512
True,30629,103984,New Mexico,Lobos,0.2596,0.1531,0.6136,0.275,0.4104,0.1599,0.374,0.188,0.4349,0.5389,0.37708,0.34392
True,30629,103979,Nevada,Wolf Pack,0.2516,0.1589,0.6203,0.3096,0.4074,0.1814,0.4253,0.1461,0.491,0.5416,0.36282,0.33333
True,30629,104199,San Diego St.,Aztecs,0.2699,0.1467,0.6215,0.243,0.4055,0.2465,0.3567,0.2022,0.4895,0.5128,0.30835,0.35359
False,33533,103984,New Mexico,Lobos,0.2794,0.1321,0.6093,0.3071,0.429,0.1743,0.3417,0.1324,0.4814,0.544,0.38619,0.33416
False,33533,103979,Nevada,Wolf Pack,0.2913,0.1229,0.5846,0.3121,0.4067,0.146,0.3796,0.1176,0.4581,0.5279,0.42429,0.32734
True,33533,103979,Nevada,Wolf Pack,0.2707,0.1179,0.6067,0.2848,0.4219,0.1678,0.4092,0.1689,0.4526,0.5382,0.37848,0.35052
True,33533,103984,New Mexico,Lobos,0.2362,0.1859,0.6483,0.3465,0.455,0.1796,0.3901,0.207,0.5262,0.5823,0.26676,0.35229
False,33533,104199,San Diego St.,Aztecs,0.2725,0.1206,0.5863,0.2591,0.4547,0.2111,0.3679,0.1305,0.4702,0.5273,0.39935,0.28355
True,33533,104199,San Diego St.,Aztecs,0.2479,0.1532,0.6551,0.2434,0.4238,0.2012,0.3475,0.2097,0.4447,0.5504,0.34562,0.34833
False,36046,103984,New Mexico,Lobos,0.2552,0.1408,0.5959,0.3417,0.4012,0.1621,0.3262,0.1329,0.5038,0.5332,0.36334,0.3035
True,36046,103979,Nevada,Wolf Pack,0.2677,0.1277,0.6606,0.293,0.4626,0.1581,0.398,0.2134,0.4511,0.5912,0.33548,0.36378
False,36046,103979,Nevada,Wolf Pack,0.3199,0.1358,0.5625,0.3139,0.3972,0.1522,0.4063,0.1188,0.4661,0.5085,0.41516,0.32056
False,36046,104199,San Diego St.,Aztecs,0.278,0.1305,0.5594,0.3141,0.3746,0.1639,0.3613,0.1124,0.478,0.496,0.40954,0.31027
True,36046,104199,San Diego St.,Aztecs,0.2622,0.1534,0.626,0.2986,0.3994,0.1606,0.4314,0.1615,0.4592,0.5467,0.37933,0.31509
True,36046,103984,New Mexico,Lobos,0.247,0.1818,0.6077,0.3764,0.4351,0.1874,0.3441,0.1327,0.5638,0.5503,0.30346,0.32771
False,38409,104199,San Diego St.,Aztecs,0.2703,0.1423,0.5631,0.2826,0.3154,0.1633,0.3061,0.086,0.4459,0.4724,0.46811,0.31125
True,38409,104199,San Diego St.,Aztecs,0.2816,0.151,0.6123,0.3268,0.4524,0.1648,0.3158,0.1065,0.4916,0.5587,0.40191,0.33333
False,38409,103984,New Mexico,Lobos,0.2639,0.1561,0.5752,0.3532,0.3713,0.1682,0.3452,0.0969,0.5214,0.5094,0.3817,0.33892
False,38409,103979,Nevada,Wolf Pack,0.3014,0.1222,0.5903,0.3231,0.3797,0.137,0.3333,0.0936,0.4601,0.5276,0.44624,0.35751
True,38409,103979,Nevada,Wolf Pack,0.2735,0.1154,0.6705,0.2924,0.4444,0.1613,0.4498,0.1731,0.4538,0.5901,0.37311,0.34234
True,38409,103984,New Mexico,Lobos,0.2437,0.2007,0.606,0.3972,0.4318,0.1833,0.2883,0.101,0.5805,0.5509,0.31847,0.34714
True,41097,103659,Grand Canyon,Lopes,0.2742,0.1409,0.639,0.3779,0.3779,0.1194,0.3913,0.1139,0.4972,0.5763,0.38889,0.31825
False,41097,104199,San Diego St.,Aztecs,0.2579,0.1369,0.5642,0.2598,0.4061,0.1746,0.2601,0.0915,0.4344,0.5006,0.47407,0.33482
False,41097,103659,Grand Canyon,Lopes,0.2987,0.1522,0.5309,0.3185,0.3937,0.1612,0.4268,0.1382,0.4798,0.4848,0.38202,0.31912
False,41097,103984,New Mexico,Lobos,0.2734,0.1349,0.6094,0.2778,0.4627,0.1254,0.3992,0.1183,0.4032,0.5638,0.47848,0.30205
True,41097,104199,San Diego St.,Aztecs,0.2737,0.1839,0.6751,0.3285,0.4254,0.164,0.3846,0.176,0.4925,0.592,0.3316,0.34694
False,41097,103979,Nevada,Wolf Pack,0.3047,0.1433,0.5906,0.3114,0.419,0.1756,0.4426,0.0897,0.487,0.5287,0.42325,0.3372
True,41097,103979,Nevada,Wolf Pack,0.2696,0.1603,0.5712,0.3308,0.4179,0.1856,0.3739,0.1604,0.5164,0.5161,0.32318,0.35788
True,41097,103984,New Mexico,Lobos,0.2484,0.175,0.601,0.3741,0.4195,0.1324,0.4041,0.0649,0.5064,0.5535,0.4287,0.35751
False,27693,103302,Arkansas St.,Red Wolves,0.2579,0.1567,0.5897,0.3109,0.3667,0.1833,0.3393,0.1711,0.4943,0.507,0.33461,0.34247
True,27693,103302,Arkansas St.,Red Wolves,0.2379,0.1945,0.6606,0.2995,0.3574,0.1823,0.3287,0.2242,0.4818,0.5459,0.29403,0.38786
True,27693,103784,ULM,Warhawks,0.2499,0.1544,0.5778,0.2766,0.3624,0.1489,0.3778,0.1844,0.4255,0.5024,0.39003,0.33975
False,27693,103784,ULM,Warhawks,0.228,0.1512,0.6239,0.2395,0.4065,0.1941,0.375,0.2011,0.4337,0.5266,0.36522,0.3652
True,27693,103828,Louisiana,Ragin' Cajuns,0.247,0.1761,0.665,0.2564,0.4388,0.234,0.309,0.1792,0.4904,0.5571,0.33043,0.3484
False,27693,103828,Louisiana,Ragin' Cajuns,0.2313,0.1697,0.6226,0.2299,0.4169,0.2423,0.3507,0.2138,0.4721,0.5171,0.31413,0.33333
True,27693,103473,Coastal Carolina,Chanticleers,0.2329,0.2022,0.6151,0.3547,0.4144,0.182,0.32,0.0779,0.5368,0.547,0.38529,0.35761
False,27693,103473,Coastal Carolina,Chanticleers,0.2538,0.1851,0.6056,0.2267,0.3779,0.165,0.3211,0.1549,0.3917,0.5096,0.4534,0.30972
False,30629,103302,Arkansas St.,Red Wolves,0.2519,0.1479,0.6301,0.3024,0.3576,0.2028,0.3561,0.1623,0.5052,0.5207,0.33251,0.33087
True,30629,103302,Arkansas St.,Red Wolves,0.241,0.206,0.6611,0.2999,0.3963,0.2058,0.4106,0.1895,0.5056,0.5533,0.30489,0.30658
True,33533,104049,Old Dominion,Monarchs,0.2584,0.1449,0.5827,0.3159,0.3978,0.2028,0.3241,0.1841,0.5188,0.5104,0.29716,0.31358
False,33533,104049,Old Dominion,Monarchs,0.2769,0.1291,0.6244,0.2601,0.4199,0.1803,0.308,0.137,0.4405,0.5407,0.42254,0.31327
True,38409,103473,Coastal Carolina,Chanticleers,0.2784,0.088,0.6166,0.2853,0.4164,0.1834,0.2838,0.1325,0.4688,0.5383,0.39873,0.34688
False,38409,103473,Coastal Carolina,Chanticleers,0.272,0.1701,0.6293,0.221,0.42,0.1887,0.3929,0.2264,0.4097,0.5329,0.36388,0.31556
False,36046,103784,ULM,Warhawks,0.2696,0.1758,0.6079,0.2939,0.4486,0.1246,0.3184,0.1298,0.4185,0.5605,0.45169,0.3518
True,36046,103784,ULM,Warhawks,0.2647,0.1491,0.5746,0.3484,0.4038,0.1745,0.3382,0.1902,0.5229,0.5176,0.28691,0.2963
True,33533,103473,Coastal Carolina,Chanticleers,0.2327,0.1758,0.6168,0.3337,0.4055,0.18,0.3073,0.1125,0.5137,0.5427,0.37377,0.31718
False,33533,103473,Coastal Carolina,Chanticleers,0.2327,0.16,0.6711,0.2439,0.3569,0.1544,0.3179,0.1528,0.3983,0.5493,0.44899,0.3548
True,41097,103828,Louisiana,Ragin' Cajuns,0.3035,0.1236,0.6269,0.2146,0.3233,0.1988,0.3743,0.1819,0.4134,0.4809,0.40468,0.33647
False,41097,103828,Louisiana,Ragin' Cajuns,0.2415,0.1532,0.6474,0.3488,0.4026,0.186,0.3121,0.1028,0.5348,0.5622,0.36245,0.35574
False,33533,103302,Arkansas St.,Red Wolves,0.2604,0.1414,0.6049,0.3249,0.3372,0.192,0.3626,0.1475,0.5169,0.5054,0.33559,0.36745
True,33533,103302,Arkansas St.,Red Wolves,0.2623,0.1453,0.6373,0.3157,0.3049,0.1695,0.3393,0.1851,0.4853,0.5212,0.32963,0.35245
False,33533,103784,ULM,Warhawks,0.2415,0.1571,0.5877,0.2916,0.449,0.16,0.3741,0.1556,0.4516,0.5386,0.39282,0.34626
True,33533,103784,ULM,Warhawks,0.227,0.1331,0.5833,0.3032,0.2922,0.1177,0.3204,0.2081,0.421,0.5019,0.37097,0.35072
True,30629,103784,ULM,Warhawks,0.2425,0.1612,0.6508,0.3411,0.4436,0.1489,0.2993,0.1592,0.49,0.5878,0.35084,0.33796
False,30629,103784,ULM,Warhawks,0.2244,0.1711,0.6047,0.2814,0.4472,0.1564,0.4103,0.1597,0.4378,0.5484,0.40253,0.35568
True,30629,103828,Louisiana,Ragin' Cajuns,0.2576,0.1726,0.5876,0.2706,0.424,0.2461,0.3173,0.1161,0.5167,0.5097,0.36719,0.3465
False,30629,103828,Louisiana,Ragin' Cajuns,0.2682,0.1821,0.6163,0.2759,0.3639,0.2156,0.3077,0.1783,0.4915,0.5056,0.33022,0.32226
True,38409,103828,Louisiana,Ragin' Cajuns,0.2666,0.1624,0.6155,0.2646,0.3461,0.2072,0.3156,0.1487,0.4718,0.4972,0.37955,0.30972
False,38409,103828,Louisiana,Ragin' Cajuns,0.2403,0.1598,0.6797,0.327,0.4053,0.1883,0.35,0.1114,0.5153,0.5795,0.37326,0.31194
False,38409,103784,ULM,Warhawks,0.2283,0.1707,0.6838,0.3431,0.325,0.1009,0.3073,0.1034,0.444,0.6023,0.45257,0.3311
True,38409,103784,ULM,Warhawks,0.2066,0.1383,0.5728,0.3292,0.3452,0.1313,0.3042,0.1969,0.4604,0.5079,0.34271,0.33131
False,36046,103473,Coastal Carolina,Chanticleers,0.2326,0.166,0.6362,0.2634,0.3642,0.1592,0.3708,0.1179,0.4226,0.5337,0.45946,0.32941
True,36046,103473,Coastal Carolina,Chanticleers,0.2258,0.1585,0.6218,0.2883,0.4564,0.2319,0.3551,0.1468,0.5202,0.5481,0.33298,0.32109
True,41097,103473,Coastal Carolina,Chanticleers,0.2656,0.1277,0.5624,0.2426,0.4377,0.1687,0.3553,0.1559,0.4113,0.5112,0.43282,0.33886
False,41097,103473,Coastal Carolina,Chanticleers,0.2425,0.1551,0.5318,0.2663,0.3747,0.193,0.3994,0.1761,0.4594,0.4658,0.36459,0.31874
True,30629,103473,Coastal Carolina,Chanticleers,0.2133,0.1873,0.6431,0.3211,0.3803,0.1941,0.336,0.1275,0.5152,0.5441,0.35725,0.35549
False,30629,103473,Coastal Carolina,Chanticleers,0.2331,0.1527,0.5988,0.2424,0.3724,0.1462,0.3344,0.1552,0.3886,0.5136,0.45615,0.30166
True,41097,103865,Marshall,Thundering Herd,0.291,0.1769,0.7193,0.2309,0.4837,0.1706,0.3725,0.1549,0.4015,0.6192,0.44354,0.36758
False,41097,103865,Marshall,Thundering Herd,0.2437,0.1429,0.616,0.2658,0.4665,0.2166,0.2895,0.1181,0.4824,0.5489,0.39948,0.33463
True,41097,103784,ULM,Warhawks,0.2062,0.1542,0.5577,0.3588,0.3687,0.1167,0.3448,0.1092,0.4755,0.5113,0.41528,0.31865
False,41097,103784,ULM,Warhawks,0.2681,0.1592,0.6577,0.3607,0.4574,0.1254,0.4171,0.1026,0.4861,0.606,0.41128,0.35697
False,38409,103865,Marshall,Thundering Herd,0.2684,0.1426,0.6495,0.2693,0.4081,0.2757,0.3457,0.1296,0.5451,0.5274,0.32533,0.32295
True,38409,103865,Marshall,Thundering Herd,0.2827,0.1536,0.69,0.2206,0.4455,0.2061,0.3918,0.1707,0.4266,0.5719,0.40269,0.32218
False,36046,104049,Old Dominion,Monarchs,0.2175,0.1543,0.625,0.2874,0.4023,0.1838,0.314,0.1094,0.4712,0.5381,0.41944,0.35264
True,36046,104049,Old Dominion,Monarchs,0.2579,0.1771,0.6121,0.2899,0.3694,0.1894,0.3592,0.1739,0.4793,0.5162,0.34683,0.31844
True,36046,103828,Louisiana,Ragin' Cajuns,0.2599,0.1758,0.6029,0.3432,0.4545,0.1956,0.3594,0.0948,0.5388,0.549,0.36642,0.33827
False,36046,103828,Louisiana,Ragin' Cajuns,0.2283,0.1718,0.6537,0.3314,0.4118,0.2198,0.4139,0.1315,0.5512,0.5572,0.31735,0.27674
True,38409,104049,Old Dominion,Monarchs,0.2563,0.1324,0.5609,0.3019,0.3694,0.1481,0.3578,0.1925,0.45,0.4979,0.35755,0.2876
False,38409,104049,Old Dominion,Monarchs,0.2362,0.147,0.592,0.3604,0.394,0.1822,0.3606,0.103,0.5426,0.5255,0.35446,0.3352
True,41097,104049,Old Dominion,Monarchs,0.2782,0.1427,0.6348,0.2963,0.3895,0.183,0.3535,0.1587,0.4793,0.5411,0.36198,0.35475
False,41097,104049,Old Dominion,Monarchs,0.2507,0.1694,0.6347,0.3296,0.4046,0.198,0.3442,0.1097,0.5276,0.5484,0.36276,0.32068
False,41097,103302,Arkansas St.,Red Wolves,0.2688,0.1471,0.6894,0.2464,0.4031,0.2291,0.374,0.1337,0.4755,0.5515,0.39082,0.32507
True,41097,103302,Arkansas St.,Red Wolves,0.2593,0.1811,0.6776,0.2902,0.4463,0.2108,0.2188,0.0483,0.501,0.5803,0.4507,0.33259
False,33533,103828,Louisiana,Ragin' Cajuns,0.2684,0.1463,0.6377,0.284,0.4273,0.2371,0.3274,0.1744,0.5211,0.542,0.30453,0.33615
True,33533,103828,Louisiana,Ragin' Cajuns,0.2494,0.1821,0.684,0.2728,0.4794,0.2708,0.3283,0.1344,0.5436,0.5821,0.32201,0.37638
False,33533,103865,Marshall,Thundering Herd,0.2004,0.1454,0.6296,0.2852,0.3963,0.2391,0.2895,0.1319,0.5243,0.5232,0.34375,0.32035
True,33533,103865,Marshall,Thundering Herd,0.2271,0.2219,0.7143,0.2476,0.5012,0.1892,0.3535,0.1948,0.4368,0.622,0.3684,0.33803
False,36046,103865,Marshall,Thundering Herd,0.2271,0.1523,0.612,0.299,0.4183,0.2286,0.3529,0.1238,0.5277,0.5281,0.34854,0.35933
True,36046,103865,Marshall,Thundering Herd,0.2254,0.1839,0.641,0.2329,0.4115,0.1974,0.3155,0.1587,0.4303,0.5357,0.41096,0.31034
False,38409,103302,Arkansas St.,Red Wolves,0.2393,0.1497,0.6197,0.2927,0.3138,0.2055,0.35,0.1577,0.4981,0.4935,0.34416,0.30189
True,38409,103302,Arkansas St.,Red Wolves,0.2633,0.1781,0.6307,0.3126,0.354,0.1881,0.3333,0.048,0.5006,0.5268,0.45136,0.32471
False,36046,103302,Arkansas St.,Red Wolves,0.2395,0.1545,0.63,0.3048,0.4164,0.2623,0.3781,0.1634,0.5671,0.5312,0.26947,0.35216
True,36046,103302,Arkansas St.,Red Wolves,0.2529,0.1661,0.6289,0.3355,0.3682,0.1902,0.283,0.0458,0.5257,0.5345,0.42845,0.3441
False,27693,103258,A&M-Corpus Christi,Islanders,0.2536,0.1818,0.6447,0.3252,0.379,0.1562,0.3375,0.1712,0.4815,0.5585,0.34736,0.32444
False,38409,104022,Northwestern St.,Demons,0.2454,0.1441,0.5982,0.3102,0.3519,0.1795,0.285,0.1147,0.4898,0.5079,0.39557,0.35994
True,38409,104022,Northwestern St.,Demons,0.2439,0.1349,0.5543,0.3411,0.3579,0.1623,0.4074,0.1384,0.5034,0.491,0.3582,0.35453
True,27693,104195,Sam Houston,Bearkats,0.2747,0.1963,0.6505,0.3174,0.3272,0.1234,0.403,0.1524,0.4408,0.56,0.40671,0.35664
True,41097,104022,Northwestern St.,Demons,0.2577,0.1475,0.5511,0.3685,0.4125,0.1513,0.4191,0.1418,0.5197,0.5108,0.33843,0.33217
False,41097,104022,Northwestern St.,Demons,0.2896,0.1421,0.6009,0.3923,0.3727,0.1235,0.4053,0.1066,0.5157,0.5462,0.37767,0.35513
False,27693,104022,Northwestern St.,Demons,0.2289,0.1958,0.7076,0.2743,0.4646,0.2535,0.3927,0.1228,0.5278,0.5909,0.34941,0.32263
True,38409,103986,New Orleans,Privateers,0.2177,0.1452,0.6102,0.35,0.3195,0.2364,0.2755,0.1065,0.5864,0.493,0.30707,0.30442
False,38409,103986,New Orleans,Privateers,0.2411,0.1815,0.6646,0.3251,0.4304,0.156,0.3617,0.0949,0.4811,0.5887,0.42403,0.36429
False,38409,104381,UTRGV,Vaqueros,0.2021,0.1635,0.645,0.2802,0.3886,0.2292,0.3498,0.137,0.5094,0.5297,0.35365,0.3299
False,41097,104381,UTRGV,Vaqueros,0.2388,0.1466,0.6315,0.2844,0.3908,0.1833,0.3129,0.1464,0.4676,0.5372,0.38599,0.30286
True,36046,104022,Northwestern St.,Demons,0.2702,0.1584,0.5808,0.4332,0.3527,0.1378,0.2609,0.086,0.571,0.5257,0.34295,0.31776
False,36046,104022,Northwestern St.,Demons,0.2548,0.1785,0.6149,0.3909,0.4124,0.1473,0.3413,0.0898,0.5382,0.5594,0.37204,0.32225
False,41097,103258,A&M-Corpus Christi,Islanders,0.2715,0.1585,0.5929,0.3094,0.4505,0.2208,0.3283,0.1139,0.5302,0.5336,0.35595,0.3021
True,41097,103258,A&M-Corpus Christi,Islanders,0.3004,0.1611,0.611,0.352,0.4292,0.2286,0.3011,0.1003,0.5806,0.5395,0.31914,0.35642
False,33533,104022,Northwestern St.,Demons,0.2467,0.156,0.6099,0.3903,0.4054,0.1424,0.3544,0.1303,0.5327,0.5552,0.337,0.33279
False,41097,103986,New Orleans,Privateers,0.3019,0.1685,0.58,0.3205,0.3976,0.1637,0.3853,0.1139,0.4842,0.5183,0.40187,0.32393
True,41097,103986,New Orleans,Privateers,0.286,0.1491,0.6292,0.3431,0.3699,0.1881,0.3802,0.1316,0.5313,0.5374,0.33714,0.31774
True,38409,103258,A&M-Corpus Christi,Islanders,0.2628,0.1857,0.6516,0.4038,0.4212,0.1959,0.4076,0.1068,0.5997,0.5764,0.29352,0.3431
False,38409,103258,A&M-Corpus Christi,Islanders,0.2444,0.1506,0.5585,0.3054,0.388,0.2047,0.3615,0.1135,0.5101,0.4901,0.37633,0.33711
False,33533,103986,New Orleans,Privateers,0.2667,0.1866,0.6563,0.3445,0.4299,0.1765,0.3521,0.1146,0.521,0.5795,0.36437,0.36189
False,36046,103258,A&M-Corpus Christi,Islanders,0.2632,0.1487,0.5946,0.3162,0.3547,0.196,0.3206,0.1191,0.5123,0.5028,0.36866,0.30139
True,36046,103258,A&M-Corpus Christi,Islanders,0.2983,0.2044,0.6206,0.3749,0.3778,0.194,0.3008,0.13,0.5689,0.5378,0.30108,0.29708
False,30629,104022,Northwestern St.,Demons,0.2176,0.2019,0.6318,0.3567,0.3953,0.1473,0.4056,0.1423,0.504,0.5627,0.35373,0.34318
True,30629,104022,Northwestern St.,Demons,0.234,0.1868,0.6371,0.3027,0.4224,0.1377,0.3528,0.2212,0.4404,0.57,0.33847,0.34214
True,30629,103986,New Orleans,Privateers,0.2538,0.2162,0.6422,0.3919,0.3978,0.1947,0.3573,0.1889,0.5866,0.5611,0.22449,0.30769
False,30629,103986,New Orleans,Privateers,0.2652,0.1856,0.66,0.3251,0.3763,0.1482,0.2731,0.1307,0.4734,0.5711,0.39598,0.30711
False,36046,103986,New Orleans,Privateers,0.2798,0.1826,0.6704,0.354,0.3969,0.2258,0.3365,0.1042,0.5799,0.5639,0.31597,0.33914
False,33533,103258,A&M-Corpus Christi,Islanders,0.2695,0.1448,0.6501,0.2922,0.4496,0.1393,0.3686,0.1373,0.4316,0.5854,0.43108,0.33488
True,33533,103258,A&M-Corpus Christi,Islanders,0.2683,0.1848,0.6027,0.3824,0.3839,0.1501,0.3063,0.1259,0.5325,0.541,0.34154,0.36463
True,30629,103258,A&M-Corpus Christi,Islanders,0.2855,0.2183,0.5995,0.3751,0.3417,0.1676,0.3831,0.1446,0.5427,0.5199,0.31268,0.33634
True,27693,103258,A&M-Corpus Christi,Islanders,0.2536,0.1687,0.6189,0.2531,0.3868,0.1636,0.3562,0.2253,0.4167,0.5278,0.35802,0.32974
True,27693,104022,Northwestern St.,Demons,0.2568,0.2034,0.6592,0.2002,0.4235,0.2522,0.3537,0.2103,0.4525,0.5278,0.33725,0.34826
False,30629,103258,A&M-Corpus Christi,Islanders,0.2779,0.1601,0.639,0.2853,0.4055,0.1117,0.3191,0.1694,0.397,0.5733,0.43357,0.31116
False,27693,104195,Sam Houston,Bearkats,0.2431,0.1667,0.6288,0.3226,0.3319,0.1421,0.39,0.1607,0.4646,0.5381,0.37469,0.29139
True,38409,104381,UTRGV,Vaqueros,0.2343,0.1945,0.7045,0.2601,0.4338,0.1537,0.3419,0.0789,0.4137,0.6039,0.50738,0.32899
True,41097,104381,UTRGV,Vaqueros,0.2713,0.1311,0.6678,0.3081,0.4262,0.1626,0.3818,0.088,0.4707,0.5844,0.44136,0.3744
False,27693,103986,New Orleans,Privateers,0.2414,0.1829,0.6606,0.3276,0.4286,0.1946,0.3229,0.1476,0.5222,0.5741,0.33024,0.31864
True,33533,104022,Northwestern St.,Demons,0.2709,0.1529,0.5974,0.3093,0.4375,0.1581,0.3506,0.1522,0.4674,0.5433,0.38043,0.36104
True,33533,103986,New Orleans,Privateers,0.2697,0.1563,0.6242,0.3697,0.4061,0.1641,0.3387,0.1754,0.5339,0.5572,0.29076,0.37765
True,27693,103986,New Orleans,Privateers,0.2826,0.2217,0.6928,0.3198,0.4379,0.2073,0.3737,0.1904,0.5271,0.5925,0.28252,0.32854
True,36046,103986,New Orleans,Privateers,0.2647,0.1918,0.5683,0.3366,0.4089,0.2224,0.3168,0.1498,0.5591,0.5049,0.29115,0.3039
False,27693,103735,Iowa St.,Cyclones,0.2003,0.1483,0.6971,0.3189,0.3962,0.1847,0.3548,0.1541,0.5036,0.5867,0.34233,0.32988
True,27693,103735,Iowa St.,Cyclones,0.2689,0.1495,0.6366,0.2357,0.3571,0.1684,0.402,0.2095,0.4041,0.5201,0.38641,0.32051
True,27693,104306,TCU,Horned Frogs,0.2342,0.1588,0.669,0.2983,0.3926,0.1891,0.2757,0.1499,0.4874,0.5618,0.36275,0.33784
False,27693,104306,TCU,Horned Frogs,0.2417,0.1485,0.6439,0.3171,0.3833,0.1884,0.3772,0.1497,0.5056,0.5468,0.34471,0.33714
False,27693,104047,Oklahoma,Sooners,0.2396,0.1397,0.5984,0.2999,0.3606,0.1653,0.3049,0.1512,0.4653,0.5139,0.38353,0.35737
True,27693,104047,Oklahoma,Sooners,0.2148,0.167,0.6424,0.3037,0.4048,0.1288,0.3531,0.1859,0.4325,0.5716,0.3816,0.34084
False,27693,104319,Texas,Longhorns,0.2573,0.1607,0.586,0.3352,0.3052,0.1578,0.3321,0.1755,0.493,0.4961,0.33143,0.3174
True,27693,104319,Texas,Longhorns,0.2841,0.1667,0.6355,0.3245,0.3915,0.1222,0.3775,0.1319,0.4467,0.5687,0.42146,0.35583
False,27693,104324,Texas Tech,Red Raiders,0.3007,0.1481,0.6331,0.2329,0.3815,0.1624,0.3207,0.2237,0.3953,0.5297,0.38095,0.34247
True,27693,104324,Texas Tech,Red Raiders,0.2621,0.1432,0.6289,0.3062,0.37,0.1633,0.3452,0.2183,0.4695,0.5389,0.3122,0.35441
True,27693,103757,Kansas,Jayhawks,0.224,0.1426,0.6234,0.298,0.3995,0.22,0.319,0.1161,0.518,0.5283,0.36595,0.3429
False,27693,103757,Kansas,Jayhawks,0.2415,0.1439,0.6123,0.2699,0.3854,0.1795,0.3069,0.1732,0.4494,0.5216,0.37736,0.33636
False,30629,104319,Texas,Longhorns,0.2809,0.1301,0.5911,0.3279,0.3811,0.1429,0.3172,0.1938,0.4707,0.5274,0.33548,0.31937
True,30629,104319,Texas,Longhorns,0.2809,0.1302,0.6479,0.2831,0.3859,0.158,0.3914,0.1978,0.4411,0.5541,0.36108,0.3304
False,30629,104306,TCU,Horned Frogs,0.242,0.1531,0.6198,0.3061,0.3736,0.1892,0.331,0.1541,0.4952,0.5258,0.35069,0.30758
True,30629,104306,TCU,Horned Frogs,0.2337,0.1551,0.6205,0.3526,0.4167,0.1637,0.3387,0.1642,0.5163,0.5559,0.31952,0.30378
False,30629,104047,Oklahoma,Sooners,0.2305,0.1378,0.6367,0.3228,0.3785,0.1687,0.3671,0.164,0.4914,0.548,0.34458,0.31777
True,30629,104047,Oklahoma,Sooners,0.2348,0.1521,0.6884,0.3626,0.3745,0.1307,0.3657,0.0941,0.4933,0.6052,0.41259,0.34681
False,30629,103735,Iowa St.,Cyclones,0.2564,0.1383,0.687,0.2659,0.3668,0.1615,0.3779,0.1922,0.4274,0.566,0.38045,0.28928
True,30629,103735,Iowa St.,Cyclones,0.275,0.1318,0.6238,0.3118,0.3292,0.1219,0.4102,0.1894,0.4337,0.541,0.37684,0.31536
True,30629,104324,Texas Tech,Red Raiders,0.2422,0.1413,0.6983,0.3533,0.397,0.1606,0.3545,0.1455,0.5139,0.6042,0.34063,0.32143
False,30629,104324,Texas Tech,Red Raiders,0.273,0.149,0.5316,0.2398,0.4025,0.1194,0.3604,0.1866,0.3591,0.4887,0.45422,0.31514
True,30629,103757,Kansas,Jayhawks,0.2318,0.1742,0.6572,0.3097,0.4677,0.2261,0.3699,0.1333,0.5357,0.5772,0.33097,0.36111
False,30629,103757,Kansas,Jayhawks,0.2529,0.1431,0.6126,0.2431,0.4142,0.2343,0.3246,0.175,0.4774,0.5152,0.34757,0.29833
False,33533,104047,Oklahoma,Sooners,0.239,0.1354,0.6058,0.3382,0.3728,0.2108,0.366,0.1436,0.5491,0.5163,0.30732,0.31217
True,33533,104047,Oklahoma,Sooners,0.2467,0.1347,0.6626,0.3351,0.379,0.1839,0.3297,0.1066,0.519,0.5621,0.37434,0.35055
False,33533,103735,Iowa St.,Cyclones,0.2621,0.1495,0.6827,0.2209,0.3826,0.1439,0.3383,0.1665,0.3648,0.5643,0.46871,0.33645
True,33533,103735,Iowa St.,Cyclones,0.2958,0.1045,0.6527,0.3167,0.3786,0.2035,0.3346,0.1413,0.5202,0.5455,0.33847,0.33124
False,33533,104324,Texas Tech,Red Raiders,0.2536,0.1647,0.6399,0.273,0.3776,0.1287,0.3354,0.1704,0.4017,0.5559,0.42788,0.32459
True,33533,104324,Texas Tech,Red Raiders,0.2273,0.1658,0.6741,0.3492,0.3818,0.1519,0.2954,0.1309,0.5011,0.5854,0.36796,0.34535
False,33533,104306,TCU,Horned Frogs,0.2397,0.156,0.5857,0.3577,0.4145,0.1492,0.3368,0.1428,0.5069,0.5353,0.35034,0.30812
True,33533,104306,TCU,Horned Frogs,0.2372,0.2151,0.6144,0.4107,0.4092,0.1527,0.3356,0.1372,0.5634,0.5588,0.29934,0.30926
False,33533,103757,Kansas,Jayhawks,0.2312,0.1436,0.611,0.2934,0.3824,0.2102,0.3212,0.1436,0.5036,0.5156,0.35283,0.30997
True,33533,103757,Kansas,Jayhawks,0.2392,0.1624,0.6714,0.3282,0.4112,0.1839,0.3645,0.1499,0.5121,0.5779,0.338,0.34669
False,33533,104319,Texas,Longhorns,0.2512,0.1406,0.6131,0.3068,0.3601,0.1576,0.3582,0.1886,0.4644,0.5273,0.34709,0.32432
True,33533,104319,Texas,Longhorns,0.2512,0.1883,0.6868,0.2971,0.4351,0.1346,0.407,0.2232,0.4316,0.6083,0.34513,0.34684
False,36046,104047,Oklahoma,Sooners,0.2658,0.1564,0.6463,0.2911,0.3703,0.214,0.3438,0.138,0.5051,0.5293,0.35687,0.29909
True,36046,104047,Oklahoma,Sooners,0.2393,0.1735,0.664,0.3478,0.3994,0.1881,0.3239,0.079,0.5359,0.5711,0.38509,0.34538
True,36046,104324,Texas Tech,Red Raiders,0.2266,0.1414,0.6327,0.3026,0.3643,0.1441,0.4207,0.1395,0.4467,0.5461,0.41379,0.35945
False,36046,104324,Texas Tech,Red Raiders,0.2591,0.1453,0.6282,0.2892,0.3897,0.1648,0.3738,0.1598,0.454,0.5417,0.38626,0.32216
False,36046,104319,Texas,Longhorns,0.2427,0.1444,0.5665,0.3722,0.3556,0.1392,0.3441,0.1603,0.5113,0.5091,0.32835,0.33595
True,36046,104319,Texas,Longhorns,0.2571,0.1593,0.6766,0.3204,0.4286,0.1303,0.3616,0.2017,0.4507,0.6049,0.34759,0.35456
False,36046,103757,Kansas,Jayhawks,0.2347,0.1375,0.6302,0.2355,0.3427,0.2088,0.3447,0.1426,0.4443,0.4951,0.41314,0.3404
True,36046,103757,Kansas,Jayhawks,0.2146,0.1623,0.6983,0.3589,0.4316,0.1932,0.3673,0.1495,0.5521,0.605,0.29842,0.3322
True,36046,104306,TCU,Horned Frogs,0.2486,0.1993,0.6174,0.3629,0.4045,0.1704,0.3732,0.1642,0.5333,0.5494,0.30254,0.35443
False,36046,104306,TCU,Horned Frogs,0.2511,0.1449,0.6364,0.353,0.3853,0.176,0.3362,0.1201,0.529,0.5528,0.35093,0.33038
True,36046,103735,Iowa St.,Cyclones,0.2477,0.1523,0.6817,0.3064,0.3609,0.2292,0.3931,0.147,0.5356,0.5444,0.31747,0.35808
False,36046,103735,Iowa St.,Cyclones,0.2737,0.1374,0.6466,0.2431,0.3608,0.1524,0.3127,0.1524,0.3955,0.5364,0.45207,0.31518
True,38409,104306,TCU,Horned Frogs,0.238,0.1595,0.5744,0.3333,0.413,0.2053,0.3116,0.1147,0.5387,0.5129,0.34667,0.3
False,38409,104306,TCU,Horned Frogs,0.246,0.1474,0.6455,0.3161,0.4339,0.1644,0.3353,0.0948,0.4805,0.5731,0.42475,0.31627
True,38409,104389,Utah,Utes,0.271,0.1528,0.6432,0.3473,0.3946,0.1525,0.3115,0.0622,0.4997,0.5673,0.43804,0.32712
False,38409,104389,Utah,Utes,0.2634,0.1397,0.5408,0.2856,0.4274,0.1919,0.3966,0.12,0.4775,0.4952,0.40253,0.34088
False,38409,103297,Arizona St.,Sun Devils,0.2611,0.1563,0.6167,0.3197,0.3964,0.1907,0.4148,0.087,0.5104,0.5344,0.40267,0.32883
True,38409,103297,Arizona St.,Sun Devils,0.2454,0.1457,0.6,0.2907,0.4175,0.157,0.3724,0.1263,0.4477,0.536,0.426,0.35608
False,38409,103757,Kansas,Jayhawks,0.2106,0.145,0.6182,0.2568,0.3573,0.1927,0.33,0.1449,0.4495,0.5064,0.40555,0.30778
True,38409,103757,Kansas,Jayhawks,0.2085,0.1465,0.6539,0.3368,0.3966,0.1964,0.4053,0.1261,0.5332,0.5591,0.34066,0.35484
True,38409,103484,Colorado,Buffaloes,0.246,0.1543,0.6121,0.329,0.4392,0.1893,0.3671,0.1083,0.5183,0.5489,0.37343,0.32073
False,38409,103484,Colorado,Buffaloes,0.2723,0.1496,0.5799,0.2899,0.4432,0.217,0.335,0.0986,0.5069,0.5214,0.39448,0.34125
True,38409,103735,Iowa St.,Cyclones,0.2349,0.1755,0.6824,0.3343,0.4308,0.2168,0.3636,0.0811,0.5511,0.5834,0.36775,0.35829
False,38409,103735,Iowa St.,Cyclones,0.2635,0.1385,0.6458,0.2639,0.3753,0.1864,0.3014,0.1409,0.4503,0.5339,0.4088,0.33619
True,38409,104324,Texas Tech,Red Raiders,0.237,0.1278,0.6704,0.2735,0.4613,0.1763,0.3598,0.1051,0.4499,0.5885,0.44503,0.3666
False,38409,104324,Texas Tech,Red Raiders,0.2419,0.1283,0.609,0.3046,0.3784,0.1893,0.3521,0.1603,0.4938,0.5207,0.34583,0.32373
False,41097,104389,Utah,Utes,0.2327,0.1447,0.6235,0.3784,0.4601,0.1854,0.4072,0.0991,0.5638,0.5697,0.33708,0.35152
True,41097,104389,Utah,Utes,0.2411,0.1292,0.6038,0.3407,0.4182,0.1703,0.3944,0.1141,0.511,0.5419,0.37493,0.35286
True,41097,104324,Texas Tech,Red Raiders,0.2433,0.1236,0.6378,0.2458,0.4808,0.1761,0.4009,0.1026,0.4219,0.5722,0.47557,0.39064
False,41097,104324,Texas Tech,Red Raiders,0.2424,0.146,0.6405,0.2863,0.4161,0.2005,0.3679,0.1551,0.4868,0.5481,0.35805,0.32153
False,41097,103297,Arizona St.,Sun Devils,0.2874,0.1702,0.6276,0.31,0.4359,0.1966,0.352,0.0902,0.5066,0.5532,0.40323,0.35
True,41097,103297,Arizona St.,Sun Devils,0.2491,0.1734,0.6412,0.3153,0.3953,0.1802,0.3739,0.1205,0.4955,0.5518,0.38397,0.33424
False,41097,103484,Colorado,Buffaloes,0.2677,0.1535,0.5973,0.2996,0.4543,0.2202,0.4156,0.1161,0.5199,0.5368,0.364,0.36326
True,41097,103484,Colorado,Buffaloes,0.2546,0.1843,0.616,0.3291,0.4447,0.2058,0.435,0.1127,0.5349,0.5501,0.35238,0.35151
False,41097,103757,Kansas,Jayhawks,0.2367,0.1303,0.5452,0.2692,0.367,0.2098,0.3377,0.1027,0.4791,0.4671,0.41828,0.30571
True,41097,103757,Kansas,Jayhawks,0.2129,0.1481,0.6543,0.3261,0.3782,0.1867,0.3369,0.135,0.5128,0.5538,0.3522,0.34615
False,41097,104306,TCU,Horned Frogs,0.2721,0.1321,0.6271,0.3243,0.4206,0.1772,0.359,0.1155,0.5015,0.5541,0.38302,0.33505
True,41097,104306,TCU,Horned Frogs,0.2375,0.185,0.6166,0.3405,0.4113,0.1907,0.3209,0.101,0.5312,0.5429,0.36778,0.33206
True,41097,103735,Iowa St.,Cyclones,0.238,0.1613,0.679,0.3387,0.4082,0.1852,0.3807,0.0881,0.5239,0.5833,0.38792,0.38293
False,41097,103735,Iowa St.,Cyclones,0.2545,0.1385,0.6685,0.2688,0.3873,0.1704,0.354,0.1349,0.4392,0.5594,0.4259,0.32023
True,27693,103525,DePaul,Blue Demons,0.2799,0.2043,0.5818,0.3336,0.4098,0.2114,0.2727,0.1716,0.5451,0.5151,0.28336,0.31498
False,27693,103525,DePaul,Blue Demons,0.229,0.1506,0.6179,0.2972,0.3472,0.1713,0.3873,0.126,0.4685,0.5189,0.4055,0.30853
False,27693,104509,Xavier,Musketeers,0.2349,0.1322,0.5989,0.2779,0.3253,0.1901,0.3684,0.1595,0.4679,0.4878,0.37252,0.33811
True,27693,104509,Xavier,Musketeers,0.2239,0.1429,0.7022,0.2848,0.4099,0.1728,0.397,0.1549,0.4576,0.5918,0.38755,0.3253
True,27693,104112,Providence,Friars,0.2521,0.1424,0.6065,0.3224,0.3977,0.1694,0.346,0.172,0.4918,0.5346,0.33617,0.31907
False,27693,104112,Providence,Friars,0.2624,0.1607,0.6255,0.3483,0.3922,0.1846,0.3467,0.1298,0.5329,0.5447,0.33725,0.29787
False,27693,103643,Georgetown,Hoyas,0.2478,0.1524,0.6321,0.2517,0.3636,0.1914,0.3686,0.1585,0.4431,0.5161,0.39838,0.33853
True,27693,103643,Georgetown,Hoyas,0.2289,0.1649,0.5943,0.2091,0.3961,0.2373,0.3825,0.165,0.4464,0.489,0.38856,0.36548
True,27693,104270,St. John's (NY),Red Storm,0.2476,0.2124,0.6162,0.2689,0.4476,0.2024,0.386,0.1961,0.4713,0.5438,0.33257,0.34483
False,27693,104270,St. John's (NY),Red Storm,0.227,0.1787,0.6365,0.3115,0.4832,0.2001,0.3487,0.1193,0.5116,0.5766,0.36903,0.34163
True,27693,103510,Creighton,Bluejays,0.2229,0.1913,0.6938,0.2771,0.4529,0.1767,0.3805,0.1101,0.4538,0.6,0.43609,0.36084
False,27693,103510,Creighton,Bluejays,0.2328,0.1321,0.617,0.2488,0.3926,0.1996,0.3245,0.1599,0.4484,0.5171,0.39174,0.31757
False,30629,103525,DePaul,Blue Demons,0.2588,0.1556,0.6406,0.2678,0.3693,0.2521,0.3525,0.1276,0.5199,0.5091,0.35251,0.3368
True,30629,103525,DePaul,Blue Demons,0.2272,0.1757,0.6243,0.2756,0.4301,0.2432,0.3473,0.1391,0.5189,0.5333,0.34201,0.31677
True,30629,103643,Georgetown,Hoyas,0.2325,0.155,0.5661,0.3067,0.3164,0.1741,0.3049,0.1585,0.4808,0.4757,0.36071,0.3415
False,30629,103643,Georgetown,Hoyas,0.2293,0.1769,0.6819,0.2916,0.4013,0.1647,0.3263,0.1258,0.4563,0.5806,0.41791,0.36735
True,30629,104112,Providence,Friars,0.2424,0.1527,0.6003,0.3405,0.3966,0.156,0.3043,0.1237,0.4965,0.5363,0.37977,0.34419
False,30629,104112,Providence,Friars,0.2774,0.1446,0.563,0.348,0.3856,0.1628,0.3281,0.1291,0.5107,0.5065,0.3602,0.30028
False,30629,104270,St. John's (NY),Red Storm,0.2281,0.1708,0.5954,0.2903,0.4111,0.2133,0.2896,0.1133,0.5036,0.5173,0.38308,0.34137
True,30629,104270,St. John's (NY),Red Storm,0.2434,0.2197,0.645,0.3098,0.4213,0.1933,0.3666,0.1736,0.503,0.5591,0.32335,0.33575
True,30629,103510,Creighton,Bluejays,0.201,0.1758,0.6607,0.3062,0.445,0.1908,0.3525,0.1219,0.497,0.5779,0.38112,0.30799
False,30629,103510,Creighton,Bluejays,0.2309,0.1428,0.585,0.2763,0.3341,0.2081,0.3276,0.1833,0.4844,0.4772,0.33228,0.31658
False,30629,104509,Xavier,Musketeers,0.2606,0.1314,0.6292,0.2647,0.388,0.2326,0.3652,0.1363,0.4972,0.5164,0.36651,0.32107
True,30629,104509,Xavier,Musketeers,0.2234,0.1558,0.6419,0.2552,0.4867,0.25,0.3673,0.1392,0.5052,0.5651,0.35559,0.32224
True,33533,103643,Georgetown,Hoyas,0.2094,0.1493,0.6282,0.2461,0.3711,0.1965,0.4029,0.2477,0.4426,0.514,0.30972,0.30885
False,33533,103643,Georgetown,Hoyas,0.2226,0.1655,0.6323,0.3343,0.375,0.1639,0.3005,0.1064,0.4983,0.5476,0.3953,0.38938
True,33533,104112,Providence,Friars,0.2203,0.1685,0.6302,0.3519,0.4171,0.2015,0.3135,0.1276,0.5534,0.5526,0.31899,0.34603
False,33533,104112,Providence,Friars,0.2657,0.1433,0.5959,0.3424,0.3909,0.199,0.3663,0.1227,0.5414,0.5205,0.33586,0.33835
True,33533,103525,DePaul,Blue Demons,0.2637,0.1599,0.6157,0.2667,0.3915,0.181,0.3059,0.1734,0.4477,0.5251,0.37889,0.36743
False,33533,103525,DePaul,Blue Demons,0.2384,0.1388,0.6248,0.3332,0.4037,0.1885,0.3769,0.131,0.5217,0.5449,0.34728,0.34978
True,33533,104270,St. John's (NY),Red Storm,0.2207,0.1928,0.613,0.3566,0.4341,0.1931,0.3188,0.1802,0.5498,0.5501,0.27003,0.33105
False,33533,104270,St. John's (NY),Red Storm,0.2198,0.1659,0.6178,0.2916,0.4016,0.187,0.3385,0.1276,0.4786,0.5333,0.39372,0.34539
False,33533,103510,Creighton,Bluejays,0.233,0.1389,0.601,0.2504,0.3976,0.2491,0.3556,0.205,0.4996,0.4996,0.29545,0.33527
True,33533,103510,Creighton,Bluejays,0.192,0.1568,0.6748,0.3013,0.446,0.1627,0.3798,0.1192,0.464,0.5946,0.41682,0.35366
True,33533,104509,Xavier,Musketeers,0.2261,0.1611,0.6488,0.3143,0.4791,0.2332,0.3868,0.141,0.5474,0.5765,0.31161,0.38976
False,33533,104509,Xavier,Musketeers,0.2494,0.1422,0.6377,0.2972,0.3623,0.2066,0.3622,0.1619,0.5037,0.5248,0.33435,0.35864
False,36046,103643,Georgetown,Hoyas,0.2524,0.1749,0.7087,0.3319,0.4641,0.1662,0.3529,0.12,0.4981,0.627,0.38186,0.35277
True,36046,103643,Georgetown,Hoyas,0.2505,0.1232,0.598,0.2651,0.3702,0.1939,0.3279,0.1307,0.459,0.5018,0.41028,0.34595
True,36046,103525,DePaul,Blue Demons,0.2248,0.1184,0.5775,0.3314,0.4055,0.1914,0.2896,0.1289,0.5228,0.5145,0.34831,0.33501
False,36046,103525,DePaul,Blue Demons,0.2514,0.1669,0.6611,0.3393,0.4251,0.1473,0.4271,0.1022,0.4867,0.5897,0.41119,0.38077
False,36046,104270,St. John's (NY),Red Storm,0.2326,0.1649,0.5802,0.3503,0.351,0.1886,0.3692,0.1024,0.5389,0.5,0.35872,0.34993
True,36046,104270,St. John's (NY),Red Storm,0.2642,0.1651,0.5851,0.302,0.4199,0.1692,0.4656,0.2038,0.4712,0.5258,0.32492,0.34101
False,36046,104112,Providence,Friars,0.256,0.1515,0.557,0.2846,0.3899,0.2082,0.3602,0.1657,0.4928,0.4864,0.34145,0.34266
True,36046,104112,Providence,Friars,0.2328,0.15,0.6236,0.358,0.3993,0.1407,0.3333,0.0582,0.4988,0.5603,0.44306,0.32548
False,36046,104509,Xavier,Musketeers,0.2523,0.1383,0.6405,0.3018,0.3559,0.2103,0.371,0.1341,0.5121,0.5236,0.35386,0.33467
True,36046,104509,Xavier,Musketeers,0.2405,0.2031,0.6058,0.3105,0.3707,0.2065,0.3808,0.1626,0.517,0.5119,0.32042,0.34218
False,36046,103510,Creighton,Bluejays,0.2174,0.1146,0.5477,0.2616,0.3941,0.2762,0.4155,0.1833,0.5379,0.4688,0.27883,0.32253
True,36046,103510,Creighton,Bluejays,0.1694,0.1542,0.7207,0.2556,0.4618,0.1556,0.4703,0.1042,0.4112,0.6227,0.48453,0.36837
False,38409,104112,Providence,Friars,0.2285,0.1183,0.5807,0.2689,0.4517,0.2028,0.3867,0.1588,0.4717,0.5253,0.36951,0.33524
True,38409,104112,Providence,Friars,0.2623,0.1417,0.6015,0.2957,0.4286,0.1948,0.31,0.0546,0.4905,0.5328,0.45499,0.35612
True,38409,103643,Georgetown,Hoyas,0.2328,0.1681,0.6319,0.3164,0.4272,0.1567,0.3567,0.1456,0.4731,0.5641,0.38137,0.32316
False,38409,103643,Georgetown,Hoyas,0.2236,0.1569,0.6269,0.307,0.3634,0.1718,0.3388,0.1249,0.4788,0.5323,0.39628,0.33594
False,38409,103525,DePaul,Blue Demons,0.2157,0.1613,0.621,0.3375,0.4223,0.1877,0.3534,0.1211,0.5253,0.55,0.3536,0.34663
True,38409,103525,DePaul,Blue Demons,0.2404,0.136,0.6476,0.3001,0.4181,0.1513,0.3353,0.0876,0.4514,0.5706,0.46103,0.34468
False,38409,104509,Xavier,Musketeers,0.2595,0.1268,0.6689,0.3034,0.3854,0.1938,0.3059,0.1287,0.4972,0.5584,0.37405,0.34413
True,38409,104509,Xavier,Musketeers,0.2294,0.2028,0.6527,0.3194,0.3515,0.2172,0.4,0.0877,0.5366,0.5308,0.37564,0.39148
True,38409,103510,Creighton,Bluejays,0.166,0.1647,0.7071,0.2744,0.5249,0.1671,0.3873,0.0696,0.4415,0.6382,0.48898,0.34469
False,38409,103510,Creighton,Bluejays,0.2365,0.1267,0.5997,0.2441,0.3773,0.2568,0.3815,0.1464,0.5008,0.4856,0.35279,0.32614
False,38409,104270,St. John's (NY),Red Storm,0.2494,0.1393,0.589,0.2933,0.3762,0.1917,0.2522,0.1073,0.485,0.5049,0.40769,0.30617
True,38409,104270,St. John's (NY),Red Storm,0.2394,0.1858,0.6433,0.3259,0.4055,0.1834,0.3762,0.1809,0.5093,0.5577,0.30981,0.3015
True,41097,103525,DePaul,Blue Demons,0.2707,0.1503,0.6069,0.3383,0.375,0.1634,0.3827,0.1082,0.5017,0.5314,0.39018,0.32532
False,41097,103525,DePaul,Blue Demons,0.2622,0.1525,0.5712,0.3527,0.3799,0.1738,0.3361,0.1343,0.5265,0.508,0.33916,0.35441
True,41097,103643,Georgetown,Hoyas,0.2695,0.1698,0.6159,0.3193,0.411,0.1936,0.3858,0.1353,0.5129,0.5385,0.35175,0.31844
False,41097,103643,Georgetown,Hoyas,0.2646,0.1394,0.6108,0.2878,0.3774,0.1597,0.4122,0.1401,0.4475,0.5275,0.41236,0.33252
False,41097,103510,Creighton,Bluejays,0.2423,0.1429,0.64,0.3273,0.4123,0.2211,0.3143,0.1309,0.5484,0.5482,0.32071,0.35131
True,41097,103510,Creighton,Bluejays,0.2132,0.1893,0.6924,0.2776,0.3686,0.1558,0.4,0.0849,0.4333,0.576,0.48178,0.34093
False,41097,104509,Xavier,Musketeers,0.2227,0.1494,0.6724,0.3462,0.4238,0.178,0.3825,0.107,0.5242,0.588,0.36884,0.34759
True,41097,104509,Xavier,Musketeers,0.2486,0.186,0.6234,0.2625,0.4202,0.1804,0.3714,0.1512,0.4429,0.5406,0.40595,0.36525
True,41097,104112,Providence,Friars,0.2535,0.1826,0.6616,0.3224,0.4505,0.1879,0.3642,0.0846,0.5103,0.5839,0.40509,0.36353
False,41097,104112,Providence,Friars,0.2569,0.1782,0.6094,0.2917,0.4385,0.2037,0.3588,0.1194,0.4954,0.5391,0.38514,0.35266
False,41097,104270,St. John's (NY),Red Storm,0.2875,0.1583,0.5781,0.3536,0.3729,0.1884,0.3548,0.1273,0.542,0.5067,0.33075,0.3131
True,41097,104270,St. John's (NY),Red Storm,0.2488,0.193,0.6244,0.3557,0.3956,0.1805,0.3594,0.1121,0.5361,0.5474,0.35173,0.33499
False,27693,103908,Middle Tenn.,Blue Raiders,0.2194,0.1783,0.7266,0.2983,0.4439,0.2103,0.3022,0.1491,0.5086,0.6097,0.34227,0.31348
False,27693,103447,Charlotte,49ers,0.2529,0.1462,0.6393,0.303,0.432,0.1705,0.375,0.1391,0.4735,0.5647,0.38742,0.32479
True,27693,104380,UTEP,Miners,0.2565,0.166,0.6237,0.2598,0.4109,0.1802,0.3561,0.1941,0.4399,0.5365,0.36592,0.32634
False,27693,104005,North Texas,Mean Green,0.2391,0.1433,0.6413,0.2446,0.3801,0.2015,0.3037,0.2007,0.4461,0.5233,0.35316,0.32421
True,27693,104005,North Texas,Mean Green,0.2447,0.1152,0.6914,0.2472,0.4529,0.2414,0.3791,0.1335,0.4886,0.5736,0.37784,0.37087
False,27693,104453,Western Ky.,Hilltoppers,0.2588,0.1656,0.6,0.25,0.3616,0.2226,0.36,0.1372,0.4726,0.4877,0.39024,0.37031
True,27693,104351,UAB,Blazers,0.2251,0.1757,0.6373,0.319,0.4545,0.2142,0.3412,0.1947,0.5332,0.5639,0.27205,0.30947
True,27693,104453,Western Ky.,Hilltoppers,0.2071,0.1906,0.6625,0.3059,0.4235,0.2318,0.2683,0.1298,0.5377,0.5595,0.33249,0.33905
False,41097,103530,Delaware,Blue Hens,0.2285,0.1548,0.6064,0.2578,0.4495,0.2063,0.3575,0.1059,0.4641,0.5366,0.43006,0.34821
False,27693,104351,UAB,Blazers,0.2435,0.151,0.5593,0.3014,0.368,0.1718,0.3477,0.1635,0.4732,0.4899,0.36335,0.3181
False,30629,104005,North Texas,Mean Green,0.2845,0.1188,0.6285,0.2262,0.4333,0.2464,0.3481,0.2287,0.4725,0.5267,0.2988,0.2833
True,38409,104453,Western Ky.,Hilltoppers,0.2549,0.1912,0.6084,0.2494,0.4173,0.2484,0.3413,0.1042,0.4977,0.5131,0.3981,0.32956
False,41097,104380,UTEP,Miners,0.2443,0.1516,0.6317,0.276,0.4112,0.253,0.4085,0.0969,0.529,0.5263,0.37411,0.34281
True,30629,103865,Marshall,Thundering Herd,0.2145,0.1916,0.7287,0.2729,0.3952,0.1585,0.3207,0.1747,0.4314,0.6062,0.39393,0.3012
False,30629,103447,Charlotte,49ers,0.2268,0.1408,0.6531,0.2935,0.4282,0.2099,0.3574,0.1337,0.5034,0.5593,0.36291,0.36207
True,36046,104453,Western Ky.,Hilltoppers,0.2464,0.2283,0.6382,0.3503,0.4065,0.2451,0.4,0.0842,0.5954,0.5428,0.32039,0.34015
True,30629,104049,Old Dominion,Monarchs,0.2422,0.1347,0.629,0.2869,0.4397,0.2123,0.3462,0.2368,0.4991,0.5485,0.26409,0.29741
True,30629,104453,Western Ky.,Hilltoppers,0.1621,0.1821,0.6946,0.2971,0.4073,0.1745,0.3709,0.1602,0.4716,0.5883,0.36817,0.35447
True,30629,103447,Charlotte,49ers,0.215,0.1154,0.6954,0.321,0.3826,0.1755,0.3056,0.106,0.4965,0.5848,0.39753,0.34519
False,30629,104049,Old Dominion,Monarchs,0.2412,0.1422,0.643,0.2319,0.4254,0.1786,0.2958,0.1361,0.4104,0.5483,0.45351,0.3375
True,33533,103908,Middle Tenn.,Blue Raiders,0.2615,0.1419,0.6393,0.3534,0.3836,0.1668,0.3478,0.1258,0.5202,0.5573,0.35394,0.34467
True,41097,104453,Western Ky.,Hilltoppers,0.2822,0.1805,0.5886,0.2928,0.3494,0.2193,0.3107,0.0892,0.5121,0.4862,0.39869,0.34134
True,33533,104453,Western Ky.,Hilltoppers,0.219,0.163,0.6317,0.2449,0.4286,0.1982,0.3624,0.1924,0.4431,0.5408,0.36445,0.35827
False,33533,103447,Charlotte,49ers,0.2212,0.1346,0.6073,0.3143,0.3769,0.188,0.3589,0.1194,0.5023,0.521,0.37829,0.3429
False,33533,104380,UTEP,Miners,0.2828,0.1564,0.666,0.2945,0.4356,0.1537,0.3301,0.1781,0.4482,0.587,0.37369,0.33333
True,38409,104195,Sam Houston,Bearkats,0.2578,0.1709,0.6076,0.2981,0.3975,0.1736,0.3246,0.1445,0.4717,0.5303,0.38383,0.38764
False,41097,103908,Middle Tenn.,Blue Raiders,0.2333,0.1324,0.6451,0.3244,0.3817,0.2114,0.316,0.114,0.5358,0.5412,0.35019,0.32873
False,38409,104195,Sam Houston,Bearkats,0.2637,0.1477,0.6761,0.2769,0.403,0.173,0.3071,0.1332,0.4499,0.5711,0.41689,0.35723
False,30629,104453,Western Ky.,Hilltoppers,0.2338,0.1561,0.6335,0.234,0.3906,0.179,0.3345,0.1453,0.413,0.5282,0.44175,0.34119
True,41097,104380,UTEP,Miners,0.2778,0.1436,0.6552,0.2323,0.4271,0.2157,0.3138,0.1659,0.4479,0.5453,0.38616,0.33778
True,38409,104380,UTEP,Miners,0.2641,0.173,0.6376,0.2688,0.4114,0.2794,0.2822,0.0867,0.5482,0.5223,0.36509,0.35131
True,41097,104195,Sam Houston,Bearkats,0.25,0.1966,0.6125,0.3592,0.4347,0.1752,0.3484,0.1032,0.5343,0.5542,0.36245,0.36598
False,41097,104453,Western Ky.,Hilltoppers,0.2693,0.1518,0.6419,0.2416,0.4497,0.2057,0.3263,0.1284,0.4472,0.5535,0.42437,0.33846
False,33533,103908,Middle Tenn.,Blue Raiders,0.2307,0.1552,0.6201,0.3421,0.3535,0.1929,0.3767,0.1253,0.535,0.524,0.33974,0.35334
True,41097,103908,Middle Tenn.,Blue Raiders,0.2532,0.1359,0.6719,0.2325,0.442,0.1952,0.4047,0.1131,0.4277,0.567,0.45923,0.34021
True,30629,104380,UTEP,Miners,0.2698,0.1444,0.6675,0.2049,0.4528,0.1959,0.3293,0.2196,0.4007,0.5626,0.37962,0.34771
True,36046,104195,Sam Houston,Bearkats,0.2633,0.1712,0.5712,0.3208,0.3665,0.1961,0.3525,0.1253,0.5169,0.4935,0.3578,0.35151
False,36046,104195,Sam Houston,Bearkats,0.2615,0.1588,0.6333,0.3002,0.3665,0.189,0.36,0.1208,0.4893,0.5302,0.3899,0.3168
True,30629,104351,UAB,Blazers,0.2364,0.196,0.6533,0.3273,0.387,0.146,0.3727,0.1953,0.4733,0.5712,0.33137,0.37653
False,30629,104380,UTEP,Miners,0.2288,0.1553,0.6629,0.2992,0.4018,0.1893,0.3101,0.178,0.4885,0.5617,0.33352,0.33446
False,36046,103908,Middle Tenn.,Blue Raiders,0.2573,0.1422,0.5881,0.3445,0.4256,0.2247,0.3213,0.128,0.5692,0.5239,0.30283,0.32937
True,38409,103908,Middle Tenn.,Blue Raiders,0.2484,0.1627,0.649,0.3349,0.4175,0.1862,0.3966,0.0859,0.5211,0.5663,0.39299,0.31624
True,36046,103908,Middle Tenn.,Blue Raiders,0.2346,0.1284,0.581,0.2746,0.3757,0.1921,0.351,0.1129,0.4666,0.4965,0.42051,0.31097
True,33533,104380,UTEP,Miners,0.2606,0.1578,0.6812,0.3497,0.3903,0.1745,0.3052,0.1734,0.5242,0.5843,0.30236,0.29423
False,38409,104380,UTEP,Miners,0.2464,0.1567,0.6553,0.2468,0.4845,0.2529,0.3202,0.0996,0.4997,0.5689,0.40067,0.32682
True,41097,103530,Delaware,Blue Hens,0.2265,0.093,0.6361,0.2566,0.4069,0.196,0.4184,0.0872,0.4527,0.5369,0.46011,0.36022
False,36046,104380,UTEP,Miners,0.2748,0.1679,0.6649,0.3241,0.4375,0.181,0.3097,0.1516,0.5051,0.5834,0.34333,0.3196
False,38409,104453,Western Ky.,Hilltoppers,0.227,0.1408,0.6442,0.2233,0.383,0.202,0.3843,0.1324,0.4252,0.5201,0.44237,0.31221
True,30629,103908,Middle Tenn.,Blue Raiders,0.2653,0.1675,0.6812,0.3377,0.3357,0.1422,0.2989,0.0934,0.4799,0.5788,0.42661,0.32857
True,36046,104380,UTEP,Miners,0.2819,0.2032,0.6474,0.3424,0.4139,0.1873,0.302,0.155,0.5297,0.5648,0.3153,0.32013
False,33533,104453,Western Ky.,Hilltoppers,0.2476,0.1417,0.635,0.2567,0.3493,0.177,0.3077,0.1426,0.4337,0.5184,0.42373,0.35647
False,30629,103908,Middle Tenn.,Blue Raiders,0.2519,0.1683,0.5959,0.3085,0.3898,0.187,0.3359,0.1368,0.4955,0.5181,0.36767,0.30891
False,41097,104195,Sam Houston,Bearkats,0.2457,0.1494,0.6527,0.299,0.3761,0.1657,0.3276,0.1121,0.4647,0.5541,0.42319,0.31507
False,30629,103865,Marshall,Thundering Herd,0.2011,0.1465,0.6377,0.3078,0.4165,0.1895,0.3642,0.1578,0.4973,0.5534,0.34486,0.34181
True,30629,104005,North Texas,Mean Green,0.2637,0.0879,0.6199,0.2705,0.4223,0.2246,0.3433,0.082,0.4951,0.5303,0.42289,0.35745
False,33533,104005,North Texas,Mean Green,0.2742,0.1167,0.6376,0.2453,0.349,0.2217,0.2805,0.18,0.4671,0.5006,0.35291,0.30171
True,33533,103447,Charlotte,49ers,0.2251,0.0903,0.6406,0.3357,0.4435,0.1445,0.3508,0.1113,0.4802,0.5813,0.40851,0.37375
True,33533,104351,UAB,Blazers,0.2395,0.1703,0.613,0.3806,0.3316,0.164,0.3576,0.1413,0.5445,0.5283,0.31421,0.35695
False,38409,103908,Middle Tenn.,Blue Raiders,0.2403,0.1313,0.6009,0.333,0.3936,0.1953,0.3581,0.1107,0.5283,0.5242,0.36104,0.30254
False,36046,104453,Western Ky.,Hilltoppers,0.2397,0.1504,0.6089,0.2719,0.4104,0.1796,0.3244,0.1395,0.4515,0.53,0.40905,0.31813
False,30629,104351,UAB,Blazers,0.223,0.167,0.6025,0.3131,0.346,0.1827,0.3184,0.1329,0.4958,0.508,0.37133,0.3244
False,33533,104351,UAB,Blazers,0.2445,0.1489,0.561,0.3397,0.3866,0.1517,0.3243,0.1306,0.4914,0.5072,0.37803,0.31622
True,33533,104005,North Texas,Mean Green,0.2755,0.0892,0.6287,0.2601,0.3991,0.2228,0.3707,0.1048,0.4829,0.5228,0.41237,0.35192
True,27693,104049,Old Dominion,Monarchs,0.2593,0.1565,0.6314,0.3301,0.4184,0.1972,0.3119,0.1524,0.5273,0.5517,0.32028,0.28821
False,27693,103865,Marshall,Thundering Herd,0.2224,0.1557,0.605,0.2505,0.4343,0.2084,0.3585,0.1116,0.4589,0.5275,0.42947,0.33824
True,27693,103908,Middle Tenn.,Blue Raiders,0.2403,0.1429,0.5799,0.2267,0.3435,0.2381,0.3406,0.1429,0.4648,0.4588,0.39234,0.30871
False,27693,104049,Old Dominion,Monarchs,0.2435,0.1651,0.601,0.2622,0.3904,0.1984,0.3011,0.1264,0.4606,0.5103,0.41304,0.35197
True,27693,103447,Charlotte,49ers,0.2311,0.1359,0.6293,0.3193,0.345,0.1569,0.4021,0.1734,0.4761,0.5356,0.35046,0.32984
True,27693,103865,Marshall,Thundering Herd,0.2259,0.1857,0.6148,0.2392,0.4948,0.1902,0.4468,0.1843,0.4294,0.5616,0.38627,0.3401
False,27693,104380,UTEP,Miners,0.2316,0.1555,0.5675,0.3026,0.3949,0.2088,0.412,0.1634,0.5113,0.497,0.32526,0.34419
False,27693,104389,Utah,Utes,0.256,0.1296,0.6062,0.2705,0.4184,0.2362,0.4133,0.1374,0.5067,0.5187,0.35599,0.36024
True,27693,104389,Utah,Utes,0.25,0.1298,0.6558,0.3283,0.4026,0.1652,0.4018,0.1602,0.4936,0.571,0.34621,0.35537
True,27693,103297,Arizona St.,Sun Devils,0.2662,0.1985,0.6361,0.2594,0.4179,0.2211,0.3508,0.1637,0.4805,0.5357,0.35578,0.3321
False,27693,103297,Arizona St.,Sun Devils,0.2534,0.1526,0.6683,0.287,0.4164,0.2089,0.3495,0.1411,0.4959,0.5622,0.36301,0.36226
False,27693,104055,Oregon,Ducks,0.2353,0.1541,0.6373,0.2597,0.4041,0.2158,0.4104,0.1349,0.4755,0.5315,0.38956,0.3415
True,27693,104055,Oregon,Ducks,0.2327,0.1436,0.6704,0.2736,0.4379,0.2585,0.3618,0.092,0.5321,0.5575,0.37591,0.37681
False,27693,104290,Stanford,Cardinal,0.2634,0.1451,0.6005,0.2567,0.3811,0.1908,0.3589,0.1541,0.4475,0.5069,0.39838,0.33541
True,27693,104290,Stanford,Cardinal,0.2389,0.1595,0.6654,0.3518,0.4227,0.217,0.3184,0.1225,0.5688,0.5728,0.30869,0.32151
False,27693,103405,California,Golden Bears,0.2626,0.1456,0.6296,0.3121,0.4652,0.203,0.3239,0.1586,0.5151,0.5648,0.32627,0.37402
True,27693,103405,California,Golden Bears,0.2737,0.1118,0.5955,0.2624,0.4634,0.1602,0.3887,0.1725,0.4225,0.5455,0.40495,0.32797
False,33533,103405,California,Golden Bears,0.2587,0.1402,0.6131,0.3442,0.4368,0.1473,0.3874,0.1253,0.4915,0.5603,0.38318,0.33432
True,33533,103405,California,Golden Bears,0.2695,0.0922,0.5574,0.3188,0.3439,0.1854,0.307,0.1865,0.5041,0.4789,0.30933,0.29771
True,33533,104056,Oregon St.,Beavers,0.2802,0.1352,0.5773,0.2829,0.3853,0.1985,0.3574,0.1512,0.4815,0.4981,0.36733,0.31736
False,33533,104056,Oregon St.,Beavers,0.261,0.141,0.6316,0.3161,0.3564,0.1658,0.2899,0.1365,0.4819,0.5369,0.38153,0.33835
True,30629,103405,California,Golden Bears,0.2574,0.0919,0.5959,0.3014,0.4022,0.1535,0.3577,0.2286,0.4549,0.5306,0.31646,0.30756
False,30629,103405,California,Golden Bears,0.2228,0.1396,0.5736,0.3285,0.4116,0.1749,0.3552,0.1457,0.5034,0.5173,0.35096,0.30929
False,30629,104389,Utah,Utes,0.2523,0.138,0.587,0.3171,0.4629,0.1824,0.3357,0.1499,0.4995,0.5417,0.35065,0.3287
True,30629,104389,Utah,Utes,0.2479,0.1386,0.5778,0.2857,0.3814,0.1618,0.3776,0.159,0.4475,0.5068,0.39355,0.33475
False,27693,103484,Colorado,Buffaloes,0.2544,0.1127,0.5566,0.314,0.4299,0.1799,0.3321,0.1553,0.494,0.5104,0.35072,0.33333
True,27693,103484,Colorado,Buffaloes,0.253,0.1504,0.5791,0.2957,0.476,0.1839,0.3958,0.1558,0.4796,0.5396,0.36454,0.3716
False,30629,104056,Oregon St.,Beavers,0.2419,0.1475,0.7006,0.2707,0.4986,0.1972,0.3563,0.1334,0.4679,0.6155,0.3987,0.35908
True,30629,104056,Oregon St.,Beavers,0.2595,0.1525,0.6674,0.2462,0.4527,0.2178,0.3585,0.2284,0.4641,0.5666,0.30752,0.31884
True,33533,104389,Utah,Utes,0.2323,0.136,0.6248,0.2966,0.3896,0.1761,0.3179,0.1513,0.4727,0.5371,0.37601,0.33333
False,33533,104389,Utah,Utes,0.2456,0.1235,0.5565,0.2942,0.3523,0.1918,0.3686,0.1622,0.486,0.4759,0.35187,0.30133
False,30629,103297,Arizona St.,Sun Devils,0.2237,0.1434,0.5874,0.2643,0.3967,0.202,0.296,0.1241,0.4663,0.5048,0.40957,0.31114
True,30629,103297,Arizona St.,Sun Devils,0.267,0.1484,0.5855,0.2216,0.4447,0.2317,0.3823,0.1746,0.4533,0.5135,0.37213,0.30703
False,30629,104290,Stanford,Cardinal,0.2513,0.1584,0.66,0.2808,0.4274,0.2077,0.3981,0.1206,0.4886,0.5611,0.39084,0.32714
True,30629,104290,Stanford,Cardinal,0.2636,0.0998,0.6077,0.3051,0.3994,0.1899,0.3412,0.1185,0.4949,0.5278,0.38652,0.33866
True,36046,104056,Oregon St.,Beavers,0.2796,0.127,0.5818,0.2837,0.4248,0.1943,0.4586,0.1799,0.4779,0.518,0.34212,0.32831
False,36046,104056,Oregon St.,Beavers,0.2815,0.137,0.6009,0.357,0.4494,0.1457,0.3396,0.1157,0.5027,0.557,0.38155,0.33047
True,33533,104290,Stanford,Cardinal,0.2599,0.1195,0.6362,0.2774,0.447,0.2137,0.3237,0.1117,0.4911,0.5538,0.39719,0.36277
False,33533,104290,Stanford,Cardinal,0.2496,0.1523,0.6504,0.2595,0.3983,0.1919,0.3789,0.1407,0.4513,0.5432,0.40792,0.35445
False,27693,104056,Oregon St.,Beavers,0.2792,0.1506,0.6301,0.2874,0.4141,0.1966,0.3391,0.129,0.4839,0.5423,0.38704,0.30043
True,27693,104056,Oregon St.,Beavers,0.2885,0.129,0.5981,0.2794,0.4233,0.2051,0.3443,0.1655,0.4845,0.5241,0.34997,0.35659
False,30629,103484,Colorado,Buffaloes,0.2764,0.1412,0.6243,0.2743,0.3802,0.2259,0.3135,0.1312,0.5003,0.514,0.36856,0.33051
True,30629,103484,Colorado,Buffaloes,0.2316,0.1693,0.5993,0.3216,0.3995,0.2019,0.3269,0.1408,0.5236,0.5222,0.33568,0.36613
True,36046,103297,Arizona St.,Sun Devils,0.2387,0.1819,0.635,0.2883,0.374,0.2067,0.332,0.1284,0.495,0.526,0.37664,0.30028
False,36046,103297,Arizona St.,Sun Devils,0.24,0.152,0.6516,0.3164,0.3697,0.1892,0.4041,0.1023,0.5056,0.5461,0.39216,0.33919
True,36046,103405,California,Golden Bears,0.2472,0.1343,0.5702,0.2914,0.4196,0.1444,0.3601,0.1444,0.4359,0.5203,0.4197,0.33815
False,36046,103405,California,Golden Bears,0.2315,0.1534,0.6209,0.3099,0.4081,0.1647,0.3594,0.1642,0.4746,0.547,0.36121,0.35795
False,36046,104290,Stanford,Cardinal,0.234,0.1354,0.6374,0.2649,0.4512,0.2183,0.3579,0.1411,0.4832,0.5533,0.37574,0.35705
True,36046,104290,Stanford,Cardinal,0.2168,0.1666,0.6465,0.2715,0.4688,0.2036,0.3935,0.1145,0.4751,0.5703,0.41039,0.36951
False,33533,103484,Colorado,Buffaloes,0.2519,0.1453,0.5734,0.3073,0.4106,0.2259,0.3625,0.1244,0.5332,0.5044,0.34249,0.3177
True,33533,103484,Colorado,Buffaloes,0.2355,0.1688,0.5671,0.317,0.4644,0.2253,0.3468,0.1112,0.5423,0.5245,0.34652,0.3237
False,33533,104055,Oregon,Ducks,0.266,0.131,0.6118,0.2237,0.382,0.236,0.3352,0.1689,0.4597,0.4938,0.3714,0.33672
True,33533,104055,Oregon,Ducks,0.2244,0.1307,0.6492,0.2903,0.4626,0.2222,0.3299,0.0964,0.5125,0.5683,0.39109,0.3204
True,30629,104055,Oregon,Ducks,0.246,0.1539,0.6543,0.2733,0.4601,0.2535,0.3162,0.1128,0.5267,0.5608,0.36048,0.33289
False,30629,104055,Oregon,Ducks,0.254,0.1464,0.6708,0.2385,0.4107,0.2185,0.3652,0.1737,0.4571,0.5464,0.36927,0.32232
False,33533,103297,Arizona St.,Sun Devils,0.2669,0.1498,0.5529,0.2702,0.3545,0.2101,0.3254,0.1243,0.4803,0.4661,0.39546,0.3404
True,33533,103297,Arizona St.,Sun Devils,0.2732,0.1739,0.632,0.2657,0.3827,0.1708,0.3665,0.1679,0.4365,0.5344,0.39552,0.32449
False,36046,104055,Oregon,Ducks,0.2593,0.1579,0.6264,0.2613,0.4605,0.2088,0.3832,0.1622,0.4701,0.5527,0.36765,0.35007
True,36046,104055,Oregon,Ducks,0.2429,0.1516,0.6508,0.303,0.4317,0.1911,0.3876,0.1431,0.4942,0.566,0.3627,0.33805
True,36046,103484,Colorado,Buffaloes,0.2167,0.1562,0.6429,0.3711,0.459,0.2126,0.3489,0.1108,0.5837,0.5759,0.30552,0.39198
False,36046,103484,Colorado,Buffaloes,0.2598,0.1405,0.6158,0.3169,0.437,0.2059,0.3405,0.1249,0.5228,0.5454,0.35228,0.3202
True,36046,104389,Utah,Utes,0.2249,0.1461,0.6616,0.3149,0.432,0.1784,0.3277,0.1031,0.4933,0.5786,0.40364,0.37017
False,36046,104389,Utah,Utes,0.2368,0.1477,0.5953,0.2906,0.3962,0.2032,0.3604,0.1419,0.4938,0.5134,0.36429,0.33567
False,27693,103833,Loyola Chicago,Ramblers,0.2552,0.0994,0.576,0.2633,0.4171,0.2415,0.3311,0.1833,0.5049,0.5,0.31189,0.31518
True,27693,103833,Loyola Chicago,Ramblers,0.2593,0.1125,0.6791,0.3558,0.3793,0.1743,0.3605,0.1034,0.53,0.5805,0.36659,0.37049
True,27693,103591,Evansville,Purple Aces,0.2325,0.0836,0.6246,0.2812,0.4222,0.1228,0.336,0.1137,0.404,0.5631,0.48226,0.37547
False,27693,103591,Evansville,Purple Aces,0.2559,0.1562,0.6511,0.3814,0.4764,0.1987,0.3333,0.1265,0.5801,0.5913,0.29335,0.41534
True,27693,104242,Southern Ill.,Salukis,0.2142,0.1432,0.6126,0.33,0.4279,0.1822,0.3256,0.078,0.5122,0.5469,0.40979,0.35398
False,27693,104242,Southern Ill.,Salukis,0.2354,0.1258,0.7029,0.2931,0.3805,0.1767,0.3841,0.119,0.4698,0.5817,0.41121,0.3522
True,27693,103722,Illinois St.,Redbirds,0.2326,0.1811,0.6835,0.2713,0.4342,0.1733,0.3983,0.1755,0.4445,0.5863,0.37994,0.338
False,27693,103722,Illinois St.,Redbirds,0.2121,0.1558,0.6682,0.3091,0.4139,0.1775,0.3382,0.0989,0.4865,0.5755,0.41455,0.29825
False,27693,103732,Indiana St.,Sycamores,0.2709,0.1149,0.6703,0.2747,0.4189,0.2197,0.3631,0.1247,0.4944,0.5586,0.38085,0.33918
True,27693,103732,Indiana St.,Sycamores,0.2276,0.1601,0.6377,0.2578,0.3946,0.2481,0.3738,0.1599,0.506,0.5185,0.33408,0.33333
True,27693,104398,Valparaiso,Beacons,0.2366,0.177,0.6163,0.3288,0.3486,0.1144,0.3534,0.1516,0.4431,0.5472,0.40523,0.29677
False,27693,104398,Valparaiso,Beacons,0.2279,0.1344,0.5961,0.3616,0.4065,0.1583,0.3316,0.1261,0.5199,0.5384,0.35393,0.32909
True,30629,103833,Loyola Chicago,Ramblers,0.2667,0.1327,0.6257,0.3543,0.4066,0.1664,0.2899,0.0477,0.5207,0.5557,0.43163,0.3664
False,30629,103833,Loyola Chicago,Ramblers,0.2564,0.1038,0.5827,0.2912,0.3907,0.1948,0.3581,0.1501,0.486,0.5057,0.36383,0.29559
True,30629,104242,Southern Ill.,Salukis,0.2472,0.1274,0.6635,0.2656,0.4074,0.2362,0.3115,0.0762,0.5019,0.543,0.42188,0.35407
False,30629,104242,Southern Ill.,Salukis,0.2378,0.1152,0.6683,0.256,0.439,0.2579,0.3371,0.166,0.5138,0.5532,0.32013,0.3222
True,30629,103591,Evansville,Purple Aces,0.228,0.0678,0.5704,0.2517,0.4074,0.1537,0.2959,0.124,0.4054,0.5086,0.47059,0.3293
False,30629,103591,Evansville,Purple Aces,0.2316,0.1671,0.6475,0.3861,0.4301,0.1722,0.4172,0.1032,0.5582,0.5805,0.33861,0.38131
True,30629,103732,Indiana St.,Sycamores,0.2147,0.1254,0.5996,0.3326,0.4618,0.1537,0.3226,0.0545,0.4862,0.5561,0.45924,0.3295
False,30629,103732,Indiana St.,Sycamores,0.2166,0.1267,0.6358,0.2549,0.4271,0.211,0.327,0.1731,0.4659,0.5413,0.36099,0.3516
True,30629,104398,Valparaiso,Beacons,0.2011,0.1531,0.6494,0.3291,0.4401,0.156,0.3755,0.1346,0.4852,0.5821,0.38022,0.33237
False,30629,104398,Valparaiso,Beacons,0.2109,0.1046,0.6149,0.3371,0.419,0.1517,0.3796,0.1464,0.4888,0.5541,0.36485,0.35432
True,30629,103722,Illinois St.,Redbirds,0.2498,0.1657,0.6018,0.2908,0.4832,0.1859,0.3289,0.1578,0.4766,0.5556,0.36552,0.3679
False,30629,103722,Illinois St.,Redbirds,0.2354,0.1375,0.581,0.3171,0.4508,0.1943,0.3537,0.1152,0.5113,0.5315,0.37343,0.34367
False,33533,103722,Illinois St.,Redbirds,0.2642,0.1353,0.6179,0.3593,0.4549,0.1627,0.3128,0.1011,0.522,0.5671,0.37684,0.33733
True,33533,103722,Illinois St.,Redbirds,0.2824,0.1248,0.603,0.3143,0.4494,0.1572,0.3029,0.1224,0.4715,0.5518,0.40612,0.33623
False,33533,104242,Southern Ill.,Salukis,0.2501,0.1365,0.6211,0.273,0.3592,0.2329,0.3547,0.1498,0.5059,0.5006,0.34426,0.33005
True,33533,104242,Southern Ill.,Salukis,0.2558,0.1519,0.7103,0.2937,0.371,0.1807,0.3458,0.0624,0.4744,0.5811,0.46329,0.32579
False,33533,103960,Murray St.,Racers,0.2527,0.1236,0.6412,0.3227,0.4306,0.1472,0.3333,0.1147,0.4699,0.5753,0.4154,0.33417
True,33533,103960,Murray St.,Racers,0.2198,0.1684,0.6176,0.3427,0.3864,0.1447,0.3509,0.1875,0.4874,0.5489,0.32511,0.33221
True,33533,103591,Evansville,Purple Aces,0.2368,0.1479,0.5712,0.298,0.3221,0.2094,0.3229,0.1566,0.5073,0.4684,0.33605,0.32201
False,33533,103591,Evansville,Purple Aces,0.2396,0.1696,0.6572,0.3499,0.4221,0.1598,0.3262,0.0779,0.5097,0.5835,0.41238,0.37936
True,33533,104398,Valparaiso,Beacons,0.2404,0.1605,0.6562,0.3094,0.4326,0.1523,0.3587,0.1776,0.4617,0.5825,0.36069,0.29641
False,33533,104398,Valparaiso,Beacons,0.2177,0.1457,0.644,0.3209,0.3867,0.1594,0.3613,0.1456,0.4803,0.5586,0.37407,0.33949
True,33533,103732,Indiana St.,Sycamores,0.2348,0.168,0.6648,0.3707,0.428,0.1268,0.4444,0.0411,0.4975,0.6045,0.46146,0.35385
False,33533,103732,Indiana St.,Sycamores,0.2327,0.1343,0.6353,0.2577,0.3963,0.1925,0.3675,0.1925,0.4502,0.5331,0.35725,0.32107
False,36046,103722,Illinois St.,Redbirds,0.2819,0.1235,0.6876,0.2492,0.4383,0.2223,0.3347,0.1355,0.4714,0.5701,0.39306,0.32621
True,36046,103722,Illinois St.,Redbirds,0.2448,0.1092,0.6325,0.2563,0.4255,0.2374,0.3964,0.1267,0.4937,0.5329,0.37957,0.29173
False,36046,103960,Murray St.,Racers,0.2371,0.1424,0.6707,0.2829,0.4063,0.18,0.3959,0.1126,0.4629,0.5679,0.42457,0.36743
True,36046,103960,Murray St.,Racers,0.2371,0.1662,0.6298,0.3096,0.3932,0.1907,0.4275,0.1461,0.5003,0.5396,0.35361,0.32104
False,36046,104242,Southern Ill.,Salukis,0.2703,0.1366,0.6588,0.2433,0.4783,0.3039,0.3622,0.1454,0.5472,0.5586,0.30738,0.30354
True,36046,104242,Southern Ill.,Salukis,0.2779,0.1191,0.6244,0.244,0.4919,0.248,0.381,0.0722,0.492,0.5576,0.43585,0.34691
True,36046,104398,Valparaiso,Beacons,0.2392,0.1739,0.6087,0.2346,0.3937,0.1775,0.3356,0.2203,0.412,0.5161,0.36767,0.32455
False,36046,104398,Valparaiso,Beacons,0.2255,0.1431,0.6379,0.384,0.4515,0.1599,0.3438,0.1027,0.5439,0.5831,0.35348,0.35401
False,36046,103591,Evansville,Purple Aces,0.2314,0.1472,0.6089,0.27,0.4373,0.1962,0.375,0.1003,0.4662,0.5367,0.43346,0.35039
True,36046,103591,Evansville,Purple Aces,0.2223,0.1511,0.6521,0.28,0.4416,0.2139,0.3404,0.161,0.4939,0.561,0.34508,0.33617
False,36046,103732,Indiana St.,Sycamores,0.2425,0.1326,0.6128,0.234,0.4601,0.224,0.3711,0.2016,0.458,0.5381,0.3404,0.34432
True,36046,103732,Indiana St.,Sycamores,0.2326,0.1648,0.6957,0.3361,0.5232,0.1337,0.359,0.0345,0.4699,0.6466,0.49557,0.38159
False,38409,103591,Evansville,Purple Aces,0.2379,0.1523,0.553,0.2895,0.4224,0.1765,0.4085,0.0899,0.466,0.5035,0.44408,0.3358
True,38409,103591,Evansville,Purple Aces,0.2503,0.1297,0.6355,0.3104,0.4441,0.1677,0.3266,0.1131,0.4781,0.5684,0.40875,0.3032
False,38409,103960,Murray St.,Racers,0.2814,0.1357,0.6173,0.3339,0.4496,0.215,0.3792,0.1333,0.5489,0.5516,0.31778,0.31643
True,38409,103960,Murray St.,Racers,0.2634,0.1399,0.59,0.3385,0.3772,0.1832,0.3357,0.0784,0.5217,0.5152,0.39989,0.34431
False,38409,104242,Southern Ill.,Salukis,0.2506,0.1286,0.6179,0.3299,0.3784,0.1727,0.3523,0.1001,0.5026,0.5356,0.3973,0.3577
True,38409,104242,Southern Ill.,Salukis,0.2501,0.1671,0.6116,0.4088,0.4071,0.1788,0.2733,0.0791,0.5876,0.5494,0.33333,0.35127
True,38409,103732,Indiana St.,Sycamores,0.2549,0.1674,0.6365,0.3169,0.5223,0.1667,0.2381,0.0223,0.4835,0.5971,0.49416,0.34694
False,38409,103732,Indiana St.,Sycamores,0.2405,0.1525,0.6188,0.2916,0.5022,0.2327,0.3297,0.0957,0.5243,0.5671,0.38004,0.34966
True,38409,104398,Valparaiso,Beacons,0.2415,0.1368,0.6007,0.2745,0.4293,0.1937,0.3388,0.1487,0.4682,0.5298,0.38307,0.33589
False,38409,104398,Valparaiso,Beacons,0.2545,0.1294,0.6138,0.3716,0.4605,0.1558,0.3333,0.1076,0.5274,0.5685,0.36494,0.34551
False,38409,103722,Illinois St.,Redbirds,0.2658,0.134,0.6465,0.273,0.4468,0.1925,0.3689,0.1125,0.4655,0.5639,0.422,0.35308
True,38409,103722,Illinois St.,Redbirds,0.2564,0.098,0.6886,0.2751,0.4652,0.1592,0.4332,0.0942,0.4343,0.6067,0.47154,0.37607
False,41097,103591,Evansville,Purple Aces,0.2459,0.1502,0.6233,0.3118,0.4272,0.165,0.3672,0.0945,0.4768,0.5554,0.42872,0.36986
True,41097,103591,Evansville,Purple Aces,0.2388,0.0853,0.643,0.2715,0.4063,0.1786,0.3333,0.1173,0.4501,0.5491,0.43254,0.32765
False,41097,104398,Valparaiso,Beacons,0.2881,0.1243,0.6163,0.3656,0.4013,0.1695,0.3405,0.0983,0.5351,0.5482,0.36663,0.32029
True,41097,104398,Valparaiso,Beacons,0.2689,0.1209,0.5616,0.2954,0.3711,0.1654,0.3946,0.1726,0.4607,0.4932,0.36661,0.34043
False,41097,103732,Indiana St.,Sycamores,0.2212,0.1309,0.6095,0.2869,0.4519,0.2457,0.425,0.1206,0.5327,0.5368,0.34673,0.31594
True,41097,103732,Indiana St.,Sycamores,0.2325,0.1417,0.6704,0.3369,0.4646,0.1744,0.3649,0.0397,0.5113,0.6002,0.44903,0.319
False,41097,104242,Southern Ill.,Salukis,0.2463,0.1315,0.6014,0.2996,0.4324,0.1812,0.3744,0.1039,0.4808,0.5377,0.41525,0.30167
True,41097,104242,Southern Ill.,Salukis,0.2458,0.1791,0.6048,0.3407,0.4794,0.224,0.4044,0.1398,0.5647,0.5551,0.29548,0.27826
False,41097,103960,Murray St.,Racers,0.279,0.1574,0.6315,0.3435,0.4072,0.242,0.4261,0.1406,0.5855,0.5388,0.27391,0.36155
True,41097,103960,Murray St.,Racers,0.2598,0.1759,0.6661,0.2869,0.4479,0.1916,0.3605,0.0734,0.4785,0.5787,0.4481,0.34967
False,41097,103722,Illinois St.,Redbirds,0.2582,0.1271,0.6098,0.3202,0.4355,0.1816,0.3186,0.144,0.5017,0.5467,0.35432,0.32507
True,41097,103722,Illinois St.,Redbirds,0.2507,0.1065,0.6528,0.314,0.4343,0.1584,0.407,0.0964,0.4724,0.5795,0.4312,0.35281
True,27693,103411,Campbell,Fighting Camels,0.2575,0.1476,0.7704,0.3269,0.5507,0.1671,0.5077,0.1574,0.4939,0.6961,0.34867,0.35417
False,27693,103411,Campbell,Fighting Camels,0.2705,0.1886,0.6516,0.3531,0.45,0.1367,0.3469,0.1116,0.4897,0.5953,0.39863,0.35429
False,27693,103638,Gardner-Webb,Runnin' Bulldogs,0.2486,0.1565,0.5397,0.3345,0.3125,0.1416,0.2941,0.1204,0.4761,0.4721,0.40354,0.30263
True,27693,103638,Gardner-Webb,Runnin' Bulldogs,0.3013,0.1409,0.5482,0.3556,0.3784,0.1336,0.3488,0.0776,0.4892,0.5018,0.43321,0.35
True,27693,104109,Presbyterian,Blue Hose,0.3037,0.1701,0.6419,0.2641,0.3871,0.2285,0.3438,0.1572,0.4926,0.5237,0.35012,0.32982
False,27693,104109,Presbyterian,Blue Hose,0.2898,0.1883,0.7381,0.2692,0.4126,0.2641,0.268,0.1244,0.5333,0.5769,0.34231,0.32584
True,30629,103411,Campbell,Fighting Camels,0.2189,0.1336,0.713,0.299,0.3875,0.1908,0.3779,0.1432,0.4898,0.5863,0.367,0.32194
False,30629,103638,Gardner-Webb,Runnin' Bulldogs,0.24,0.1442,0.6286,0.2698,0.3857,0.169,0.2686,0.146,0.4387,0.5351,0.41521,0.28343
False,30629,103411,Campbell,Fighting Camels,0.2471,0.1448,0.6455,0.2525,0.3536,0.187,0.3511,0.175,0.4395,0.5213,0.38544,0.34315
True,30629,103638,Gardner-Webb,Runnin' Bulldogs,0.2716,0.1406,0.617,0.3559,0.3982,0.1945,0.31,0.0582,0.5504,0.5397,0.39138,0.32887
True,30629,104109,Presbyterian,Blue Hose,0.2816,0.1621,0.6967,0.2687,0.4412,0.2059,0.3003,0.1669,0.4747,0.5858,0.35848,0.26421
False,30629,104109,Presbyterian,Blue Hose,0.2573,0.182,0.6427,0.2685,0.4278,0.233,0.3014,0.1302,0.5016,0.5429,0.36822,0.36717
False,33533,104109,Presbyterian,Blue Hose,0.2663,0.163,0.6553,0.2868,0.4139,0.2547,0.3509,0.112,0.5416,0.5417,0.34643,0.3724
True,33533,104109,Presbyterian,Blue Hose,0.2999,0.1639,0.6103,0.2655,0.4268,0.2668,0.25,0.0989,0.5322,0.5183,0.3689,0.31922
False,33533,103638,Gardner-Webb,Runnin' Bulldogs,0.2584,0.1576,0.5526,0.2381,0.4226,0.2105,0.3835,0.1748,0.4486,0.4916,0.37657,0.33777
True,33533,103638,Gardner-Webb,Runnin' Bulldogs,0.2811,0.1391,0.6721,0.3272,0.4453,0.233,0.3041,0.1014,0.5602,0.5778,0.33847,0.3345
True,33533,103411,Campbell,Fighting Camels,0.2521,0.1245,0.6735,0.3568,0.3963,0.1818,0.3431,0.0771,0.5385,0.5799,0.38436,0.33382
False,33533,103411,Campbell,Fighting Camels,0.2822,0.1536,0.6699,0.2771,0.4201,0.184,0.3877,0.1236,0.4611,0.5702,0.41535,0.34469
False,36046,103638,Gardner-Webb,Runnin' Bulldogs,0.252,0.1443,0.6233,0.2622,0.4204,0.2435,0.3576,0.1489,0.5057,0.5256,0.3454,0.33234
False,36046,104109,Presbyterian,Blue Hose,0.2713,0.1627,0.6529,0.256,0.4583,0.2798,0.3512,0.1138,0.5358,0.5513,0.35036,0.35024
True,36046,104109,Presbyterian,Blue Hose,0.2717,0.1864,0.6568,0.3019,0.4775,0.2567,0.3667,0.1105,0.5587,0.5744,0.33088,0.33386
True,36046,103638,Gardner-Webb,Runnin' Bulldogs,0.2751,0.2294,0.6188,0.3358,0.3551,0.2078,0.3016,0.0949,0.5437,0.518,0.36145,0.34583
False,38409,103638,Gardner-Webb,Runnin' Bulldogs,0.2651,0.1858,0.6577,0.319,0.4416,0.2119,0.3588,0.0914,0.5309,0.5714,0.37762,0.32479
True,38409,103638,Gardner-Webb,Runnin' Bulldogs,0.2726,0.1771,0.6387,0.3493,0.4529,0.2451,0.2782,0.0749,0.5944,0.5621,0.3307,0.33049
True,38409,104109,Presbyterian,Blue Hose,0.2726,0.1608,0.6941,0.2292,0.4759,0.2826,0.3322,0.1481,0.5118,0.5736,0.34014,0.36769
False,38409,104109,Presbyterian,Blue Hose,0.2428,0.1485,0.6194,0.2734,0.4801,0.2916,0.3478,0.0891,0.565,0.5475,0.34588,0.3328
False,41097,103638,Gardner-Webb,Runnin' Bulldogs,0.223,0.1646,0.6766,0.3791,0.4548,0.1526,0.3419,0.0576,0.5318,0.613,0.41064,0.35971
False,41097,104109,Presbyterian,Blue Hose,0.2649,0.1539,0.6133,0.2729,0.4202,0.274,0.3729,0.0943,0.5469,0.5166,0.35874,0.35067
True,41097,103638,Gardner-Webb,Runnin' Bulldogs,0.253,0.1817,0.6058,0.4012,0.3132,0.1481,0.2917,0.0633,0.5493,0.5269,0.38745,0.30884
True,41097,104109,Presbyterian,Blue Hose,0.2676,0.1579,0.6497,0.2929,0.4914,0.3221,0.343,0.0949,0.615,0.5668,0.29013,0.32319
True,27693,104381,UTRGV,Vaqueros,0.295,0.2449,0.6143,0.3179,0.4,0.1408,0.2872,0.1708,0.4587,0.5485,0.37057,0.28676
False,27693,104381,UTRGV,Vaqueros,0.3049,0.1639,0.5631,0.3047,0.399,0.1953,0.314,0.1696,0.5,0.499,0.33037,0.30149
True,27693,104309,Tarleton St.,Texans,0.2895,0.1586,0.6559,0.3295,0.3595,0.2143,0.3973,0.1984,0.5438,0.5391,0.25775,0.37801
False,27693,104309,Tarleton St.,Texans,0.2769,0.1932,0.5867,0.2751,0.3592,0.1442,0.265,0.1188,0.4193,0.5085,0.46193,0.34505
False,27693,103539,Utah Tech,Trailblazers ,0.2639,0.1668,0.6667,0.3336,0.3713,0.1728,0.4422,0.1257,0.5064,0.5659,0.36784,0.31628
True,27693,103539,Utah Tech,Trailblazers ,0.2856,0.2146,0.617,0.3118,0.3667,0.1641,0.3112,0.1787,0.4758,0.5307,0.34549,0.30343
True,27693,103659,Grand Canyon,Lopes,0.2575,0.132,0.6897,0.2934,0.4888,0.1936,0.4766,0.1546,0.487,0.6098,0.35838,0.32863
False,27693,103659,Grand Canyon,Lopes,0.2688,0.1408,0.6007,0.2043,0.3986,0.2138,0.3153,0.1631,0.4181,0.4974,0.41881,0.29474
True,30629,104309,Tarleton St.,Texans,0.2802,0.1324,0.6091,0.2888,0.3659,0.2371,0.3728,0.1705,0.5258,0.4994,0.30362,0.30528
False,30629,104309,Tarleton St.,Texans,0.2782,0.1849,0.6758,0.2986,0.4029,0.1747,0.355,0.1062,0.4733,0.575,0.42049,0.32138
False,30629,103659,Grand Canyon,Lopes,0.2653,0.1453,0.53,0.3041,0.376,0.2044,0.3566,0.1469,0.5085,0.4681,0.34453,0.27273
True,30629,103659,Grand Canyon,Lopes,0.2673,0.1535,0.6128,0.2986,0.3502,0.1737,0.3629,0.1299,0.4723,0.5162,0.39781,0.34848
False,30629,104195,Sam Houston,Bearkats,0.2404,0.1655,0.6228,0.2757,0.3759,0.1581,0.3004,0.1384,0.4337,0.5329,0.42781,0.31111
True,30629,104195,Sam Houston,Bearkats,0.2738,0.1492,0.6276,0.3067,0.3448,0.1362,0.3321,0.1382,0.4429,0.5406,0.41888,0.33873
False,38409,104309,Tarleton St.,Texans,0.2909,0.1851,0.6372,0.2778,0.4032,0.1936,0.4253,0.1069,0.4714,0.5411,0.42163,0.33965
True,38409,104309,Tarleton St.,Texans,0.2853,0.1549,0.6275,0.316,0.3784,0.2472,0.3165,0.184,0.5632,0.5182,0.25279,0.32353
False,38409,104249,Southern Utah,Thunderbirds,0.274,0.1851,0.5662,0.369,0.414,0.2126,0.3636,0.1359,0.5816,0.5106,0.28255,0.32423
True,38409,104249,Southern Utah,Thunderbirds,0.254,0.1607,0.6184,0.298,0.3798,0.1888,0.3552,0.1877,0.4868,0.5259,0.32549,0.31325
True,33533,104309,Tarleton St.,Texans,0.3067,0.1601,0.5799,0.3331,0.4556,0.2412,0.3424,0.1706,0.5743,0.5277,0.25506,0.3424
False,33533,104309,Tarleton St.,Texans,0.3164,0.16,0.6478,0.2884,0.3993,0.168,0.3353,0.1066,0.4564,0.5563,0.43699,0.35868
True,36046,104249,Southern Utah,Thunderbirds,0.2515,0.1529,0.6217,0.2273,0.5038,0.2848,0.3668,0.1392,0.5121,0.5561,0.34874,0.30046
False,36046,104249,Southern Utah,Thunderbirds,0.2749,0.1609,0.6613,0.2603,0.5063,0.3358,0.321,0.1283,0.5961,0.574,0.27561,0.341
False,36046,103539,Utah Tech,Trailblazers ,0.2755,0.1717,0.6113,0.2815,0.4083,0.2248,0.4167,0.1253,0.5063,0.5212,0.36833,0.33881
True,36046,103539,Utah Tech,Trailblazers ,0.2936,0.1578,0.6327,0.3016,0.4188,0.2036,0.3658,0.1491,0.5052,0.5465,0.34571,0.33725
True,30629,104381,UTRGV,Vaqueros,0.2786,0.1893,0.6176,0.363,0.3692,0.1887,0.4453,0.0743,0.5517,0.5326,0.37398,0.30435
False,30629,104381,UTRGV,Vaqueros,0.2867,0.1802,0.635,0.3182,0.4188,0.1667,0.3974,0.1219,0.4849,0.5607,0.39323,0.32053
False,33533,104195,Sam Houston,Bearkats,0.2468,0.1516,0.5443,0.2717,0.3621,0.1362,0.3209,0.1262,0.4079,0.4835,0.46596,0.32997
True,33533,104195,Sam Houston,Bearkats,0.27,0.1452,0.6228,0.3406,0.3562,0.156,0.3594,0.1305,0.4967,0.539,0.37277,0.37893
False,38409,103539,Utah Tech,Trailblazers ,0.2524,0.1566,0.6746,0.3112,0.4065,0.2439,0.417,0.131,0.5551,0.5568,0.31389,0.33615
True,38409,103539,Utah Tech,Trailblazers ,0.2818,0.1406,0.6012,0.2694,0.4138,0.1976,0.3548,0.1462,0.467,0.5219,0.38679,0.33333
False,36046,104381,UTRGV,Vaqueros,0.2615,0.1748,0.6561,0.3325,0.4436,0.2102,0.3391,0.1212,0.5427,0.5738,0.33614,0.34639
True,36046,104381,UTRGV,Vaqueros,0.2499,0.1834,0.5873,0.3148,0.4289,0.246,0.291,0.1355,0.5608,0.5178,0.30372,0.2925
True,30629,103539,Utah Tech,Trailblazers ,0.2585,0.2235,0.614,0.329,0.3872,0.1758,0.3186,0.1211,0.5048,0.535,0.37406,0.31375
False,30629,103539,Utah Tech,Trailblazers ,0.2736,0.1615,0.6287,0.2955,0.4309,0.1946,0.3361,0.1263,0.4902,0.5502,0.38354,0.31579
True,41097,104309,Tarleton St.,Texans,0.2842,0.1905,0.5807,0.3804,0.4312,0.2074,0.3657,0.1665,0.5878,0.528,0.24569,0.32237
False,41097,104309,Tarleton St.,Texans,0.2806,0.1672,0.6073,0.3189,0.4561,0.1732,0.3687,0.1047,0.4921,0.5541,0.40316,0.34107
False,41097,104249,Southern Utah,Thunderbirds,0.2484,0.1809,0.6,0.343,0.4562,0.2352,0.3408,0.1308,0.5781,0.5415,0.29103,0.36195
True,41097,104249,Southern Utah,Thunderbirds,0.2339,0.1809,0.6505,0.2941,0.4624,0.2451,0.3242,0.0959,0.5393,0.565,0.36479,0.34249
True,33533,103539,Utah Tech,Trailblazers ,0.2799,0.1546,0.6492,0.318,0.3785,0.1598,0.3212,0.1071,0.4778,0.5587,0.41509,0.38102
False,33533,103539,Utah Tech,Trailblazers ,0.3049,0.1562,0.6762,0.3036,0.391,0.181,0.3878,0.1421,0.4846,0.5697,0.37331,0.34877
True,33533,104381,UTRGV,Vaqueros,0.2727,0.2046,0.6536,0.3866,0.3934,0.1949,0.3,0.0648,0.5815,0.5664,0.35367,0.33893
False,33533,104381,UTRGV,Vaqueros,0.2977,0.1695,0.6552,0.297,0.383,0.2155,0.3542,0.1223,0.5125,0.5408,0.36526,0.33194
False,36046,104309,Tarleton St.,Texans,0.251,0.1358,0.6432,0.2909,0.3918,0.2244,0.3418,0.1212,0.5153,0.5337,0.3635,0.33052
True,36046,104309,Tarleton St.,Texans,0.2569,0.1482,0.66,0.2884,0.4199,0.2358,0.3844,0.1779,0.5242,0.552,0.29794,0.32584
True,41097,103539,Utah Tech,Trailblazers ,0.234,0.1661,0.6838,0.2926,0.4571,0.1815,0.4,0.1408,0.4741,0.597,0.38512,0.34726
False,41097,103539,Utah Tech,Trailblazers ,0.2459,0.1518,0.656,0.3296,0.4091,0.222,0.3074,0.111,0.5517,0.5566,0.33734,0.30199
True,33533,103659,Grand Canyon,Lopes,0.2724,0.13,0.607,0.2988,0.3835,0.1744,0.4932,0.1095,0.4732,0.5246,0.41724,0.38361
False,33533,103659,Grand Canyon,Lopes,0.2699,0.1335,0.5598,0.3087,0.3943,0.215,0.3173,0.1477,0.5237,0.4919,0.3286,0.317
False,36046,103659,Grand Canyon,Lopes,0.2947,0.1316,0.5265,0.3605,0.3417,0.1766,0.36,0.1226,0.537,0.4658,0.34036,0.31988
True,36046,103659,Grand Canyon,Lopes,0.2601,0.1625,0.6227,0.3511,0.4211,0.1703,0.4103,0.1165,0.5214,0.5568,0.36205,0.337
False,38409,103659,Grand Canyon,Lopes,0.2844,0.1599,0.544,0.3809,0.3576,0.1559,0.3319,0.1174,0.5368,0.4899,0.34583,0.31954
True,38409,103659,Grand Canyon,Lopes,0.2459,0.1809,0.5948,0.4432,0.3503,0.0991,0.4378,0.1172,0.5423,0.5501,0.34054,0.31167
False,33533,104249,Southern Utah,Thunderbirds,0.2818,0.1493,0.6238,0.3046,0.4105,0.1792,0.3578,0.1542,0.4837,0.5448,0.36209,0.35677
True,33533,104249,Southern Utah,Thunderbirds,0.2529,0.2044,0.6395,0.3871,0.3802,0.1548,0.3212,0.0765,0.542,0.5654,0.38155,0.35601
False,27693,103615,Florida A&M,Rattlers,0.2411,0.1917,0.7041,0.2813,0.4312,0.2297,0.2787,0.1286,0.5111,0.5814,0.36038,0.27778
True,27693,103615,Florida A&M,Rattlers,0.2483,0.1973,0.6205,0.2167,0.4715,0.2144,0.4008,0.28,0.4311,0.5464,0.28889,0.32308
False,27693,103633,Furman,Paladins,0.2115,0.1556,0.636,0.3479,0.3786,0.1499,0.3571,0.0815,0.4978,0.5585,0.42067,0.36678
True,27693,103633,Furman,Paladins,0.2462,0.1446,0.6525,0.3602,0.4314,0.1419,0.24,0.0348,0.5021,0.59,0.46314,0.33634
False,27693,104394,VMI,Keydets,0.2259,0.1641,0.6258,0.2982,0.3489,0.1482,0.3282,0.123,0.4464,0.5339,0.43064,0.33382
True,27693,104394,VMI,Keydets,0.201,0.168,0.6719,0.3064,0.385,0.1368,0.3481,0.0923,0.4432,0.5833,0.46443,0.3785
False,27693,103449,Chattanooga,Mocs,0.2343,0.1564,0.6333,0.2709,0.4719,0.2358,0.399,0.1377,0.5066,0.5582,0.35563,0.33147
True,27693,103449,Chattanooga,Mocs,0.2089,0.1259,0.5882,0.2569,0.4298,0.2247,0.3956,0.1196,0.4816,0.5143,0.39882,0.35914
True,30629,104394,VMI,Keydets,0.2165,0.159,0.6547,0.2704,0.4038,0.1123,0.4173,0.0685,0.3826,0.5811,0.54884,0.3825
False,30629,104394,VMI,Keydets,0.218,0.1332,0.595,0.2622,0.362,0.1418,0.3785,0.1275,0.404,0.5132,0.4685,0.33514
True,30629,103633,Furman,Paladins,0.22,0.1499,0.662,0.2468,0.469,0.182,0.3394,0.0535,0.4289,0.5801,0.51766,0.38009
False,30629,103633,Furman,Paladins,0.2071,0.1383,0.6547,0.288,0.4353,0.219,0.3714,0.1262,0.507,0.56,0.36682,0.33146
False,30629,103449,Chattanooga,Mocs,0.2251,0.1413,0.6501,0.2763,0.4236,0.2031,0.3144,0.1165,0.4794,0.5541,0.40407,0.29723
True,30629,103449,Chattanooga,Mocs,0.24,0.1193,0.6522,0.3142,0.4332,0.1816,0.4034,0.1156,0.4959,0.572,0.38854,0.345
True,33533,104394,VMI,Keydets,0.2268,0.1232,0.6366,0.2418,0.3411,0.1784,0.3333,0.1217,0.4202,0.5111,0.45814,0.35074
False,33533,104394,VMI,Keydets,0.2108,0.165,0.7239,0.2443,0.4574,0.1498,0.3592,0.1094,0.3941,0.6226,0.49655,0.36684
True,33533,103449,Chattanooga,Mocs,0.233,0.136,0.6525,0.2762,0.3972,0.1381,0.3333,0.0676,0.4143,0.5674,0.51812,0.37618
False,33533,103449,Chattanooga,Mocs,0.2482,0.1415,0.5812,0.273,0.4403,0.1796,0.3555,0.122,0.4526,0.5253,0.42544,0.33371
False,33533,103633,Furman,Paladins,0.2492,0.1298,0.6371,0.2908,0.4288,0.245,0.3655,0.1137,0.5358,0.5419,0.35053,0.3297
True,33533,103633,Furman,Paladins,0.244,0.1827,0.7229,0.2644,0.4924,0.2165,0.359,0.055,0.481,0.6191,0.46407,0.34413
True,36046,103449,Chattanooga,Mocs,0.234,0.1628,0.6728,0.2569,0.4902,0.1598,0.4247,0.0762,0.4167,0.6028,0.50705,0.35942
False,36046,103449,Chattanooga,Mocs,0.2366,0.1329,0.6148,0.2712,0.3846,0.2104,0.2727,0.0971,0.4816,0.5143,0.42128,0.33993
True,36046,103633,Furman,Paladins,0.2252,0.1876,0.6377,0.3252,0.4203,0.1344,0.4016,0.0594,0.4596,0.5742,0.48101,0.32389
False,36046,103633,Furman,Paladins,0.2363,0.1528,0.615,0.3674,0.4505,0.1788,0.3395,0.1056,0.5462,0.5612,0.34823,0.34274
True,36046,104394,VMI,Keydets,0.2287,0.1985,0.5793,0.3292,0.4195,0.1798,0.3357,0.1432,0.509,0.5228,0.3478,0.31204
False,36046,104394,VMI,Keydets,0.2151,0.1744,0.6344,0.3504,0.4202,0.1558,0.3491,0.1013,0.5062,0.5685,0.39245,0.35688
True,38409,104394,VMI,Keydets,0.2384,0.1354,0.6066,0.324,0.4021,0.1438,0.3056,0.0553,0.4678,0.5438,0.47697,0.32511
False,38409,104394,VMI,Keydets,0.2557,0.1511,0.6269,0.299,0.4367,0.1487,0.3817,0.0922,0.4477,0.5637,0.46009,0.33944
True,38409,103633,Furman,Paladins,0.2245,0.1336,0.656,0.293,0.3852,0.1206,0.4267,0.0741,0.4135,0.5771,0.51235,0.36644
False,38409,103633,Furman,Paladins,0.2438,0.1267,0.5932,0.3256,0.3573,0.1874,0.393,0.0968,0.513,0.507,0.39017,0.31852
False,38409,103449,Chattanooga,Mocs,0.2401,0.1214,0.635,0.2762,0.3995,0.198,0.3721,0.1166,0.4742,0.5367,0.40913,0.34586
True,38409,103449,Chattanooga,Mocs,0.2397,0.1386,0.654,0.3046,0.5199,0.1572,0.4034,0.0786,0.4618,0.6083,0.45958,0.36152
False,41097,103449,Chattanooga,Mocs,0.2407,0.1199,0.6043,0.3248,0.4109,0.1376,0.3048,0.0997,0.4624,0.5467,0.43787,0.32765
True,41097,103449,Chattanooga,Mocs,0.2849,0.1457,0.6541,0.2558,0.4735,0.1416,0.4641,0.0971,0.3973,0.5897,0.50563,0.35843
False,41097,104394,VMI,Keydets,0.235,0.1647,0.6786,0.2586,0.4847,0.1853,0.3835,0.1064,0.444,0.5977,0.44966,0.35132
True,41097,104394,VMI,Keydets,0.2485,0.1419,0.564,0.2386,0.3925,0.1517,0.4328,0.0694,0.3903,0.4973,0.54037,0.32854
True,41097,103633,Furman,Paladins,0.2277,0.1404,0.6647,0.3323,0.5162,0.1378,0.4831,0.0587,0.4701,0.6212,0.47114,0.32841
False,41097,103633,Furman,Paladins,0.2571,0.1347,0.6049,0.2766,0.434,0.1889,0.3755,0.1136,0.4655,0.5355,0.4209,0.32118
True,27693,103716,Idaho,Vandals,0.2823,0.1092,0.6354,0.2542,0.4027,0.1995,0.3563,0.2304,0.4537,0.5331,0.31598,0.34078
False,27693,103716,Idaho,Vandals,0.2504,0.1487,0.6233,0.2966,0.4387,0.2034,0.4424,0.1326,0.5,0.5482,0.36736,0.38074
False,27693,103717,Idaho St.,Bengals,0.315,0.1666,0.5744,0.2591,0.3993,0.2298,0.2835,0.1958,0.4888,0.4921,0.31534,0.3423
True,27693,103717,Idaho St.,Bengals,0.2807,0.1275,0.6741,0.2506,0.4475,0.2569,0.2869,0.0967,0.5075,0.5594,0.39572,0.33267
False,27693,104249,Southern Utah,Thunderbirds,0.2758,0.1418,0.6117,0.2507,0.4091,0.1849,0.392,0.1751,0.4356,0.5257,0.38936,0.32734
True,27693,104249,Southern Utah,Thunderbirds,0.2347,0.1952,0.6754,0.3363,0.4542,0.1627,0.3607,0.0827,0.499,0.6033,0.41831,0.34198
True,27693,103940,Montana,Grizzlies,0.2923,0.1172,0.6056,0.2378,0.4915,0.2728,0.3861,0.2087,0.5106,0.5446,0.28071,0.36235
False,27693,103940,Montana,Grizzlies,0.2685,0.138,0.6146,0.2553,0.4282,0.2688,0.3727,0.1415,0.5241,0.519,0.33441,0.31154
True,30629,103717,Idaho St.,Bengals,0.2799,0.1157,0.6298,0.2755,0.41,0.1866,0.3242,0.1132,0.4621,0.541,0.42475,0.3104
False,30629,103717,Idaho St.,Bengals,0.2994,0.158,0.6791,0.3105,0.4468,0.2011,0.3627,0.1247,0.5116,0.5878,0.36369,0.33613
False,33533,103940,Montana,Grizzlies,0.2583,0.1287,0.6604,0.23,0.4728,0.2601,0.3976,0.1562,0.4902,0.5609,0.35363,0.32174
True,33533,103940,Montana,Grizzlies,0.287,0.0865,0.6239,0.2079,0.5086,0.2467,0.3943,0.1491,0.4545,0.5613,0.39636,0.37309
False,38409,103717,Idaho St.,Bengals,0.277,0.1682,0.6176,0.3273,0.4007,0.1847,0.3542,0.1155,0.512,0.5394,0.37244,0.37318
True,38409,103717,Idaho St.,Bengals,0.252,0.1302,0.6362,0.2963,0.3799,0.1979,0.3462,0.1294,0.4942,0.5336,0.37645,0.32452
False,36046,103716,Idaho,Vandals,0.2335,0.1333,0.6396,0.3116,0.4071,0.1953,0.369,0.1077,0.5069,0.55,0.38537,0.35277
True,36046,103716,Idaho,Vandals,0.2729,0.0984,0.6508,0.2835,0.4319,0.194,0.3202,0.1142,0.4775,0.5618,0.40832,0.33471
False,33533,103717,Idaho St.,Bengals,0.2737,0.1549,0.6374,0.3362,0.4379,0.1916,0.3291,0.1327,0.5278,0.565,0.33957,0.3222
True,33533,103717,Idaho St.,Bengals,0.2676,0.1144,0.6223,0.2566,0.438,0.1944,0.4409,0.1423,0.451,0.5429,0.40672,0.33747
True,30629,103940,Montana,Grizzlies,0.2819,0.1345,0.6923,0.2152,0.4511,0.2974,0.3474,0.1216,0.5126,0.5523,0.36587,0.34945
False,30629,103940,Montana,Grizzlies,0.2706,0.1248,0.6302,0.2715,0.4078,0.29,0.3174,0.1367,0.5615,0.5153,0.30184,0.3563
True,33533,103716,Idaho,Vandals,0.2529,0.1071,0.7163,0.2461,0.4658,0.2765,0.3776,0.1122,0.5226,0.5838,0.3652,0.34013
False,33533,103716,Idaho,Vandals,0.2829,0.1354,0.6434,0.2704,0.4595,0.2532,0.3709,0.1524,0.5235,0.5545,0.3241,0.37949
False,41097,103717,Idaho St.,Bengals,0.2938,0.1655,0.6225,0.3454,0.4576,0.1778,0.445,0.1029,0.5232,0.5664,0.37392,0.35303
True,41097,103717,Idaho St.,Bengals,0.2702,0.1118,0.6044,0.3425,0.4413,0.1694,0.4539,0.0758,0.5118,0.5504,0.41237,0.32986
False,38409,103716,Idaho,Vandals,0.2554,0.1653,0.6333,0.3113,0.5085,0.186,0.3433,0.1062,0.4974,0.5866,0.39641,0.348
True,38409,103716,Idaho,Vandals,0.27,0.1244,0.623,0.2934,0.4301,0.1529,0.3289,0.0812,0.4463,0.5569,0.47247,0.34842
True,30629,103716,Idaho,Vandals,0.2774,0.1344,0.6161,0.3246,0.3486,0.1853,0.3299,0.1116,0.5099,0.5189,0.37847,0.37126
False,30629,103716,Idaho,Vandals,0.2669,0.1725,0.6595,0.3206,0.4606,0.2289,0.3991,0.1155,0.5495,0.5767,0.33492,0.34968
False,36046,103717,Idaho St.,Bengals,0.2747,0.1593,0.6517,0.3646,0.4268,0.2196,0.3795,0.1063,0.5842,0.5672,0.30954,0.35035
True,36046,103717,Idaho St.,Bengals,0.2479,0.1104,0.6637,0.2971,0.4336,0.2376,0.3874,0.1167,0.5347,0.5615,0.34858,0.32881
False,38409,103940,Montana,Grizzlies,0.2608,0.1183,0.6765,0.2658,0.4549,0.2545,0.3643,0.1314,0.5203,0.5681,0.34831,0.32679
True,38409,103940,Montana,Grizzlies,0.2407,0.1345,0.7126,0.3149,0.5026,0.1975,0.3612,0.1174,0.5124,0.6317,0.37022,0.35754
True,41097,103940,Montana,Grizzlies,0.2534,0.1578,0.6534,0.2703,0.5579,0.2326,0.4247,0.0786,0.503,0.6092,0.41842,0.35779
False,41097,103940,Montana,Grizzlies,0.2445,0.1509,0.6429,0.2665,0.4354,0.2394,0.3,0.1095,0.5059,0.5447,0.38458,0.31683
False,36046,103940,Montana,Grizzlies,0.2407,0.1212,0.6495,0.2614,0.4376,0.2652,0.3344,0.1506,0.5266,0.5428,0.32278,0.33432
True,36046,103940,Montana,Grizzlies,0.2511,0.1327,0.6822,0.2593,0.5112,0.2159,0.4241,0.1523,0.4752,0.6045,0.37253,0.35834
True,41097,103716,Idaho,Vandals,0.2645,0.1353,0.6265,0.2736,0.4469,0.1923,0.3381,0.0646,0.4659,0.5523,0.46958,0.35114
False,41097,103716,Idaho,Vandals,0.2723,0.1473,0.6195,0.2634,0.3862,0.232,0.3833,0.139,0.4954,0.5103,0.36562,0.34702
True,30629,104249,Southern Utah,Thunderbirds,0.242,0.1758,0.6752,0.2979,0.4357,0.2011,0.3436,0.0934,0.499,0.5787,0.40757,0.34313
False,30629,104249,Southern Utah,Thunderbirds,0.2517,0.1471,0.6667,0.2315,0.4444,0.2301,0.3388,0.1481,0.4616,0.5559,0.39026,0.34116
True,27693,103300,Ark.-Pine Bluff,Golden Lions,0.2635,0.1545,0.617,0.2342,0.3625,0.2566,0.2752,0.2143,0.4909,0.4839,0.29485,0.30423
False,27693,103300,Ark.-Pine Bluff,Golden Lions,0.278,0.2054,0.6805,0.3048,0.4102,0.2027,0.3333,0.152,0.5075,0.5725,0.34046,0.39535
True,30629,103300,Ark.-Pine Bluff,Golden Lions,0.2554,0.2057,0.6789,0.2367,0.3515,0.2447,0.3509,0.114,0.4813,0.5125,0.40467,0.29654
False,30629,103300,Ark.-Pine Bluff,Golden Lions,0.2488,0.1902,0.7554,0.298,0.4204,0.257,0.32,0.1279,0.555,0.6002,0.31714,0.35887
False,36046,103300,Ark.-Pine Bluff,Golden Lions,0.2486,0.1772,0.6592,0.3749,0.3889,0.1164,0.3633,0.1273,0.4913,0.5951,0.3814,0.30508
False,33533,103300,Ark.-Pine Bluff,Golden Lions,0.2407,0.1776,0.6476,0.3219,0.3463,0.1735,0.3476,0.1429,0.4954,0.5421,0.36174,0.32712
False,38409,103300,Ark.-Pine Bluff,Golden Lions,0.2264,0.1979,0.7096,0.3411,0.376,0.1324,0.3072,0.081,0.4735,0.6163,0.44544,0.35196
False,41097,103300,Ark.-Pine Bluff,Golden Lions,0.2331,0.1672,0.7026,0.3014,0.3895,0.1992,0.3554,0.1268,0.5005,0.578,0.37264,0.33474
True,33533,103300,Ark.-Pine Bluff,Golden Lions,0.2798,0.2057,0.5854,0.3067,0.2974,0.1548,0.2908,0.1128,0.4614,0.4888,0.42578,0.31081
True,38409,103300,Ark.-Pine Bluff,Golden Lions,0.2637,0.1761,0.6177,0.3999,0.3889,0.1763,0.3494,0.0452,0.5762,0.5477,0.37867,0.32328
True,36046,103300,Ark.-Pine Bluff,Golden Lions,0.2517,0.2251,0.6067,0.3295,0.3333,0.1137,0.3675,0.0643,0.4432,0.5366,0.49259,0.3757
True,41097,103300,Ark.-Pine Bluff,Golden Lions,0.2745,0.198,0.7135,0.2853,0.3555,0.23,0.3364,0.1129,0.5153,0.5537,0.37184,0.34326
False,30629,103615,Florida A&M,Rattlers,0.231,0.1694,0.6667,0.2786,0.3689,0.1798,0.264,0.1842,0.4584,0.5498,0.35741,0.34227
True,30629,103615,Florida A&M,Rattlers,0.2688,0.1672,0.6318,0.2165,0.4618,0.2107,0.3655,0.3182,0.4272,0.5479,0.25457,0.3046
True,33533,103615,Florida A&M,Rattlers,0.2872,0.1515,0.6039,0.2521,0.3688,0.1837,0.273,0.22,0.4358,0.5048,0.34427,0.31237
False,33533,103615,Florida A&M,Rattlers,0.2528,0.2002,0.6336,0.3384,0.4549,0.1822,0.2551,0.1342,0.5205,0.5711,0.34521,0.33929
False,36046,103615,Florida A&M,Rattlers,0.2157,0.1827,0.6323,0.2858,0.4242,0.1905,0.3475,0.1628,0.4763,0.5491,0.36085,0.3616
True,36046,103615,Florida A&M,Rattlers,0.2677,0.1768,0.6104,0.2859,0.4182,0.1965,0.3369,0.2228,0.4824,0.5321,0.29482,0.34343
True,41097,103615,Florida A&M,Rattlers,0.2605,0.1708,0.6198,0.3188,0.4328,0.1924,0.2828,0.1137,0.5112,0.5494,0.37507,0.32619
True,38409,103615,Florida A&M,Rattlers,0.2606,0.1703,0.6299,0.2952,0.4248,0.1546,0.3286,0.0813,0.4497,0.5594,0.46891,0.34572
False,38409,103615,Florida A&M,Rattlers,0.2435,0.1899,0.6472,0.3388,0.36,0.1782,0.3063,0.1217,0.517,0.5483,0.36129,0.34143
False,41097,103615,Florida A&M,Rattlers,0.2628,0.2118,0.6205,0.3293,0.4198,0.1958,0.317,0.1279,0.5251,0.5457,0.34703,0.34868
True,27693,103927,Mississippi Val.,Delta Devils,0.253,0.2118,0.5622,0.1853,0.2926,0.1605,0.2872,0.1665,0.3459,0.437,0.48762,0.338
False,27693,103927,Mississippi Val.,Delta Devils,0.2169,0.226,0.7143,0.2999,0.4943,0.1895,0.3535,0.1438,0.4895,0.6291,0.36674,0.36238
True,30629,103927,Mississippi Val.,Delta Devils,0.2527,0.2007,0.5605,0.2799,0.3295,0.1783,0.3463,0.1596,0.4582,0.4706,0.38217,0.30922
False,30629,103927,Mississippi Val.,Delta Devils,0.2354,0.2472,0.708,0.3238,0.4355,0.2056,0.4372,0.154,0.5294,0.6022,0.31662,0.41855
True,36046,103927,Mississippi Val.,Delta Devils,0.2746,0.1313,0.5378,0.326,0.3273,0.1805,0.3136,0.1864,0.5065,0.4628,0.30714,0.29175
True,38409,103927,Mississippi Val.,Delta Devils,0.2501,0.1402,0.5625,0.2857,0.3757,0.2207,0.2914,0.1926,0.5064,0.4811,0.30102,0.29661
True,33533,103927,Mississippi Val.,Delta Devils,0.2656,0.1585,0.5619,0.3314,0.3305,0.2124,0.297,0.1802,0.5437,0.4716,0.27603,0.34914
True,41097,103927,Mississippi Val.,Delta Devils,0.3103,0.1745,0.6008,0.2594,0.3633,0.1635,0.3834,0.2687,0.4229,0.509,0.30845,0.30035
False,36046,103927,Mississippi Val.,Delta Devils,0.2582,0.2352,0.649,0.4107,0.4017,0.1417,0.3453,0.0842,0.5524,0.5855,0.36342,0.365
False,33533,103927,Mississippi Val.,Delta Devils,0.2582,0.1851,0.6421,0.3031,0.4353,0.1902,0.3831,0.1124,0.4933,0.5624,0.3943,0.35887
False,38409,103927,Mississippi Val.,Delta Devils,0.227,0.208,0.6814,0.3648,0.4539,0.1507,0.3883,0.1046,0.5156,0.6149,0.37987,0.37335
False,41097,103927,Mississippi Val.,Delta Devils,0.2513,0.2087,0.676,0.3265,0.3806,0.156,0.3886,0.0944,0.4825,0.5805,0.4231,0.36862
True,27693,104298,Stony Brook,Seawolves,0.2498,0.1148,0.6136,0.3005,0.4024,0.1866,0.3005,0.154,0.4871,0.5327,0.35888,0.29598
False,27693,104369,UMass Lowell,River Hawks,0.2865,0.1416,0.5768,0.3643,0.401,0.1587,0.3311,0.1135,0.523,0.5235,0.3635,0.31646
False,30629,103850,Maine,Black Bears,0.2052,0.1463,0.637,0.2917,0.4683,0.2302,0.3385,0.1237,0.5219,0.5626,0.35447,0.37388
True,30629,103850,Maine,Black Bears,0.2664,0.1321,0.6157,0.2612,0.3787,0.182,0.3838,0.1717,0.4432,0.5184,0.38513,0.30769
False,33533,103273,UAlbany,Great Danes,0.2405,0.1787,0.6756,0.3256,0.4806,0.2094,0.3909,0.1231,0.535,0.5993,0.34187,0.36197
True,33533,103850,Maine,Black Bears,0.2227,0.1576,0.6358,0.2648,0.5126,0.2326,0.3534,0.1555,0.4974,0.5781,0.34717,0.33333
False,33533,103850,Maine,Black Bears,0.1913,0.1343,0.6787,0.2663,0.467,0.2448,0.3415,0.1227,0.5111,0.5773,0.36625,0.34314
False,30629,103273,UAlbany,Great Danes,0.23,0.1392,0.6374,0.2773,0.3651,0.1853,0.3775,0.1517,0.4625,0.5283,0.38574,0.35545
False,30629,104364,UMBC,Retrievers,0.2475,0.1228,0.6437,0.3062,0.4483,0.1566,0.3462,0.1685,0.4627,0.5776,0.36879,0.34553
True,30629,104364,UMBC,Retrievers,0.1983,0.1429,0.6174,0.2491,0.4066,0.1942,0.37,0.1327,0.4433,0.5251,0.42398,0.38345
False,41097,103850,Maine,Black Bears,0.2664,0.1226,0.6521,0.2588,0.4887,0.2746,0.3873,0.098,0.5334,0.5679,0.36863,0.29647
True,41097,103850,Maine,Black Bears,0.2581,0.1526,0.629,0.2712,0.4714,0.24,0.3661,0.1144,0.5112,0.555,0.37438,0.31886
True,41097,103273,UAlbany,Great Danes,0.2578,0.1417,0.6272,0.3669,0.4464,0.1782,0.4103,0.0827,0.5451,0.5681,0.37222,0.33476
False,41097,103273,UAlbany,Great Danes,0.2042,0.1604,0.6078,0.3363,0.3858,0.178,0.3939,0.0907,0.5143,0.531,0.39505,0.35049
True,30629,104298,Stony Brook,Seawolves,0.2111,0.1481,0.627,0.2349,0.4641,0.2097,0.3732,0.1527,0.4446,0.5502,0.40269,0.33912
False,30629,104298,Stony Brook,Seawolves,0.2388,0.1319,0.6925,0.2476,0.4576,0.2071,0.3721,0.1374,0.4547,0.5855,0.40788,0.33812
True,30629,104369,UMass Lowell,River Hawks,0.235,0.1592,0.6309,0.2844,0.4394,0.2475,0.3986,0.1478,0.5319,0.5418,0.3203,0.30602
False,30629,104369,UMass Lowell,River Hawks,0.2232,0.1632,0.5688,0.2762,0.3599,0.2348,0.3162,0.1543,0.5111,0.4728,0.33466,0.35763
False,36046,103850,Maine,Black Bears,0.2261,0.1606,0.5967,0.2999,0.4496,0.2653,0.3508,0.1065,0.5652,0.5276,0.32832,0.31749
True,33533,104364,UMBC,Retrievers,0.2166,0.1548,0.645,0.2553,0.4375,0.1989,0.42,0.1554,0.4542,0.5542,0.39047,0.34085
False,33533,104364,UMBC,Retrievers,0.2315,0.121,0.6559,0.2796,0.406,0.2121,0.3064,0.1249,0.4918,0.5481,0.38331,0.37725
False,41097,104364,UMBC,Retrievers,0.2339,0.1144,0.6044,0.2999,0.4095,0.2251,0.3365,0.1074,0.5249,0.5209,0.36762,0.3144
True,41097,104364,UMBC,Retrievers,0.2033,0.1498,0.642,0.2804,0.5011,0.231,0.3591,0.0961,0.5114,0.5784,0.39246,0.36265
True,38409,104369,UMass Lowell,River Hawks,0.192,0.1362,0.7023,0.2789,0.5099,0.2746,0.3859,0.0998,0.5534,0.6069,0.34672,0.35368
False,38409,104369,UMass Lowell,River Hawks,0.2568,0.1496,0.6502,0.2676,0.4075,0.2598,0.3402,0.1181,0.5275,0.5307,0.35441,0.33887
False,38409,103273,UAlbany,Great Danes,0.2322,0.1543,0.6512,0.3826,0.4834,0.1672,0.3048,0.1035,0.5498,0.6002,0.34662,0.35144
False,38409,103850,Maine,Black Bears,0.2173,0.1358,0.5973,0.3147,0.4516,0.2128,0.2667,0.1109,0.5275,0.5385,0.36167,0.32847
True,38409,103850,Maine,Black Bears,0.2275,0.1619,0.6301,0.2691,0.4906,0.2473,0.3579,0.155,0.5163,0.5633,0.32867,0.35489
True,41097,104369,UMass Lowell,River Hawks,0.2156,0.1431,0.6413,0.3093,0.4497,0.2945,0.3471,0.0869,0.6038,0.5478,0.3093,0.32231
False,41097,104369,UMass Lowell,River Hawks,0.2472,0.1508,0.6315,0.2941,0.4522,0.2527,0.4486,0.0911,0.5468,0.5486,0.36207,0.33741
False,36046,104364,UMBC,Retrievers,0.2117,0.1387,0.6064,0.3485,0.4358,0.2002,0.3702,0.0877,0.5487,0.5442,0.36355,0.312
True,36046,104364,UMBC,Retrievers,0.2147,0.2188,0.6642,0.2732,0.4638,0.2087,0.3761,0.1689,0.4819,0.5774,0.34929,0.35786
False,38409,104364,UMBC,Retrievers,0.2134,0.1256,0.6274,0.3378,0.4418,0.207,0.362,0.1087,0.5447,0.5569,0.34661,0.34752
True,38409,104364,UMBC,Retrievers,0.2142,0.2006,0.6751,0.3307,0.4068,0.1847,0.3723,0.0981,0.5154,0.5789,0.38654,0.38731
False,36046,104369,UMass Lowell,River Hawks,0.2614,0.1708,0.6105,0.2774,0.4133,0.2637,0.3223,0.1178,0.5411,0.5144,0.34112,0.28673
True,36046,104369,UMass Lowell,River Hawks,0.2091,0.1563,0.6425,0.3446,0.4644,0.2843,0.3176,0.0769,0.6289,0.562,0.29418,0.32862
True,33533,104369,UMass Lowell,River Hawks,0.2454,0.143,0.6661,0.2972,0.4567,0.2952,0.3351,0.0972,0.5925,0.5618,0.31028,0.38126
False,33533,104369,UMass Lowell,River Hawks,0.2553,0.1653,0.5777,0.2686,0.363,0.2784,0.3306,0.1263,0.5469,0.4684,0.3268,0.33438
True,36046,103273,UAlbany,Great Danes,0.2652,0.203,0.5743,0.4085,0.4228,0.1574,0.3504,0.0665,0.5658,0.5322,0.36765,0.33025
False,36046,103273,UAlbany,Great Danes,0.2131,0.1876,0.6166,0.4388,0.4319,0.1548,0.3925,0.1101,0.5936,0.5685,0.2963,0.28993
True,27693,103273,UAlbany,Great Danes,0.2618,0.1798,0.5882,0.3658,0.4277,0.1801,0.3571,0.111,0.5459,0.5353,0.34315,0.33663
True,27693,103850,Maine,Black Bears,0.2784,0.0978,0.5784,0.2257,0.3516,0.2013,0.3036,0.1239,0.427,0.4715,0.44912,0.31527
False,27693,104364,UMBC,Retrievers,0.277,0.1078,0.5985,0.2338,0.3896,0.2085,0.2899,0.1525,0.4422,0.5,0.40523,0.3363
False,27693,103850,Maine,Black Bears,0.2421,0.1554,0.6336,0.2684,0.433,0.1988,0.3478,0.1414,0.4672,0.5482,0.39139,0.3089
True,30629,103273,UAlbany,Great Danes,0.2778,0.1389,0.5701,0.2499,0.4146,0.2286,0.3459,0.1976,0.4785,0.4958,0.32395,0.3227
False,27693,103273,UAlbany,Great Danes,0.271,0.1396,0.6092,0.3177,0.419,0.2002,0.396,0.113,0.5179,0.5356,0.36913,0.34545
True,27693,104364,UMBC,Retrievers,0.2511,0.1618,0.5945,0.2795,0.4268,0.2363,0.4,0.1105,0.5159,0.5177,0.37368,0.34961
False,27693,104298,Stony Brook,Seawolves,0.2666,0.1469,0.5898,0.2852,0.3032,0.169,0.3782,0.1476,0.4541,0.4832,0.39832,0.33205
True,27693,104369,UMass Lowell,River Hawks,0.3006,0.122,0.6247,0.3266,0.4152,0.1806,0.3616,0.1427,0.5073,0.5501,0.35,0.34562
True,33533,103273,UAlbany,Great Danes,0.2749,0.1463,0.5746,0.2971,0.4127,0.1914,0.2893,0.0966,0.4885,0.5112,0.41495,0.3265
True,36046,103850,Maine,Black Bears,0.2423,0.1522,0.5984,0.272,0.4768,0.2474,0.3891,0.16,0.5194,0.5405,0.32059,0.29472
True,38409,103273,UAlbany,Great Danes,0.2567,0.1823,0.6047,0.3503,0.4112,0.1928,0.3383,0.0983,0.5431,0.536,0.35861,0.32469
False,27693,104471,Wichita St.,Shockers,0.2655,0.1506,0.5971,0.3145,0.3223,0.1591,0.3438,0.1448,0.4736,0.5048,0.3816,0.29644
True,27693,104471,Wichita St.,Shockers,0.2293,0.1704,0.5751,0.3538,0.2432,0.1124,0.2948,0.1314,0.4662,0.4951,0.40243,0.33585
True,27693,104346,Tulane,Green Wave,0.2363,0.145,0.5836,0.2876,0.2983,0.1426,0.3148,0.1702,0.4303,0.489,0.39953,0.29783
False,27693,104346,Tulane,Green Wave,0.254,0.1397,0.6166,0.2545,0.3671,0.1616,0.3249,0.1538,0.4161,0.5197,0.43013,0.35753
True,27693,104347,Tulsa,Golden Hurricane,0.2464,0.132,0.7064,0.332,0.3663,0.1601,0.2701,0.1086,0.4921,0.5958,0.39937,0.31548
False,27693,104347,Tulsa,Golden Hurricane,0.2561,0.1686,0.613,0.2539,0.3125,0.1384,0.3691,0.1832,0.3923,0.507,0.42453,0.33519
True,30629,104471,Wichita St.,Shockers,0.237,0.1493,0.542,0.3421,0.3768,0.1267,0.3455,0.1169,0.4688,0.4974,0.41432,0.31167
False,30629,104471,Wichita St.,Shockers,0.245,0.16,0.564,0.3608,0.3689,0.1286,0.3319,0.1429,0.4894,0.5128,0.36767,0.31579
True,30629,104346,Tulane,Green Wave,0.2338,0.118,0.6687,0.289,0.3275,0.1728,0.336,0.1523,0.4618,0.5411,0.38591,0.36505
False,30629,104346,Tulane,Green Wave,0.2358,0.1558,0.6297,0.259,0.3745,0.1488,0.3251,0.1396,0.4078,0.5366,0.45261,0.34137
True,30629,104347,Tulsa,Golden Hurricane,0.242,0.1306,0.6276,0.2487,0.4292,0.2469,0.336,0.1439,0.4956,0.5288,0.36051,0.34249
False,30629,104347,Tulsa,Golden Hurricane,0.2537,0.1649,0.6602,0.2079,0.4464,0.193,0.366,0.1522,0.4009,0.5573,0.44687,0.36247
True,33533,104347,Tulsa,Golden Hurricane,0.2273,0.1292,0.6322,0.2291,0.4171,0.2089,0.3473,0.1379,0.438,0.5296,0.42412,0.31293
False,33533,104347,Tulsa,Golden Hurricane,0.2327,0.1634,0.728,0.2684,0.4853,0.2058,0.4237,0.1295,0.4742,0.6227,0.39627,0.31302
True,33533,104471,Wichita St.,Shockers,0.2219,0.1612,0.6161,0.3839,0.3966,0.1289,0.4076,0.1147,0.5128,0.561,0.37249,0.30949
False,33533,104471,Wichita St.,Shockers,0.2289,0.1482,0.5497,0.3231,0.3522,0.1279,0.326,0.1414,0.4511,0.4937,0.40756,0.33672
False,33533,104346,Tulane,Green Wave,0.2404,0.1616,0.5974,0.2712,0.3742,0.1656,0.3865,0.1432,0.4368,0.5128,0.42001,0.35671
True,33533,104346,Tulane,Green Wave,0.2238,0.1495,0.6893,0.3145,0.372,0.1794,0.3787,0.1255,0.4939,0.5741,0.38067,0.33801
True,36046,103447,Charlotte,49ers,0.2465,0.1132,0.6654,0.337,0.3981,0.14,0.39,0.1296,0.477,0.587,0.39339,0.31796
False,36046,103447,Charlotte,49ers,0.2615,0.1326,0.6094,0.3602,0.361,0.1507,0.3333,0.1201,0.5109,0.5361,0.36898,0.31864
False,36046,104005,North Texas,Mean Green,0.2434,0.1383,0.6262,0.2952,0.3248,0.1966,0.3146,0.1496,0.4919,0.5057,0.35854,0.33125
True,36046,104005,North Texas,Mean Green,0.2693,0.1122,0.6083,0.2784,0.375,0.1972,0.3158,0.1295,0.4756,0.5116,0.39486,0.37716
True,36046,104347,Tulsa,Golden Hurricane,0.2473,0.1926,0.6802,0.2501,0.4173,0.2282,0.3538,0.1099,0.4783,0.5548,0.41183,0.32695
False,36046,104347,Tulsa,Golden Hurricane,0.2633,0.1608,0.6918,0.2479,0.375,0.2479,0.3229,0.1191,0.4957,0.5334,0.38515,0.32316
False,36046,104346,Tulane,Green Wave,0.2687,0.1478,0.6305,0.2721,0.3722,0.1801,0.3891,0.1286,0.4522,0.5277,0.41921,0.34845
True,36046,104346,Tulane,Green Wave,0.2342,0.177,0.6431,0.3382,0.4602,0.1885,0.3838,0.1101,0.5267,0.5776,0.36318,0.35681
False,36046,104471,Wichita St.,Shockers,0.2116,0.1356,0.5634,0.3523,0.388,0.1176,0.3522,0.1496,0.4699,0.5195,0.38053,0.32633
True,36046,104471,Wichita St.,Shockers,0.2235,0.1283,0.5745,0.3979,0.3978,0.1755,0.3922,0.111,0.5734,0.5204,0.31564,0.33333
False,36046,104351,UAB,Blazers,0.2737,0.159,0.5906,0.3591,0.3919,0.1635,0.3803,0.1103,0.5226,0.5284,0.36711,0.34403
True,36046,104351,UAB,Blazers,0.2323,0.1451,0.5837,0.3894,0.4,0.1607,0.4071,0.1343,0.5501,0.5301,0.31559,0.32675
False,38409,103447,Charlotte,49ers,0.292,0.1492,0.6702,0.3609,0.4388,0.1813,0.4048,0.1136,0.5422,0.5928,0.34416,0.33176
True,38409,103447,Charlotte,49ers,0.2665,0.1248,0.5901,0.3468,0.4014,0.1626,0.2937,0.0791,0.5094,0.5299,0.4115,0.31048
True,38409,104005,North Texas,Mean Green,0.2478,0.1015,0.5587,0.2983,0.4448,0.1921,0.4343,0.1454,0.4904,0.5141,0.36412,0.36152
False,38409,104005,North Texas,Mean Green,0.264,0.129,0.607,0.288,0.3823,0.1832,0.3384,0.1473,0.4711,0.5196,0.38151,0.31131
True,38409,104347,Tulsa,Golden Hurricane,0.231,0.1366,0.6481,0.2827,0.3866,0.1869,0.393,0.1052,0.4696,0.544,0.42513,0.32266
False,38409,104347,Tulsa,Golden Hurricane,0.2427,0.1336,0.6907,0.2716,0.3803,0.2354,0.3244,0.1504,0.507,0.5466,0.34256,0.3348
True,38409,104346,Tulane,Green Wave,0.2555,0.1409,0.6429,0.3471,0.3916,0.1596,0.3175,0.0976,0.5067,0.5637,0.39566,0.34073
False,38409,104346,Tulane,Green Wave,0.2462,0.1374,0.5977,0.3015,0.395,0.1593,0.2913,0.1148,0.4608,0.5276,0.42436,0.31765
False,38409,104471,Wichita St.,Shockers,0.2392,0.1475,0.5733,0.3317,0.4377,0.1416,0.3667,0.143,0.4733,0.5327,0.3837,0.3354
True,38409,104471,Wichita St.,Shockers,0.2225,0.1562,0.5772,0.4346,0.3921,0.1975,0.3621,0.0853,0.632,0.5194,0.2827,0.30503
False,38409,104351,UAB,Blazers,0.232,0.1575,0.5743,0.4078,0.3913,0.1394,0.3629,0.1074,0.5472,0.5277,0.34545,0.34586
True,38409,104351,UAB,Blazers,0.2238,0.1734,0.619,0.4157,0.311,0.1227,0.3636,0.167,0.5384,0.5488,0.29462,0.33844
False,41097,103447,Charlotte,49ers,0.2602,0.146,0.6126,0.3049,0.4362,0.1979,0.3611,0.0909,0.5028,0.5432,0.40636,0.33789
True,41097,103447,Charlotte,49ers,0.2625,0.131,0.623,0.302,0.4811,0.1555,0.3892,0.0893,0.4575,0.5748,0.45323,0.34906
False,41097,104005,North Texas,Mean Green,0.2686,0.1542,0.6204,0.3264,0.3502,0.1819,0.3533,0.1056,0.5083,0.5237,0.38612,0.30609
True,41097,104005,North Texas,Mean Green,0.2917,0.1717,0.5877,0.367,0.4019,0.2188,0.2706,0.089,0.5859,0.5183,0.32513,0.29952
True,41097,104346,Tulane,Green Wave,0.2635,0.1356,0.6239,0.3195,0.3457,0.1346,0.343,0.0952,0.454,0.5415,0.45072,0.32064
False,41097,104346,Tulane,Green Wave,0.273,0.1455,0.5758,0.3525,0.4255,0.1655,0.3395,0.0832,0.518,0.5278,0.39877,0.34278
False,41097,104351,UAB,Blazers,0.2467,0.1646,0.564,0.3711,0.4535,0.136,0.3386,0.0956,0.5071,0.5344,0.39737,0.32316
True,41097,104351,UAB,Blazers,0.2035,0.1768,0.5937,0.4317,0.4,0.1357,0.3674,0.1279,0.5673,0.5474,0.30475,0.2814
False,41097,104471,Wichita St.,Shockers,0.2634,0.1339,0.5482,0.3377,0.3886,0.1795,0.3952,0.1353,0.5172,0.4928,0.34744,0.31727
True,41097,104471,Wichita St.,Shockers,0.2552,0.1137,0.5525,0.385,0.4232,0.1647,0.3968,0.1097,0.5497,0.5137,0.34059,0.34029
False,41097,104347,Tulsa,Golden Hurricane,0.2729,0.133,0.6254,0.2949,0.4302,0.1849,0.27,0.1131,0.4798,0.5502,0.40714,0.3189
True,41097,104347,Tulsa,Golden Hurricane,0.2358,0.1585,0.6563,0.3258,0.3924,0.1625,0.2857,0.0465,0.4883,0.5684,0.46525,0.37964
True,27693,104399,Vanderbilt,Commodores,0.2576,0.1418,0.6272,0.2804,0.4053,0.1603,0.28,0.0883,0.4407,0.5465,0.47105,0.34933
False,27693,104399,Vanderbilt,Commodores,0.257,0.1984,0.6643,0.3019,0.4028,0.1495,0.4032,0.1758,0.4515,0.5777,0.37279,0.3384
False,27693,103614,Florida,Gators,0.2559,0.1818,0.6352,0.3347,0.3373,0.1728,0.3089,0.131,0.5075,0.5338,0.36145,0.3074
True,27693,103614,Florida,Gators,0.2675,0.1842,0.6973,0.2935,0.4271,0.2097,0.3571,0.1592,0.5032,0.5847,0.3376,0.35579
False,27693,104312,Tennessee,Volunteers,0.2865,0.1666,0.5865,0.248,0.384,0.2426,0.3057,0.1294,0.4906,0.4863,0.38003,0.32451
True,27693,104312,Tennessee,Volunteers,0.2442,0.1837,0.6601,0.2289,0.4356,0.2598,0.3633,0.1646,0.4887,0.5408,0.34662,0.33024
True,27693,103779,LSU,Fighting Tigers,0.2438,0.1844,0.6802,0.271,0.4173,0.209,0.3905,0.1503,0.48,0.5657,0.36972,0.34718
False,27693,103779,LSU,Fighting Tigers,0.254,0.1792,0.6499,0.3021,0.4,0.1383,0.2986,0.1198,0.4403,0.5714,0.4398,0.29963
False,36046,104399,Vanderbilt,Commodores,0.262,0.1574,0.6599,0.236,0.4473,0.2472,0.3465,0.1212,0.4833,0.5512,0.39553,0.37366
True,36046,104399,Vanderbilt,Commodores,0.2296,0.1157,0.6419,0.2009,0.4126,0.2376,0.3576,0.1684,0.4385,0.5176,0.39318,0.2832
True,33533,103779,LSU,Fighting Tigers,0.2599,0.1342,0.5787,0.3355,0.339,0.1573,0.2941,0.1179,0.4928,0.5022,0.38933,0.3274
False,33533,103779,LSU,Fighting Tigers,0.2511,0.136,0.684,0.3201,0.3615,0.1399,0.2814,0.1243,0.4599,0.586,0.41581,0.34282
False,38409,103779,LSU,Fighting Tigers,0.2435,0.1518,0.6047,0.3405,0.3343,0.179,0.3577,0.1226,0.5194,0.5115,0.35793,0.32312
True,38409,103779,LSU,Fighting Tigers,0.2435,0.1603,0.6538,0.3432,0.3568,0.1279,0.4463,0.0939,0.4711,0.5732,0.43501,0.30488
False,41097,103779,LSU,Fighting Tigers,0.2753,0.1487,0.6285,0.2898,0.3923,0.199,0.3591,0.1321,0.4888,0.5324,0.37908,0.35397
True,41097,103779,LSU,Fighting Tigers,0.2712,0.1505,0.7016,0.2904,0.4449,0.2574,0.361,0.1077,0.5478,0.581,0.34454,0.33079
True,30629,103614,Florida,Gators,0.2414,0.168,0.6491,0.2944,0.4071,0.1446,0.3618,0.1028,0.439,0.5694,0.45816,0.30327
False,30629,103614,Florida,Gators,0.2677,0.1407,0.6316,0.3225,0.382,0.2,0.3705,0.1475,0.5225,0.536,0.32997,0.32154
False,33533,103614,Florida,Gators,0.2395,0.1512,0.5548,0.3511,0.4034,0.1758,0.3136,0.1688,0.527,0.5043,0.3042,0.31527
True,33533,103614,Florida,Gators,0.2355,0.145,0.6094,0.3697,0.3754,0.1581,0.3434,0.104,0.5278,0.5393,0.36817,0.31384
False,38409,104399,Vanderbilt,Commodores,0.2535,0.1376,0.6504,0.2564,0.4664,0.283,0.2597,0.0837,0.5394,0.5539,0.37697,0.36599
True,38409,104399,Vanderbilt,Commodores,0.2615,0.1616,0.6499,0.2738,0.4507,0.2542,0.3841,0.0678,0.528,0.554,0.40413,0.32482
True,36046,103779,LSU,Fighting Tigers,0.2503,0.1622,0.6158,0.3781,0.3846,0.1568,0.3118,0.0891,0.5349,0.548,0.37598,0.35704
False,36046,103779,LSU,Fighting Tigers,0.2473,0.1734,0.6069,0.321,0.3579,0.1509,0.3556,0.1136,0.472,0.5273,0.41444,0.33496
True,38409,104047,Oklahoma,Sooners,0.271,0.1745,0.6436,0.3437,0.3994,0.1679,0.3796,0.0723,0.5116,0.5635,0.41605,0.36548
False,38409,104047,Oklahoma,Sooners,0.2697,0.148,0.6656,0.3273,0.429,0.1563,0.3542,0.0968,0.4836,0.5892,0.41957,0.30288
False,33533,104312,Tennessee,Volunteers,0.2743,0.1532,0.5864,0.2718,0.3696,0.1699,0.2857,0.1404,0.4417,0.503,0.41794,0.26515
True,33533,104312,Tennessee,Volunteers,0.2558,0.123,0.6483,0.2766,0.4208,0.1836,0.323,0.1388,0.4602,0.5575,0.40105,0.32818
True,27693,103301,Arkansas,Razorbacks,0.2291,0.1844,0.671,0.2979,0.4019,0.2067,0.358,0.1564,0.5046,0.5608,0.33897,0.33191
False,27693,103301,Arkansas,Razorbacks,0.2575,0.1842,0.6369,0.2518,0.3386,0.2247,0.3554,0.1466,0.4765,0.4962,0.37692,0.33604
False,36046,103301,Arkansas,Razorbacks,0.2903,0.1744,0.6591,0.3237,0.3645,0.2153,0.3197,0.1197,0.539,0.5414,0.34134,0.33908
True,36046,103301,Arkansas,Razorbacks,0.2776,0.1643,0.6738,0.3182,0.4021,0.1965,0.348,0.156,0.5148,0.5701,0.32929,0.3184
False,30629,103779,LSU,Fighting Tigers,0.24,0.1667,0.6236,0.2967,0.3105,0.1181,0.2748,0.1197,0.4148,0.5345,0.46548,0.28158
True,30629,103779,LSU,Fighting Tigers,0.2755,0.1905,0.6253,0.3741,0.3629,0.1746,0.3029,0.1037,0.5486,0.5418,0.34763,0.31564
True,30629,104312,Tennessee,Volunteers,0.2497,0.1653,0.6224,0.2789,0.3615,0.1798,0.3664,0.1385,0.4587,0.5202,0.40275,0.35925
False,30629,104312,Tennessee,Volunteers,0.2535,0.1759,0.5817,0.285,0.3988,0.1731,0.3007,0.1496,0.4582,0.5126,0.39226,0.31333
False,38409,104319,Texas,Longhorns,0.2767,0.1383,0.5798,0.3112,0.4016,0.1873,0.3536,0.1377,0.4985,0.5128,0.36382,0.33784
True,38409,104319,Texas,Longhorns,0.2755,0.1511,0.6614,0.3072,0.3941,0.1485,0.3813,0.1916,0.4557,0.5743,0.35269,0.36214
False,30629,103268,Alabama,Crimson Tide,0.2531,0.1556,0.6106,0.3166,0.3902,0.182,0.363,0.144,0.4985,0.5302,0.3575,0.33793
True,30629,103268,Alabama,Crimson Tide,0.256,0.1921,0.6434,0.3314,0.4321,0.1563,0.32,0.0362,0.4877,0.5757,0.47612,0.30902
False,38409,104312,Tennessee,Volunteers,0.2808,0.1209,0.5756,0.2388,0.4044,0.2082,0.3405,0.1074,0.447,0.4959,0.44563,0.2866
True,38409,104312,Tennessee,Volunteers,0.2412,0.1362,0.6838,0.2736,0.4198,0.1894,0.3801,0.1034,0.463,0.5758,0.43358,0.33765
False,27693,103268,Alabama,Crimson Tide,0.2472,0.1639,0.6329,0.284,0.3646,0.1924,0.3208,0.1807,0.4764,0.5245,0.34291,0.29119
True,27693,103268,Alabama,Crimson Tide,0.2489,0.2438,0.6167,0.3327,0.3343,0.1647,0.2911,0.0372,0.4974,0.5232,0.46541,0.35187
False,41097,104319,Texas,Longhorns,0.3065,0.1572,0.6186,0.337,0.3771,0.1666,0.3725,0.1661,0.5036,0.5388,0.33032,0.34726
True,41097,104319,Texas,Longhorns,0.274,0.1623,0.6564,0.3546,0.4588,0.1618,0.3985,0.1266,0.5164,0.5945,0.35697,0.35467
False,33533,104399,Vanderbilt,Commodores,0.2641,0.1487,0.6563,0.2596,0.3992,0.219,0.3743,0.1613,0.4786,0.5386,0.36007,0.31039
True,33533,104399,Vanderbilt,Commodores,0.2469,0.1253,0.6333,0.2332,0.4298,0.2213,0.3296,0.1235,0.4545,0.5342,0.42204,0.33586
False,30629,104399,Vanderbilt,Commodores,0.2876,0.1699,0.6824,0.2649,0.3829,0.1988,0.3537,0.1472,0.4637,0.554,0.38908,0.30116
True,30629,104399,Vanderbilt,Commodores,0.2656,0.1327,0.6506,0.2389,0.3995,0.2089,0.3211,0.095,0.4478,0.5335,0.45727,0.3388
True,41097,104312,Tennessee,Volunteers,0.2697,0.1572,0.6344,0.3416,0.4375,0.2189,0.3457,0.1187,0.5605,0.5575,0.32083,0.33425
False,41097,104312,Tennessee,Volunteers,0.2802,0.1686,0.6173,0.2506,0.404,0.1885,0.3693,0.1133,0.4391,0.5257,0.44758,0.30567
False,36046,104312,Tennessee,Volunteers,0.2642,0.1408,0.5867,0.2592,0.3536,0.2123,0.2886,0.1176,0.4715,0.4817,0.41081,0.31199
True,36046,104312,Tennessee,Volunteers,0.2548,0.1825,0.626,0.2695,0.4348,0.2069,0.3574,0.112,0.4764,0.543,0.41161,0.34426
True,41097,103614,Florida,Gators,0.2502,0.1848,0.6914,0.3963,0.3995,0.1687,0.4138,0.0647,0.5649,0.6043,0.37037,0.31205
False,41097,103614,Florida,Gators,0.2785,0.1403,0.559,0.3053,0.3655,0.2225,0.3452,0.1314,0.5278,0.4774,0.34081,0.32099
False,33533,103301,Arkansas,Razorbacks,0.2742,0.1506,0.6493,0.3171,0.3212,0.234,0.3368,0.1443,0.5511,0.51,0.30461,0.31086
True,33533,103301,Arkansas,Razorbacks,0.2794,0.1605,0.6962,0.3286,0.4165,0.2293,0.3324,0.1648,0.5579,0.5812,0.27727,0.31294
True,41097,104399,Vanderbilt,Commodores,0.2748,0.16,0.7121,0.2042,0.5277,0.2634,0.3636,0.0902,0.4676,0.6082,0.44211,0.35567
False,41097,104399,Vanderbilt,Commodores,0.2756,0.1489,0.6333,0.222,0.4235,0.2816,0.3775,0.1178,0.5035,0.516,0.37861,0.32625
False,38409,103301,Arkansas,Razorbacks,0.251,0.1465,0.602,0.3107,0.3673,0.1997,0.3214,0.1014,0.5104,0.5102,0.38813,0.31389
True,38409,103301,Arkansas,Razorbacks,0.2342,0.1667,0.7042,0.2894,0.443,0.2113,0.3404,0.1333,0.5007,0.594,0.36596,0.32687
False,41097,104047,Oklahoma,Sooners,0.2599,0.1411,0.6452,0.2853,0.3931,0.1948,0.3731,0.1164,0.4801,0.5429,0.40349,0.34073
True,41097,104047,Oklahoma,Sooners,0.2599,0.1416,0.6769,0.2895,0.4127,0.1403,0.4219,0.1341,0.4298,0.5907,0.43608,0.36466
True,41097,103268,Alabama,Crimson Tide,0.2526,0.1996,0.6362,0.3032,0.4437,0.1228,0.4225,0.0307,0.426,0.5807,0.54325,0.35828
False,41097,103268,Alabama,Crimson Tide,0.264,0.1424,0.5716,0.3403,0.4235,0.177,0.3323,0.1291,0.5173,0.5209,0.3536,0.33804
True,30629,103301,Arkansas,Razorbacks,0.238,0.1814,0.6758,0.2918,0.3955,0.1794,0.3301,0.1865,0.4712,0.5691,0.34226,0.30378
False,30629,103301,Arkansas,Razorbacks,0.2751,0.1562,0.6494,0.2618,0.3544,0.185,0.3059,0.1653,0.4468,0.5273,0.38782,0.32488
False,36046,103614,Florida,Gators,0.266,0.1455,0.5765,0.3566,0.3693,0.1887,0.4521,0.1311,0.5452,0.5048,0.32367,0.3262
True,36046,103614,Florida,Gators,0.2531,0.2035,0.6082,0.3615,0.4099,0.1889,0.4,0.1042,0.5504,0.5402,0.34538,0.34483
False,41097,103301,Arkansas,Razorbacks,0.247,0.1415,0.6915,0.3329,0.3939,0.1944,0.3226,0.0913,0.5274,0.5818,0.38131,0.31788
True,41097,103301,Arkansas,Razorbacks,0.232,0.2063,0.7363,0.3527,0.3911,0.1885,0.3225,0.1286,0.5413,0.6161,0.33012,0.38198
True,33533,103268,Alabama,Crimson Tide,0.2571,0.2011,0.639,0.3388,0.3783,0.1474,0.2842,0.0411,0.4862,0.56,0.47277,0.33455
False,33533,103268,Alabama,Crimson Tide,0.2742,0.141,0.5007,0.2979,0.3588,0.2195,0.3181,0.1831,0.5174,0.4405,0.29954,0.28252
False,36046,103268,Alabama,Crimson Tide,0.2744,0.1501,0.6129,0.3373,0.3655,0.1676,0.4144,0.1242,0.5049,0.5307,0.37091,0.31766
True,36046,103268,Alabama,Crimson Tide,0.2726,0.214,0.6368,0.374,0.4102,0.1237,0.3778,0.0377,0.4977,0.5805,0.46457,0.37274
True,38409,103614,Florida,Gators,0.2471,0.1924,0.6773,0.3359,0.4092,0.1558,0.3408,0.0713,0.4916,0.5924,0.43705,0.35552
False,38409,103614,Florida,Gators,0.2537,0.1357,0.5643,0.3122,0.3721,0.2114,0.3425,0.1041,0.5236,0.4867,0.37239,0.29373
False,38409,103268,Alabama,Crimson Tide,0.2728,0.1492,0.5968,0.3214,0.3697,0.1962,0.4128,0.1363,0.5176,0.5107,0.34602,0.30355
True,38409,103268,Alabama,Crimson Tide,0.2519,0.2053,0.6505,0.3741,0.4649,0.1261,0.5062,0.0342,0.5002,0.6037,0.46563,0.35326
False,27693,103777,LIU,Sharks,0.2429,0.1633,0.5841,0.2986,0.4571,0.2237,0.4245,0.1269,0.5224,0.5297,0.35068,0.32031
True,27693,103777,LIU,Sharks,0.2391,0.2315,0.6294,0.2944,0.3934,0.1827,0.3504,0.1186,0.4771,0.539,0.40433,0.28694
False,33533,103777,LIU,Sharks,0.2339,0.1759,0.6306,0.3454,0.4856,0.1939,0.3367,0.1092,0.5393,0.5785,0.35153,0.36133
True,36046,103777,LIU,Sharks,0.2719,0.1366,0.5755,0.2703,0.4109,0.2389,0.3704,0.1916,0.5092,0.4983,0.29923,0.31028
False,30629,103777,LIU,Sharks,0.2283,0.1763,0.5812,0.2877,0.3982,0.1799,0.3624,0.1157,0.4676,0.5108,0.41667,0.31592
True,33533,103777,LIU,Sharks,0.2434,0.1847,0.5703,0.3084,0.3959,0.2911,0.3465,0.1509,0.5995,0.4856,0.24955,0.3381
False,36046,103777,LIU,Sharks,0.2255,0.1729,0.6193,0.3327,0.4639,0.2102,0.3878,0.1144,0.5429,0.5591,0.34267,0.31175
True,30629,103777,LIU,Sharks,0.2338,0.2123,0.6385,0.3179,0.4024,0.1755,0.2709,0.107,0.4934,0.5545,0.39958,0.31398
True,38409,103777,LIU,Sharks,0.2901,0.1433,0.5903,0.345,0.4,0.2173,0.3989,0.0984,0.5623,0.5168,0.33927,0.31019
False,41097,103777,LIU,Sharks,0.2575,0.1522,0.6025,0.3518,0.4198,0.2248,0.375,0.0949,0.5766,0.5313,0.32856,0.3218
False,38409,103777,LIU,Sharks,0.2358,0.1574,0.593,0.3347,0.3689,0.1814,0.2465,0.0834,0.5161,0.5142,0.40047,0.30938
True,41097,103777,LIU,Sharks,0.2634,0.2038,0.6359,0.3773,0.3961,0.2325,0.3949,0.0971,0.6098,0.5445,0.29318,0.35823
False,41097,103799,Le Moyne,Dolphins,0.2585,0.148,0.5851,0.3143,0.3549,0.1683,0.2785,0.1231,0.4826,0.5048,0.39429,0.35837
False,36046,103799,Le Moyne,Dolphins,0.2034,0.1611,0.5698,0.3215,0.3802,0.1373,0.4183,0.1086,0.4588,0.5131,0.43267,0.32931
True,36046,103799,Le Moyne,Dolphins,0.224,0.1666,0.6171,0.3001,0.3864,0.1154,0.3431,0.107,0.4155,0.553,0.47744,0.34615
False,38409,103799,Le Moyne,Dolphins,0.2489,0.1594,0.6039,0.3525,0.4643,0.1318,0.3636,0.1036,0.4843,0.5659,0.41213,0.36548
True,38409,103799,Le Moyne,Dolphins,0.2758,0.1661,0.6098,0.374,0.4378,0.1382,0.3985,0.0738,0.5122,0.5634,0.41398,0.33914
True,41097,103799,Le Moyne,Dolphins,0.2553,0.1683,0.6318,0.3661,0.4206,0.1439,0.3557,0.0851,0.51,0.5722,0.40491,0.33992
True,38409,103895,Mercyhurst,Lakers,0.2592,0.1216,0.578,0.2824,0.446,0.212,0.3267,0.1474,0.4944,0.5214,0.35819,0.35082
True,41097,103895,Mercyhurst,Lakers,0.2816,0.1434,0.6031,0.2641,0.5051,0.2465,0.3775,0.1749,0.5106,0.5558,0.31452,0.32692
False,38409,103895,Mercyhurst,Lakers,0.2612,0.1444,0.6549,0.352,0.4057,0.1751,0.3492,0.0785,0.5271,0.5721,0.39439,0.35071
False,41097,103895,Mercyhurst,Lakers,0.2348,0.1512,0.6077,0.3467,0.4158,0.2118,0.3149,0.1009,0.5585,0.5349,0.34058,0.32242
False,27693,103896,Merrimack,Warriors,0.2476,0.1588,0.5836,0.279,0.3682,0.2373,0.38,0.149,0.5164,0.4846,0.33466,0.34421
True,27693,103896,Merrimack,Warriors,0.2517,0.1631,0.6478,0.3113,0.4367,0.1634,0.4,0.1138,0.4747,0.5752,0.41158,0.31658
False,30629,103896,Merrimack,Warriors,0.227,0.1341,0.6745,0.2381,0.3823,0.2681,0.351,0.1531,0.5062,0.5198,0.34063,0.33028
True,30629,103896,Merrimack,Warriors,0.2511,0.1462,0.6723,0.2575,0.3654,0.2275,0.2768,0.1106,0.485,0.5284,0.40437,0.33076
False,36046,103896,Merrimack,Warriors,0.2465,0.1475,0.5826,0.3198,0.3967,0.2274,0.3035,0.1372,0.5473,0.5054,0.31554,0.31472
False,33533,103896,Merrimack,Warriors,0.2477,0.1571,0.6106,0.3034,0.3824,0.2261,0.349,0.1369,0.5295,0.5132,0.33351,0.31562
True,36046,103896,Merrimack,Warriors,0.2372,0.1691,0.6225,0.3286,0.412,0.1472,0.4244,0.0948,0.4757,0.5574,0.42944,0.30937
True,33533,103896,Merrimack,Warriors,0.2147,0.1575,0.5874,0.3639,0.3419,0.1341,0.2593,0.0619,0.498,0.5213,0.44011,0.32682
True,41097,103982,New Haven,Chargers,0.2203,0.1264,0.643,0.3497,0.4218,0.1279,0.3046,0.1194,0.4776,0.5838,0.40303,0.31278
False,41097,103982,New Haven,Chargers,0.2423,0.1396,0.5883,0.358,0.4449,0.1354,0.3598,0.1277,0.4934,0.549,0.37888,0.33858
True,27693,104179,Saint Francis,The Red Flash,0.2479,0.1504,0.6029,0.3223,0.4125,0.203,0.3243,0.1461,0.5253,0.5293,0.32859,0.3101
False,27693,104179,Saint Francis,The Red Flash,0.2584,0.1861,0.6471,0.3262,0.4435,0.1765,0.3878,0.1128,0.5027,0.5756,0.3845,0.31337
True,30629,104179,Saint Francis,The Red Flash,0.215,0.1396,0.5494,0.3413,0.4118,0.2257,0.3604,0.1228,0.5669,0.4946,0.31029,0.31551
True,36046,104179,Saint Francis,The Red Flash,0.2697,0.1288,0.5532,0.3407,0.4136,0.1926,0.3301,0.1243,0.5333,0.5028,0.34245,0.33507
True,33533,104179,Saint Francis,The Red Flash,0.2416,0.1482,0.5966,0.3,0.481,0.2386,0.3128,0.1017,0.5386,0.5454,0.35966,0.37915
False,41097,104179,Saint Francis,The Red Flash,0.2411,0.1765,0.6822,0.3093,0.5226,0.1966,0.3292,0.0894,0.5058,0.6202,0.40478,0.36763
False,36046,104179,Saint Francis,The Red Flash,0.2519,0.1596,0.6155,0.2979,0.4804,0.1964,0.3726,0.1258,0.4944,0.5618,0.37982,0.34687
True,41097,104179,Saint Francis,The Red Flash,0.2634,0.1586,0.6059,0.2588,0.4226,0.2453,0.3491,0.115,0.5041,0.5167,0.3809,0.34046
False,33533,104179,Saint Francis,The Red Flash,0.253,0.1738,0.6307,0.3175,0.441,0.1906,0.3629,0.1387,0.508,0.5595,0.35332,0.3303
False,30629,104179,Saint Francis,The Red Flash,0.2402,0.1905,0.6111,0.3149,0.4464,0.1837,0.3165,0.1192,0.4986,0.5504,0.38218,0.35765
False,38409,104179,Saint Francis,The Red Flash,0.2122,0.1515,0.6604,0.2877,0.3962,0.1561,0.3745,0.1271,0.4438,0.5675,0.42906,0.30892
True,38409,104179,Saint Francis,The Red Flash,0.2262,0.1388,0.6374,0.3094,0.4618,0.1542,0.4311,0.1153,0.4636,0.579,0.42111,0.34185
True,36046,104297,Stonehill,Skyhawks,0.226,0.1257,0.572,0.2679,0.4167,0.1812,0.3444,0.0845,0.4491,0.5093,0.46644,0.30336
False,33533,104297,Stonehill,Skyhawks,0.2448,0.1427,0.5983,0.3293,0.3558,0.1465,0.3273,0.1207,0.4759,0.5236,0.4034,0.34422
True,38409,104297,Stonehill,Skyhawks,0.2551,0.1297,0.6136,0.3272,0.345,0.1476,0.305,0.0807,0.4748,0.5301,0.44451,0.35521
True,33533,104297,Stonehill,Skyhawks,0.2251,0.1407,0.6044,0.3313,0.3825,0.1745,0.3462,0.0796,0.5058,0.5278,0.41457,0.35303
False,36046,104297,Stonehill,Skyhawks,0.2075,0.1789,0.6364,0.2523,0.4248,0.1808,0.3724,0.1045,0.4331,0.548,0.4624,0.35525
False,38409,104297,Stonehill,Skyhawks,0.2416,0.1419,0.5997,0.32,0.4565,0.2102,0.2992,0.1353,0.5302,0.5429,0.33444,0.34826
True,41097,104297,Stonehill,Skyhawks,0.2423,0.153,0.5453,0.355,0.3973,0.154,0.3416,0.0849,0.509,0.5005,0.40612,0.32208
False,41097,104297,Stonehill,Skyhawks,0.2273,0.1374,0.5708,0.3261,0.3827,0.1988,0.3156,0.143,0.5248,0.4995,0.33215,0.3313
True,27693,103412,Canisius,Golden Griffins,0.257,0.1575,0.5942,0.2634,0.4608,0.1298,0.3624,0.1896,0.3931,0.5502,0.4173,0.29573
False,27693,103412,Canisius,Golden Griffins,0.2591,0.156,0.6162,0.3628,0.3851,0.1981,0.3608,0.1299,0.5609,0.5346,0.30924,0.34199
False,27693,104219,Siena,Saints,0.2807,0.1569,0.5594,0.3269,0.3564,0.192,0.3333,0.1655,0.5189,0.4843,0.31563,0.32362
True,27693,104219,Siena,Saints,0.239,0.1352,0.605,0.3568,0.4337,0.1857,0.4,0.1063,0.5425,0.5464,0.35123,0.34395
False,27693,103991,Niagara,Purple Eagles,0.2871,0.1609,0.6127,0.3243,0.3462,0.1462,0.3008,0.1153,0.4705,0.5299,0.41425,0.33937
True,27693,103855,Manhattan,Jaspers,0.3317,0.1645,0.5361,0.333,0.367,0.1871,0.2903,0.1064,0.5202,0.4752,0.37339,0.26437
False,27693,103862,Marist,Red Foxes,0.2649,0.1476,0.5172,0.3228,0.3333,0.1303,0.4126,0.1218,0.4532,0.4643,0.42504,0.30862
True,27693,103991,Niagara,Purple Eagles,0.2645,0.1515,0.573,0.3239,0.3613,0.1738,0.3287,0.1301,0.4977,0.4991,0.37216,0.31296
False,27693,103855,Manhattan,Jaspers,0.2965,0.1626,0.5597,0.3372,0.4481,0.1753,0.3049,0.1571,0.5125,0.5215,0.33046,0.33043
True,27693,103862,Marist,Red Foxes,0.2656,0.1391,0.6056,0.319,0.4286,0.1447,0.3525,0.1249,0.4636,0.5504,0.4115,0.31004
False,27693,104137,Rider,Broncs,0.2539,0.1564,0.6329,0.3041,0.468,0.1925,0.3759,0.1024,0.4965,0.569,0.40108,0.35317
True,27693,104137,Rider,Broncs,0.2771,0.1492,0.5884,0.2489,0.4147,0.2269,0.3656,0.2117,0.4757,0.5056,0.31259,0.35194
False,27693,104188,Saint Peter's,Peacocks,0.2603,0.1597,0.5025,0.3084,0.3675,0.1769,0.2872,0.1421,0.4853,0.4533,0.37264,0.33671
True,27693,104188,Saint Peter's,Peacocks,0.2992,0.1635,0.512,0.3593,0.3804,0.1991,0.3037,0.0974,0.5584,0.4651,0.34416,0.32285
False,27693,103595,Fairfield,Stags,0.2907,0.1678,0.6179,0.3467,0.3626,0.1727,0.3514,0.1463,0.5194,0.533,0.33421,0.32544
False,38409,104188,Saint Peter's,Peacocks,0.2595,0.1769,0.574,0.3285,0.376,0.1695,0.3152,0.1209,0.498,0.5066,0.38108,0.31379
False,41097,104137,Rider,Broncs,0.2422,0.1616,0.5969,0.3908,0.4,0.1313,0.4031,0.077,0.5221,0.5474,0.40095,0.37351
False,41097,103991,Niagara,Purple Eagles,0.2442,0.1375,0.6421,0.2918,0.4295,0.183,0.4162,0.121,0.4748,0.5602,0.40418,0.34802
False,41097,104188,Saint Peter's,Peacocks,0.2708,0.1508,0.5484,0.3654,0.4007,0.1749,0.3416,0.1054,0.5403,0.5006,0.35429,0.32348
False,36046,103855,Manhattan,Jaspers,0.2002,0.178,0.6311,0.3279,0.3915,0.2069,0.4034,0.1275,0.5348,0.5384,0.33771,0.36791
True,27693,103595,Fairfield,Stags,0.2747,0.1227,0.5491,0.3214,0.3439,0.1738,0.3349,0.1497,0.4952,0.4771,0.35508,0.31528
False,30629,103991,Niagara,Purple Eagles,0.2473,0.1351,0.556,0.3323,0.3692,0.1647,0.3553,0.1346,0.497,0.4941,0.36836,0.33173
False,30629,104219,Siena,Saints,0.2363,0.1403,0.5745,0.3854,0.4089,0.1853,0.3409,0.1303,0.5708,0.5207,0.29899,0.33267
False,33533,103991,Niagara,Purple Eagles,0.2582,0.1253,0.5687,0.3149,0.3917,0.2025,0.4048,0.1767,0.5174,0.4994,0.30589,0.35756
True,38409,104188,Saint Peter's,Peacocks,0.2947,0.1557,0.5157,0.3422,0.3766,0.1461,0.2878,0.1297,0.4883,0.4741,0.38204,0.32947
True,33533,103855,Manhattan,Jaspers,0.2475,0.1417,0.6022,0.3356,0.375,0.1978,0.3547,0.1063,0.5334,0.518,0.36032,0.32933
False,38409,103412,Canisius,Golden Griffins,0.1933,0.1571,0.6833,0.3729,0.435,0.126,0.4049,0.0921,0.4989,0.6206,0.40904,0.36188
True,30629,104219,Siena,Saints,0.2399,0.1337,0.5517,0.2862,0.3941,0.1894,0.396,0.1838,0.4756,0.489,0.34053,0.35507
False,38409,103862,Marist,Red Foxes,0.2322,0.1264,0.5625,0.3313,0.3346,0.162,0.324,0.1523,0.4933,0.4877,0.35445,0.33677
True,41097,104188,Saint Peter's,Peacocks,0.3075,0.1704,0.5413,0.3478,0.3941,0.1384,0.3589,0.1226,0.4862,0.4994,0.3912,0.31934
True,30629,103855,Manhattan,Jaspers,0.2613,0.1528,0.5855,0.3418,0.4565,0.1941,0.3744,0.132,0.5359,0.5388,0.33213,0.30672
False,33533,103855,Manhattan,Jaspers,0.2388,0.1522,0.6044,0.3301,0.4103,0.1738,0.3198,0.133,0.5039,0.5375,0.36309,0.36634
False,36046,104219,Siena,Saints,0.2446,0.1744,0.5827,0.4152,0.4257,0.1296,0.3562,0.1139,0.5447,0.5454,0.34131,0.35213
True,30629,103862,Marist,Red Foxes,0.2341,0.1444,0.5993,0.3132,0.4123,0.1969,0.3604,0.1134,0.5101,0.5271,0.37651,0.34404
True,33533,104137,Rider,Broncs,0.2832,0.1418,0.6168,0.3408,0.4431,0.1913,0.3478,0.2108,0.5321,0.5544,0.25716,0.33408
True,33533,103412,Canisius,Golden Griffins,0.2313,0.1516,0.6031,0.2841,0.3349,0.1189,0.3652,0.1907,0.403,0.524,0.4063,0.34694
True,41097,104137,Rider,Broncs,0.2507,0.134,0.5417,0.3241,0.3841,0.1621,0.3424,0.2384,0.4862,0.4891,0.2754,0.27505
False,41097,103412,Canisius,Golden Griffins,0.2429,0.1624,0.6472,0.3325,0.398,0.1185,0.3676,0.1091,0.4511,0.5817,0.43986,0.32574
False,36046,103862,Marist,Red Foxes,0.2392,0.1469,0.5651,0.3337,0.3963,0.1329,0.3143,0.15,0.4666,0.5171,0.38334,0.31789
True,41097,103862,Marist,Red Foxes,0.2567,0.1408,0.5847,0.3037,0.4828,0.1764,0.375,0.1726,0.4801,0.5472,0.34735,0.32803
False,33533,104137,Rider,Broncs,0.2439,0.1244,0.5868,0.3083,0.36,0.1538,0.3257,0.1077,0.4622,0.5113,0.43015,0.35622
False,30629,103855,Manhattan,Jaspers,0.2812,0.1682,0.6638,0.3408,0.3863,0.1886,0.3702,0.1381,0.5294,0.5649,0.33255,0.33569
False,38409,103991,Niagara,Purple Eagles,0.2481,0.1431,0.6167,0.314,0.4481,0.1791,0.3505,0.1244,0.493,0.5554,0.38256,0.36474
False,33533,103412,Canisius,Golden Griffins,0.2332,0.1585,0.6241,0.3807,0.4084,0.178,0.3226,0.1242,0.5587,0.5553,0.31712,0.36643
False,30629,103862,Marist,Red Foxes,0.2366,0.1197,0.5784,0.271,0.3655,0.1665,0.397,0.1533,0.4374,0.4974,0.4093,0.3338
True,38409,103595,Fairfield,Stags,0.2489,0.1529,0.5696,0.321,0.3435,0.1527,0.3556,0.1475,0.4738,0.4967,0.3787,0.3155
True,38409,103862,Marist,Red Foxes,0.2343,0.1024,0.6529,0.2827,0.4401,0.1951,0.3506,0.1466,0.4778,0.566,0.37558,0.31415
False,38409,104137,Rider,Broncs,0.2396,0.1558,0.6175,0.3008,0.4663,0.1799,0.3846,0.1098,0.4807,0.5609,0.4095,0.35696
False,38409,104219,Siena,Saints,0.2819,0.1553,0.5808,0.3781,0.4489,0.1778,0.4086,0.1024,0.5559,0.5386,0.34177,0.343
False,33533,103595,Fairfield,Stags,0.2787,0.1336,0.592,0.3576,0.4683,0.1894,0.3487,0.1362,0.5469,0.5492,0.31693,0.29061
False,33533,104219,Siena,Saints,0.2631,0.1534,0.5967,0.4074,0.3913,0.1824,0.3144,0.1297,0.5898,0.5331,0.28045,0.33535
False,38409,103855,Manhattan,Jaspers,0.251,0.1544,0.6364,0.2967,0.4311,0.1732,0.3472,0.112,0.4699,0.5607,0.41805,0.32878
False,36046,104188,Saint Peter's,Peacocks,0.2898,0.1796,0.5675,0.3667,0.3346,0.1568,0.3303,0.1285,0.5236,0.4977,0.34788,0.32712
False,33533,103862,Marist,Red Foxes,0.2387,0.134,0.5571,0.2958,0.3494,0.1648,0.3613,0.1638,0.4606,0.4828,0.37559,0.35021
True,38409,103855,Manhattan,Jaspers,0.2108,0.1519,0.6145,0.2873,0.4524,0.1798,0.3258,0.1182,0.4671,0.5521,0.41466,0.34323
False,36046,103991,Niagara,Purple Eagles,0.269,0.1369,0.6337,0.3304,0.4293,0.2007,0.4006,0.1919,0.5311,0.5565,0.27699,0.35236
False,33533,104188,Saint Peter's,Peacocks,0.2595,0.1644,0.5822,0.2901,0.3846,0.2095,0.4018,0.1412,0.4997,0.4994,0.35912,0.33932
False,41097,103855,Manhattan,Jaspers,0.2514,0.1516,0.625,0.3383,0.4194,0.1851,0.3947,0.0945,0.5234,0.5523,0.38209,0.36458
False,41097,103862,Marist,Red Foxes,0.2217,0.1195,0.5911,0.278,0.4072,0.1967,0.3459,0.1567,0.4747,0.5149,0.36867,0.28275
True,36046,104137,Rider,Broncs,0.2559,0.1621,0.5848,0.316,0.3793,0.1812,0.392,0.2218,0.4971,0.5099,0.2811,0.33704
False,36046,103412,Canisius,Golden Griffins,0.2267,0.1478,0.6141,0.3941,0.3835,0.184,0.301,0.1077,0.5781,0.5407,0.31417,0.33943
True,36046,103412,Canisius,Golden Griffins,0.2396,0.1612,0.5887,0.3246,0.413,0.1534,0.4007,0.1607,0.478,0.5323,0.36126,0.33623
True,41097,103412,Canisius,Golden Griffins,0.2759,0.1408,0.5102,0.3209,0.3913,0.1637,0.3518,0.118,0.4846,0.47,0.39739,0.33134
True,36046,103855,Manhattan,Jaspers,0.2021,0.153,0.6074,0.2857,0.3739,0.1881,0.3387,0.1384,0.4738,0.5147,0.38783,0.31511
False,30629,103412,Canisius,Golden Griffins,0.2456,0.1805,0.6737,0.3622,0.3786,0.1885,0.3583,0.1307,0.5507,0.5727,0.31863,0.30598
True,33533,103595,Fairfield,Stags,0.2366,0.1274,0.5796,0.3325,0.407,0.1695,0.3333,0.1285,0.5021,0.5213,0.36942,0.28663
False,30629,104137,Rider,Broncs,0.2411,0.1456,0.5955,0.2834,0.354,0.1454,0.3417,0.1274,0.4289,0.5136,0.44374,0.34211
True,36046,103862,Marist,Red Foxes,0.2522,0.1157,0.5738,0.3639,0.3583,0.1465,0.4175,0.1258,0.5104,0.512,0.36386,0.3557
True,30629,103412,Canisius,Golden Griffins,0.2501,0.1448,0.5665,0.3136,0.3348,0.1138,0.3578,0.1756,0.4274,0.5048,0.39701,0.3061
False,30629,103595,Fairfield,Stags,0.2516,0.1642,0.5597,0.3773,0.4,0.1608,0.3345,0.1586,0.538,0.512,0.30332,0.32509
True,41097,103991,Niagara,Purple Eagles,0.2442,0.1069,0.5981,0.3335,0.4,0.1919,0.4224,0.073,0.5255,0.5257,0.40151,0.33386
True,41097,103595,Fairfield,Stags,0.2261,0.1512,0.5442,0.3745,0.4218,0.1371,0.3777,0.1297,0.5117,0.5114,0.35868,0.3355
True,30629,103991,Niagara,Purple Eagles,0.234,0.1235,0.6034,0.3486,0.358,0.1532,0.3593,0.1377,0.5018,0.5285,0.36055,0.34545
True,41097,103855,Manhattan,Jaspers,0.2186,0.1456,0.5737,0.3034,0.4192,0.2082,0.3773,0.1157,0.5116,0.5108,0.37277,0.3244
False,36046,104137,Rider,Broncs,0.2449,0.1566,0.5917,0.3195,0.3879,0.1853,0.285,0.1102,0.5048,0.5169,0.38498,0.33887
True,38409,103412,Canisius,Golden Griffins,0.246,0.1444,0.5769,0.2642,0.4549,0.1656,0.3588,0.1566,0.4298,0.5299,0.41363,0.36705
True,38409,103991,Niagara,Purple Eagles,0.2426,0.1369,0.6058,0.3562,0.4125,0.1549,0.32,0.0603,0.5112,0.5472,0.42857,0.35302
True,33533,104188,Saint Peter's,Peacocks,0.3425,0.1426,0.5432,0.3098,0.3537,0.1792,0.3554,0.1568,0.4891,0.4737,0.3541,0.29321
True,38409,103896,Merrimack,Warriors,0.246,0.1541,0.5979,0.3047,0.3744,0.122,0.3717,0.1445,0.4267,0.534,0.4288,0.32957
False,38409,103595,Fairfield,Stags,0.236,0.1419,0.6076,0.3929,0.4585,0.1274,0.3202,0.113,0.5203,0.5711,0.36672,0.35812
False,30629,104188,Saint Peter's,Peacocks,0.2745,0.1757,0.5546,0.3087,0.3656,0.2054,0.2773,0.1215,0.5141,0.4791,0.36444,0.29091
True,36046,104219,Siena,Saints,0.2332,0.1,0.5579,0.3487,0.3872,0.1337,0.3257,0.1746,0.4824,0.5106,0.343,0.28027
False,38409,103896,Merrimack,Warriors,0.2132,0.1305,0.5684,0.3341,0.3705,0.1806,0.3571,0.1219,0.5147,0.4989,0.36344,0.30988
False,41097,104219,Siena,Saints,0.2599,0.1261,0.5552,0.3176,0.4013,0.1621,0.4153,0.126,0.4797,0.5032,0.39431,0.32345
True,33533,104219,Siena,Saints,0.2593,0.1217,0.5669,0.3211,0.404,0.1973,0.3734,0.1362,0.5184,0.5049,0.34539,0.34861
True,33533,103991,Niagara,Purple Eagles,0.2571,0.1107,0.6121,0.3532,0.408,0.1985,0.3133,0.1011,0.5518,0.5386,0.34714,0.34386
True,38409,104219,Siena,Saints,0.2418,0.1259,0.5775,0.3459,0.3975,0.1336,0.3694,0.1215,0.4795,0.5274,0.39901,0.32785
True,41097,103896,Merrimack,Warriors,0.2601,0.1484,0.5744,0.348,0.354,0.1244,0.314,0.0666,0.4725,0.5163,0.4609,0.32736
True,36046,103991,Niagara,Purple Eagles,0.2238,0.151,0.6275,0.3945,0.3929,0.1921,0.3353,0.0989,0.5866,0.5507,0.31447,0.36182
True,38409,104137,Rider,Broncs,0.2254,0.1305,0.6004,0.2841,0.4039,0.1895,0.3944,0.2249,0.4736,0.5217,0.30148,0.31173
True,30629,104137,Rider,Broncs,0.2528,0.1342,0.5934,0.3055,0.3382,0.1733,0.3475,0.2349,0.4787,0.501,0.28643,0.32168
True,36046,103595,Fairfield,Stags,0.2122,0.1786,0.5949,0.3345,0.4014,0.1301,0.3699,0.1108,0.4647,0.5407,0.42458,0.36267
False,41097,103896,Merrimack,Warriors,0.2648,0.1061,0.5461,0.3647,0.4012,0.1837,0.366,0.1255,0.5483,0.4976,0.32621,0.30278
True,30629,103595,Fairfield,Stags,0.2455,0.1471,0.607,0.3337,0.3975,0.1676,0.2941,0.1079,0.5013,0.5369,0.3908,0.33965
True,33533,103862,Marist,Red Foxes,0.2392,0.0939,0.5714,0.2655,0.3907,0.1534,0.3741,0.1572,0.4189,0.5052,0.42386,0.32815
False,41097,103595,Fairfield,Stags,0.2393,0.1418,0.5859,0.4016,0.3964,0.142,0.3282,0.0989,0.5436,0.5364,0.35751,0.34043
True,36046,104188,Saint Peter's,Peacocks,0.3025,0.1486,0.5024,0.3448,0.3622,0.1705,0.33,0.1623,0.5153,0.456,0.3224,0.32542
True,30629,104188,Saint Peter's,Peacocks,0.2995,0.1424,0.5453,0.3609,0.3895,0.245,0.3195,0.0906,0.6059,0.4823,0.30349,0.34982
True,41097,104219,Siena,Saints,0.2191,0.106,0.6068,0.3462,0.4632,0.1952,0.406,0.1366,0.5413,0.555,0.32203,0.30622
False,36046,103595,Fairfield,Stags,0.2262,0.1458,0.6185,0.3854,0.41,0.1391,0.3476,0.1081,0.5246,0.5632,0.36735,0.33965
False,27693,104355,UC San Diego,Tritons,0.2034,0.1337,0.6164,0.212,0.4923,0.3146,0.3846,0.1384,0.5266,0.5423,0.33495,0.35549
True,27693,104355,UC San Diego,Tritons,0.1966,0.1331,0.6389,0.185,0.5463,0.222,0.3377,0.0791,0.407,0.5884,0.51387,0.376
False,27693,103825,Long Beach St.,Beach,0.2612,0.1765,0.657,0.2392,0.4129,0.228,0.309,0.1537,0.4672,0.5379,0.3791,0.34396
True,27693,103825,Long Beach St.,Beach,0.2597,0.2309,0.6395,0.2464,0.4315,0.2789,0.3333,0.1375,0.5253,0.5291,0.33715,0.35977
True,27693,103685,Hawaii,Rainbow Warriors,0.2445,0.1524,0.6068,0.2906,0.4444,0.1565,0.3443,0.1755,0.447,0.55,0.37748,0.35965
False,27693,103685,Hawaii,Rainbow Warriors,0.2676,0.1423,0.6218,0.3164,0.4368,0.227,0.3155,0.1533,0.5434,0.5445,0.30328,0.32703
False,27693,103390,CSUN,Matadors,0.2586,0.1622,0.7124,0.1815,0.5105,0.296,0.3631,0.1223,0.4774,0.5873,0.40031,0.35798
True,27693,103390,CSUN,Matadors,0.2495,0.193,0.6542,0.1618,0.4845,0.2434,0.331,0.2147,0.4051,0.5522,0.3802,0.33797
False,30629,104353,UC Irvine,Anteaters,0.2519,0.1476,0.5503,0.2716,0.4326,0.2026,0.3368,0.2047,0.4741,0.5,0.32112,0.26174
True,30629,104353,UC Irvine,Anteaters,0.2785,0.1189,0.5833,0.3137,0.4216,0.2084,0.4059,0.1968,0.5221,0.5188,0.28105,0.32558
True,27693,104353,UC Irvine,Anteaters,0.2442,0.1194,0.6226,0.298,0.4063,0.2657,0.3688,0.1946,0.5637,0.5206,0.24176,0.3369
False,27693,104353,UC Irvine,Anteaters,0.2453,0.1407,0.4879,0.2469,0.4007,0.1866,0.3594,0.1694,0.4335,0.4504,0.39709,0.32833
False,27693,104356,UC Santa Barbara,Gauchos,0.2676,0.135,0.6016,0.2459,0.4143,0.2642,0.34,0.1689,0.5101,0.5046,0.32095,0.33053
True,27693,104356,UC Santa Barbara,Gauchos,0.2396,0.149,0.6583,0.2595,0.521,0.264,0.4048,0.1369,0.5235,0.589,0.33963,0.34741
False,30629,103685,Hawaii,Rainbow Warriors,0.2822,0.1289,0.6138,0.2874,0.3858,0.2527,0.3195,0.1546,0.5401,0.5071,0.30532,0.31092
True,30629,103685,Hawaii,Rainbow Warriors,0.2606,0.1129,0.616,0.2649,0.3986,0.1856,0.4082,0.1295,0.4505,0.5264,0.42008,0.35849
False,30629,104356,UC Santa Barbara,Gauchos,0.2892,0.151,0.591,0.2674,0.4369,0.2503,0.3125,0.1517,0.5177,0.5165,0.33059,0.31931
True,30629,104356,UC Santa Barbara,Gauchos,0.2573,0.1377,0.6864,0.2881,0.529,0.2823,0.3668,0.1303,0.5704,0.6085,0.29928,0.3326
False,30629,103390,CSUN,Matadors,0.2513,0.1463,0.6968,0.2076,0.4978,0.2724,0.32,0.1362,0.48,0.5839,0.38378,0.33281
True,30629,103390,CSUN,Matadors,0.286,0.1354,0.6357,0.1597,0.4379,0.2821,0.3356,0.2565,0.4418,0.5094,0.30166,0.30315
True,30629,104355,UC San Diego,Tritons,0.2164,0.1394,0.6319,0.2438,0.4332,0.2381,0.2887,0.0617,0.4819,0.5337,0.4564,0.3696
False,30629,104355,UC San Diego,Tritons,0.2501,0.1197,0.6706,0.2428,0.4923,0.2648,0.3964,0.1622,0.5075,0.5776,0.33024,0.3193
False,33533,104355,UC San Diego,Tritons,0.2376,0.142,0.6777,0.236,0.4015,0.2271,0.3719,0.179,0.4631,0.5423,0.35794,0.36406
True,33533,104355,UC San Diego,Tritons,0.2381,0.1334,0.6106,0.2523,0.4533,0.2488,0.3252,0.0948,0.5012,0.5325,0.40407,0.32806
False,38409,103685,Hawaii,Rainbow Warriors,0.2944,0.1474,0.5644,0.3161,0.424,0.209,0.3643,0.1499,0.5251,0.5085,0.32497,0.35163
True,38409,103685,Hawaii,Rainbow Warriors,0.2693,0.111,0.6195,0.3534,0.4741,0.1628,0.3036,0.1013,0.5163,0.5736,0.38239,0.32019
False,33533,103390,CSUN,Matadors,0.2777,0.1378,0.6247,0.2157,0.4253,0.2556,0.3682,0.1492,0.4714,0.5166,0.37941,0.33689
True,33533,103390,CSUN,Matadors,0.2932,0.1042,0.6078,0.1925,0.3826,0.3043,0.3557,0.1718,0.4968,0.4698,0.33141,0.32
False,38409,103825,Long Beach St.,Beach,0.2785,0.1397,0.6008,0.2754,0.4548,0.2188,0.3648,0.1281,0.4942,0.5362,0.37768,0.37555
True,38409,103825,Long Beach St.,Beach,0.2799,0.1463,0.6247,0.2338,0.3868,0.2238,0.4155,0.1743,0.4576,0.5084,0.36808,0.3488
True,33533,103685,Hawaii,Rainbow Warriors,0.2496,0.1115,0.6033,0.2718,0.3984,0.2079,0.4015,0.1495,0.4797,0.5145,0.37076,0.32984
False,33533,103685,Hawaii,Rainbow Warriors,0.2841,0.1329,0.557,0.2802,0.4208,0.2925,0.2945,0.1646,0.5727,0.4874,0.26265,0.29412
True,36046,104356,UC Santa Barbara,Gauchos,0.2413,0.1667,0.702,0.2969,0.4712,0.2268,0.3816,0.1681,0.5238,0.602,0.30819,0.36031
False,36046,104356,UC Santa Barbara,Gauchos,0.2664,0.1662,0.6667,0.263,0.4518,0.2496,0.3659,0.1475,0.5126,0.562,0.33993,0.32704
False,41097,104356,UC Santa Barbara,Gauchos,0.2706,0.1503,0.666,0.2956,0.4246,0.2245,0.4037,0.1251,0.5201,0.5618,0.35476,0.33657
True,41097,104356,UC Santa Barbara,Gauchos,0.2794,0.1336,0.6267,0.2837,0.4708,0.2001,0.4172,0.0842,0.4838,0.5622,0.432,0.3729
False,36046,104355,UC San Diego,Tritons,0.2622,0.1406,0.5972,0.2611,0.4623,0.2083,0.3863,0.168,0.4694,0.5373,0.36264,0.33333
True,36046,104355,UC San Diego,Tritons,0.243,0.1183,0.6161,0.2763,0.5079,0.2281,0.2714,0.0724,0.5044,0.5672,0.42318,0.35819
True,38409,104356,UC Santa Barbara,Gauchos,0.2553,0.1476,0.6641,0.2062,0.4961,0.2025,0.3805,0.1195,0.4088,0.5809,0.47171,0.38117
False,38409,104356,UC Santa Barbara,Gauchos,0.2629,0.1495,0.621,0.2265,0.4713,0.2523,0.3469,0.152,0.4788,0.5421,0.36918,0.31092
False,33533,104356,UC Santa Barbara,Gauchos,0.2741,0.1543,0.6396,0.2392,0.4375,0.286,0.3618,0.1598,0.5252,0.5295,0.31493,0.34391
True,33533,104356,UC Santa Barbara,Gauchos,0.2489,0.1465,0.6673,0.2869,0.527,0.2571,0.39,0.16,0.544,0.601,0.296,0.34955
True,41097,103825,Long Beach St.,Beach,0.2864,0.1472,0.6586,0.2789,0.4447,0.2258,0.3878,0.153,0.5047,0.5629,0.34235,0.33131
False,41097,103825,Long Beach St.,Beach,0.239,0.174,0.6583,0.3287,0.4471,0.2291,0.3333,0.0942,0.5578,0.5716,0.34802,0.34494
True,36046,103685,Hawaii,Rainbow Warriors,0.2616,0.1135,0.636,0.3134,0.4325,0.1771,0.4321,0.088,0.4905,0.5626,0.42151,0.34149
False,36046,103685,Hawaii,Rainbow Warriors,0.2735,0.1511,0.6347,0.3127,0.4106,0.263,0.3477,0.168,0.5757,0.5323,0.25633,0.31048
True,38409,104355,UC San Diego,Tritons,0.2489,0.1602,0.6498,0.3081,0.4504,0.137,0.3738,0.052,0.4451,0.5884,0.50292,0.36232
False,38409,104355,UC San Diego,Tritons,0.2424,0.1302,0.5478,0.268,0.3922,0.1634,0.3165,0.1265,0.4314,0.4889,0.44207,0.32971
True,41097,104355,UC San Diego,Tritons,0.2332,0.1747,0.6242,0.367,0.4565,0.1604,0.3077,0.0453,0.5274,0.5732,0.42729,0.331
False,41097,104355,UC San Diego,Tritons,0.2392,0.1438,0.5786,0.2952,0.4143,0.1584,0.3722,0.1101,0.4536,0.5212,0.43633,0.32014
True,36046,104353,UC Irvine,Anteaters,0.2669,0.1748,0.6291,0.3405,0.4615,0.23,0.3819,0.1518,0.5705,0.5616,0.27764,0.34867
False,36046,104353,UC Irvine,Anteaters,0.2587,0.138,0.5193,0.2737,0.4053,0.2288,0.3906,0.1935,0.5025,0.4674,0.30393,0.33333
False,30629,103825,Long Beach St.,Beach,0.274,0.1385,0.6736,0.2203,0.4286,0.2249,0.3975,0.1617,0.4452,0.5498,0.39317,0.34501
True,30629,103825,Long Beach St.,Beach,0.2316,0.224,0.6422,0.2264,0.4319,0.244,0.358,0.2103,0.4704,0.5331,0.31931,0.34634
True,41097,103685,Hawaii,Rainbow Warriors,0.2489,0.14,0.6283,0.3677,0.4636,0.1702,0.3675,0.0603,0.5379,0.5762,0.40175,0.31579
False,41097,103685,Hawaii,Rainbow Warriors,0.2886,0.1683,0.5567,0.3457,0.411,0.192,0.3407,0.1372,0.5377,0.5047,0.32513,0.29985
True,38409,103390,CSUN,Matadors,0.2877,0.1749,0.6239,0.2757,0.4842,0.2963,0.384,0.1165,0.572,0.5515,0.31155,0.34543
False,38409,103390,CSUN,Matadors,0.2665,0.1713,0.6516,0.1694,0.3838,0.1951,0.321,0.1328,0.3645,0.5082,0.50273,0.35109
False,33533,103825,Long Beach St.,Beach,0.2552,0.1429,0.5877,0.269,0.4398,0.198,0.3152,0.1342,0.4669,0.525,0.39883,0.33659
True,33533,103825,Long Beach St.,Beach,0.2337,0.2494,0.6369,0.3327,0.4505,0.2565,0.3306,0.174,0.5892,0.5557,0.23682,0.29555
False,33533,104353,UC Irvine,Anteaters,0.2395,0.1399,0.5645,0.2582,0.3446,0.192,0.3599,0.1935,0.4502,0.4707,0.35622,0.32263
True,33533,104353,UC Irvine,Anteaters,0.2764,0.1845,0.6458,0.3146,0.4193,0.2142,0.3446,0.1561,0.5288,0.554,0.31508,0.37652
True,36046,103390,CSUN,Matadors,0.2875,0.2078,0.6263,0.3201,0.4451,0.3482,0.277,0.0717,0.6683,0.5319,0.26005,0.30726
False,36046,103390,CSUN,Matadors,0.2664,0.1605,0.61,0.2165,0.3885,0.2047,0.3704,0.1325,0.4212,0.5023,0.44624,0.32343
False,41097,104353,UC Irvine,Anteaters,0.2559,0.1523,0.4876,0.293,0.3711,0.22,0.3435,0.1043,0.5129,0.4377,0.38277,0.33412
True,41097,104353,UC Irvine,Anteaters,0.2228,0.2022,0.6053,0.3706,0.4225,0.2322,0.387,0.122,0.6028,0.5349,0.27523,0.33786
False,41097,103390,CSUN,Matadors,0.2469,0.1769,0.613,0.2097,0.4631,0.2097,0.3713,0.0947,0.4193,0.538,0.48593,0.33784
True,41097,103390,CSUN,Matadors,0.2437,0.1613,0.6166,0.281,0.4675,0.2967,0.3936,0.0844,0.5776,0.54,0.33797,0.32271
False,36046,103825,Long Beach St.,Beach,0.2811,0.1497,0.6199,0.2649,0.4125,0.1737,0.3542,0.1229,0.4385,0.5377,0.43855,0.34643
True,36046,103825,Long Beach St.,Beach,0.2394,0.2204,0.6411,0.2849,0.4385,0.2251,0.3674,0.2054,0.51,0.5517,0.2845,0.30455
False,38409,104353,UC Irvine,Anteaters,0.2686,0.1428,0.4804,0.2728,0.3975,0.1984,0.3687,0.1549,0.4712,0.4455,0.37387,0.33736
True,38409,104353,UC Irvine,Anteaters,0.225,0.164,0.6229,0.3199,0.457,0.1975,0.3054,0.1332,0.5174,0.5596,0.34942,0.3555
True,27693,104142,Robert Morris,Colonials,0.2673,0.1313,0.5905,0.3264,0.4108,0.1682,0.3855,0.1627,0.4945,0.5294,0.34273,0.35279
False,27693,104142,Robert Morris,Colonials,0.2258,0.137,0.6257,0.3456,0.4171,0.1653,0.3492,0.119,0.5109,0.5582,0.37016,0.3852
True,27693,104115,Purdue Fort Wayne,Mastodons,0.2545,0.1743,0.6841,0.274,0.4983,0.2407,0.396,0.0802,0.5147,0.5972,0.40508,0.4
False,27693,104115,Purdue Fort Wayne,Mastodons,0.2243,0.1499,0.6789,0.2507,0.459,0.2323,0.4057,0.1236,0.4831,0.5731,0.39336,0.33573
False,27693,104011,Northern Ky.,Norse,0.2505,0.1427,0.6875,0.259,0.3862,0.2041,0.3777,0.164,0.4631,0.5547,0.37298,0.35472
True,27693,104011,Northern Ky.,Norse,0.253,0.1458,0.7291,0.2424,0.4296,0.1923,0.3825,0.1699,0.4347,0.5966,0.3954,0.30651
True,27693,104515,Youngstown St.,Penguins,0.2376,0.1588,0.6091,0.3427,0.4059,0.1621,0.3243,0.1328,0.5048,0.5438,0.36244,0.30693
False,27693,104515,Youngstown St.,Penguins,0.2543,0.1538,0.6619,0.311,0.4057,0.1555,0.3581,0.137,0.4665,0.5765,0.39643,0.35209
False,30629,104011,Northern Ky.,Norse,0.2212,0.1217,0.6566,0.2788,0.3676,0.1797,0.3446,0.1495,0.4586,0.5433,0.39194,0.32143
True,30629,104011,Northern Ky.,Norse,0.2341,0.1751,0.6717,0.2483,0.3588,0.2019,0.347,0.1167,0.4502,0.5314,0.43314,0.3444
True,30629,104142,Robert Morris,Colonials,0.2316,0.1235,0.6524,0.3157,0.4249,0.2212,0.3828,0.1441,0.5369,0.5587,0.31908,0.33862
False,30629,104142,Robert Morris,Colonials,0.2153,0.1625,0.6457,0.3081,0.4063,0.1848,0.368,0.1412,0.4929,0.5559,0.36588,0.36298
False,27693,104032,Oakland,Golden Grizzlies,0.2527,0.1582,0.6925,0.2736,0.4378,0.191,0.3876,0.1079,0.4646,0.5878,0.42747,0.37319
True,27693,104032,Oakland,Golden Grizzlies,0.2056,0.1639,0.6344,0.2728,0.3737,0.2005,0.2714,0.1073,0.4733,0.5239,0.41941,0.3329
True,30629,104032,Oakland,Golden Grizzlies,0.2018,0.1467,0.6636,0.2916,0.4322,0.169,0.3803,0.1247,0.4606,0.5787,0.41471,0.30206
False,30629,104032,Oakland,Golden Grizzlies,0.2489,0.1621,0.627,0.2606,0.4368,0.1799,0.4338,0.1406,0.4405,0.5493,0.41882,0.30494
True,41097,104515,Youngstown St.,Penguins,0.2551,0.156,0.6326,0.3592,0.4664,0.1187,0.3175,0.0335,0.4779,0.5913,0.48856,0.34641
False,41097,104515,Youngstown St.,Penguins,0.2455,0.1545,0.6153,0.382,0.38,0.1621,0.3094,0.1205,0.544,0.5452,0.33549,0.34783
False,30629,104515,Youngstown St.,Penguins,0.2566,0.14,0.6367,0.3204,0.363,0.1589,0.3578,0.1641,0.4793,0.546,0.35658,0.33971
True,30629,104515,Youngstown St.,Penguins,0.2593,0.1322,0.5905,0.3321,0.4431,0.1344,0.3951,0.1508,0.4665,0.548,0.38271,0.34298
True,36046,104142,Robert Morris,Colonials,0.2582,0.1245,0.6464,0.2906,0.3669,0.1853,0.3384,0.1028,0.4759,0.5376,0.42138,0.33621
False,36046,104142,Robert Morris,Colonials,0.227,0.1695,0.6507,0.3469,0.3731,0.1796,0.4017,0.1282,0.5265,0.556,0.34531,0.33851
False,41097,104142,Robert Morris,Colonials,0.2481,0.1698,0.5972,0.3158,0.4127,0.2147,0.3646,0.1043,0.5304,0.5225,0.36522,0.33036
True,41097,104142,Robert Morris,Colonials,0.2714,0.1186,0.6698,0.3172,0.4098,0.1954,0.3684,0.0861,0.5126,0.5707,0.40131,0.37265
False,33533,104142,Robert Morris,Colonials,0.2322,0.157,0.6052,0.296,0.375,0.2272,0.3546,0.154,0.5232,0.5052,0.32277,0.35364
True,33533,104142,Robert Morris,Colonials,0.2432,0.1185,0.6376,0.313,0.4134,0.188,0.3279,0.1297,0.5011,0.5535,0.36922,0.33428
True,33533,104032,Oakland,Golden Grizzlies,0.2039,0.1577,0.6332,0.2579,0.4678,0.2384,0.355,0.1057,0.4963,0.5538,0.39799,0.3081
False,33533,104032,Oakland,Golden Grizzlies,0.2439,0.1463,0.6414,0.2504,0.4814,0.2345,0.4085,0.1206,0.4849,0.564,0.39456,0.36801
False,38409,104032,Oakland,Golden Grizzlies,0.2694,0.1641,0.6004,0.2726,0.433,0.2098,0.3478,0.1039,0.4824,0.5276,0.41365,0.35558
True,38409,104032,Oakland,Golden Grizzlies,0.248,0.1211,0.6344,0.2891,0.4663,0.2114,0.3333,0.0747,0.5005,0.5635,0.4248,0.30502
True,41097,104115,Purdue Fort Wayne,Mastodons,0.2268,0.1674,0.6387,0.3474,0.4218,0.1531,0.4245,0.0552,0.5005,0.5723,0.44427,0.3517
False,41097,104115,Purdue Fort Wayne,Mastodons,0.2341,0.136,0.6579,0.3219,0.4406,0.1507,0.3176,0.0896,0.4726,0.5886,0.43783,0.36462
True,38409,104011,Northern Ky.,Norse,0.2392,0.1825,0.654,0.2436,0.4316,0.2405,0.3534,0.1192,0.4841,0.5435,0.39671,0.3342
False,38409,104011,Northern Ky.,Norse,0.2564,0.1296,0.6645,0.2444,0.4017,0.2503,0.3807,0.1042,0.4947,0.5316,0.40106,0.3628
False,33533,104115,Purdue Fort Wayne,Mastodons,0.2328,0.1534,0.664,0.2572,0.4686,0.2001,0.4043,0.1477,0.4573,0.5785,0.39497,0.30239
True,33533,104115,Purdue Fort Wayne,Mastodons,0.2103,0.1525,0.6667,0.2455,0.4065,0.2104,0.363,0.0766,0.4559,0.5466,0.46747,0.34568
True,33533,104011,Northern Ky.,Norse,0.2408,0.1529,0.5903,0.2799,0.4289,0.1903,0.3247,0.1157,0.4702,0.525,0.41412,0.3422
False,33533,104011,Northern Ky.,Norse,0.2494,0.1288,0.6074,0.286,0.3921,0.182,0.3682,0.1427,0.4679,0.5236,0.38938,0.36222
True,36046,104515,Youngstown St.,Penguins,0.2332,0.182,0.6581,0.3217,0.4232,0.1546,0.3684,0.1013,0.4763,0.5819,0.42248,0.32339
False,36046,104515,Youngstown St.,Penguins,0.2449,0.1612,0.5745,0.3276,0.3412,0.1714,0.3636,0.1343,0.499,0.4944,0.36673,0.33287
True,38409,104115,Purdue Fort Wayne,Mastodons,0.2251,0.1648,0.6632,0.2916,0.4425,0.2,0.3558,0.0532,0.4916,0.5734,0.45524,0.37079
False,38409,104115,Purdue Fort Wayne,Mastodons,0.2403,0.1371,0.6577,0.3158,0.4507,0.1881,0.4333,0.0954,0.504,0.5804,0.40064,0.31878
False,41097,104032,Oakland,Golden Grizzlies,0.269,0.1562,0.6532,0.2865,0.4977,0.2142,0.4393,0.0835,0.5007,0.5867,0.41582,0.33991
True,41097,104032,Oakland,Golden Grizzlies,0.2176,0.2014,0.6023,0.3572,0.4847,0.2499,0.3619,0.0537,0.6071,0.5539,0.33929,0.34789
True,30629,104115,Purdue Fort Wayne,Mastodons,0.2206,0.1513,0.6245,0.2468,0.4635,0.2251,0.4114,0.0837,0.4719,0.5477,0.44439,0.37068
False,30629,104115,Purdue Fort Wayne,Mastodons,0.2368,0.1557,0.6748,0.2435,0.5,0.208,0.3187,0.1471,0.4515,0.5943,0.4014,0.35168
False,36046,104011,Northern Ky.,Norse,0.2579,0.1377,0.6522,0.3039,0.3844,0.1692,0.464,0.1128,0.4731,0.5564,0.41413,0.31166
True,36046,104011,Northern Ky.,Norse,0.237,0.1873,0.6483,0.2997,0.436,0.2382,0.4034,0.123,0.538,0.5543,0.33902,0.3186
True,33533,104515,Youngstown St.,Penguins,0.2332,0.1564,0.6653,0.352,0.4581,0.183,0.3596,0.1092,0.535,0.5944,0.35584,0.36474
False,33533,104515,Youngstown St.,Penguins,0.2345,0.1464,0.6288,0.3327,0.3978,0.1753,0.3616,0.154,0.508,0.5491,0.33801,0.34097
True,38409,104515,Youngstown St.,Penguins,0.2641,0.1787,0.6156,0.3284,0.4212,0.1534,0.3761,0.0577,0.4818,0.5537,0.46055,0.32013
False,38409,104515,Youngstown St.,Penguins,0.2641,0.1585,0.575,0.3388,0.3768,0.2081,0.3471,0.1193,0.5468,0.4995,0.33383,0.33087
True,38409,104142,Robert Morris,Colonials,0.2439,0.1607,0.6511,0.3503,0.352,0.1886,0.2944,0.0948,0.539,0.5464,0.36622,0.34691
False,38409,104142,Robert Morris,Colonials,0.2781,0.169,0.6087,0.3379,0.3766,0.1964,0.3937,0.1082,0.5343,0.5234,0.35749,0.33425
True,41097,104011,Northern Ky.,Norse,0.26,0.2252,0.6507,0.3475,0.4806,0.1594,0.2626,0.0471,0.5069,0.5972,0.44598,0.34152
False,41097,104011,Northern Ky.,Norse,0.2708,0.1413,0.6058,0.3416,0.4709,0.1955,0.2961,0.0752,0.5371,0.5567,0.38762,0.35377
False,36046,104032,Oakland,Golden Grizzlies,0.2434,0.1584,0.5983,0.2644,0.4487,0.206,0.3992,0.1209,0.4703,0.5327,0.40874,0.33858
True,36046,104032,Oakland,Golden Grizzlies,0.2233,0.1261,0.6367,0.2567,0.4431,0.2313,0.3364,0.0988,0.488,0.5449,0.4132,0.35531
True,36046,104115,Purdue Fort Wayne,Mastodons,0.2381,0.1764,0.643,0.3416,0.4209,0.1842,0.3448,0.052,0.5258,0.5652,0.42223,0.36093
False,36046,104115,Purdue Fort Wayne,Mastodons,0.2287,0.134,0.6563,0.3077,0.4086,0.213,0.37,0.1091,0.5207,0.5549,0.37019,0.31818
False,27693,103786,Lafayette,Leopards,0.2451,0.1467,0.7103,0.1957,0.4475,0.3468,0.3675,0.1579,0.5425,0.5423,0.2996,0.33333
False,27693,103805,Lehigh,Mountain Hawks,0.2222,0.1699,0.6667,0.2667,0.4556,0.2353,0.3652,0.1503,0.502,0.5677,0.34771,0.36842
True,27693,103805,Lehigh,Mountain Hawks,0.2472,0.1402,0.607,0.2891,0.4,0.2652,0.3268,0.1932,0.5543,0.508,0.25253,0.325
False,30629,103834,Loyola Maryland,Greyhounds,0.2225,0.155,0.6221,0.2933,0.405,0.1999,0.3846,0.1295,0.4932,0.5341,0.37733,0.33993
True,30629,103834,Loyola Maryland,Greyhounds,0.2342,0.1242,0.6792,0.2842,0.4187,0.1966,0.3289,0.135,0.4808,0.5727,0.38425,0.31895
False,30629,103786,Lafayette,Leopards,0.2074,0.1276,0.6314,0.3001,0.4082,0.207,0.4097,0.1288,0.5071,0.5403,0.36415,0.37072
True,30629,103786,Lafayette,Leopards,0.2175,0.1376,0.6759,0.268,0.3857,0.16,0.3467,0.1137,0.428,0.5674,0.45829,0.32793
False,38409,103805,Lehigh,Mountain Hawks,0.2519,0.1217,0.6667,0.2349,0.4376,0.2744,0.4185,0.1317,0.5093,0.5433,0.35905,0.31341
True,38409,103805,Lehigh,Mountain Hawks,0.2438,0.1549,0.6055,0.2396,0.4575,0.2586,0.3816,0.1231,0.4982,0.5286,0.37872,0.37049
True,33533,103972,Navy,Midshipmen,0.2474,0.1277,0.6238,0.3403,0.3784,0.187,0.3282,0.1095,0.5272,0.5367,0.36328,0.37094
False,30629,103698,Holy Cross,Crusaders,0.2433,0.1414,0.6467,0.345,0.4208,0.2166,0.3177,0.1136,0.5615,0.5595,0.32485,0.36248
True,30629,103698,Holy Cross,Crusaders,0.2518,0.1469,0.5714,0.3147,0.3505,0.2121,0.3344,0.1741,0.5268,0.4825,0.29914,0.34489
True,36046,103972,Navy,Midshipmen,0.279,0.1384,0.5683,0.3239,0.3295,0.1929,0.321,0.1498,0.5169,0.4791,0.33333,0.30017
False,36046,103972,Navy,Midshipmen,0.2835,0.1314,0.6234,0.2783,0.4488,0.2,0.3115,0.1102,0.4783,0.5504,0.41145,0.32357
True,36046,103305,Army West Point,Black Knights,0.2521,0.1262,0.5877,0.2707,0.3742,0.1866,0.3438,0.0916,0.4574,0.5006,0.45106,0.3198
False,36046,103305,Army West Point,Black Knights,0.2382,0.1279,0.6539,0.2903,0.3743,0.1998,0.3093,0.1133,0.4901,0.5399,0.39661,0.32548
False,38409,103834,Loyola Maryland,Greyhounds,0.2418,0.1508,0.6364,0.3217,0.4522,0.2041,0.3589,0.1198,0.5258,0.5649,0.35436,0.34466
True,30629,103972,Navy,Midshipmen,0.2495,0.1112,0.6155,0.3019,0.401,0.2282,0.3201,0.1551,0.5301,0.5232,0.31473,0.32624
True,33533,103805,Lehigh,Mountain Hawks,0.244,0.1757,0.6551,0.2544,0.4032,0.2585,0.358,0.1431,0.513,0.5281,0.34393,0.35103
False,36046,103786,Lafayette,Leopards,0.2263,0.139,0.5629,0.2515,0.4282,0.2165,0.3496,0.1477,0.4681,0.5006,0.38423,0.34249
True,36046,103786,Lafayette,Leopards,0.2489,0.1016,0.6362,0.2578,0.3601,0.2117,0.3305,0.1311,0.4696,0.5117,0.39934,0.31181
False,36046,103834,Loyola Maryland,Greyhounds,0.2566,0.1485,0.6418,0.3081,0.4545,0.1972,0.3661,0.1255,0.5053,0.5687,0.36919,0.35812
True,38409,103698,Holy Cross,Crusaders,0.2102,0.1112,0.6309,0.2115,0.452,0.2364,0.4033,0.1346,0.448,0.5365,0.4175,0.38727
False,38409,103698,Holy Cross,Crusaders,0.2093,0.1139,0.6288,0.3144,0.4755,0.2035,0.3704,0.0994,0.5179,0.5685,0.38275,0.33242
False,33533,103834,Loyola Maryland,Greyhounds,0.2473,0.1555,0.6534,0.3446,0.4144,0.1503,0.4149,0.1377,0.4949,0.5808,0.36743,0.36703
True,33533,103834,Loyola Maryland,Greyhounds,0.2341,0.1352,0.6126,0.3318,0.4103,0.1325,0.3905,0.1552,0.4643,0.5549,0.38052,0.35417
True,41097,103786,Lafayette,Leopards,0.2466,0.1323,0.6342,0.3018,0.3865,0.2181,0.2973,0.0805,0.5198,0.5303,0.39967,0.32109
True,36046,103698,Holy Cross,Crusaders,0.2497,0.1034,0.6166,0.2725,0.4286,0.2186,0.332,0.1298,0.4911,0.5329,0.37911,0.35369
False,36046,103698,Holy Cross,Crusaders,0.2192,0.135,0.6481,0.2898,0.3964,0.2034,0.3333,0.1124,0.4932,0.5443,0.39438,0.38259
True,41097,103698,Holy Cross,Crusaders,0.2408,0.1204,0.6186,0.2125,0.4612,0.2755,0.4167,0.138,0.488,0.5297,0.37404,0.32064
False,41097,103698,Holy Cross,Crusaders,0.2394,0.1312,0.6434,0.2943,0.5415,0.2162,0.3929,0.1034,0.5105,0.6002,0.38608,0.3306
True,30629,103305,Army West Point,Black Knights,0.2142,0.207,0.624,0.3442,0.3571,0.1903,0.3676,0.1109,0.5345,0.529,0.35454,0.32055
False,41097,103305,Army West Point,Black Knights,0.236,0.1538,0.6636,0.2994,0.4891,0.1776,0.3418,0.1085,0.477,0.5986,0.4145,0.34846
True,38409,103786,Lafayette,Leopards,0.2371,0.1191,0.626,0.2783,0.4294,0.1947,0.3304,0.1208,0.473,0.545,0.40615,0.3413
False,38409,103786,Lafayette,Leopards,0.2486,0.1374,0.6103,0.2785,0.3966,0.2149,0.3568,0.1276,0.4934,0.5172,0.37904,0.35335
False,30629,103805,Lehigh,Mountain Hawks,0.2204,0.1362,0.5821,0.3239,0.4235,0.2686,0.3204,0.1496,0.5924,0.5102,0.25803,0.3551
True,33533,103786,Lafayette,Leopards,0.241,0.0838,0.6331,0.2536,0.3507,0.1531,0.322,0.109,0.4067,0.5268,0.48432,0.32711
False,41097,103834,Loyola Maryland,Greyhounds,0.2366,0.1594,0.6537,0.3252,0.4937,0.1671,0.4241,0.1185,0.4923,0.5994,0.38921,0.32337
True,33533,103698,Holy Cross,Crusaders,0.2352,0.1454,0.5917,0.2841,0.4253,0.2084,0.3324,0.1858,0.4925,0.5213,0.3217,0.36561
True,41097,103972,Navy,Midshipmen,0.2223,0.1381,0.6445,0.354,0.4329,0.1757,0.3715,0.1355,0.5297,0.5743,0.33476,0.3584
False,41097,103972,Navy,Midshipmen,0.2941,0.1237,0.6479,0.2427,0.4053,0.1771,0.3468,0.1164,0.4198,0.5456,0.46384,0.29718
True,33533,103305,Army West Point,Black Knights,0.2396,0.1379,0.6689,0.3243,0.4327,0.2245,0.4322,0.0637,0.5488,0.5723,0.38748,0.35097
False,33533,103305,Army West Point,Black Knights,0.2401,0.1303,0.6779,0.2635,0.4143,0.22,0.3715,0.1325,0.4835,0.558,0.38397,0.33151
False,38409,103972,Navy,Midshipmen,0.2702,0.1433,0.6615,0.274,0.3838,0.1961,0.4053,0.1203,0.4701,0.5457,0.40964,0.34541
True,38409,103305,Army West Point,Black Knights,0.2287,0.1539,0.6373,0.3173,0.4,0.1787,0.3585,0.0779,0.4961,0.5518,0.42605,0.31724
False,38409,103305,Army West Point,Black Knights,0.2274,0.143,0.6392,0.3182,0.4341,0.1566,0.4123,0.1062,0.4748,0.5716,0.41893,0.34135
True,36046,103805,Lehigh,Mountain Hawks,0.2364,0.1667,0.5959,0.2819,0.457,0.2528,0.3902,0.0869,0.5347,0.5302,0.37838,0.32213
False,36046,103805,Lehigh,Mountain Hawks,0.2422,0.1348,0.6432,0.2489,0.4329,0.2457,0.3412,0.1356,0.4947,0.5387,0.36968,0.34532
False,33533,103805,Lehigh,Mountain Hawks,0.225,0.1239,0.6125,0.27,0.3923,0.248,0.4304,0.1333,0.518,0.5071,0.34871,0.32258
True,30629,103805,Lehigh,Mountain Hawks,0.25,0.1191,0.5795,0.2789,0.4232,0.2228,0.3865,0.1162,0.5017,0.5101,0.38215,0.38179
False,33533,103786,Lafayette,Leopards,0.2262,0.1481,0.6369,0.2579,0.4113,0.2317,0.3855,0.098,0.4896,0.5302,0.41238,0.3413
False,41097,103805,Lehigh,Mountain Hawks,0.2505,0.1424,0.5769,0.2888,0.4712,0.2573,0.4035,0.136,0.5461,0.5271,0.3179,0.32583
False,30629,103305,Army West Point,Black Knights,0.2445,0.1368,0.6229,0.3161,0.3944,0.1532,0.3248,0.1262,0.4693,0.5483,0.40453,0.35467
True,27693,103786,Lafayette,Leopards,0.259,0.1534,0.7519,0.1697,0.4121,0.2395,0.3725,0.2013,0.4092,0.5531,0.38947,0.35473
False,33533,103972,Navy,Midshipmen,0.2374,0.13,0.6503,0.2904,0.39,0.2025,0.2956,0.1205,0.4929,0.5434,0.38658,0.34101
True,41097,103305,Army West Point,Black Knights,0.2782,0.139,0.6089,0.2534,0.4521,0.1548,0.2478,0.0577,0.4083,0.5494,0.53398,0.3244
True,41097,103805,Lehigh,Mountain Hawks,0.2336,0.146,0.659,0.243,0.4811,0.2283,0.3773,0.1388,0.4713,0.5728,0.38993,0.35593
False,27693,103972,Navy,Midshipmen,0.2896,0.17,0.6017,0.3242,0.4776,0.1841,0.3846,0.1071,0.5082,0.5568,0.38462,0.34286
True,38409,103972,Navy,Midshipmen,0.2492,0.1338,0.5798,0.3007,0.3836,0.1976,0.3633,0.1294,0.4982,0.502,0.37241,0.33786
False,27693,103698,Holy Cross,Crusaders,0.2294,0.1873,0.5879,0.4261,0.4156,0.1649,0.3836,0.0782,0.591,0.5399,0.33084,0.35599
True,36046,103834,Loyola Maryland,Greyhounds,0.248,0.1084,0.5679,0.3209,0.3679,0.18,0.3452,0.1115,0.5008,0.496,0.38766,0.33577
True,38409,103834,Loyola Maryland,Greyhounds,0.2325,0.1162,0.5975,0.3603,0.4132,0.1782,0.2735,0.0658,0.5385,0.5365,0.39573,0.32528
False,41097,103786,Lafayette,Leopards,0.2622,0.1474,0.6686,0.2827,0.431,0.2224,0.3596,0.1093,0.5051,0.564,0.38557,0.35615
False,30629,103972,Navy,Midshipmen,0.2617,0.1293,0.6093,0.2716,0.3684,0.2164,0.2765,0.1301,0.488,0.5025,0.38189,0.3281
True,41097,103834,Loyola Maryland,Greyhounds,0.2458,0.1368,0.5896,0.3069,0.4317,0.1656,0.4286,0.0576,0.4725,0.5343,0.46992,0.3337
False,33533,103698,Holy Cross,Crusaders,0.21,0.1384,0.6358,0.325,0.4623,0.2134,0.318,0.1127,0.5384,0.567,0.34891,0.32589
True,27693,103972,Navy,Midshipmen,0.2326,0.1412,0.6043,0.3441,0.5147,0.1683,0.3088,0.1683,0.5124,0.5749,0.31931,0.29457
True,27693,103834,Loyola Maryland,Greyhounds,0.2377,0.1119,0.7069,0.2673,0.4029,0.3203,0.4524,0.0968,0.5876,0.5412,0.31567,0.31387
False,27693,103834,Loyola Maryland,Greyhounds,0.2716,0.1863,0.6316,0.2676,0.3409,0.2066,0.3385,0.1526,0.4742,0.505,0.37324,0.35849
True,27693,103698,Holy Cross,Crusaders,0.2755,0.1385,0.5416,0.3918,0.4221,0.1618,0.4018,0.1176,0.5536,0.5066,0.32878,0.35463
True,27693,103305,Army West Point,Black Knights,0.2179,0.1857,0.6088,0.3695,0.4066,0.1557,0.5333,0.0642,0.5252,0.5489,0.41061,0.33125
False,27693,103305,Army West Point,Black Knights,0.2396,0.1439,0.5824,0.3281,0.4421,0.1658,0.3333,0.0942,0.4939,0.5353,0.41187,0.35805
True,27693,104197,San Diego,Toreros,0.2511,0.1599,0.6878,0.2231,0.4198,0.2869,0.2621,0.1712,0.51,0.537,0.31877,0.3037
False,27693,104104,Portland,Pilots,0.2661,0.1654,0.761,0.2928,0.4811,0.2008,0.3058,0.092,0.4935,0.6471,0.41445,0.37431
False,27693,104201,San Francisco,Dons,0.2182,0.1625,0.645,0.3219,0.3876,0.2524,0.3756,0.1471,0.5743,0.5319,0.27857,0.32708
True,27693,104201,San Francisco,Dons,0.2832,0.1644,0.6277,0.2716,0.3696,0.152,0.4018,0.074,0.4237,0.5351,0.50231,0.34079
True,27693,104090,Pepperdine,Waves,0.264,0.1947,0.7217,0.2147,0.4864,0.229,0.4006,0.2004,0.4437,0.6003,0.35594,0.32692
True,30629,104197,San Diego,Toreros,0.2378,0.1493,0.6215,0.2588,0.4024,0.2309,0.3512,0.2282,0.4897,0.5182,0.28214,0.33531
False,38409,104056,Oregon St.,Beavers,0.2819,0.129,0.5963,0.3265,0.383,0.1529,0.3547,0.1101,0.4794,0.5283,0.41052,0.3461
True,38409,104056,Oregon St.,Beavers,0.2451,0.139,0.6258,0.3614,0.4794,0.148,0.4228,0.1364,0.5094,0.5832,0.35421,0.36307
False,33533,104197,San Diego,Toreros,0.2529,0.1715,0.7022,0.3047,0.4247,0.1606,0.3488,0.1183,0.4653,0.6064,0.41639,0.40819
True,33533,104197,San Diego,Toreros,0.2533,0.1772,0.6147,0.2965,0.422,0.1977,0.4038,0.1382,0.4942,0.5376,0.36769,0.3526
False,41097,104056,Oregon St.,Beavers,0.302,0.1345,0.5833,0.3294,0.4369,0.16,0.3804,0.0953,0.4894,0.5354,0.41533,0.32918
True,41097,104056,Oregon St.,Beavers,0.271,0.1047,0.6096,0.287,0.3602,0.1492,0.3585,0.1212,0.4362,0.5242,0.44254,0.35013
False,41097,104201,San Francisco,Dons,0.2897,0.1328,0.6016,0.315,0.4372,0.2022,0.3534,0.1265,0.5173,0.5373,0.3562,0.33951
True,41097,104201,San Francisco,Dons,0.2595,0.1201,0.6147,0.2836,0.4365,0.1636,0.3352,0.0938,0.4472,0.5495,0.45896,0.34727
True,41097,104090,Pepperdine,Waves,0.2261,0.1638,0.5723,0.333,0.453,0.1519,0.3469,0.1297,0.4849,0.5349,0.38539,0.31731
False,41097,104090,Pepperdine,Waves,0.2677,0.1517,0.6281,0.3716,0.428,0.1372,0.3713,0.0846,0.5089,0.5741,0.40658,0.35866
True,38409,104104,Portland,Pilots,0.2201,0.1408,0.6213,0.2952,0.4044,0.1731,0.342,0.1047,0.4683,0.5411,0.42702,0.34562
True,36046,104090,Pepperdine,Waves,0.2422,0.1527,0.5895,0.3077,0.4194,0.145,0.4126,0.223,0.4527,0.535,0.32432,0.36058
False,36046,104090,Pepperdine,Waves,0.2693,0.1406,0.6276,0.4151,0.4111,0.1551,0.3211,0.1178,0.5703,0.5687,0.31189,0.37955
True,36046,104104,Portland,Pilots,0.2186,0.1553,0.5916,0.3146,0.4257,0.1565,0.3544,0.0836,0.4712,0.5365,0.44527,0.34679
False,36046,104104,Portland,Pilots,0.2592,0.1457,0.6431,0.3112,0.4409,0.1336,0.3247,0.1106,0.4447,0.5823,0.44471,0.38105
False,41097,104197,San Diego,Toreros,0.2334,0.1698,0.6444,0.3454,0.4968,0.1627,0.4629,0.0919,0.5081,0.5971,0.4,0.32021
False,30629,104090,Pepperdine,Waves,0.24,0.1386,0.6662,0.339,0.4385,0.1833,0.3287,0.1106,0.5223,0.5863,0.36713,0.33054
False,33533,104090,Pepperdine,Waves,0.2271,0.1583,0.6206,0.3747,0.3445,0.1647,0.3951,0.122,0.5394,0.5363,0.33852,0.36053
True,33533,104090,Pepperdine,Waves,0.2398,0.1647,0.6639,0.3067,0.429,0.1606,0.3595,0.1715,0.4674,0.5831,0.36114,0.36298
True,36046,104201,San Francisco,Dons,0.271,0.1481,0.6986,0.362,0.4427,0.1238,0.323,0.1106,0.4858,0.6334,0.40362,0.35515
False,36046,104201,San Francisco,Dons,0.2214,0.142,0.5688,0.3247,0.4014,0.1621,0.3849,0.1318,0.4868,0.513,0.38148,0.33382
True,30629,104201,San Francisco,Dons,0.258,0.1591,0.6824,0.2954,0.3616,0.1352,0.3836,0.1158,0.4306,0.5817,0.45359,0.35314
False,30629,104201,San Francisco,Dons,0.248,0.1683,0.5887,0.3258,0.365,0.2102,0.415,0.1608,0.536,0.501,0.30321,0.29116
False,33533,104104,Portland,Pilots,0.3059,0.1503,0.6016,0.3032,0.4553,0.1203,0.3819,0.1408,0.4235,0.56,0.4357,0.37823
True,33533,104104,Portland,Pilots,0.2505,0.1646,0.5977,0.2814,0.4472,0.1339,0.4367,0.1247,0.4154,0.5491,0.45999,0.37515
True,36046,104197,San Diego,Toreros,0.2697,0.1848,0.5918,0.3332,0.3657,0.1977,0.3307,0.1269,0.5308,0.5076,0.34226,0.34417
False,36046,104197,San Diego,Toreros,0.2366,0.186,0.6514,0.3488,0.4032,0.1597,0.3258,0.0917,0.5085,0.5735,0.39979,0.33634
True,33533,104201,San Francisco,Dons,0.267,0.1436,0.6151,0.2618,0.4725,0.1565,0.3825,0.0927,0.4182,0.5617,0.48911,0.36128
False,33533,104201,San Francisco,Dons,0.2504,0.1483,0.6098,0.2957,0.4308,0.2009,0.351,0.1556,0.4967,0.5373,0.34776,0.34074
True,41097,104104,Portland,Pilots,0.2524,0.1294,0.6686,0.3534,0.4514,0.19,0.3555,0.1084,0.5434,0.5926,0.34823,0.30236
False,41097,104104,Portland,Pilots,0.2592,0.1564,0.6174,0.2952,0.4059,0.1469,0.3575,0.0936,0.4421,0.5471,0.46437,0.36117
False,38409,104201,San Francisco,Dons,0.2655,0.16,0.602,0.3596,0.4256,0.17,0.3956,0.1138,0.5296,0.5454,0.3566,0.27943
True,38409,104201,San Francisco,Dons,0.276,0.158,0.6765,0.299,0.3851,0.151,0.4,0.1148,0.4499,0.5787,0.43527,0.33895
True,38409,104090,Pepperdine,Waves,0.2307,0.1791,0.6102,0.338,0.3841,0.1577,0.3731,0.1572,0.4957,0.5383,0.34712,0.34072
False,38409,104090,Pepperdine,Waves,0.2516,0.1424,0.6365,0.3231,0.4515,0.1676,0.3462,0.1207,0.4907,0.5733,0.38858,0.33931
False,38409,104197,San Diego,Toreros,0.2519,0.1769,0.5936,0.3677,0.3949,0.1484,0.4041,0.1038,0.5161,0.5365,0.38011,0.38472
True,30629,104104,Portland,Pilots,0.2316,0.1556,0.6243,0.2603,0.3995,0.1926,0.3875,0.163,0.4529,0.5287,0.38411,0.35013
True,41097,104197,San Diego,Toreros,0.2639,0.157,0.6034,0.2991,0.4626,0.1413,0.3608,0.1282,0.4404,0.5582,0.43137,0.35315
True,38409,104197,San Diego,Toreros,0.3,0.176,0.5916,0.3061,0.3754,0.1691,0.3422,0.1682,0.4752,0.5146,0.35665,0.29346
True,27693,104104,Portland,Pilots,0.2251,0.1714,0.5929,0.2359,0.4158,0.235,0.3029,0.1474,0.4709,0.5045,0.38163,0.33775
False,30629,104197,San Diego,Toreros,0.2417,0.1444,0.6659,0.2469,0.4628,0.2277,0.3121,0.2485,0.4746,0.5685,0.2769,0.32544
False,38409,104104,Portland,Pilots,0.2508,0.1604,0.6203,0.3182,0.4108,0.1512,0.3992,0.117,0.4694,0.5528,0.41358,0.37602
False,30629,104104,Portland,Pilots,0.2919,0.1561,0.6138,0.2687,0.3407,0.1711,0.383,0.1559,0.4398,0.5075,0.40427,0.33763
True,30629,104090,Pepperdine,Waves,0.2519,0.1739,0.5938,0.2173,0.4112,0.1745,0.381,0.2561,0.3918,0.5125,0.35209,0.34018
False,27693,104090,Pepperdine,Waves,0.2665,0.1385,0.6546,0.2562,0.4715,0.2494,0.3927,0.1182,0.5056,0.5643,0.37624,0.28125
False,27693,104197,San Diego,Toreros,0.2282,0.1931,0.6617,0.2445,0.4663,0.253,0.3816,0.1849,0.4976,0.5623,0.31752,0.38314
True,41097,103962,N.C. A&T,Aggies,0.2622,0.1601,0.6667,0.3319,0.4032,0.1483,0.3914,0.1956,0.4803,0.5853,0.32416,0.31734
False,41097,103962,N.C. A&T,Aggies,0.2933,0.1764,0.6094,0.3313,0.4377,0.1478,0.3478,0.1411,0.4791,0.5565,0.37981,0.36417
False,33533,103962,N.C. A&T,Aggies,0.217,0.1569,0.6095,0.3335,0.487,0.1466,0.2792,0.1444,0.4801,0.5721,0.37548,0.33382
True,33533,103962,N.C. A&T,Aggies,0.2452,0.212,0.5988,0.2878,0.3456,0.1199,0.3604,0.184,0.4077,0.5244,0.40829,0.33288
True,36046,103962,N.C. A&T,Aggies,0.2286,0.1496,0.5832,0.2536,0.3824,0.1634,0.3302,0.2264,0.417,0.5045,0.35665,0.28743
False,36046,103962,N.C. A&T,Aggies,0.2502,0.1536,0.6743,0.3371,0.4359,0.1616,0.3936,0.1289,0.4987,0.5971,0.37235,0.35188
False,38409,103962,N.C. A&T,Aggies,0.2421,0.1533,0.6337,0.3318,0.4104,0.1574,0.3527,0.1236,0.4892,0.5618,0.38718,0.33113
True,38409,103962,N.C. A&T,Aggies,0.221,0.1603,0.581,0.3376,0.3506,0.1296,0.3333,0.1673,0.4672,0.5171,0.36551,0.30367
False,27693,104390,Utah St.,Aggies,0.2505,0.1323,0.561,0.2375,0.3817,0.2155,0.3285,0.1587,0.4531,0.4757,0.38818,0.34328
True,27693,104390,Utah St.,Aggies,0.2091,0.142,0.6811,0.287,0.4,0.226,0.3758,0.1684,0.513,0.5573,0.31864,0.31915
False,30629,104390,Utah St.,Aggies,0.2497,0.1217,0.638,0.2681,0.3862,0.1983,0.3417,0.1459,0.4664,0.5309,0.38772,0.33965
True,30629,104390,Utah St.,Aggies,0.2457,0.1564,0.6897,0.3313,0.4313,0.1625,0.3869,0.1033,0.4938,0.6046,0.40291,0.34149
False,33533,104390,Utah St.,Aggies,0.2768,0.1321,0.6222,0.2589,0.3532,0.2535,0.3701,0.1499,0.5124,0.4891,0.33771,0.34726
True,33533,104390,Utah St.,Aggies,0.2478,0.1506,0.7067,0.278,0.4223,0.2086,0.3448,0.0881,0.4866,0.5848,0.42532,0.3869
False,36046,104390,Utah St.,Aggies,0.267,0.127,0.6391,0.2918,0.4073,0.2242,0.4453,0.1193,0.5159,0.5384,0.36473,0.29272
True,36046,104390,Utah St.,Aggies,0.2459,0.1678,0.6716,0.3679,0.4637,0.1896,0.4081,0.1095,0.5575,0.6009,0.33301,0.33333
False,38409,104390,Utah St.,Aggies,0.2736,0.1234,0.6043,0.2764,0.4734,0.1821,0.366,0.1045,0.4585,0.5523,0.43696,0.34155
True,38409,104390,Utah St.,Aggies,0.2749,0.1702,0.6548,0.3558,0.4687,0.1701,0.3978,0.0472,0.5259,0.5946,0.4269,0.35672
False,41097,104390,Utah St.,Aggies,0.2671,0.1454,0.5896,0.2696,0.4337,0.2068,0.2996,0.1181,0.4763,0.522,0.40558,0.34398
True,41097,104390,Utah St.,Aggies,0.2811,0.1724,0.7181,0.3241,0.459,0.2147,0.4272,0.049,0.5388,0.6148,0.41218,0.34988
False,38409,103985,New Mexico St.,Aggies,0.2562,0.1641,0.5854,0.2935,0.3665,0.1583,0.3456,0.1223,0.4518,0.5087,0.42592,0.29101
False,36046,103985,New Mexico St.,Aggies,0.2423,0.169,0.6095,0.3024,0.3537,0.1716,0.3032,0.1038,0.4741,0.5169,0.42219,0.34118
True,41097,103985,New Mexico St.,Aggies,0.2963,0.1562,0.5801,0.2956,0.4259,0.1632,0.3923,0.1601,0.4588,0.5253,0.38105,0.32568
False,41097,103985,New Mexico St.,Aggies,0.2536,0.1661,0.6103,0.3088,0.3355,0.172,0.3388,0.1005,0.4808,0.512,0.41868,0.31102
True,36046,103985,New Mexico St.,Aggies,0.2935,0.143,0.5842,0.2574,0.4486,0.1921,0.3554,0.2069,0.4495,0.5263,0.34358,0.32907
True,38409,103985,New Mexico St.,Aggies,0.2819,0.1387,0.6312,0.2675,0.3855,0.1889,0.3156,0.1689,0.4565,0.5295,0.37467,0.32113
False,30629,103962,N.C. A&T,Aggies,0.2295,0.168,0.639,0.2889,0.3529,0.1612,0.3387,0.1383,0.4501,0.5366,0.4116,0.34146
True,30629,103962,N.C. A&T,Aggies,0.2816,0.1656,0.5945,0.3233,0.3952,0.1759,0.3579,0.1575,0.4992,0.5243,0.34334,0.30982
False,27693,103985,New Mexico St.,Aggies,0.2848,0.1548,0.6379,0.2463,0.4071,0.2399,0.42,0.1592,0.4862,0.524,0.35456,0.31737
True,27693,103985,New Mexico St.,Aggies,0.2753,0.1179,0.6491,0.2772,0.3139,0.1333,0.3883,0.1002,0.4105,0.5403,0.4893,0.31412
False,33533,103985,New Mexico St.,Aggies,0.2674,0.1709,0.5884,0.2768,0.4256,0.1424,0.3672,0.1293,0.4193,0.5331,0.45142,0.34466
True,33533,103985,New Mexico St.,Aggies,0.2698,0.1649,0.6638,0.3212,0.3452,0.1971,0.3203,0.1073,0.5182,0.5426,0.37447,0.33895
True,30629,103985,New Mexico St.,Aggies,0.2365,0.141,0.6706,0.3096,0.4505,0.1637,0.3198,0.103,0.4733,0.5945,0.42364,0.33086
False,30629,103985,New Mexico St.,Aggies,0.2799,0.1623,0.5397,0.2616,0.3743,0.1731,0.3919,0.1382,0.4347,0.4738,0.42713,0.30095
False,27693,103962,N.C. A&T,Aggies,0.2566,0.2119,0.6509,0.2939,0.3744,0.1904,0.3082,0.127,0.4843,0.5422,0.3887,0.33333
True,27693,103962,N.C. A&T,Aggies,0.2414,0.2079,0.5843,0.3077,0.3745,0.21,0.3025,0.14,0.5177,0.4992,0.34226,0.32828
True,27693,104320,Texas A&M,Aggies,0.26,0.1612,0.5987,0.3199,0.4453,0.1325,0.3043,0.1429,0.4524,0.5538,0.40476,0.29923
False,27693,104320,Texas A&M,Aggies,0.2625,0.1488,0.6832,0.2732,0.5,0.098,0.3446,0.1543,0.3712,0.6348,0.47445,0.34066
False,38409,104320,Texas A&M,Aggies,0.2976,0.1594,0.5854,0.3047,0.3406,0.1215,0.2877,0.1125,0.4262,0.5156,0.46125,0.33372
True,38409,104320,Texas A&M,Aggies,0.2615,0.1573,0.6107,0.3722,0.296,0.1566,0.3057,0.0941,0.5288,0.5175,0.37707,0.3066
True,33533,104320,Texas A&M,Aggies,0.2776,0.1599,0.5964,0.3784,0.3494,0.1392,0.3308,0.1377,0.5176,0.53,0.34472,0.32583
False,33533,104320,Texas A&M,Aggies,0.3047,0.1486,0.6123,0.2963,0.3214,0.1164,0.288,0.1299,0.4127,0.5302,0.45738,0.32955
True,36046,104320,Texas A&M,Aggies,0.2547,0.1332,0.5842,0.3455,0.2964,0.1684,0.3625,0.1089,0.5139,0.4899,0.37717,0.29344
False,36046,104320,Texas A&M,Aggies,0.2959,0.1508,0.6209,0.2921,0.3978,0.1332,0.3371,0.126,0.4253,0.5511,0.44869,0.3383
True,41097,104320,Texas A&M,Aggies,0.2675,0.1911,0.6046,0.3638,0.4064,0.1305,0.3723,0.0433,0.4942,0.5522,0.46243,0.35892
False,41097,104320,Texas A&M,Aggies,0.2561,0.1836,0.627,0.324,0.4211,0.1356,0.3876,0.1227,0.4596,0.5663,0.4177,0.31777
True,30629,104320,Texas A&M,Aggies,0.2568,0.1884,0.6256,0.3912,0.3353,0.1478,0.3134,0.1175,0.539,0.546,0.34342,0.32439
False,30629,104320,Texas A&M,Aggies,0.2595,0.1675,0.6178,0.3263,0.3333,0.1422,0.2921,0.145,0.4685,0.5314,0.38656,0.31786
True,27693,104352,UC Davis,Aggies,0.2831,0.1527,0.6624,0.2294,0.4524,0.2882,0.3333,0.1735,0.5176,0.5455,0.30882,0.32381
False,27693,104352,UC Davis,Aggies,0.2823,0.1691,0.6571,0.2547,0.4892,0.2401,0.3758,0.1549,0.4948,0.5756,0.35031,0.35015
True,30629,104352,UC Davis,Aggies,0.2758,0.1402,0.6085,0.3104,0.4269,0.1903,0.3525,0.1786,0.5007,0.5395,0.32064,0.33333
False,30629,104352,UC Davis,Aggies,0.2583,0.1432,0.552,0.3033,0.377,0.1832,0.3532,0.1764,0.4865,0.4861,0.33709,0.34298
True,38409,104352,UC Davis,Aggies,0.2675,0.1614,0.561,0.3077,0.3738,0.12,0.3687,0.222,0.4277,0.5085,0.35034,0.3248
False,38409,104352,UC Davis,Aggies,0.2791,0.1519,0.59,0.3618,0.342,0.1308,0.3038,0.1342,0.4926,0.5241,0.37316,0.34901
False,36046,104352,UC Davis,Aggies,0.2791,0.1357,0.6081,0.3028,0.4105,0.1797,0.3614,0.1841,0.4825,0.5345,0.33333,0.31947
True,36046,104352,UC Davis,Aggies,0.2854,0.1822,0.6286,0.271,0.4549,0.1471,0.3804,0.2035,0.4181,0.5675,0.37832,0.33626
True,33533,104352,UC Davis,Aggies,0.2664,0.2114,0.5788,0.3209,0.4424,0.1813,0.4022,0.1516,0.5022,0.5295,0.34615,0.33968
False,33533,104352,UC Davis,Aggies,0.2997,0.1416,0.5839,0.3201,0.4282,0.2019,0.3505,0.1778,0.522,0.5237,0.30021,0.36673
True,41097,104352,UC Davis,Aggies,0.2645,0.1742,0.6212,0.2927,0.4579,0.1561,0.3581,0.1203,0.4488,0.5644,0.4309,0.34756
False,41097,104352,UC Davis,Aggies,0.2863,0.1751,0.6315,0.3277,0.4335,0.184,0.3077,0.1037,0.5117,0.5603,0.38457,0.3361
False,36046,103460,Cincinnati,Bearcats,0.2313,0.1413,0.599,0.2845,0.3822,0.2095,0.3265,0.1583,0.4939,0.5071,0.34777,0.33601
True,36046,103460,Cincinnati,Bearcats,0.2213,0.157,0.6123,0.3104,0.4055,0.2061,0.4142,0.116,0.5165,0.5298,0.36753,0.3298
False,38409,103460,Cincinnati,Bearcats,0.2169,0.1385,0.6088,0.295,0.3823,0.2153,0.3776,0.1435,0.5103,0.5133,0.34621,0.33043
True,38409,103460,Cincinnati,Bearcats,0.2173,0.1451,0.6698,0.2972,0.3978,0.1755,0.3831,0.1453,0.4726,0.5689,0.38208,0.32469
True,41097,103460,Cincinnati,Bearcats,0.2352,0.1742,0.6298,0.2494,0.4006,0.1616,0.4007,0.1515,0.4109,0.5397,0.43753,0.33945
False,41097,103460,Cincinnati,Bearcats,0.2365,0.1392,0.6197,0.2477,0.3879,0.2066,0.3688,0.1467,0.4542,0.5143,0.39906,0.3103
True,30629,103351,Binghamton,Bearcats,0.2506,0.1393,0.5976,0.2996,0.4025,0.1909,0.3846,0.1537,0.4905,0.5217,0.35579,0.35382
False,41097,103351,Binghamton,Bearcats,0.2679,0.1516,0.5898,0.3734,0.4549,0.161,0.4015,0.0738,0.5344,0.5492,0.39184,0.35663
True,41097,103351,Binghamton,Bearcats,0.2571,0.1243,0.6062,0.4051,0.3851,0.1873,0.4155,0.0899,0.5924,0.5363,0.31772,0.32669
True,36046,103351,Binghamton,Bearcats,0.2448,0.1495,0.5953,0.4649,0.4279,0.1237,0.3575,0.103,0.5886,0.5601,0.3084,0.30597
True,33533,103351,Binghamton,Bearcats,0.2696,0.1362,0.6155,0.329,0.4063,0.1787,0.409,0.19,0.5077,0.5419,0.30233,0.3227
True,38409,103351,Binghamton,Bearcats,0.2471,0.1153,0.5938,0.4484,0.396,0.1164,0.252,0.0709,0.5648,0.5531,0.36427,0.35918
False,38409,103351,Binghamton,Bearcats,0.2429,0.1506,0.5951,0.3439,0.3829,0.1667,0.3791,0.096,0.5105,0.5258,0.39346,0.30965
True,27693,103351,Binghamton,Bearcats,0.2567,0.1261,0.5993,0.2618,0.4406,0.1376,0.3158,0.1463,0.3994,0.5446,0.45428,0.33051
False,27693,103351,Binghamton,Bearcats,0.2366,0.1439,0.6272,0.3259,0.3801,0.2131,0.3173,0.1003,0.5391,0.5295,0.36066,0.36631
False,30629,103351,Binghamton,Bearcats,0.2159,0.1357,0.5851,0.2869,0.4466,0.2119,0.341,0.1292,0.4988,0.5263,0.37202,0.3296
False,36046,103351,Binghamton,Bearcats,0.2522,0.1495,0.5503,0.333,0.4128,0.1665,0.3415,0.1145,0.4994,0.5045,0.38603,0.33719
False,33533,103351,Binghamton,Bearcats,0.2444,0.1517,0.578,0.3516,0.4441,0.1904,0.32,0.112,0.542,0.531,0.34602,0.32848
True,27693,103460,Cincinnati,Bearcats,0.2708,0.209,0.6137,0.3383,0.362,0.165,0.3191,0.1053,0.5034,0.5312,0.39134,0.31107
False,27693,103460,Cincinnati,Bearcats,0.2497,0.1937,0.6324,0.3369,0.3562,0.1792,0.3179,0.1331,0.5162,0.5365,0.35077,0.33553
False,30629,103460,Cincinnati,Bearcats,0.245,0.1433,0.5647,0.3015,0.3869,0.1935,0.3112,0.1982,0.495,0.4952,0.3068,0.31271
True,30629,103460,Cincinnati,Bearcats,0.2608,0.1826,0.5672,0.2515,0.3994,0.1779,0.3844,0.1461,0.4294,0.4977,0.42445,0.31499
True,33533,103460,Cincinnati,Bearcats,0.2301,0.1585,0.651,0.2525,0.4671,0.1868,0.3481,0.1688,0.4393,0.5729,0.39193,0.35123
False,33533,103460,Cincinnati,Bearcats,0.2249,0.1398,0.5968,0.2918,0.4059,0.2208,0.376,0.1751,0.5126,0.5146,0.31232,0.31241
True,30629,103431,Central Ark.,Bears,0.2311,0.2029,0.6333,0.3214,0.413,0.173,0.3841,0.1541,0.4944,0.5562,0.35153,0.30044
False,30629,103431,Central Ark.,Bears,0.1972,0.1696,0.6792,0.353,0.423,0.1829,0.2979,0.0963,0.5359,0.5918,0.36783,0.3454
True,33533,103431,Central Ark.,Bears,0.2269,0.1806,0.5809,0.305,0.3642,0.1686,0.3509,0.1147,0.4736,0.5037,0.41168,0.32274
False,33533,103431,Central Ark.,Bears,0.2015,0.1755,0.6616,0.3357,0.395,0.1844,0.3757,0.0881,0.5201,0.5671,0.39175,0.36281
True,36046,103431,Central Ark.,Bears,0.2462,0.184,0.5869,0.2402,0.3789,0.227,0.3833,0.1527,0.4672,0.4858,0.38015,0.3427
False,36046,103431,Central Ark.,Bears,0.2264,0.1861,0.6047,0.2866,0.4185,0.1904,0.3939,0.1024,0.477,0.5304,0.42059,0.37146
False,38409,103431,Central Ark.,Bears,0.2176,0.1712,0.6603,0.2345,0.4749,0.1677,0.3185,0.0777,0.4023,0.583,0.52004,0.3844
True,38409,103431,Central Ark.,Bears,0.199,0.119,0.6445,0.2566,0.4094,0.1714,0.3556,0.0902,0.4281,0.5504,0.4817,0.29448
True,41097,103431,Central Ark.,Bears,0.235,0.1554,0.6406,0.3144,0.4778,0.1385,0.3162,0.0553,0.453,0.5908,0.49173,0.35
False,41097,103431,Central Ark.,Bears,0.2409,0.1626,0.7071,0.2625,0.4026,0.1558,0.3636,0.0556,0.4183,0.5937,0.52605,0.34231
False,38409,103378,Brown,Bears,0.2138,0.1288,0.6082,0.3155,0.3618,0.1802,0.378,0.1285,0.4957,0.5186,0.37577,0.32897
False,33533,103378,Brown,Bears,0.2462,0.1444,0.6351,0.329,0.3831,0.1999,0.3161,0.1006,0.5289,0.5399,0.37054,0.35026
False,41097,103378,Brown,Bears,0.2278,0.1551,0.6238,0.2886,0.4051,0.1598,0.3797,0.1261,0.4484,0.5459,0.42549,0.32805
False,30629,103378,Brown,Bears,0.2641,0.1558,0.6414,0.2884,0.4316,0.2113,0.328,0.1214,0.4997,0.5527,0.37893,0.33898
True,41097,103378,Brown,Bears,0.2658,0.1587,0.6004,0.3256,0.4631,0.2131,0.3517,0.0911,0.5387,0.5461,0.37021,0.31749
True,38409,103378,Brown,Bears,0.2343,0.1635,0.6293,0.3094,0.4474,0.1885,0.3444,0.0936,0.4978,0.5604,0.40856,0.33536
True,33533,103378,Brown,Bears,0.2349,0.1827,0.6082,0.3147,0.3808,0.167,0.373,0.1188,0.4817,0.5293,0.39949,0.34727
True,30629,103378,Brown,Bears,0.262,0.1726,0.6591,0.2696,0.4429,0.213,0.3382,0.126,0.4827,0.5637,0.39136,0.30171
True,36046,103378,Brown,Bears,0.2472,0.1502,0.5847,0.2662,0.4129,0.1958,0.4206,0.1282,0.462,0.5119,0.40979,0.34094
False,36046,103378,Brown,Bears,0.2615,0.1466,0.6362,0.2922,0.4432,0.2059,0.3581,0.1196,0.4981,0.5564,0.3823,0.32897
True,27693,103431,Central Ark.,Bears,0.2483,0.1816,0.605,0.3156,0.3346,0.183,0.3772,0.1643,0.4986,0.5058,0.33718,0.36325
False,27693,103431,Central Ark.,Bears,0.2374,0.1895,0.6062,0.3392,0.4089,0.1473,0.3553,0.129,0.4866,0.5464,0.38441,0.37138
False,27693,103331,Baylor,Bears,0.2406,0.1552,0.6652,0.2838,0.4018,0.2046,0.2924,0.1687,0.4884,0.5549,0.34287,0.3286
True,27693,103331,Baylor,Bears,0.2504,0.1622,0.6515,0.2906,0.4548,0.1994,0.3782,0.1262,0.4899,0.5714,0.38388,0.41298
True,30629,103331,Baylor,Bears,0.2373,0.1822,0.6974,0.2967,0.4077,0.1613,0.3636,0.1584,0.458,0.5954,0.38358,0.34293
False,30629,103331,Baylor,Bears,0.2464,0.1491,0.6561,0.2828,0.3711,0.1866,0.3511,0.1686,0.4693,0.5428,0.36205,0.30219
True,33533,103331,Baylor,Bears,0.2611,0.1384,0.6599,0.2253,0.4428,0.1742,0.3872,0.1518,0.3996,0.5652,0.44865,0.36788
False,33533,103331,Baylor,Bears,0.2762,0.1582,0.6908,0.2687,0.4761,0.1866,0.3418,0.1661,0.4553,0.6028,0.37855,0.325
False,36046,103331,Baylor,Bears,0.2847,0.145,0.6791,0.2572,0.4311,0.2265,0.3931,0.16,0.4836,0.563,0.35632,0.33616
True,36046,103331,Baylor,Bears,0.247,0.1266,0.7097,0.2979,0.4144,0.2014,0.3319,0.1144,0.4993,0.5906,0.38631,0.38939
False,38409,103331,Baylor,Bears,0.254,0.1479,0.6897,0.2394,0.4159,0.2147,0.2962,0.1342,0.4541,0.5602,0.41176,0.35464
True,38409,103331,Baylor,Bears,0.2488,0.1449,0.6598,0.2725,0.4094,0.2414,0.3209,0.088,0.5139,0.5421,0.39812,0.34752
True,41097,103331,Baylor,Bears,0.2374,0.1603,0.6949,0.3186,0.4394,0.1906,0.3828,0.1006,0.5091,0.5992,0.39028,0.33909
False,41097,103331,Baylor,Bears,0.2594,0.1661,0.6567,0.2923,0.4383,0.2201,0.3534,0.1372,0.5124,0.5629,0.35046,0.34578
False,41097,103930,Missouri St.,Bears,0.2797,0.1502,0.7257,0.2404,0.4347,0.2425,0.3323,0.1656,0.4829,0.5796,0.35151,0.33826
True,41097,103930,Missouri St.,Bears,0.2633,0.1276,0.7039,0.255,0.4326,0.238,0.3368,0.0983,0.493,0.5729,0.40869,0.32911
False,27693,103930,Missouri St.,Bears,0.2475,0.1473,0.6883,0.2285,0.3742,0.2299,0.2717,0.1869,0.4584,0.5308,0.35472,0.32604
True,27693,103930,Missouri St.,Bears,0.2283,0.1522,0.6995,0.2898,0.481,0.217,0.3404,0.1059,0.5068,0.6059,0.38739,0.34884
False,30629,103930,Missouri St.,Bears,0.2532,0.1408,0.6865,0.2195,0.3848,0.218,0.3278,0.1808,0.4375,0.5362,0.38172,0.33158
True,30629,103930,Missouri St.,Bears,0.2291,0.1473,0.7029,0.2414,0.4894,0.2136,0.3963,0.1631,0.4551,0.6027,0.38182,0.37434
False,33533,103930,Missouri St.,Bears,0.2243,0.1339,0.6545,0.2569,0.373,0.2175,0.359,0.1376,0.4744,0.5254,0.38801,0.32424
True,33533,103930,Missouri St.,Bears,0.2482,0.1298,0.6842,0.2995,0.3528,0.1836,0.26,0.0845,0.4831,0.5583,0.43243,0.33073
True,36046,103930,Missouri St.,Bears,0.2245,0.1521,0.6942,0.2879,0.3741,0.2242,0.3333,0.1196,0.5122,0.5541,0.3682,0.31364
False,36046,103930,Missouri St.,Bears,0.2441,0.1439,0.6696,0.2167,0.3831,0.24,0.324,0.1553,0.4567,0.5191,0.388,0.33042
True,38409,103930,Missouri St.,Bears,0.2781,0.1114,0.6615,0.2605,0.3969,0.2628,0.3598,0.1089,0.5233,0.5286,0.36772,0.35737
False,38409,103930,Missouri St.,Bears,0.2527,0.1258,0.74,0.2497,0.4158,0.2385,0.3869,0.1175,0.4882,0.5816,0.39433,0.3503
True,27693,103949,Morgan St.,Bears,0.3048,0.1935,0.6018,0.2604,0.3131,0.2281,0.3774,0.1221,0.4885,0.467,0.3894,0.40237
False,27693,103949,Morgan St.,Bears,0.2773,0.1889,0.6168,0.261,0.4533,0.1829,0.3148,0.1317,0.4439,0.5495,0.42439,0.29885
False,30629,103949,Morgan St.,Bears,0.2328,0.1874,0.6069,0.2653,0.3739,0.1764,0.4217,0.1273,0.4417,0.5139,0.43098,0.37011
True,30629,103949,Morgan St.,Bears,0.2768,0.1912,0.5556,0.3133,0.3373,0.2262,0.381,0.1687,0.5395,0.464,0.29183,0.23853
False,33533,103949,Morgan St.,Bears,0.2263,0.211,0.6902,0.3199,0.417,0.2188,0.2975,0.1187,0.5388,0.5792,0.34249,0.30659
True,33533,103949,Morgan St.,Bears,0.3126,0.1901,0.5973,0.27,0.343,0.223,0.2982,0.2101,0.4931,0.4822,0.29677,0.35093
False,36046,103949,Morgan St.,Bears,0.222,0.17,0.6649,0.3682,0.3617,0.1871,0.3964,0.1104,0.5552,0.5627,0.33433,0.37798
True,36046,103949,Morgan St.,Bears,0.284,0.1754,0.6156,0.3046,0.3983,0.2391,0.2967,0.1806,0.5437,0.5201,0.27579,0.29137
False,38409,103949,Morgan St.,Bears,0.2464,0.2006,0.6889,0.291,0.3799,0.2279,0.2903,0.1388,0.5189,0.5532,0.34229,0.35756
True,38409,103949,Morgan St.,Bears,0.2563,0.2117,0.6853,0.3149,0.4087,0.2535,0.3892,0.2133,0.5684,0.5619,0.21831,0.34101
False,41097,103949,Morgan St.,Bears,0.277,0.1933,0.6763,0.3428,0.3557,0.1993,0.4076,0.1383,0.5421,0.5584,0.31958,0.31455
True,41097,103949,Morgan St.,Bears,0.3061,0.2034,0.6242,0.2798,0.3754,0.1792,0.3477,0.1837,0.459,0.5271,0.35726,0.3307
False,27693,103892,Mercer,Bears,0.2142,0.1688,0.6512,0.3277,0.3442,0.1618,0.3519,0.1266,0.4894,0.5497,0.38394,0.3145
True,27693,103892,Mercer,Bears,0.2204,0.1639,0.6744,0.3319,0.3798,0.1532,0.3962,0.1259,0.4852,0.5814,0.38895,0.37099
True,30629,103892,Mercer,Bears,0.2328,0.1263,0.646,0.2855,0.4345,0.1601,0.4132,0.1336,0.4456,0.57,0.42076,0.35171
False,30629,103892,Mercer,Bears,0.2291,0.1731,0.6528,0.3081,0.4212,0.1655,0.2885,0.1107,0.4737,0.5719,0.41565,0.34571
False,33533,103892,Mercer,Bears,0.2399,0.135,0.631,0.2803,0.3804,0.2442,0.3577,0.1368,0.5245,0.5143,0.33871,0.33005
True,33533,103892,Mercer,Bears,0.2763,0.1227,0.645,0.2615,0.4386,0.2334,0.3934,0.1942,0.495,0.5477,0.31088,0.33447
False,36046,103892,Mercer,Bears,0.2292,0.1774,0.5751,0.3788,0.4222,0.1478,0.3892,0.1111,0.5265,0.5322,0.36234,0.33686
True,36046,103892,Mercer,Bears,0.2887,0.1337,0.617,0.2942,0.4286,0.2106,0.3774,0.1851,0.5048,0.5384,0.31005,0.34539
True,38409,103892,Mercer,Bears,0.2304,0.1997,0.5919,0.3374,0.4052,0.1647,0.4089,0.0961,0.5021,0.5306,0.4018,0.32155
False,38409,103892,Mercer,Bears,0.2199,0.1562,0.5845,0.2906,0.4038,0.1532,0.3211,0.107,0.4438,0.5221,0.44919,0.33989
False,41097,103892,Mercer,Bears,0.2717,0.1629,0.5982,0.3306,0.3356,0.1454,0.4,0.1082,0.4761,0.518,0.4157,0.34019
True,41097,103892,Mercer,Bears,0.2222,0.1871,0.6408,0.3322,0.4514,0.1456,0.3636,0.1168,0.4778,0.5831,0.40546,0.34913
False,27693,104009,Northern Colo.,Bears,0.2476,0.1347,0.5531,0.3378,0.4854,0.2577,0.39,0.1668,0.5955,0.5238,0.2377,0.29474
True,27693,104009,Northern Colo.,Bears,0.2649,0.1416,0.5518,0.3043,0.5,0.191,0.3218,0.0742,0.4953,0.5318,0.43052,0.38218
False,33533,104009,Northern Colo.,Bears,0.2518,0.1354,0.6949,0.2882,0.4494,0.257,0.3957,0.1223,0.5453,0.5792,0.33247,0.3302
True,33533,104009,Northern Colo.,Bears,0.2719,0.1503,0.6313,0.2914,0.4233,0.2333,0.2963,0.0733,0.5247,0.5388,0.40206,0.35762
False,41097,104009,Northern Colo.,Bears,0.22,0.1404,0.5839,0.3753,0.4581,0.1739,0.4093,0.1005,0.5492,0.5441,0.35034,0.30163
True,41097,104009,Northern Colo.,Bears,0.2568,0.1185,0.6501,0.358,0.4862,0.1648,0.4583,0.0487,0.5228,0.5984,0.4285,0.36213
True,36046,104009,Northern Colo.,Bears,0.2345,0.1536,0.6824,0.3295,0.4709,0.1978,0.3738,0.1072,0.5273,0.603,0.36555,0.34795
False,36046,104009,Northern Colo.,Bears,0.2302,0.1401,0.6605,0.2673,0.4066,0.1953,0.3871,0.1376,0.4625,0.5533,0.3999,0.35142
True,38409,104009,Northern Colo.,Bears,0.2556,0.1835,0.6812,0.3294,0.5046,0.2159,0.3931,0.0718,0.5453,0.6113,0.38286,0.38034
False,38409,104009,Northern Colo.,Bears,0.238,0.1385,0.6246,0.2982,0.4387,0.2415,0.3609,0.1155,0.5397,0.5414,0.34488,0.34789
True,30629,104009,Northern Colo.,Bears,0.2513,0.1623,0.6605,0.3174,0.4173,0.1368,0.3567,0.0842,0.4542,0.5872,0.46161,0.38273
False,30629,104009,Northern Colo.,Bears,0.2501,0.147,0.5848,0.3513,0.4324,0.1942,0.3837,0.1149,0.5455,0.5305,0.33959,0.3674
True,38409,104000,North Dakota St.,Bison,0.2262,0.0886,0.6875,0.2541,0.4581,0.1698,0.3093,0.0531,0.4239,0.5956,0.523,0.39791
False,36046,104000,North Dakota St.,Bison,0.2372,0.1392,0.6486,0.2609,0.426,0.2619,0.4205,0.1383,0.5228,0.5371,0.33892,0.35858
True,30629,104000,North Dakota St.,Bison,0.23,0.126,0.6551,0.2918,0.4374,0.2252,0.3495,0.1097,0.517,0.5602,0.37327,0.35806
False,30629,104000,North Dakota St.,Bison,0.2599,0.13,0.5638,0.2959,0.4041,0.2408,0.3732,0.137,0.5367,0.4921,0.32622,0.31963
True,33533,104000,North Dakota St.,Bison,0.2272,0.1216,0.6798,0.2526,0.4773,0.2201,0.342,0.1413,0.4727,0.5856,0.38603,0.33605
False,33533,104000,North Dakota St.,Bison,0.2464,0.129,0.589,0.2802,0.4619,0.2288,0.367,0.1331,0.509,0.5318,0.35793,0.33844
False,41097,104000,North Dakota St.,Bison,0.2333,0.1284,0.645,0.2717,0.4139,0.1965,0.3967,0.0929,0.4682,0.548,0.43889,0.33832
True,41097,104000,North Dakota St.,Bison,0.2161,0.1627,0.6698,0.2989,0.4183,0.2081,0.3861,0.0736,0.507,0.5666,0.41946,0.36182
True,27693,104000,North Dakota St.,Bison,0.2426,0.1133,0.6045,0.2951,0.4587,0.2354,0.3,0.1073,0.5305,0.5398,0.36217,0.34074
False,27693,104000,North Dakota St.,Bison,0.2528,0.131,0.5925,0.2596,0.4398,0.2479,0.4041,0.1252,0.5075,0.5179,0.36729,0.33746
False,38409,104000,North Dakota St.,Bison,0.2555,0.1294,0.632,0.2969,0.3922,0.1806,0.3864,0.1335,0.4775,0.5413,0.38897,0.342
True,36046,104000,North Dakota St.,Bison,0.2177,0.1068,0.646,0.2819,0.4417,0.2197,0.4413,0.1347,0.5016,0.5565,0.36369,0.37781
False,27693,103706,Howard,Bison,0.2504,0.2,0.8,0.2709,0.3429,0.1724,0.32,0.1232,0.4433,0.6222,0.4335,0.375
True,27693,103706,Howard,Bison,0.2597,0.1557,0.8421,0.2123,0.2778,0.2011,0.4286,0.1564,0.4134,0.5676,0.43017,0.31169
False,30629,103706,Howard,Bison,0.2479,0.2001,0.6099,0.3405,0.379,0.1893,0.3429,0.1603,0.5298,0.5274,0.30992,0.34236
True,30629,103706,Howard,Bison,0.2473,0.2196,0.6336,0.3326,0.3514,0.1326,0.3368,0.1384,0.4652,0.5532,0.39642,0.35805
True,33533,103706,Howard,Bison,0.2401,0.1863,0.6377,0.3536,0.3799,0.1771,0.2873,0.0974,0.5307,0.5517,0.37191,0.37482
False,33533,103706,Howard,Bison,0.2481,0.2043,0.6216,0.3179,0.4139,0.1622,0.3379,0.1574,0.4801,0.5515,0.36251,0.3437
True,36046,103706,Howard,Bison,0.2732,0.1475,0.5931,0.3449,0.3763,0.1561,0.335,0.1088,0.5011,0.5255,0.3901,0.37238
False,36046,103706,Howard,Bison,0.2737,0.1753,0.6262,0.338,0.4077,0.1888,0.3251,0.1472,0.5268,0.5479,0.32605,0.33493
True,38409,103706,Howard,Bison,0.2714,0.1771,0.6337,0.3195,0.4042,0.1562,0.4026,0.1257,0.4758,0.5584,0.39848,0.37295
False,38409,103706,Howard,Bison,0.2647,0.174,0.6353,0.3225,0.3925,0.1945,0.4109,0.1438,0.517,0.544,0.33926,0.33898
True,41097,103706,Howard,Bison,0.2779,0.2088,0.588,0.3752,0.4388,0.1676,0.37,0.1136,0.5428,0.5419,0.34367,0.35517
False,41097,103706,Howard,Bison,0.2879,0.1689,0.6553,0.3182,0.3477,0.1919,0.3223,0.1412,0.5101,0.5396,0.34868,0.30861
True,27693,103382,Bucknell,Bison,0.2405,0.1931,0.6743,0.28,0.4545,0.2112,0.4177,0.1264,0.4912,0.5798,0.3824,0.32636
False,33533,103382,Bucknell,Bison,0.2191,0.1311,0.6231,0.3113,0.41,0.2096,0.3125,0.1208,0.5209,0.5373,0.3583,0.36143
True,33533,103382,Bucknell,Bison,0.2323,0.1298,0.6183,0.3039,0.4053,0.2042,0.3842,0.1148,0.5082,0.5327,0.37704,0.35897
True,41097,103382,Bucknell,Bison,0.2683,0.1212,0.6233,0.3105,0.4006,0.1682,0.2931,0.0938,0.4787,0.545,0.42749,0.30643
False,41097,103382,Bucknell,Bison,0.2477,0.1509,0.6647,0.2802,0.414,0.1695,0.3988,0.0934,0.4498,0.5702,0.4568,0.36998
False,30629,103382,Bucknell,Bison,0.223,0.1402,0.6523,0.2851,0.43,0.1963,0.3899,0.1359,0.4814,0.5617,0.38273,0.37308
True,30629,103382,Bucknell,Bison,0.2239,0.1306,0.6367,0.2799,0.4229,0.2101,0.3625,0.1341,0.4899,0.545,0.37598,0.37593
True,38409,103382,Bucknell,Bison,0.2577,0.1386,0.692,0.3124,0.4083,0.2092,0.2857,0.0681,0.5216,0.5782,0.41027,0.3531
False,38409,103382,Bucknell,Bison,0.2647,0.1335,0.6576,0.228,0.412,0.2322,0.3411,0.1334,0.4602,0.5337,0.40641,0.34733
False,27693,103382,Bucknell,Bison,0.243,0.1334,0.6161,0.3001,0.3649,0.2105,0.3158,0.1622,0.5107,0.5125,0.32717,0.36957
False,36046,103382,Bucknell,Bison,0.2548,0.1383,0.6563,0.2622,0.4035,0.1895,0.3276,0.1267,0.4517,0.5502,0.42163,0.32383
True,36046,103382,Bucknell,Bison,0.2668,0.0972,0.628,0.287,0.3903,0.1751,0.3121,0.0887,0.4621,0.5379,0.44915,0.33836
False,27693,103549,Duke,Blue Devils,0.2196,0.1671,0.6565,0.3341,0.3443,0.1784,0.3628,0.1652,0.5124,0.5478,0.32237,0.35601
True,27693,103549,Duke,Blue Devils,0.2487,0.1617,0.6787,0.3009,0.3956,0.1521,0.4219,0.1602,0.453,0.5836,0.38675,0.3514
True,33533,103549,Duke,Blue Devils,0.2368,0.1258,0.6449,0.333,0.4047,0.1848,0.3396,0.1293,0.5179,0.5592,0.3528,0.33516
False,33533,103549,Duke,Blue Devils,0.2536,0.1329,0.6041,0.2843,0.3451,0.191,0.3543,0.1684,0.4752,0.5,0.35642,0.30499
False,36046,103549,Duke,Blue Devils,0.2443,0.1299,0.6218,0.2856,0.3537,0.1995,0.4261,0.1679,0.4852,0.5115,0.34696,0.31837
True,36046,103549,Duke,Blue Devils,0.241,0.1426,0.6514,0.3205,0.424,0.2088,0.3842,0.0961,0.5294,0.5617,0.37453,0.37674
False,41097,103549,Duke,Blue Devils,0.2768,0.1216,0.5868,0.2512,0.3773,0.1739,0.3394,0.1245,0.4252,0.5011,0.45034,0.30639
True,41097,103549,Duke,Blue Devils,0.2362,0.1442,0.6803,0.3658,0.4706,0.1547,0.4124,0.0441,0.5205,0.618,0.4354,0.34692
True,38409,103549,Duke,Blue Devils,0.2434,0.153,0.6684,0.3294,0.4589,0.1542,0.4259,0.0708,0.4836,0.6016,0.44561,0.38627
False,38409,103549,Duke,Blue Devils,0.2548,0.1206,0.5759,0.2505,0.3527,0.1959,0.3033,0.1701,0.4464,0.478,0.38347,0.31129
False,30629,103549,Duke,Blue Devils,0.2334,0.1314,0.6154,0.2693,0.3694,0.2364,0.3546,0.1592,0.5057,0.5004,0.33509,0.32121
True,30629,103549,Duke,Blue Devils,0.2029,0.1518,0.7192,0.3203,0.4353,0.1901,0.3578,0.1328,0.5104,0.6135,0.35681,0.36623
False,27693,103434,Central Conn. St.,Blue Devils,0.2276,0.2042,0.6473,0.3421,0.4608,0.1619,0.3462,0.1032,0.504,0.5874,0.39286,0.35152
True,27693,103434,Central Conn. St.,Blue Devils,0.2418,0.1829,0.5836,0.2675,0.413,0.2008,0.4084,0.1553,0.4683,0.5104,0.37642,0.32397
False,41097,103434,Central Conn. St.,Blue Devils,0.2446,0.1386,0.5624,0.3439,0.4097,0.1605,0.4094,0.0953,0.5045,0.5138,0.40022,0.32869
True,41097,103434,Central Conn. St.,Blue Devils,0.2112,0.1185,0.6509,0.311,0.4595,0.1813,0.3593,0.1585,0.4924,0.5805,0.34918,0.36807
True,33533,103434,Central Conn. St.,Blue Devils,0.2161,0.1105,0.6163,0.2684,0.4063,0.222,0.324,0.1531,0.4904,0.5212,0.35646,0.32784
True,30629,103434,Central Conn. St.,Blue Devils,0.2448,0.1187,0.5313,0.2638,0.3576,0.188,0.3309,0.1567,0.4519,0.459,0.39145,0.34207
False,36046,103434,Central Conn. St.,Blue Devils,0.2342,0.1415,0.5641,0.3361,0.3746,0.1918,0.3455,0.1216,0.5279,0.4953,0.35047,0.33912
True,36046,103434,Central Conn. St.,Blue Devils,0.203,0.1654,0.6455,0.3326,0.4383,0.1713,0.3279,0.1374,0.5039,0.5751,0.35873,0.32248
False,38409,103434,Central Conn. St.,Blue Devils,0.2008,0.1227,0.5352,0.3266,0.4291,0.1582,0.4074,0.101,0.4848,0.5006,0.41422,0.30839
True,38409,103434,Central Conn. St.,Blue Devils,0.1713,0.1586,0.6576,0.3404,0.4786,0.1533,0.3727,0.1483,0.4937,0.602,0.35796,0.34557
False,30629,103434,Central Conn. St.,Blue Devils,0.2324,0.1753,0.6407,0.3228,0.4722,0.1772,0.3112,0.1072,0.5,0.581,0.39278,0.34819
False,33533,103434,Central Conn. St.,Blue Devils,0.2108,0.1525,0.6058,0.3012,0.4133,0.2135,0.3961,0.1127,0.5147,0.5259,0.37255,0.3538
False,27693,104037,Ohio,Bobcats,0.2511,0.1661,0.6424,0.3008,0.3884,0.1713,0.3098,0.1302,0.472,0.5502,0.39774,0.34164
True,27693,104037,Ohio,Bobcats,0.2238,0.1403,0.6673,0.3347,0.4808,0.1776,0.3714,0.0956,0.5123,0.6027,0.39208,0.35192
True,30629,104037,Ohio,Bobcats,0.2101,0.1458,0.6425,0.2989,0.3564,0.1782,0.3099,0.0699,0.4771,0.5356,0.45298,0.33587
False,30629,104037,Ohio,Bobcats,0.2654,0.1521,0.6627,0.2633,0.4278,0.1965,0.3987,0.1634,0.4598,0.5623,0.37677,0.31102
False,33533,104037,Ohio,Bobcats,0.2358,0.1442,0.6312,0.3018,0.4183,0.1869,0.361,0.1247,0.4886,0.5498,0.38665,0.34003
True,33533,104037,Ohio,Bobcats,0.2578,0.1742,0.6067,0.334,0.4236,0.1934,0.3424,0.0892,0.5274,0.5395,0.38342,0.37295
True,36046,104037,Ohio,Bobcats,0.2514,0.1771,0.6456,0.3181,0.4011,0.1756,0.326,0.0911,0.4937,0.5586,0.4152,0.35636
False,36046,104037,Ohio,Bobcats,0.2505,0.1349,0.5797,0.3099,0.388,0.2017,0.367,0.1145,0.5116,0.5041,0.37395,0.33427
True,38409,104037,Ohio,Bobcats,0.2471,0.2185,0.6528,0.3264,0.4227,0.189,0.3937,0.0836,0.5154,0.5684,0.40104,0.35807
False,38409,104037,Ohio,Bobcats,0.2595,0.1505,0.6009,0.3426,0.4148,0.2059,0.3544,0.1241,0.5485,0.531,0.3274,0.3712
False,41097,104037,Ohio,Bobcats,0.2773,0.1508,0.6216,0.3066,0.4481,0.2378,0.3538,0.1113,0.5444,0.5458,0.34436,0.3628
True,41097,104037,Ohio,Bobcats,0.2575,0.1621,0.6506,0.2808,0.5221,0.2239,0.3874,0.1159,0.5047,0.5936,0.37944,0.30812
True,27693,104323,Texas St.,Bobcats,0.2623,0.1244,0.6178,0.2807,0.429,0.2278,0.398,0.2234,0.5084,0.5332,0.26819,0.38082
False,27693,104323,Texas St.,Bobcats,0.2511,0.1635,0.6019,0.2543,0.4137,0.1954,0.3175,0.1484,0.4498,0.5201,0.40188,0.34961
True,30629,104323,Texas St.,Bobcats,0.2645,0.147,0.6264,0.2744,0.4111,0.2144,0.4268,0.205,0.4888,0.532,0.30625,0.37347
False,30629,104323,Texas St.,Bobcats,0.2666,0.1557,0.5685,0.2897,0.4257,0.2004,0.3333,0.121,0.4901,0.5101,0.38889,0.33503
True,41097,104323,Texas St.,Bobcats,0.2677,0.1727,0.6204,0.3868,0.4379,0.1658,0.3713,0.1999,0.5525,0.5657,0.24756,0.33042
False,41097,104323,Texas St.,Bobcats,0.2426,0.1594,0.6216,0.3534,0.3784,0.1685,0.2955,0.1002,0.5219,0.5431,0.37792,0.34639
True,38409,104323,Texas St.,Bobcats,0.2711,0.1521,0.6286,0.3184,0.4376,0.2531,0.3392,0.1514,0.5714,0.544,0.27715,0.3668
False,38409,104323,Texas St.,Bobcats,0.2581,0.1612,0.593,0.282,0.3875,0.2454,0.3383,0.1098,0.5273,0.4974,0.36284,0.36145
False,33533,104323,Texas St.,Bobcats,0.2629,0.155,0.6007,0.3257,0.4011,0.2023,0.3426,0.1395,0.5281,0.5242,0.33241,0.3612
True,33533,104323,Texas St.,Bobcats,0.2836,0.134,0.6026,0.3227,0.4545,0.2179,0.3447,0.1981,0.5407,0.5429,0.26121,0.30739
False,36046,104323,Texas St.,Bobcats,0.2625,0.167,0.5868,0.3096,0.4478,0.2206,0.3664,0.1187,0.5302,0.529,0.35107,0.3207
True,36046,104323,Texas St.,Bobcats,0.2608,0.1652,0.6025,0.3214,0.4278,0.2822,0.3289,0.1514,0.6036,0.5208,0.24497,0.32649
True,27693,103941,Montana St.,Bobcats,0.2703,0.1445,0.6594,0.2827,0.4312,0.2519,0.3547,0.1325,0.5347,0.5519,0.33282,0.3287
False,27693,103941,Montana St.,Bobcats,0.2954,0.1254,0.6699,0.2392,0.3932,0.2283,0.3122,0.1463,0.4675,0.5348,0.38622,0.34469
True,41097,103941,Montana St.,Bobcats,0.2358,0.1383,0.644,0.2343,0.4921,0.2019,0.4348,0.11,0.4362,0.5737,0.45377,0.37119
False,41097,103941,Montana St.,Bobcats,0.2452,0.1336,0.5836,0.3332,0.4398,0.2314,0.4222,0.0964,0.5645,0.5247,0.33905,0.33333
False,38409,103941,Montana St.,Bobcats,0.2491,0.136,0.6232,0.3255,0.3931,0.228,0.3603,0.1295,0.5535,0.5284,0.31709,0.29917
True,38409,103941,Montana St.,Bobcats,0.2445,0.1447,0.6421,0.2666,0.4823,0.2001,0.3978,0.1014,0.4667,0.5736,0.43184,0.34091
False,33533,103941,Montana St.,Bobcats,0.3058,0.1491,0.6034,0.2515,0.4295,0.2557,0.3636,0.1459,0.5072,0.5157,0.34695,0.33945
True,33533,103941,Montana St.,Bobcats,0.2737,0.1515,0.6764,0.2916,0.4436,0.2127,0.4028,0.1535,0.5043,0.5782,0.34222,0.33645
False,30629,103941,Montana St.,Bobcats,0.2895,0.1314,0.6128,0.2616,0.4074,0.2336,0.3712,0.1522,0.4952,0.5159,0.35267,0.329
True,30629,103941,Montana St.,Bobcats,0.2654,0.1356,0.6746,0.2787,0.4418,0.2331,0.3901,0.1142,0.5118,0.5686,0.37398,0.36712
False,36046,103941,Montana St.,Bobcats,0.247,0.1487,0.6722,0.302,0.4571,0.233,0.3454,0.1245,0.535,0.5785,0.3405,0.3348
True,36046,103941,Montana St.,Bobcats,0.2664,0.1587,0.6893,0.2416,0.4405,0.1963,0.4232,0.1327,0.4379,0.5778,0.42942,0.36921
True,27693,104120,Quinnipiac,Bobcats,0.2668,0.1495,0.5423,0.3386,0.3768,0.1645,0.2596,0.0827,0.5032,0.4882,0.41415,0.32438
False,27693,104120,Quinnipiac,Bobcats,0.256,0.1881,0.5195,0.301,0.3882,0.1872,0.3436,0.1667,0.4883,0.4692,0.34508,0.3
True,30629,104120,Quinnipiac,Bobcats,0.2456,0.1478,0.5847,0.3,0.4207,0.1896,0.3459,0.0727,0.4896,0.5212,0.4377,0.34457
True,41097,104120,Quinnipiac,Bobcats,0.2374,0.1779,0.5904,0.3533,0.3654,0.1502,0.3077,0.1557,0.5035,0.5233,0.34082,0.34553
True,38409,104120,Quinnipiac,Bobcats,0.2335,0.183,0.586,0.3672,0.3939,0.1303,0.3865,0.1239,0.4975,0.5357,0.37858,0.29596
True,33533,104120,Quinnipiac,Bobcats,0.2394,0.1427,0.5666,0.2951,0.4355,0.2154,0.314,0.1085,0.5105,0.5113,0.38103,0.36176
True,36046,104120,Quinnipiac,Bobcats,0.231,0.1667,0.6243,0.3351,0.3826,0.2039,0.35,0.1149,0.539,0.5329,0.3461,0.35131
False,30629,104120,Quinnipiac,Bobcats,0.2181,0.1485,0.5717,0.2446,0.4541,0.2176,0.3586,0.1641,0.4622,0.5164,0.37365,0.36416
False,33533,104120,Quinnipiac,Bobcats,0.2508,0.1323,0.5974,0.2406,0.4608,0.2102,0.3662,0.1829,0.4508,0.5337,0.36631,0.31646
False,41097,104120,Quinnipiac,Bobcats,0.2383,0.1413,0.5597,0.3466,0.3853,0.1759,0.3433,0.1205,0.5225,0.501,0.35696,0.34058
False,38409,104120,Quinnipiac,Bobcats,0.2275,0.153,0.5246,0.3649,0.4073,0.1371,0.3457,0.1211,0.502,0.4926,0.37687,0.35317
False,36046,104120,Quinnipiac,Bobcats,0.2226,0.146,0.571,0.3057,0.4071,0.1895,0.3405,0.1345,0.4952,0.5083,0.3703,0.33464
True,27693,103369,Bradley,Braves,0.2446,0.1459,0.614,0.259,0.4412,0.2048,0.3846,0.188,0.4639,0.5377,0.34819,0.30796
False,27693,103369,Bradley,Braves,0.1856,0.1324,0.5578,0.2451,0.3421,0.1872,0.3274,0.1392,0.4323,0.4644,0.42857,0.37069
True,30629,103369,Bradley,Braves,0.2539,0.1607,0.618,0.3381,0.3794,0.1619,0.377,0.1051,0.5,0.5408,0.39495,0.34302
False,30629,103369,Bradley,Braves,0.236,0.1333,0.5553,0.3047,0.4019,0.187,0.3053,0.1337,0.4917,0.497,0.37456,0.31122
True,33533,103369,Bradley,Braves,0.2484,0.1415,0.6403,0.2991,0.4777,0.1916,0.3291,0.1192,0.4907,0.5768,0.39015,0.35567
False,33533,103369,Bradley,Braves,0.244,0.1225,0.5556,0.3072,0.3889,0.192,0.3224,0.1141,0.4992,0.4915,0.38667,0.31862
False,36046,103369,Bradley,Braves,0.2319,0.1313,0.5592,0.3284,0.3653,0.1708,0.3391,0.1176,0.4992,0.4928,0.38312,0.3271
True,36046,103369,Bradley,Braves,0.2487,0.1468,0.6679,0.2756,0.4491,0.1671,0.4265,0.1396,0.4427,0.5853,0.41771,0.36647
True,38409,103369,Bradley,Braves,0.2533,0.1402,0.6829,0.2393,0.4785,0.1921,0.4078,0.1372,0.4314,0.5919,0.43142,0.39797
False,38409,103369,Bradley,Braves,0.2594,0.1286,0.5975,0.2643,0.3728,0.2156,0.3184,0.095,0.4799,0.4966,0.42506,0.32036
False,41097,103369,Bradley,Braves,0.2667,0.1341,0.6224,0.2743,0.426,0.2072,0.4072,0.1168,0.4815,0.5379,0.40169,0.36447
True,41097,103369,Bradley,Braves,0.2719,0.1397,0.6195,0.2922,0.3883,0.1938,0.344,0.1072,0.486,0.5273,0.40679,0.35792
True,27693,103278,Alcorn,Braves,0.2919,0.1872,0.5841,0.2309,0.3926,0.1758,0.3506,0.2492,0.4067,0.5013,0.34412,0.27586
False,27693,103278,Alcorn,Braves,0.2587,0.2344,0.708,0.3262,0.475,0.1429,0.4615,0.1393,0.469,0.6371,0.39167,0.37386
True,30629,103278,Alcorn,Braves,0.2573,0.1654,0.6011,0.2607,0.3769,0.2226,0.2943,0.2309,0.4834,0.4978,0.28571,0.30825
False,30629,103278,Alcorn,Braves,0.2555,0.2062,0.6882,0.3044,0.4149,0.1759,0.3698,0.1401,0.4803,0.5881,0.37956,0.33846
True,33533,103278,Alcorn,Braves,0.2855,0.1754,0.6272,0.2654,0.4094,0.2257,0.2881,0.2139,0.4911,0.5271,0.29502,0.29317
True,38409,103278,Alcorn,Braves,0.2571,0.1829,0.6335,0.2721,0.354,0.2276,0.3278,0.2045,0.4997,0.5062,0.29577,0.3181
False,33533,103278,Alcorn,Braves,0.2639,0.1812,0.6976,0.2648,0.4777,0.1835,0.3013,0.1507,0.4483,0.6076,0.40101,0.32233
True,41097,103278,Alcorn,Braves,0.2586,0.1704,0.6078,0.3115,0.3724,0.2113,0.2852,0.1409,0.5228,0.5126,0.33627,0.33388
True,36046,103278,Alcorn,Braves,0.2655,0.1868,0.6037,0.3204,0.3825,0.1977,0.385,0.2161,0.5181,0.5193,0.2658,0.3374
False,38409,103278,Alcorn,Braves,0.2397,0.1918,0.6618,0.3117,0.4254,0.1536,0.3264,0.0825,0.4653,0.5837,0.45215,0.34094
False,36046,103278,Alcorn,Braves,0.2678,0.1931,0.645,0.3053,0.4391,0.1265,0.3447,0.1133,0.4318,0.5847,0.4549,0.37606
False,41097,103278,Alcorn,Braves,0.2257,0.2015,0.6953,0.3832,0.4545,0.1665,0.3478,0.0995,0.5497,0.6224,0.35081,0.32974
True,27693,104454,Western Mich.,Broncos,0.2455,0.1287,0.6835,0.2411,0.369,0.235,0.3842,0.1535,0.4761,0.5282,0.37034,0.33021
False,27693,104454,Western Mich.,Broncos,0.2334,0.1725,0.681,0.2525,0.4198,0.2029,0.3478,0.1603,0.4555,0.5646,0.3842,0.31452
False,30629,104454,Western Mich.,Broncos,0.2209,0.1575,0.666,0.2714,0.4974,0.2128,0.3507,0.1145,0.4843,0.5919,0.40119,0.33018
True,30629,104454,Western Mich.,Broncos,0.2551,0.1451,0.6146,0.2287,0.422,0.2143,0.3743,0.1031,0.443,0.5215,0.45392,0.33249
False,33533,104454,Western Mich.,Broncos,0.2446,0.1313,0.6522,0.2982,0.4424,0.186,0.3529,0.115,0.4842,0.5716,0.40079,0.36146
True,33533,104454,Western Mich.,Broncos,0.2569,0.168,0.6056,0.2549,0.4448,0.194,0.4,0.1346,0.4489,0.5361,0.41648,0.32982
True,36046,104454,Western Mich.,Broncos,0.2519,0.1771,0.6513,0.249,0.4043,0.2186,0.3542,0.1417,0.4676,0.5358,0.39069,0.33869
False,36046,104454,Western Mich.,Broncos,0.2583,0.1456,0.6336,0.287,0.4286,0.2104,0.3462,0.1212,0.4974,0.5469,0.38135,0.34103
False,38409,104454,Western Mich.,Broncos,0.2532,0.1722,0.6383,0.3226,0.4841,0.1688,0.3533,0.0989,0.4914,0.5853,0.40968,0.35302
True,38409,104454,Western Mich.,Broncos,0.2633,0.177,0.5937,0.3347,0.4214,0.2107,0.3566,0.1224,0.5454,0.5271,0.33216,0.28701
True,41097,104454,Western Mich.,Broncos,0.2724,0.1794,0.5832,0.315,0.3914,0.2015,0.4106,0.1329,0.5165,0.5084,0.35062,0.35131
False,41097,104454,Western Mich.,Broncos,0.2526,0.1608,0.6239,0.3174,0.4966,0.1574,0.3252,0.0884,0.4748,0.5817,0.43679,0.35652
False,27693,103362,Boise St.,Broncos,0.2795,0.1344,0.6528,0.272,0.3722,0.1946,0.3547,0.1864,0.4666,0.5358,0.34698,0.33031
True,27693,103362,Boise St.,Broncos,0.2474,0.1745,0.7007,0.2576,0.4508,0.1928,0.327,0.161,0.4504,0.5938,0.38862,0.34646
False,30629,103362,Boise St.,Broncos,0.2979,0.1282,0.6558,0.2491,0.3898,0.242,0.3463,0.1806,0.4911,0.5247,0.3283,0.32677
True,30629,103362,Boise St.,Broncos,0.2331,0.14,0.659,0.2733,0.3925,0.2094,0.3699,0.1288,0.4827,0.5434,0.38848,0.34636
True,33533,103362,Boise St.,Broncos,0.2469,0.1213,0.6554,0.259,0.4455,0.2224,0.3382,0.1404,0.4814,0.5584,0.37822,0.36153
False,33533,103362,Boise St.,Broncos,0.2531,0.1241,0.6287,0.2592,0.4,0.2225,0.3228,0.1474,0.4816,0.5231,0.37093,0.31102
True,36046,103362,Boise St.,Broncos,0.2528,0.1236,0.6376,0.3116,0.3971,0.2133,0.3867,0.0784,0.5248,0.5398,0.39676,0.33992
False,36046,103362,Boise St.,Broncos,0.2648,0.1442,0.6473,0.2745,0.455,0.2079,0.3444,0.1485,0.4824,0.5644,0.36909,0.30999
True,38409,103362,Boise St.,Broncos,0.2465,0.1383,0.6782,0.3211,0.4726,0.1849,0.3311,0.0715,0.506,0.6031,0.4225,0.31657
False,38409,103362,Boise St.,Broncos,0.2785,0.125,0.6499,0.2733,0.3937,0.2169,0.3203,0.1379,0.4902,0.5365,0.37193,0.3496
False,41097,103362,Boise St.,Broncos,0.2956,0.1314,0.653,0.2911,0.4209,0.2129,0.4304,0.1249,0.5041,0.555,0.37099,0.347
True,41097,103362,Boise St.,Broncos,0.2544,0.1437,0.6303,0.3131,0.4348,0.1902,0.379,0.0684,0.5033,0.5564,0.42834,0.34234
True,27693,104203,Santa Clara,Broncos,0.253,0.1573,0.6276,0.3042,0.3808,0.2507,0.3929,0.1249,0.5549,0.5161,0.32025,0.30641
False,33533,104203,Santa Clara,Broncos,0.2519,0.1354,0.5777,0.3325,0.3787,0.1526,0.3478,0.1282,0.485,0.5152,0.38672,0.35256
True,33533,104203,Santa Clara,Broncos,0.2249,0.1784,0.6055,0.3531,0.3715,0.1648,0.3478,0.1173,0.5179,0.531,0.3648,0.37063
False,36046,104203,Santa Clara,Broncos,0.2585,0.1364,0.5549,0.3579,0.4245,0.1401,0.384,0.1326,0.498,0.5182,0.36946,0.31378
True,36046,104203,Santa Clara,Broncos,0.2581,0.1582,0.62,0.3528,0.4406,0.1442,0.3491,0.1169,0.497,0.568,0.38609,0.35379
False,30629,104203,Santa Clara,Broncos,0.2335,0.1096,0.5925,0.3453,0.3512,0.1779,0.3165,0.1507,0.5231,0.5105,0.32618,0.34795
True,38409,104203,Santa Clara,Broncos,0.2361,0.1577,0.6136,0.4069,0.3319,0.1091,0.4186,0.0205,0.516,0.554,0.46355,0.38232
False,38409,104203,Santa Clara,Broncos,0.2268,0.1309,0.605,0.3363,0.4146,0.1549,0.3668,0.1123,0.4912,0.5449,0.39657,0.31273
False,41097,104203,Santa Clara,Broncos,0.2256,0.1557,0.6361,0.3797,0.4209,0.1423,0.2652,0.0926,0.522,0.5775,0.38536,0.32802
True,41097,104203,Santa Clara,Broncos,0.2859,0.163,0.6576,0.3051,0.4452,0.1844,0.4559,0.0597,0.4895,0.5776,0.45083,0.34664
True,30629,104203,Santa Clara,Broncos,0.2136,0.1743,0.6372,0.4034,0.3994,0.1698,0.3606,0.1061,0.5732,0.5667,0.32075,0.37838
False,27693,104203,Santa Clara,Broncos,0.3047,0.1438,0.6282,0.2574,0.3589,0.2368,0.3543,0.1444,0.4942,0.4992,0.36139,0.3242
True,38409,104360,UCLA,Bruins,0.2665,0.1268,0.6856,0.2061,0.4988,0.2128,0.4057,0.2163,0.4189,0.5907,0.3648,0.35245
False,38409,104360,UCLA,Bruins,0.2688,0.1339,0.6785,0.2079,0.4515,0.2221,0.3128,0.1195,0.43,0.5613,0.45042,0.3283
False,41097,104360,UCLA,Bruins,0.2749,0.1334,0.6456,0.2344,0.4691,0.1919,0.3765,0.1261,0.4263,0.5661,0.44758,0.32044
True,41097,104360,UCLA,Bruins,0.2633,0.1348,0.65,0.2189,0.4814,0.2304,0.4015,0.1956,0.4493,0.5636,0.35507,0.37936
False,30629,103335,Belmont,Bruins,0.2064,0.1415,0.5992,0.2618,0.4347,0.2231,0.3532,0.1155,0.4849,0.5235,0.39958,0.33687
True,30629,103335,Belmont,Bruins,0.197,0.1959,0.7002,0.3249,0.538,0.1869,0.3465,0.0532,0.5118,0.6409,0.43497,0.33172
False,27693,103335,Belmont,Bruins,0.2326,0.1493,0.6325,0.2583,0.3909,0.2429,0.2879,0.1221,0.5012,0.5154,0.3767,0.33879
True,27693,103335,Belmont,Bruins,0.1989,0.1977,0.7104,0.3441,0.4913,0.1788,0.3684,0.047,0.5229,0.6355,0.43007,0.3482
True,36046,104360,UCLA,Bruins,0.2919,0.1116,0.6225,0.2198,0.4225,0.2445,0.3349,0.233,0.4643,0.5172,0.30275,0.33212
False,36046,104360,UCLA,Bruins,0.2909,0.1453,0.6212,0.2267,0.4028,0.2061,0.4156,0.1391,0.4327,0.5172,0.42816,0.33289
True,27693,104360,UCLA,Bruins,0.2435,0.1115,0.6039,0.2749,0.4194,0.1941,0.4486,0.2151,0.469,0.5276,0.3159,0.37201
False,27693,104360,UCLA,Bruins,0.2734,0.1362,0.6186,0.3026,0.3864,0.1872,0.4066,0.1331,0.4898,0.5299,0.37714,0.33675
True,30629,104360,UCLA,Bruins,0.2389,0.127,0.6442,0.2421,0.4047,0.2174,0.4196,0.2286,0.4595,0.5309,0.31192,0.35373
False,30629,104360,UCLA,Bruins,0.2557,0.1346,0.5929,0.2736,0.3902,0.1987,0.3624,0.1473,0.4723,0.5076,0.38039,0.32119
True,33533,104360,UCLA,Bruins,0.2353,0.1492,0.6838,0.2606,0.4064,0.2379,0.3979,0.2116,0.4984,0.5514,0.28998,0.34869
False,33533,104360,UCLA,Bruins,0.2497,0.1527,0.611,0.2374,0.3702,0.2224,0.3927,0.1521,0.4598,0.4945,0.38805,0.31048
True,33533,103335,Belmont,Bruins,0.228,0.1677,0.6387,0.2881,0.4527,0.1835,0.3879,0.1125,0.4716,0.5663,0.41588,0.38812
False,33533,103335,Belmont,Bruins,0.2184,0.136,0.6409,0.3203,0.3895,0.2317,0.3039,0.1077,0.552,0.5354,0.34037,0.35659
False,36046,103335,Belmont,Bruins,0.2307,0.1444,0.6748,0.2574,0.4158,0.2443,0.3744,0.0982,0.5017,0.5487,0.4001,0.32527
True,36046,103335,Belmont,Bruins,0.2179,0.1584,0.6798,0.261,0.4766,0.2207,0.3763,0.1001,0.4817,0.5867,0.41826,0.37115
True,38409,103335,Belmont,Bruins,0.224,0.1579,0.6811,0.2268,0.4356,0.2484,0.3926,0.0802,0.4752,0.5528,0.44466,0.38385
False,38409,103335,Belmont,Bruins,0.2254,0.1343,0.705,0.2394,0.4488,0.2544,0.3562,0.0731,0.4937,0.573,0.43315,0.34682
True,41097,103335,Belmont,Bruins,0.254,0.148,0.7178,0.2855,0.5039,0.2044,0.4022,0.0491,0.4899,0.6285,0.46105,0.40394
False,41097,103335,Belmont,Bruins,0.2509,0.1317,0.6519,0.2095,0.3629,0.2038,0.3622,0.0957,0.4133,0.5094,0.49095,0.33614
False,27693,103446,Charleston So.,Buccaneers,0.256,0.1881,0.673,0.3049,0.3831,0.1946,0.2653,0.1423,0.4995,0.5601,0.35818,0.32973
True,27693,103446,Charleston So.,Buccaneers,0.2602,0.1587,0.6174,0.2381,0.3874,0.1977,0.2986,0.1491,0.4358,0.5131,0.41511,0.31671
False,30629,103446,Charleston So.,Buccaneers,0.2416,0.1648,0.6775,0.3016,0.4329,0.1783,0.3626,0.1424,0.4799,0.5866,0.37772,0.34676
True,30629,103446,Charleston So.,Buccaneers,0.2302,0.1744,0.6255,0.2831,0.3862,0.1585,0.2789,0.1038,0.4415,0.5396,0.45464,0.30769
False,33533,103446,Charleston So.,Buccaneers,0.2312,0.1551,0.6893,0.3042,0.3898,0.1849,0.3122,0.1116,0.4891,0.5761,0.39929,0.35503
True,33533,103446,Charleston So.,Buccaneers,0.2718,0.1355,0.6475,0.271,0.3676,0.1782,0.424,0.1571,0.4492,0.5365,0.39367,0.33992
True,36046,103446,Charleston So.,Buccaneers,0.2549,0.1289,0.5837,0.2351,0.422,0.2264,0.3488,0.1743,0.4615,0.5044,0.36422,0.33068
False,36046,103446,Charleston So.,Buccaneers,0.2345,0.1659,0.6497,0.2958,0.4213,0.2407,0.3978,0.1499,0.5365,0.5472,0.31365,0.31083
True,38409,103446,Charleston So.,Buccaneers,0.252,0.1423,0.6027,0.3313,0.4079,0.1952,0.3444,0.0498,0.5265,0.5305,0.42367,0.30418
False,38409,103446,Charleston So.,Buccaneers,0.2867,0.1453,0.6471,0.3407,0.4406,0.2066,0.4465,0.1627,0.5473,0.5692,0.29003,0.33333
False,41097,103446,Charleston So.,Buccaneers,0.2338,0.1717,0.5769,0.2622,0.4322,0.2589,0.3276,0.165,0.5211,0.505,0.31389,0.30514
True,41097,103446,Charleston So.,Buccaneers,0.2913,0.1734,0.6395,0.268,0.4849,0.1772,0.3494,0.0403,0.4451,0.578,0.51456,0.36132
True,27693,103551,ETSU,Buccaneers,0.256,0.1561,0.619,0.3168,0.4041,0.1224,0.328,0.1559,0.4392,0.5592,0.40486,0.37474
False,27693,103551,ETSU,Buccaneers,0.2466,0.1338,0.5983,0.3044,0.368,0.1084,0.3239,0.1232,0.4128,0.5378,0.46401,0.34206
True,30629,103551,ETSU,Buccaneers,0.2264,0.177,0.6722,0.2827,0.3448,0.1661,0.3774,0.1338,0.4487,0.551,0.41749,0.35037
False,30629,103551,ETSU,Buccaneers,0.2245,0.1381,0.6359,0.2982,0.4361,0.1409,0.4118,0.099,0.4391,0.5718,0.46186,0.33945
True,33533,103551,ETSU,Buccaneers,0.233,0.1683,0.6462,0.3225,0.4122,0.1538,0.3943,0.1748,0.4763,0.5706,0.34895,0.3207
False,33533,103551,ETSU,Buccaneers,0.2449,0.1462,0.6583,0.3048,0.3874,0.1379,0.3333,0.1292,0.4427,0.5739,0.42803,0.32357
False,36046,103551,ETSU,Buccaneers,0.2504,0.1568,0.5765,0.3468,0.418,0.1586,0.371,0.1127,0.5054,0.5267,0.38195,0.3271
True,36046,103551,ETSU,Buccaneers,0.269,0.167,0.5621,0.3247,0.3824,0.1436,0.3424,0.1206,0.4683,0.507,0.41107,0.3105
False,38409,103551,ETSU,Buccaneers,0.2489,0.1295,0.5507,0.3407,0.3819,0.144,0.4154,0.1105,0.4847,0.5006,0.40476,0.33754
True,38409,103551,ETSU,Buccaneers,0.2508,0.1541,0.5791,0.3362,0.4,0.141,0.3512,0.109,0.4771,0.5262,0.41383,0.34833
True,41097,103551,ETSU,Buccaneers,0.2481,0.1409,0.669,0.3718,0.4797,0.1524,0.3757,0.0973,0.5242,0.6139,0.37848,0.34286
False,41097,103551,ETSU,Buccaneers,0.2312,0.148,0.6138,0.3072,0.4335,0.1234,0.3103,0.0922,0.4306,0.5621,0.47722,0.32297
True,30629,104510,Yale,Bulldogs,0.2583,0.137,0.6083,0.3372,0.3624,0.1394,0.412,0.1625,0.4766,0.5364,0.36093,0.32715
True,38409,104510,Yale,Bulldogs,0.2413,0.1386,0.6084,0.3781,0.4639,0.1743,0.4279,0.1251,0.5525,0.5628,0.3224,0.38814
False,30629,104510,Yale,Bulldogs,0.2532,0.1821,0.6304,0.3278,0.3529,0.1255,0.3562,0.1347,0.4533,0.5536,0.41205,0.30448
True,33533,104510,Yale,Bulldogs,0.2596,0.1305,0.6418,0.3577,0.4407,0.1865,0.3641,0.1043,0.5442,0.5729,0.35147,0.36129
False,38409,104510,Yale,Bulldogs,0.2547,0.1583,0.5743,0.286,0.393,0.1297,0.3542,0.1087,0.4156,0.5177,0.47565,0.32738
True,41097,104510,Yale,Bulldogs,0.2394,0.1217,0.6364,0.3922,0.432,0.1371,0.3608,0.1064,0.5293,0.5834,0.36423,0.39608
False,33533,104510,Yale,Bulldogs,0.2532,0.153,0.5375,0.2988,0.3824,0.1648,0.3208,0.1285,0.4636,0.4824,0.40788,0.32095
False,41097,104510,Yale,Bulldogs,0.2724,0.1387,0.5867,0.3127,0.3897,0.1166,0.3756,0.1166,0.4294,0.5332,0.454,0.34861
True,36046,104510,Yale,Bulldogs,0.2292,0.1257,0.6123,0.3956,0.4137,0.1559,0.3776,0.0995,0.5515,0.5562,0.34891,0.3508
False,36046,104510,Yale,Bulldogs,0.2439,0.1574,0.5815,0.3241,0.3556,0.1276,0.3498,0.1297,0.4517,0.5177,0.41858,0.33801
False,27693,103631,Fresno St.,Bulldogs,0.2833,0.1432,0.7014,0.2286,0.4404,0.173,0.3717,0.1794,0.4016,0.5889,0.41905,0.36364
True,27693,103631,Fresno St.,Bulldogs,0.2833,0.1725,0.6175,0.298,0.3535,0.1612,0.3407,0.1482,0.4593,0.5248,0.39251,0.3361
True,30629,103631,Fresno St.,Bulldogs,0.2467,0.1072,0.6419,0.2667,0.4548,0.2077,0.3609,0.1388,0.4744,0.56,0.38674,0.33738
False,30629,103631,Fresno St.,Bulldogs,0.2663,0.1319,0.6359,0.2208,0.3908,0.1988,0.3446,0.1586,0.4196,0.5198,0.42176,0.32402
True,33533,103631,Fresno St.,Bulldogs,0.2567,0.1284,0.6876,0.2564,0.376,0.2289,0.3944,0.1076,0.4854,0.5406,0.40705,0.30837
False,33533,103631,Fresno St.,Bulldogs,0.2489,0.1325,0.6148,0.2358,0.4227,0.2414,0.3671,0.1475,0.4773,0.5176,0.37523,0.37645
False,36046,103631,Fresno St.,Bulldogs,0.2419,0.1347,0.69,0.2264,0.4352,0.2413,0.3849,0.1624,0.4677,0.5586,0.36988,0.37258
True,36046,103631,Fresno St.,Bulldogs,0.2392,0.1577,0.6453,0.3049,0.4307,0.2291,0.363,0.0814,0.534,0.5532,0.38462,0.33188
True,38409,103631,Fresno St.,Bulldogs,0.2162,0.1868,0.5709,0.2927,0.3831,0.2885,0.2677,0.0659,0.5812,0.4777,0.35288,0.31324
False,38409,103631,Fresno St.,Bulldogs,0.2565,0.1519,0.6632,0.2814,0.4953,0.2041,0.3736,0.0841,0.4855,0.5926,0.43037,0.34157
True,41097,103631,Fresno St.,Bulldogs,0.2446,0.1538,0.6602,0.2819,0.4282,0.2326,0.3681,0.0788,0.5145,0.5553,0.40668,0.32032
False,41097,103631,Fresno St.,Bulldogs,0.2666,0.1586,0.6771,0.285,0.4454,0.183,0.3772,0.0878,0.4679,0.5865,0.44427,0.30178
True,27693,103386,Butler,Bulldogs,0.2506,0.1017,0.6005,0.3037,0.3365,0.1493,0.3317,0.1493,0.453,0.5135,0.3977,0.3231
False,27693,103386,Butler,Bulldogs,0.2581,0.1477,0.7003,0.2915,0.4267,0.1703,0.3484,0.1623,0.4618,0.5994,0.37592,0.34961
False,30629,103386,Butler,Bulldogs,0.2629,0.1362,0.6648,0.2873,0.376,0.1943,0.3745,0.1402,0.4816,0.5483,0.37825,0.31044
True,30629,103386,Butler,Bulldogs,0.2592,0.1169,0.6453,0.3041,0.348,0.1518,0.3158,0.1267,0.4558,0.5463,0.41745,0.30493
True,33533,103386,Butler,Bulldogs,0.2031,0.1523,0.6208,0.2552,0.4864,0.2083,0.3355,0.1771,0.4635,0.5604,0.35937,0.32598
False,33533,103386,Butler,Bulldogs,0.2154,0.1341,0.6058,0.333,0.4633,0.2108,0.3319,0.1238,0.5438,0.5505,0.33244,0.32103
False,36046,103386,Butler,Bulldogs,0.2199,0.1515,0.6059,0.3223,0.4298,0.1734,0.3763,0.1332,0.4957,0.5443,0.37106,0.32304
True,36046,103386,Butler,Bulldogs,0.1981,0.1408,0.5935,0.2888,0.4529,0.2191,0.4241,0.11,0.5079,0.5329,0.38212,0.35476
False,38409,103386,Butler,Bulldogs,0.2692,0.1573,0.6501,0.3046,0.4139,0.1985,0.3451,0.1261,0.5031,0.5569,0.37078,0.31856
True,38409,103386,Butler,Bulldogs,0.2054,0.1105,0.6097,0.286,0.4602,0.2068,0.3989,0.0916,0.4928,0.547,0.41564,0.37005
False,41097,103386,Butler,Bulldogs,0.2909,0.1597,0.6641,0.3183,0.4152,0.1996,0.3486,0.1069,0.5179,0.5682,0.37518,0.33333
True,41097,103386,Butler,Bulldogs,0.2203,0.1674,0.6159,0.3859,0.4041,0.1763,0.3235,0.0884,0.5621,0.5495,0.34945,0.32738
True,27693,103830,Louisiana Tech,Bulldogs,0.2234,0.1656,0.6439,0.2658,0.4349,0.2422,0.3378,0.1187,0.508,0.5442,0.37326,0.34384
False,38409,103830,Louisiana Tech,Bulldogs,0.2432,0.1325,0.6067,0.2858,0.376,0.1946,0.3574,0.1246,0.4804,0.5132,0.39502,0.30872
False,36046,103830,Louisiana Tech,Bulldogs,0.2758,0.1317,0.5981,0.1698,0.3873,0.3171,0.3029,0.1496,0.4869,0.4608,0.36354,0.33333
False,27693,103830,Louisiana Tech,Bulldogs,0.2598,0.146,0.6137,0.1949,0.4447,0.2269,0.3389,0.1906,0.4218,0.5228,0.38761,0.30441
True,36046,103830,Louisiana Tech,Bulldogs,0.2342,0.137,0.6504,0.2048,0.4629,0.3368,0.3782,0.1071,0.5416,0.5338,0.35128,0.36177
True,38409,103830,Louisiana Tech,Bulldogs,0.238,0.1242,0.6769,0.3461,0.3871,0.1742,0.3629,0.0697,0.5202,0.5799,0.41011,0.33973
True,30629,103830,Louisiana Tech,Bulldogs,0.2123,0.1672,0.6776,0.2744,0.4478,0.1964,0.3534,0.1159,0.4708,0.5817,0.41329,0.33978
False,33533,103830,Louisiana Tech,Bulldogs,0.2364,0.157,0.6615,0.2185,0.4356,0.2281,0.3421,0.1287,0.4466,0.5461,0.42462,0.37101
True,33533,103830,Louisiana Tech,Bulldogs,0.2543,0.1476,0.6488,0.2508,0.4389,0.2503,0.3154,0.0772,0.501,0.544,0.42176,0.34521
True,41097,103830,Louisiana Tech,Bulldogs,0.2526,0.149,0.5952,0.2924,0.489,0.2307,0.3808,0.1421,0.523,0.5484,0.33485,0.29909
False,41097,103830,Louisiana Tech,Bulldogs,0.2485,0.1264,0.5572,0.2149,0.3995,0.202,0.3442,0.1149,0.4169,0.4808,0.4682,0.32648
False,30629,103830,Louisiana Tech,Bulldogs,0.2499,0.1367,0.6617,0.2338,0.3716,0.2035,0.3084,0.1726,0.4373,0.5267,0.39005,0.33163
False,27693,103544,Drake,Bulldogs,0.2111,0.1342,0.6286,0.2356,0.4173,0.2531,0.3508,0.155,0.4888,0.5192,0.35625,0.31404
True,27693,103544,Drake,Bulldogs,0.2408,0.1565,0.6996,0.2685,0.4567,0.2865,0.382,0.1314,0.555,0.5742,0.31359,0.36691
False,30629,103544,Drake,Bulldogs,0.2481,0.1255,0.6382,0.2652,0.407,0.1956,0.3434,0.1566,0.4607,0.54,0.38271,0.32782
True,30629,103544,Drake,Bulldogs,0.2576,0.1429,0.6737,0.2504,0.4482,0.2426,0.3867,0.16,0.493,0.5627,0.34703,0.34262
False,33533,103544,Drake,Bulldogs,0.2493,0.1229,0.6306,0.2354,0.378,0.2049,0.35,0.1799,0.4403,0.5131,0.37981,0.30658
True,33533,103544,Drake,Bulldogs,0.222,0.1363,0.6634,0.2544,0.4454,0.2254,0.415,0.1506,0.4798,0.561,0.36959,0.37017
False,36046,103544,Drake,Bulldogs,0.2498,0.1314,0.6457,0.2385,0.43,0.207,0.4251,0.167,0.4455,0.5455,0.3875,0.33161
True,36046,103544,Drake,Bulldogs,0.2369,0.1538,0.6708,0.2718,0.4764,0.1938,0.4144,0.1405,0.4656,0.5899,0.39394,0.3663
True,38409,103544,Drake,Bulldogs,0.2637,0.0939,0.6946,0.3388,0.4153,0.2013,0.3212,0.0938,0.5401,0.5905,0.36612,0.36025
False,38409,103544,Drake,Bulldogs,0.2851,0.1219,0.6911,0.3089,0.418,0.1976,0.267,0.1076,0.5064,0.5845,0.38593,0.30428
False,41097,103544,Drake,Bulldogs,0.2525,0.1288,0.6554,0.2619,0.4039,0.1761,0.3115,0.1197,0.438,0.5543,0.44237,0.36031
True,41097,103544,Drake,Bulldogs,0.2499,0.1282,0.6355,0.2577,0.4469,0.1843,0.398,0.101,0.442,0.5568,0.45706,0.34176
False,27693,104370,UNC Asheville,Bulldogs,0.2251,0.1489,0.6207,0.4225,0.3475,0.1563,0.3333,0.1232,0.5788,0.5469,0.29801,0.28
True,27693,104370,UNC Asheville,Bulldogs,0.2619,0.1891,0.6581,0.4021,0.3721,0.1115,0.3231,0.0843,0.5136,0.596,0.40208,0.35161
True,30629,104370,UNC Asheville,Bulldogs,0.2317,0.157,0.6347,0.3465,0.4015,0.1512,0.3,0.0974,0.4977,0.5639,0.40493,0.36209
False,30629,104370,UNC Asheville,Bulldogs,0.2757,0.1549,0.5892,0.3893,0.4455,0.1777,0.3365,0.112,0.567,0.5442,0.32095,0.27685
False,33533,104370,UNC Asheville,Bulldogs,0.2908,0.1513,0.6088,0.3538,0.3774,0.1827,0.3136,0.1188,0.5365,0.53,0.34474,0.30073
True,33533,104370,UNC Asheville,Bulldogs,0.2233,0.1837,0.6787,0.3419,0.3377,0.1726,0.3202,0.1138,0.5146,0.5643,0.37164,0.38763
False,36046,104370,UNC Asheville,Bulldogs,0.2865,0.1581,0.5899,0.3656,0.3917,0.1641,0.3122,0.1076,0.5297,0.5285,0.36271,0.32215
True,36046,104370,UNC Asheville,Bulldogs,0.2459,0.1919,0.6441,0.3328,0.4277,0.1595,0.3377,0.1185,0.4923,0.574,0.38923,0.36495
True,38409,104370,UNC Asheville,Bulldogs,0.2754,0.1793,0.6651,0.3161,0.445,0.1917,0.3936,0.1249,0.5078,0.582,0.36729,0.34836
False,38409,104370,UNC Asheville,Bulldogs,0.2563,0.1888,0.591,0.3712,0.4395,0.1685,0.3406,0.074,0.5397,0.5437,0.38627,0.34167
True,41097,104370,UNC Asheville,Bulldogs,0.2692,0.1308,0.6236,0.3056,0.4368,0.2328,0.3687,0.11,0.5383,0.5428,0.35167,0.34913
False,41097,104370,UNC Asheville,Bulldogs,0.2819,0.1795,0.5813,0.4072,0.3682,0.1504,0.4331,0.0689,0.5575,0.5239,0.37351,0.32703
False,27693,104230,South Carolina St.,Bulldogs,0.2353,0.2087,0.6994,0.3024,0.4815,0.1888,0.2656,0.1119,0.4913,0.6157,0.39685,0.38326
True,27693,104230,South Carolina St.,Bulldogs,0.2606,0.2157,0.661,0.2088,0.3423,0.1965,0.3103,0.2053,0.4053,0.5066,0.38938,0.29545
False,30629,104230,South Carolina St.,Bulldogs,0.2222,0.1798,0.624,0.268,0.3878,0.2171,0.3028,0.1207,0.485,0.5183,0.39424,0.32865
True,30629,104230,South Carolina St.,Bulldogs,0.2681,0.2058,0.5882,0.2511,0.3178,0.2489,0.2588,0.1793,0.5,0.4536,0.32068,0.30921
True,33533,104230,South Carolina St.,Bulldogs,0.2819,0.1697,0.5756,0.309,0.3105,0.1795,0.4083,0.1787,0.4885,0.4782,0.33279,0.30049
False,33533,104230,South Carolina St.,Bulldogs,0.2269,0.2245,0.7044,0.3596,0.4343,0.155,0.3109,0.1054,0.5146,0.6231,0.37998,0.40559
True,36046,104230,South Carolina St.,Bulldogs,0.3032,0.1658,0.5826,0.2866,0.3234,0.2402,0.3374,0.1455,0.5268,0.4644,0.32768,0.30518
False,36046,104230,South Carolina St.,Bulldogs,0.2501,0.2133,0.6585,0.3228,0.4231,0.1791,0.4141,0.0974,0.502,0.5745,0.40059,0.34152
True,38409,104230,South Carolina St.,Bulldogs,0.299,0.1901,0.7012,0.3006,0.3878,0.2035,0.3571,0.1599,0.5042,0.5747,0.33593,0.36167
False,38409,104230,South Carolina St.,Bulldogs,0.2818,0.1747,0.6564,0.3262,0.3747,0.2124,0.3393,0.1256,0.5387,0.5453,0.33576,0.31052
True,41097,104230,South Carolina St.,Bulldogs,0.3133,0.1468,0.607,0.258,0.3486,0.1972,0.3525,0.2158,0.4552,0.495,0.32901,0.33733
False,41097,104230,South Carolina St.,Bulldogs,0.2854,0.2011,0.6521,0.3632,0.4106,0.1711,0.3613,0.0878,0.5343,0.5748,0.3779,0.33883
True,27693,104196,Samford,Bulldogs,0.2811,0.2159,0.6479,0.3523,0.3917,0.1869,0.3056,0.062,0.5392,0.5591,0.39879,0.31102
False,27693,104196,Samford,Bulldogs,0.2253,0.1997,0.6471,0.2659,0.3233,0.1224,0.4234,0.126,0.3882,0.545,0.48574,0.34659
False,27693,104327,The Citadel,Bulldogs,0.2534,0.1598,0.6246,0.3628,0.4286,0.1649,0.3043,0.1318,0.5277,0.5633,0.34055,0.31215
True,27693,104327,The Citadel,Bulldogs,0.2229,0.2101,0.6652,0.3081,0.3485,0.1317,0.3813,0.0925,0.4398,0.5703,0.46773,0.35846
False,30629,104327,The Citadel,Bulldogs,0.2384,0.1408,0.6151,0.3132,0.4045,0.1618,0.3765,0.1273,0.475,0.5434,0.39773,0.32513
True,30629,104327,The Citadel,Bulldogs,0.2144,0.1732,0.6452,0.3068,0.3734,0.1281,0.322,0.0649,0.4349,0.5651,0.50027,0.35275
True,30629,104196,Samford,Bulldogs,0.253,0.1926,0.6435,0.3297,0.3559,0.1154,0.3826,0.1196,0.4451,0.5689,0.43526,0.33572
False,30629,104196,Samford,Bulldogs,0.2387,0.1817,0.651,0.3189,0.3467,0.1204,0.3333,0.1059,0.4393,0.5676,0.45479,0.34353
False,33533,104327,The Citadel,Bulldogs,0.2372,0.1583,0.6486,0.3181,0.4122,0.1591,0.3333,0.1048,0.4772,0.5698,0.41805,0.33419
True,33533,104327,The Citadel,Bulldogs,0.2517,0.128,0.6211,0.3236,0.361,0.2156,0.3719,0.0677,0.5392,0.5171,0.39306,0.32479
False,33533,104196,Samford,Bulldogs,0.2904,0.1575,0.6018,0.2613,0.3881,0.1549,0.3862,0.1422,0.4162,0.5222,0.44162,0.36649
True,33533,104196,Samford,Bulldogs,0.2682,0.179,0.6452,0.2959,0.4437,0.1595,0.3609,0.0949,0.4554,0.5746,0.44975,0.35456
True,36046,104327,The Citadel,Bulldogs,0.2113,0.135,0.6227,0.3911,0.4094,0.1672,0.3529,0.1049,0.5584,0.5588,0.3367,0.32833
False,36046,104327,The Citadel,Bulldogs,0.2581,0.1635,0.6549,0.3024,0.4167,0.1725,0.3797,0.1262,0.475,0.5684,0.39883,0.35113
False,36046,104196,Samford,Bulldogs,0.2608,0.2024,0.5994,0.338,0.3738,0.1552,0.354,0.1093,0.4932,0.5284,0.39749,0.3382
True,36046,104196,Samford,Bulldogs,0.2608,0.2368,0.6296,0.3927,0.4204,0.1459,0.375,0.0483,0.5386,0.5729,0.4131,0.39483
True,38409,104327,The Citadel,Bulldogs,0.2435,0.1298,0.6352,0.3335,0.3551,0.1454,0.3214,0.0665,0.4789,0.5502,0.4546,0.29504
False,38409,104327,The Citadel,Bulldogs,0.2475,0.1451,0.6452,0.3414,0.4581,0.1316,0.322,0.1026,0.473,0.5931,0.42435,0.34563
True,38409,104196,Samford,Bulldogs,0.2762,0.204,0.6252,0.3318,0.4029,0.1637,0.4471,0.0403,0.4955,0.5517,0.46417,0.36401
False,38409,104196,Samford,Bulldogs,0.2331,0.2023,0.6248,0.3247,0.4286,0.1541,0.3472,0.0773,0.4788,0.5617,0.44391,0.34341
False,41097,104327,The Citadel,Bulldogs,0.2308,0.1563,0.6546,0.3644,0.4779,0.1195,0.4052,0.0809,0.4839,0.6109,0.43522,0.36452
True,41097,104327,The Citadel,Bulldogs,0.2499,0.1212,0.6052,0.2979,0.4,0.1451,0.3644,0.0611,0.443,0.538,0.49585,0.32811
True,41097,104196,Samford,Bulldogs,0.2351,0.136,0.6375,0.3319,0.3762,0.1128,0.3647,0.0913,0.4447,0.5713,0.46402,0.3588
False,41097,104196,Samford,Bulldogs,0.2865,0.1318,0.5882,0.3166,0.404,0.1831,0.3759,0.1417,0.4997,0.5207,0.35851,0.35931
True,27693,103269,Alabama A&M,Bulldogs,0.268,0.1883,0.6737,0.2527,0.2794,0.1809,0.3269,0.2766,0.4335,0.5092,0.28989,0.30275
False,27693,103269,Alabama A&M,Bulldogs,0.2345,0.2289,0.71,0.2538,0.3067,0.1904,0.3295,0.2234,0.4442,0.5371,0.33249,0.34351
True,30629,103269,Alabama A&M,Bulldogs,0.2524,0.153,0.572,0.2791,0.3616,0.2307,0.2863,0.2338,0.5098,0.4768,0.25644,0.249
False,30629,103269,Alabama A&M,Bulldogs,0.2382,0.1801,0.5507,0.2851,0.3701,0.1591,0.392,0.1291,0.4442,0.486,0.42665,0.33172
False,38409,103269,Alabama A&M,Bulldogs,0.2571,0.2133,0.5697,0.3711,0.476,0.1608,0.2914,0.0964,0.5319,0.5414,0.3717,0.38519
True,33533,103269,Alabama A&M,Bulldogs,0.2736,0.1876,0.5742,0.2844,0.4268,0.22,0.3782,0.1733,0.5044,0.5099,0.32222,0.36897
True,41097,103269,Alabama A&M,Bulldogs,0.2766,0.1525,0.6404,0.2892,0.382,0.2097,0.3263,0.1585,0.4989,0.5318,0.3426,0.3474
False,33533,103269,Alabama A&M,Bulldogs,0.2559,0.2079,0.5792,0.3069,0.3937,0.1604,0.3502,0.1325,0.4673,0.5156,0.40022,0.3352
True,38409,103269,Alabama A&M,Bulldogs,0.2953,0.2269,0.5491,0.352,0.3763,0.1419,0.2819,0.0956,0.4939,0.4995,0.41048,0.31846
True,36046,103269,Alabama A&M,Bulldogs,0.2949,0.2117,0.5702,0.3676,0.378,0.2179,0.3513,0.1455,0.5855,0.4987,0.26903,0.28682
False,41097,103269,Alabama A&M,Bulldogs,0.2889,0.1876,0.6785,0.3027,0.3594,0.1855,0.3148,0.1452,0.4882,0.5573,0.36667,0.33871
False,36046,103269,Alabama A&M,Bulldogs,0.2843,0.2173,0.5799,0.3517,0.3561,0.1746,0.2857,0.1045,0.5264,0.5057,0.36915,0.35175
True,41097,103379,Bryant,Bulldogs,0.2539,0.1044,0.5974,0.3171,0.3744,0.1241,0.3043,0.0812,0.4412,0.5347,0.47765,0.30419
False,41097,103379,Bryant,Bulldogs,0.2348,0.1631,0.6003,0.3562,0.4519,0.193,0.2722,0.0951,0.5492,0.5482,0.35566,0.35443
True,33533,103379,Bryant,Bulldogs,0.24,0.2287,0.6496,0.3745,0.3941,0.1867,0.3294,0.0467,0.5612,0.5646,0.39209,0.34034
False,33533,103379,Bryant,Bulldogs,0.2502,0.1691,0.583,0.2542,0.435,0.2039,0.364,0.1531,0.4581,0.5171,0.38886,0.32962
True,36046,103379,Bryant,Bulldogs,0.2249,0.2028,0.6259,0.3292,0.4497,0.1907,0.3692,0.0934,0.5199,0.5613,0.38668,0.33829
False,36046,103379,Bryant,Bulldogs,0.2293,0.1724,0.5246,0.3131,0.3803,0.2028,0.3401,0.1334,0.5159,0.4679,0.35073,0.31307
True,38409,103379,Bryant,Bulldogs,0.2168,0.1733,0.6612,0.3177,0.4416,0.2192,0.2992,0.1102,0.5369,0.5715,0.35286,0.33333
False,38409,103379,Bryant,Bulldogs,0.2366,0.1714,0.5523,0.3149,0.3896,0.2135,0.3731,0.1192,0.5285,0.4865,0.35231,0.32576
True,27693,103644,Georgia,Bulldogs,0.2486,0.2255,0.6776,0.3812,0.337,0.224,0.2742,0.0774,0.6051,0.5515,0.31753,0.32417
False,27693,103644,Georgia,Bulldogs,0.2568,0.187,0.694,0.2579,0.4555,0.2306,0.3378,0.138,0.4885,0.5814,0.37352,0.33943
False,33533,103644,Georgia,Bulldogs,0.2758,0.1344,0.6384,0.2511,0.4608,0.2287,0.3585,0.1485,0.4798,0.5537,0.37164,0.32579
True,33533,103644,Georgia,Bulldogs,0.2395,0.1626,0.5968,0.2688,0.4038,0.2548,0.2803,0.095,0.5236,0.5029,0.38136,0.32063
False,30629,103644,Georgia,Bulldogs,0.2597,0.1624,0.7183,0.2854,0.4358,0.1799,0.3765,0.1241,0.4653,0.6091,0.41055,0.34884
True,30629,103644,Georgia,Bulldogs,0.2195,0.1737,0.6555,0.3281,0.3877,0.2168,0.2857,0.0852,0.5449,0.5489,0.36986,0.32132
True,33533,103926,Mississippi St.,Bulldogs,0.235,0.1265,0.6547,0.344,0.356,0.1668,0.3129,0.1436,0.5108,0.5571,0.34556,0.26607
False,33533,103926,Mississippi St.,Bulldogs,0.2646,0.136,0.6017,0.2553,0.3878,0.159,0.2847,0.1482,0.4143,0.5196,0.43753,0.3115
False,38409,103644,Georgia,Bulldogs,0.2967,0.1519,0.5941,0.3119,0.3235,0.1736,0.4009,0.1108,0.4855,0.4974,0.40378,0.31606
True,38409,103644,Georgia,Bulldogs,0.2482,0.1457,0.6575,0.3497,0.4259,0.1733,0.32,0.107,0.523,0.5808,0.37005,0.32948
True,27693,103926,Mississippi St.,Bulldogs,0.232,0.1581,0.6889,0.2894,0.3724,0.2288,0.3634,0.202,0.5182,0.5491,0.27974,0.34291
False,27693,103926,Mississippi St.,Bulldogs,0.2451,0.1573,0.6573,0.237,0.3316,0.2017,0.3186,0.1507,0.4387,0.5076,0.41062,0.32463
True,30629,103926,Mississippi St.,Bulldogs,0.2376,0.157,0.6694,0.3231,0.4453,0.1983,0.3405,0.1973,0.5214,0.5842,0.28133,0.29511
False,30629,103926,Mississippi St.,Bulldogs,0.2541,0.1517,0.641,0.2622,0.4161,0.1713,0.3843,0.1495,0.4335,0.5521,0.41702,0.31888
True,41097,103926,Mississippi St.,Bulldogs,0.2273,0.1564,0.6788,0.2872,0.4489,0.1746,0.3406,0.1369,0.4618,0.5918,0.40129,0.32386
False,41097,103926,Mississippi St.,Bulldogs,0.2352,0.1574,0.6586,0.2795,0.3958,0.1851,0.363,0.1407,0.4646,0.5539,0.3947,0.33944
True,38409,103926,Mississippi St.,Bulldogs,0.2516,0.1849,0.6978,0.3237,0.4091,0.1537,0.3058,0.0959,0.4774,0.6049,0.42664,0.31441
False,38409,103926,Mississippi St.,Bulldogs,0.2503,0.1406,0.6486,0.2632,0.3608,0.1789,0.3922,0.1179,0.4421,0.5322,0.44004,0.35797
False,36046,103926,Mississippi St.,Bulldogs,0.2668,0.1583,0.6472,0.2713,0.3851,0.1662,0.375,0.1508,0.4375,0.5476,0.41171,0.29759
True,36046,103926,Mississippi St.,Bulldogs,0.2453,0.1419,0.6485,0.3537,0.3977,0.1737,0.3446,0.0873,0.5274,0.5659,0.3853,0.32138
False,41097,103644,Georgia,Bulldogs,0.2584,0.1635,0.6292,0.3322,0.3765,0.1909,0.3502,0.1013,0.5231,0.537,0.37564,0.33665
True,41097,103644,Georgia,Bulldogs,0.2319,0.2218,0.6684,0.3476,0.4249,0.1443,0.3662,0.0655,0.4919,0.597,0.4426,0.3375
False,36046,103644,Georgia,Bulldogs,0.2599,0.1388,0.6569,0.2827,0.3818,0.2163,0.3458,0.1289,0.4989,0.5377,0.37221,0.33099
True,36046,103644,Georgia,Bulldogs,0.233,0.1667,0.6,0.2984,0.3979,0.2187,0.3333,0.0806,0.5171,0.5145,0.40228,0.33975
False,27693,103379,Bryant,Bulldogs,0.2522,0.2081,0.6049,0.3284,0.3868,0.1642,0.3149,0.1223,0.4926,0.5322,0.38514,0.28772
True,27693,103379,Bryant,Bulldogs,0.2192,0.2556,0.6172,0.3732,0.3959,0.1436,0.3077,0.0853,0.5168,0.5557,0.39796,0.38095
False,30629,103379,Bryant,Bulldogs,0.2492,0.1635,0.5407,0.2956,0.4232,0.224,0.3681,0.1447,0.5196,0.49,0.33569,0.31742
True,30629,103379,Bryant,Bulldogs,0.2354,0.2215,0.6541,0.3159,0.4301,0.1848,0.2847,0.0681,0.5007,0.5714,0.4312,0.30415
True,30629,103652,Gonzaga,Bulldogs,0.2139,0.2364,0.7143,0.3563,0.5038,0.1961,0.3989,0.0938,0.5524,0.6396,0.35379,0.36953
True,27693,103652,Gonzaga,Bulldogs,0.2225,0.2403,0.7399,0.4402,0.4885,0.1552,0.3521,0.0723,0.5954,0.6744,0.33232,0.36753
False,36046,103652,Gonzaga,Bulldogs,0.2439,0.1258,0.6062,0.2669,0.3319,0.2195,0.3323,0.1471,0.4864,0.4825,0.36653,0.33585
True,36046,103652,Gonzaga,Bulldogs,0.2281,0.182,0.7291,0.3261,0.4844,0.2225,0.4319,0.1392,0.5486,0.6298,0.31221,0.36
False,41097,103652,Gonzaga,Bulldogs,0.2493,0.1342,0.6245,0.2425,0.365,0.2034,0.3242,0.1267,0.4458,0.5061,0.42751,0.30556
True,41097,103652,Gonzaga,Bulldogs,0.2407,0.1954,0.706,0.344,0.4825,0.219,0.4196,0.1291,0.563,0.6191,0.3079,0.33284
True,38409,103652,Gonzaga,Bulldogs,0.2415,0.1937,0.6874,0.3269,0.5144,0.2197,0.3769,0.1175,0.5466,0.6179,0.3359,0.35397
False,38409,103652,Gonzaga,Bulldogs,0.253,0.1278,0.6386,0.2537,0.3878,0.2095,0.364,0.1344,0.4632,0.5251,0.40238,0.30224
True,33533,103652,Gonzaga,Bulldogs,0.2336,0.1894,0.7116,0.3449,0.4793,0.2121,0.427,0.1201,0.557,0.6231,0.32296,0.37856
False,33533,103652,Gonzaga,Bulldogs,0.2667,0.1445,0.6835,0.2645,0.3528,0.2133,0.3784,0.1318,0.4777,0.5359,0.39047,0.34892
False,30629,103652,Gonzaga,Bulldogs,0.2517,0.1349,0.557,0.262,0.3354,0.2384,0.315,0.1667,0.5005,0.4514,0.33285,0.30535
False,27693,103652,Gonzaga,Bulldogs,0.263,0.1427,0.6151,0.2828,0.3582,0.1974,0.3659,0.1821,0.4802,0.5095,0.33774,0.32681
False,27693,103384,Buffalo,Bulls,0.2312,0.1466,0.6204,0.2702,0.4133,0.2633,0.3196,0.137,0.5335,0.5182,0.32958,0.28653
True,27693,103384,Buffalo,Bulls,0.2398,0.1909,0.6737,0.3153,0.3996,0.2906,0.3285,0.0824,0.6059,0.5422,0.31167,0.33784
True,30629,103384,Buffalo,Bulls,0.2403,0.1761,0.6603,0.2933,0.4428,0.2366,0.3006,0.0884,0.5299,0.5632,0.38171,0.34137
False,30629,103384,Buffalo,Bulls,0.2333,0.1456,0.5863,0.2951,0.3968,0.2314,0.371,0.1502,0.5265,0.503,0.32325,0.31691
True,33533,103384,Buffalo,Bulls,0.2575,0.197,0.616,0.2995,0.4828,0.2475,0.3524,0.105,0.547,0.5558,0.348,0.32184
False,33533,103384,Buffalo,Bulls,0.2356,0.1528,0.6551,0.2673,0.4081,0.241,0.4093,0.1334,0.5082,0.538,0.35839,0.35057
False,36046,103384,Buffalo,Bulls,0.2112,0.1651,0.6624,0.2814,0.4604,0.2492,0.3843,0.1121,0.5306,0.5675,0.35722,0.36337
True,36046,103384,Buffalo,Bulls,0.2246,0.138,0.6758,0.2579,0.4347,0.2049,0.3418,0.1295,0.4628,0.5691,0.40765,0.27748
True,38409,103384,Buffalo,Bulls,0.2314,0.1456,0.6224,0.3229,0.4349,0.1856,0.2105,0.0522,0.5085,0.554,0.43932,0.30375
False,38409,103384,Buffalo,Bulls,0.239,0.1716,0.6345,0.3457,0.4236,0.1782,0.3807,0.112,0.5239,0.5627,0.36415,0.3653
False,41097,103384,Buffalo,Bulls,0.2614,0.1399,0.6757,0.3018,0.484,0.1865,0.3714,0.0952,0.4883,0.6024,0.41653,0.34987
True,41097,103384,Buffalo,Bulls,0.2421,0.1155,0.6457,0.2786,0.5016,0.1799,0.329,0.0874,0.4585,0.5892,0.45403,0.38261
True,27693,104234,South Fla.,Bulls,0.2558,0.178,0.5512,0.2984,0.3423,0.1738,0.3651,0.1973,0.4722,0.4743,0.33046,0.32701
False,27693,104234,South Fla.,Bulls,0.2693,0.1759,0.6383,0.3037,0.3714,0.1414,0.4107,0.1357,0.4451,0.5535,0.41922,0.34489
False,30629,104234,South Fla.,Bulls,0.2387,0.1505,0.6108,0.3002,0.3294,0.1528,0.2936,0.1306,0.453,0.5159,0.41642,0.33813
True,30629,104234,South Fla.,Bulls,0.2647,0.1623,0.5567,0.276,0.3333,0.1542,0.3481,0.2648,0.4302,0.4766,0.30503,0.25275
True,33533,104234,South Fla.,Bulls,0.2537,0.1843,0.6184,0.342,0.4312,0.1552,0.3305,0.1344,0.4972,0.56,0.36839,0.3374
False,33533,104234,South Fla.,Bulls,0.2416,0.1414,0.5871,0.3254,0.3786,0.1636,0.3548,0.1268,0.4889,0.5173,0.38435,0.35258
True,36046,104234,South Fla.,Bulls,0.2543,0.1734,0.593,0.3168,0.3396,0.1395,0.4148,0.1205,0.4563,0.5156,0.42316,0.36692
False,36046,104234,South Fla.,Bulls,0.2736,0.1521,0.5994,0.3451,0.3494,0.1726,0.3131,0.1029,0.5177,0.5161,0.37942,0.31507
True,38409,104234,South Fla.,Bulls,0.2485,0.1897,0.6176,0.3649,0.4052,0.1611,0.3386,0.0995,0.5261,0.5526,0.37441,0.31786
False,38409,104234,South Fla.,Bulls,0.2503,0.1466,0.5987,0.3361,0.3766,0.1665,0.364,0.1201,0.5026,0.5252,0.37724,0.3324
True,41097,104234,South Fla.,Bulls,0.2683,0.2045,0.593,0.3956,0.3734,0.1401,0.2857,0.0248,0.5357,0.5356,0.43947,0.32593
False,41097,104234,South Fla.,Bulls,0.2691,0.1534,0.5471,0.3209,0.3806,0.1727,0.3465,0.1094,0.4935,0.4888,0.39712,0.3442
False,27693,103831,Louisville,Cardinals,0.2638,0.1389,0.6656,0.2673,0.3913,0.1613,0.3492,0.1656,0.4286,0.5624,0.40578,0.30454
True,27693,103831,Louisville,Cardinals,0.2585,0.1276,0.6292,0.2871,0.4049,0.2155,0.3587,0.1946,0.5026,0.533,0.30279,0.30836
True,33533,103831,Louisville,Cardinals,0.2507,0.1207,0.6473,0.2435,0.3964,0.2612,0.3077,0.1376,0.5047,0.5175,0.35765,0.32895
False,33533,103831,Louisville,Cardinals,0.255,0.1598,0.7086,0.2691,0.437,0.2089,0.3948,0.1251,0.478,0.5899,0.39689,0.35183
False,30629,103831,Louisville,Cardinals,0.2258,0.1275,0.6305,0.2454,0.4506,0.2144,0.3322,0.1585,0.4598,0.5466,0.38165,0.34851
True,30629,103831,Louisville,Cardinals,0.2561,0.1693,0.6765,0.2333,0.4313,0.2205,0.3147,0.1233,0.4538,0.5574,0.42295,0.30905
True,36046,103831,Louisville,Cardinals,0.2454,0.1378,0.6354,0.2679,0.4123,0.2488,0.3937,0.1718,0.5166,0.528,0.31151,0.30648
False,36046,103831,Louisville,Cardinals,0.2742,0.1669,0.6974,0.264,0.4271,0.2069,0.4,0.1376,0.4709,0.5787,0.39153,0.37162
True,38409,103831,Louisville,Cardinals,0.2293,0.1629,0.6719,0.2759,0.477,0.1978,0.35,0.0479,0.4737,0.5905,0.47845,0.32833
False,38409,103831,Louisville,Cardinals,0.2705,0.1317,0.6411,0.2541,0.3854,0.2278,0.3537,0.12,0.482,0.5202,0.39805,0.34069
False,41097,103831,Louisville,Cardinals,0.2536,0.1249,0.6434,0.2662,0.413,0.2056,0.3,0.1336,0.4719,0.543,0.39456,0.32285
True,41097,103831,Louisville,Cardinals,0.2655,0.195,0.6822,0.3013,0.4631,0.1398,0.3125,0.03,0.4411,0.6128,0.52886,0.36025
True,27693,103325,Ball St.,Cardinals,0.2681,0.1472,0.6299,0.3143,0.4,0.159,0.3522,0.1149,0.4733,0.5527,0.41185,0.34211
False,27693,103325,Ball St.,Cardinals,0.2486,0.1706,0.6386,0.3178,0.3745,0.1712,0.3495,0.1311,0.4891,0.5461,0.37984,0.30983
True,30629,103325,Ball St.,Cardinals,0.2534,0.1666,0.5913,0.3225,0.4314,0.1716,0.3054,0.0937,0.4941,0.5358,0.41223,0.36054
False,30629,103325,Ball St.,Cardinals,0.2789,0.1511,0.5892,0.2883,0.4561,0.1527,0.3918,0.1313,0.4411,0.5431,0.42765,0.35965
False,33533,103325,Ball St.,Cardinals,0.3009,0.1415,0.5672,0.3257,0.3846,0.2082,0.3543,0.1356,0.5339,0.496,0.33049,0.38288
True,33533,103325,Ball St.,Cardinals,0.243,0.1419,0.6505,0.335,0.4353,0.1905,0.3265,0.1098,0.5255,0.5725,0.36471,0.36866
True,36046,103325,Ball St.,Cardinals,0.2248,0.1339,0.6138,0.2851,0.4255,0.1906,0.3598,0.153,0.4757,0.5384,0.37138,0.36193
False,36046,103325,Ball St.,Cardinals,0.2833,0.1345,0.6396,0.3048,0.4108,0.2032,0.332,0.1389,0.508,0.5481,0.3531,0.34215
True,38409,103325,Ball St.,Cardinals,0.24,0.1319,0.6271,0.3824,0.3557,0.1473,0.3473,0.0972,0.5297,0.5516,0.37311,0.34477
False,38409,103325,Ball St.,Cardinals,0.2925,0.1489,0.6745,0.2946,0.4136,0.1735,0.3745,0.1302,0.4681,0.5778,0.40171,0.31067
False,41097,103325,Ball St.,Cardinals,0.2405,0.1568,0.6233,0.3046,0.4385,0.1875,0.3697,0.0976,0.492,0.5529,0.41041,0.33429
True,41097,103325,Ball St.,Cardinals,0.244,0.1275,0.598,0.3354,0.3739,0.1955,0.2878,0.0788,0.5309,0.5155,0.39037,0.3164
False,41097,103724,UIW,Cardinals,0.2546,0.1682,0.6203,0.3475,0.462,0.1938,0.4056,0.106,0.5412,0.5637,0.35277,0.34391
True,41097,103791,Lamar University,Cardinals,0.2641,0.1509,0.5737,0.3071,0.4078,0.1519,0.3967,0.1956,0.4591,0.5188,0.34537,0.32917
False,41097,103791,Lamar University,Cardinals,0.236,0.1559,0.5854,0.3558,0.4115,0.1361,0.2939,0.1373,0.4919,0.5373,0.37086,0.34903
False,33533,103791,Lamar University,Cardinals,0.2487,0.1802,0.6434,0.3407,0.3519,0.1166,0.3568,0.0999,0.4573,0.5691,0.44276,0.34024
False,33533,103724,UIW,Cardinals,0.246,0.1835,0.6577,0.2973,0.4791,0.2445,0.3317,0.1165,0.5418,0.5771,0.34167,0.35607
False,30629,103724,UIW,Cardinals,0.2452,0.1838,0.7372,0.3085,0.4265,0.1888,0.3933,0.1453,0.4973,0.6193,0.35745,0.36377
False,38409,103791,Lamar University,Cardinals,0.2413,0.1878,0.5833,0.3209,0.347,0.1695,0.3226,0.1326,0.4904,0.5016,0.37701,0.31631
True,38409,103791,Lamar University,Cardinals,0.2316,0.1858,0.5587,0.3229,0.4212,0.186,0.3219,0.1617,0.5088,0.5084,0.32946,0.35276
False,36046,103724,UIW,Cardinals,0.2475,0.1854,0.5839,0.3442,0.4478,0.2149,0.3065,0.0994,0.5591,0.5315,0.34153,0.35681
True,36046,103724,UIW,Cardinals,0.2675,0.1693,0.5896,0.3014,0.405,0.1994,0.3696,0.1025,0.5008,0.5161,0.39666,0.33146
True,36046,103791,Lamar University,Cardinals,0.2656,0.1995,0.6362,0.319,0.4006,0.159,0.3647,0.1679,0.478,0.5579,0.35407,0.34589
False,36046,103791,Lamar University,Cardinals,0.2647,0.1848,0.601,0.3095,0.3657,0.161,0.3253,0.1298,0.4706,0.5205,0.39969,0.33507
True,38409,103724,UIW,Cardinals,0.2575,0.1263,0.6561,0.2868,0.4094,0.2025,0.4188,0.1525,0.4893,0.554,0.35827,0.37101
False,38409,103724,UIW,Cardinals,0.2356,0.1566,0.5929,0.3532,0.4005,0.2154,0.3738,0.1039,0.5686,0.52,0.32745,0.34977
True,27693,103724,UIW,Cardinals,0.2663,0.1515,0.6177,0.2776,0.4105,0.1944,0.3448,0.1477,0.472,0.5324,0.38031,0.375
False,27693,103724,UIW,Cardinals,0.2589,0.1853,0.6818,0.3133,0.4764,0.2009,0.3416,0.1598,0.5142,0.6015,0.32595,0.30583
True,30629,103724,UIW,Cardinals,0.2587,0.1346,0.5612,0.2116,0.4159,0.1908,0.4113,0.1491,0.4024,0.4923,0.44851,0.3463
True,41097,103724,UIW,Cardinals,0.272,0.1373,0.5841,0.2937,0.4415,0.1899,0.3527,0.1244,0.4836,0.5281,0.392,0.37677
False,27693,103791,Lamar University,Cardinals,0.2444,0.1748,0.6086,0.3386,0.3978,0.1635,0.3178,0.1435,0.5021,0.54,0.35441,0.38765
True,27693,103791,Lamar University,Cardinals,0.2403,0.1904,0.5947,0.3022,0.3926,0.2027,0.3248,0.2183,0.505,0.5135,0.27674,0.31236
True,33533,103724,UIW,Cardinals,0.2493,0.1816,0.6163,0.2449,0.456,0.2785,0.3357,0.1595,0.5233,0.531,0.3172,0.34829
True,33533,103791,Lamar University,Cardinals,0.2338,0.153,0.5625,0.3803,0.3755,0.1522,0.3838,0.1534,0.5325,0.509,0.31409,0.32072
False,30629,103791,Lamar University,Cardinals,0.2401,0.1798,0.6789,0.269,0.4063,0.1777,0.3364,0.1339,0.4466,0.5704,0.41949,0.34706
True,30629,103791,Lamar University,Cardinals,0.2833,0.1432,0.6031,0.2344,0.3775,0.2689,0.3503,0.1897,0.5033,0.4826,0.30695,0.29921
True,27693,104450,Western Caro.,Catamounts,0.2333,0.1824,0.6204,0.3539,0.4154,0.1782,0.3239,0.0465,0.5321,0.5517,0.42136,0.34059
False,27693,104450,Western Caro.,Catamounts,0.2673,0.1658,0.66,0.3379,0.3955,0.1655,0.3314,0.1044,0.5034,0.573,0.39222,0.35906
True,30629,104450,Western Caro.,Catamounts,0.2458,0.1609,0.6206,0.2552,0.3579,0.1673,0.2833,0.0672,0.4225,0.5166,0.51035,0.3125
False,30629,104450,Western Caro.,Catamounts,0.2312,0.146,0.6992,0.2958,0.3272,0.1541,0.2733,0.0912,0.4499,0.5718,0.45892,0.35926
False,33533,104450,Western Caro.,Catamounts,0.2515,0.1392,0.6239,0.3065,0.4178,0.2264,0.3396,0.1659,0.5328,0.5364,0.30129,0.32419
True,33533,104450,Western Caro.,Catamounts,0.2529,0.153,0.6304,0.3089,0.3394,0.1952,0.3333,0.0734,0.5041,0.5177,0.42253,0.34499
False,36046,104450,Western Caro.,Catamounts,0.2389,0.1387,0.5344,0.2854,0.3789,0.2456,0.3831,0.1525,0.531,0.4625,0.31644,0.32843
True,36046,104450,Western Caro.,Catamounts,0.2458,0.1509,0.5938,0.3449,0.446,0.1793,0.3694,0.1131,0.5242,0.5432,0.36271,0.36657
False,38409,104450,Western Caro.,Catamounts,0.2084,0.1642,0.6166,0.3346,0.3768,0.1445,0.3356,0.078,0.4791,0.5443,0.44293,0.32388
True,38409,104450,Western Caro.,Catamounts,0.239,0.1453,0.5554,0.3359,0.3125,0.105,0.3615,0.0711,0.4409,0.4975,0.48796,0.30493
True,41097,104450,Western Caro.,Catamounts,0.279,0.136,0.6181,0.3432,0.3846,0.1392,0.3905,0.1071,0.4824,0.5507,0.4105,0.33416
False,41097,104450,Western Caro.,Catamounts,0.226,0.1612,0.6118,0.3269,0.4593,0.1394,0.3934,0.1037,0.4663,0.5662,0.43003,0.36232
True,38409,104401,Vermont,Catamounts,0.2167,0.1238,0.5847,0.3298,0.4509,0.1537,0.3423,0.0833,0.4835,0.5422,0.4332,0.33032
True,41097,104401,Vermont,Catamounts,0.2635,0.1138,0.6697,0.2893,0.4702,0.1666,0.3989,0.0956,0.4559,0.5968,0.44856,0.33993
False,41097,104401,Vermont,Catamounts,0.2584,0.1186,0.597,0.258,0.4213,0.1938,0.3415,0.1339,0.4518,0.5217,0.41426,0.35217
True,33533,104401,Vermont,Catamounts,0.2276,0.1186,0.6583,0.314,0.5167,0.1578,0.3262,0.0984,0.4719,0.6109,0.42977,0.35741
True,36046,104401,Vermont,Catamounts,0.2166,0.124,0.6431,0.3354,0.3986,0.1444,0.3882,0.0768,0.4798,0.5695,0.44343,0.34169
False,27693,104401,Vermont,Catamounts,0.2932,0.1235,0.6047,0.2654,0.381,0.1815,0.3496,0.1519,0.4469,0.5138,0.40123,0.31077
True,27693,104401,Vermont,Catamounts,0.268,0.1444,0.6775,0.3333,0.3798,0.1558,0.3647,0.1027,0.4891,0.5827,0.40821,0.3432
False,30629,104401,Vermont,Catamounts,0.2516,0.1165,0.6093,0.2649,0.3703,0.1984,0.2896,0.1592,0.4633,0.5069,0.37748,0.34233
False,36046,104401,Vermont,Catamounts,0.2348,0.1316,0.5629,0.3451,0.3832,0.1857,0.2545,0.111,0.5308,0.5,0.35822,0.31408
True,30629,104401,Vermont,Catamounts,0.2173,0.1459,0.715,0.3302,0.4577,0.1493,0.343,0.0904,0.4795,0.6349,0.43007,0.3643
False,33533,104401,Vermont,Catamounts,0.238,0.1439,0.6091,0.3071,0.4551,0.1849,0.3168,0.1404,0.492,0.5512,0.36763,0.3586
False,38409,104401,Vermont,Catamounts,0.2402,0.1347,0.5933,0.3272,0.3627,0.1668,0.3318,0.1216,0.494,0.5155,0.38441,0.31773
False,27693,103562,Eastern Ky.,Colonels,0.217,0.2017,0.6056,0.3373,0.4407,0.2102,0.3766,0.0914,0.5475,0.5423,0.36105,0.30921
True,27693,103562,Eastern Ky.,Colonels,0.2564,0.1978,0.6614,0.2705,0.3543,0.1864,0.3399,0.1629,0.4569,0.5361,0.38019,0.36415
True,30629,103562,Eastern Ky.,Colonels,0.2264,0.1873,0.5844,0.248,0.4088,0.16,0.3362,0.1078,0.408,0.5156,0.48424,0.35277
False,30629,103562,Eastern Ky.,Colonels,0.2022,0.1843,0.6389,0.2927,0.5039,0.2065,0.3663,0.1095,0.4992,0.5831,0.39133,0.34072
True,33533,103562,Eastern Ky.,Colonels,0.2228,0.2044,0.6369,0.2936,0.4133,0.1713,0.3315,0.1608,0.4648,0.5545,0.3744,0.33839
False,33533,103562,Eastern Ky.,Colonels,0.213,0.1804,0.6235,0.3138,0.3456,0.1791,0.2851,0.1078,0.4929,0.5225,0.39934,0.33846
True,36046,103562,Eastern Ky.,Colonels,0.2289,0.1808,0.6694,0.3006,0.3823,0.1811,0.3803,0.1781,0.4817,0.5615,0.34019,0.35841
False,36046,103562,Eastern Ky.,Colonels,0.2362,0.1706,0.5629,0.2964,0.3654,0.2359,0.3665,0.1265,0.5323,0.4754,0.34123,0.37371
False,38409,103562,Eastern Ky.,Colonels,0.2283,0.1642,0.6496,0.3286,0.3778,0.2087,0.3607,0.0962,0.5373,0.544,0.36646,0.35581
True,38409,103562,Eastern Ky.,Colonels,0.2443,0.1668,0.6068,0.2273,0.4253,0.1864,0.372,0.1615,0.4137,0.525,0.4248,0.34615
False,41097,103562,Eastern Ky.,Colonels,0.2426,0.1925,0.6486,0.2943,0.512,0.1988,0.4229,0.0928,0.4931,0.5935,0.4141,0.36108
True,41097,103562,Eastern Ky.,Colonels,0.2647,0.1373,0.6471,0.2456,0.3988,0.1599,0.4,0.0872,0.4056,0.5491,0.50722,0.35363
True,27693,103992,Nicholls,Colonels,0.2501,0.1974,0.6442,0.3228,0.46,0.1862,0.3602,0.1155,0.509,0.5768,0.37554,0.32066
True,33533,103992,Nicholls,Colonels,0.2883,0.2029,0.6218,0.3075,0.447,0.2,0.3961,0.1318,0.5075,0.553,0.36072,0.34097
False,33533,103992,Nicholls,Colonels,0.2396,0.1641,0.6473,0.2886,0.4161,0.1856,0.359,0.1401,0.4743,0.5568,0.38563,0.33851
False,41097,103992,Nicholls,Colonels,0.249,0.1665,0.6396,0.3944,0.4468,0.13,0.3293,0.0907,0.5243,0.5918,0.38496,0.34483
True,41097,103992,Nicholls,Colonels,0.2638,0.1724,0.5943,0.3685,0.393,0.1051,0.3333,0.0847,0.4736,0.5497,0.44171,0.33373
True,38409,103992,Nicholls,Colonels,0.2532,0.1806,0.5589,0.3896,0.3185,0.1659,0.3918,0.0844,0.5556,0.4871,0.36,0.34568
True,36046,103992,Nicholls,Colonels,0.2719,0.1665,0.6099,0.2551,0.433,0.2541,0.3648,0.0833,0.5092,0.5216,0.40754,0.36504
False,36046,103992,Nicholls,Colonels,0.2531,0.1351,0.6528,0.2602,0.4264,0.2548,0.3373,0.1259,0.5151,0.5407,0.35901,0.31499
True,30629,103992,Nicholls,Colonels,0.2538,0.2057,0.7214,0.3058,0.4116,0.1589,0.3754,0.1571,0.4648,0.6155,0.37817,0.32765
False,30629,103992,Nicholls,Colonels,0.2057,0.1699,0.5901,0.3082,0.3612,0.1707,0.3196,0.1482,0.4789,0.5085,0.3729,0.3347
False,27693,103992,Nicholls,Colonels,0.2317,0.1744,0.5944,0.3067,0.3811,0.1763,0.3473,0.159,0.483,0.5165,0.35795,0.34572
False,38409,103992,Nicholls,Colonels,0.226,0.1603,0.5738,0.3464,0.3861,0.1564,0.376,0.1249,0.5028,0.5154,0.37223,0.29542
True,33533,103454,Chicago St.,Cougars,0.2751,0.1815,0.5853,0.3637,0.368,0.1423,0.3363,0.0643,0.506,0.5242,0.42971,0.33907
False,33533,103454,Chicago St.,Cougars,0.2452,0.1582,0.6367,0.3303,0.4098,0.1492,0.379,0.1391,0.4795,0.5661,0.38138,0.34412
False,36046,103454,Chicago St.,Cougars,0.2562,0.1723,0.6269,0.3745,0.4337,0.1727,0.3822,0.1068,0.5472,0.5659,0.346,0.3231
True,36046,103454,Chicago St.,Cougars,0.2623,0.2019,0.5925,0.3662,0.3599,0.1729,0.3214,0.1079,0.5391,0.5179,0.35297,0.31357
True,27693,103478,Col. of Charleston,Cougars,0.2626,0.1374,0.6223,0.2186,0.4537,0.2129,0.4098,0.1717,0.4315,0.5391,0.39681,0.37352
False,27693,103478,Col. of Charleston,Cougars,0.2496,0.1414,0.638,0.2115,0.4667,0.244,0.3595,0.1464,0.4555,0.5462,0.39809,0.36058
True,41097,103478,Col. of Charleston,Cougars,0.2471,0.16,0.7085,0.2795,0.4279,0.2434,0.3115,0.0988,0.5229,0.5779,0.37831,0.29672
False,41097,103478,Col. of Charleston,Cougars,0.2869,0.1406,0.6348,0.2575,0.3731,0.1901,0.3667,0.1182,0.4476,0.5237,0.43427,0.32313
False,38409,103478,Col. of Charleston,Cougars,0.2432,0.1457,0.6637,0.2785,0.4114,0.2146,0.3257,0.1063,0.4932,0.5539,0.40049,0.32156
True,38409,103478,Col. of Charleston,Cougars,0.2224,0.1651,0.656,0.2875,0.4206,0.2278,0.3432,0.0861,0.5153,0.5519,0.39857,0.35294
False,30629,103478,Col. of Charleston,Cougars,0.2468,0.1718,0.637,0.2922,0.4329,0.2094,0.3782,0.1458,0.5016,0.5518,0.3526,0.34135
True,30629,103478,Col. of Charleston,Cougars,0.28,0.1907,0.5926,0.3203,0.4123,0.2153,0.3702,0.0888,0.5356,0.5201,0.37567,0.33943
True,33533,103478,Col. of Charleston,Cougars,0.24,0.1892,0.6281,0.2625,0.456,0.2018,0.3443,0.057,0.4643,0.5533,0.47875,0.32878
False,33533,103478,Col. of Charleston,Cougars,0.2615,0.1451,0.6179,0.2607,0.4416,0.2547,0.3704,0.1606,0.5154,0.5308,0.32408,0.30428
True,36046,103478,Col. of Charleston,Cougars,0.2301,0.167,0.655,0.2634,0.4159,0.227,0.3371,0.0391,0.4903,0.5443,0.47059,0.34328
False,36046,103478,Col. of Charleston,Cougars,0.2379,0.1448,0.6644,0.2808,0.3797,0.2244,0.3678,0.1236,0.5052,0.538,0.37121,0.34311
False,27693,104160,SIUE,Cougars,0.2546,0.1847,0.6524,0.3205,0.415,0.1831,0.3861,0.1143,0.5036,0.5661,0.38205,0.3428
True,27693,104160,SIUE,Cougars,0.2417,0.1457,0.6481,0.2908,0.444,0.2062,0.3096,0.1515,0.4969,0.5635,0.35154,0.3151
False,30629,104160,SIUE,Cougars,0.2562,0.1636,0.5996,0.2909,0.3604,0.191,0.3382,0.117,0.4819,0.5048,0.40103,0.3133
True,30629,104160,SIUE,Cougars,0.2611,0.1817,0.62,0.3339,0.3774,0.1788,0.3266,0.143,0.5127,0.5354,0.34429,0.29146
True,41097,104160,SIUE,Cougars,0.2453,0.1455,0.6409,0.2924,0.4211,0.1944,0.3309,0.1497,0.4868,0.5531,0.36349,0.34667
False,41097,104160,SIUE,Cougars,0.2339,0.1449,0.5935,0.2559,0.3599,0.2003,0.354,0.1602,0.4562,0.491,0.3836,0.29842
False,36046,104160,SIUE,Cougars,0.2506,0.1495,0.6316,0.3013,0.347,0.1733,0.3358,0.1482,0.4746,0.5276,0.37726,0.36087
True,36046,104160,SIUE,Cougars,0.2515,0.1467,0.615,0.2723,0.3912,0.1847,0.3506,0.1771,0.457,0.5245,0.3659,0.33241
True,38409,104160,SIUE,Cougars,0.2459,0.1578,0.6328,0.2764,0.3891,0.2266,0.3487,0.1286,0.503,0.523,0.36847,0.33289
True,33533,104160,SIUE,Cougars,0.2518,0.1655,0.6371,0.2645,0.4071,0.2191,0.3824,0.1419,0.4836,0.5329,0.37454,0.32869
False,33533,104160,SIUE,Cougars,0.2767,0.1674,0.5978,0.2825,0.3678,0.2149,0.3942,0.1415,0.4974,0.4984,0.36105,0.33619
False,38409,104160,SIUE,Cougars,0.2494,0.1289,0.5821,0.24,0.3649,0.2272,0.362,0.1428,0.4672,0.4765,0.38997,0.32808
True,36046,103320,BYU,Cougars,0.2579,0.1728,0.7081,0.2988,0.3633,0.1239,0.3885,0.0729,0.4227,0.607,0.50441,0.34775
False,36046,103320,BYU,Cougars,0.2228,0.1423,0.6433,0.2996,0.3333,0.1962,0.3678,0.1643,0.4958,0.5206,0.33999,0.32012
True,36046,103704,Houston,Cougars,0.2801,0.1219,0.6932,0.2306,0.4106,0.2279,0.3325,0.1738,0.4586,0.5527,0.36767,0.34836
False,36046,103704,Houston,Cougars,0.255,0.1355,0.5847,0.2664,0.3099,0.1837,0.3069,0.1488,0.4501,0.4726,0.40118,0.3012
False,38409,103320,BYU,Cougars,0.2476,0.1363,0.589,0.2504,0.4045,0.1688,0.428,0.1185,0.4192,0.5147,0.4623,0.35692
True,38409,103320,BYU,Cougars,0.2398,0.1626,0.6737,0.329,0.4525,0.1411,0.4017,0.0541,0.4702,0.6073,0.47571,0.3677
False,38409,103704,Houston,Cougars,0.2539,0.1283,0.5868,0.2663,0.3352,0.1758,0.2953,0.1237,0.4421,0.4868,0.43427,0.30157
True,38409,103704,Houston,Cougars,0.2624,0.0996,0.6562,0.2001,0.4232,0.2676,0.3651,0.185,0.4677,0.5229,0.34732,0.39372
False,41097,103704,Houston,Cougars,0.2484,0.1345,0.6056,0.2766,0.339,0.1815,0.2816,0.1267,0.4581,0.5,0.4152,0.31631
True,41097,103704,Houston,Cougars,0.282,0.1261,0.7206,0.1967,0.4447,0.1971,0.3882,0.1989,0.3938,0.5825,0.40733,0.3469
False,41097,103320,BYU,Cougars,0.2667,0.1454,0.6123,0.3108,0.3714,0.1754,0.406,0.1238,0.4863,0.5254,0.38995,0.35322
True,41097,103320,BYU,Cougars,0.2288,0.1882,0.6558,0.3382,0.4756,0.179,0.369,0.0861,0.5173,0.5934,0.39669,0.34571
False,27693,104427,Washington St.,Cougars,0.2734,0.1555,0.6019,0.2665,0.4012,0.2102,0.3443,0.1949,0.4767,0.5134,0.32843,0.31323
True,27693,104427,Washington St.,Cougars,0.2659,0.134,0.5635,0.2917,0.3607,0.1819,0.355,0.13,0.4737,0.4856,0.39636,0.34098
True,33533,104427,Washington St.,Cougars,0.2511,0.1159,0.6011,0.2757,0.3209,0.1673,0.3475,0.123,0.4429,0.4953,0.43408,0.37215
False,33533,104427,Washington St.,Cougars,0.2626,0.1371,0.5952,0.3083,0.4623,0.2123,0.3851,0.1579,0.5205,0.541,0.3216,0.32172
True,36046,104427,Washington St.,Cougars,0.2534,0.1278,0.6242,0.3187,0.4641,0.2043,0.3899,0.1554,0.523,0.5617,0.3216,0.33891
False,36046,104427,Washington St.,Cougars,0.2586,0.1261,0.5772,0.3108,0.3683,0.2168,0.3793,0.1612,0.5275,0.4914,0.31127,0.32468
False,30629,104427,Washington St.,Cougars,0.2695,0.1545,0.5808,0.3022,0.402,0.1925,0.356,0.1562,0.4947,0.5112,0.34913,0.30609
True,30629,104427,Washington St.,Cougars,0.263,0.1244,0.592,0.2671,0.3474,0.1697,0.3346,0.1215,0.4368,0.4969,0.44172,0.33468
False,27693,103454,Chicago St.,Cougars,0.2142,0.2022,0.7697,0.3058,0.4649,0.2294,0.3333,0.0966,0.5352,0.6391,0.36821,0.39891
True,27693,103454,Chicago St.,Cougars,0.282,0.1517,0.7576,0.1486,0.3333,0.2365,0.3068,0.1982,0.3851,0.4971,0.41667,0.26486
True,30629,103454,Chicago St.,Cougars,0.2984,0.138,0.5961,0.2704,0.3333,0.1665,0.293,0.1269,0.4368,0.4959,0.43625,0.30582
False,30629,103454,Chicago St.,Cougars,0.2656,0.1724,0.6313,0.3124,0.4156,0.1858,0.3193,0.1435,0.4982,0.5508,0.35826,0.40236
False,27693,103704,Houston,Cougars,0.2714,0.1727,0.5584,0.3076,0.3049,0.1498,0.312,0.162,0.4574,0.4754,0.38063,0.2896
True,27693,103704,Houston,Cougars,0.2786,0.1454,0.6553,0.2545,0.4286,0.1428,0.3231,0.1831,0.3972,0.5738,0.41968,0.35358
False,30629,103704,Houston,Cougars,0.2611,0.1638,0.5816,0.2601,0.3089,0.1633,0.3144,0.1493,0.4234,0.4764,0.42736,0.28738
True,30629,103704,Houston,Cougars,0.2656,0.1287,0.7025,0.3039,0.4232,0.1751,0.3467,0.1323,0.479,0.6004,0.38862,0.33825
False,33533,103704,Houston,Cougars,0.2546,0.1367,0.5688,0.3047,0.3243,0.134,0.2245,0.1267,0.4387,0.4941,0.43456,0.27857
True,33533,103704,Houston,Cougars,0.2627,0.1398,0.6799,0.2864,0.4303,0.1888,0.3676,0.1457,0.4753,0.5807,0.37903,0.34012
True,41097,103454,Chicago St.,Cougars,0.2893,0.1268,0.5522,0.2838,0.4066,0.196,0.3325,0.2073,0.4798,0.4927,0.31287,0.31842
True,38409,103454,Chicago St.,Cougars,0.2778,0.1504,0.5373,0.2885,0.3477,0.1625,0.3206,0.141,0.451,0.469,0.40797,0.30607
False,38409,103454,Chicago St.,Cougars,0.211,0.1742,0.6285,0.3456,0.4985,0.1782,0.3816,0.0823,0.5238,0.5843,0.39382,0.35763
False,41097,103454,Chicago St.,Cougars,0.2358,0.1754,0.7024,0.3075,0.4309,0.1089,0.3932,0.0677,0.4163,0.6314,0.51592,0.3569
True,27693,103320,BYU,Cougars,0.2544,0.1501,0.715,0.2621,0.4631,0.2267,0.3934,0.1178,0.4887,0.5982,0.39343,0.37316
False,27693,103320,BYU,Cougars,0.2638,0.157,0.693,0.218,0.3587,0.2097,0.3147,0.2167,0.4277,0.5291,0.35564,0.33333
False,41097,104427,Washington St.,Cougars,0.2468,0.1324,0.619,0.3269,0.4488,0.1745,0.4048,0.1324,0.5013,0.5597,0.36626,0.35151
True,33533,103320,BYU,Cougars,0.2776,0.1807,0.6574,0.3227,0.392,0.1753,0.3744,0.0971,0.498,0.564,0.40488,0.33948
False,33533,103320,BYU,Cougars,0.2549,0.1694,0.6157,0.2894,0.387,0.1703,0.3633,0.1639,0.4597,0.531,0.37638,0.34034
False,30629,103320,BYU,Cougars,0.2466,0.1622,0.6472,0.2745,0.3659,0.1742,0.3591,0.1762,0.4487,0.538,0.37518,0.3061
True,30629,103320,BYU,Cougars,0.2591,0.1314,0.6442,0.2822,0.4334,0.2109,0.3897,0.1295,0.4931,0.5541,0.37744,0.35309
False,38409,104427,Washington St.,Cougars,0.2596,0.1637,0.6521,0.3336,0.3525,0.18,0.3529,0.0959,0.5136,0.5471,0.39051,0.33694
True,38409,104427,Washington St.,Cougars,0.2696,0.1763,0.67,0.3506,0.465,0.1451,0.4278,0.0913,0.4957,0.61,0.41299,0.36241
True,41097,104427,Washington St.,Cougars,0.2629,0.1588,0.6594,0.299,0.4067,0.146,0.4213,0.1073,0.445,0.5765,0.44771,0.36861
True,27693,104508,Wyoming,Cowboys,0.2703,0.1075,0.6276,0.3067,0.4824,0.1557,0.2787,0.0477,0.4624,0.5787,0.48983,0.35942
False,27693,104508,Wyoming,Cowboys,0.2781,0.1482,0.6607,0.3051,0.4965,0.2227,0.3707,0.1608,0.5278,0.5914,0.31137,0.33249
True,30629,104508,Wyoming,Cowboys,0.23,0.083,0.6744,0.1861,0.5157,0.3067,0.3451,0.0761,0.4928,0.5756,0.4311,0.34204
False,30629,104508,Wyoming,Cowboys,0.292,0.1166,0.6281,0.1822,0.4443,0.2927,0.3789,0.1431,0.4749,0.5148,0.38203,0.30223
False,33533,104508,Wyoming,Cowboys,0.2685,0.1264,0.6821,0.2076,0.4512,0.2579,0.3991,0.1398,0.4655,0.5541,0.39472,0.3617
True,33533,104508,Wyoming,Cowboys,0.2425,0.1023,0.5989,0.2219,0.5084,0.259,0.2421,0.0587,0.4808,0.5501,0.46044,0.34362
True,36046,104508,Wyoming,Cowboys,0.2329,0.1085,0.5874,0.2803,0.4588,0.2422,0.3474,0.1083,0.5225,0.5278,0.36923,0.37191
False,36046,104508,Wyoming,Cowboys,0.2897,0.143,0.648,0.2612,0.4849,0.2079,0.3574,0.1301,0.4692,0.5757,0.40073,0.34159
True,38409,104508,Wyoming,Cowboys,0.2974,0.0796,0.63,0.266,0.4227,0.2182,0.3575,0.1164,0.4843,0.5366,0.39933,0.34225
False,38409,104508,Wyoming,Cowboys,0.2656,0.1539,0.5968,0.2889,0.458,0.2266,0.4118,0.1078,0.5156,0.5358,0.37659,0.33231
True,41097,104508,Wyoming,Cowboys,0.3157,0.1217,0.6143,0.3532,0.4444,0.1527,0.3696,0.071,0.5059,0.563,0.42314,0.3305
False,41097,104508,Wyoming,Cowboys,0.2768,0.1533,0.6381,0.3773,0.4099,0.1603,0.3413,0.0946,0.5377,0.5701,0.36771,0.32666
True,27693,103882,McNeese,Cowboys,0.2364,0.1771,0.6122,0.3949,0.5021,0.1628,0.3644,0.081,0.5577,0.58,0.36126,0.38783
True,36046,103882,McNeese,Cowboys,0.2605,0.1703,0.6331,0.4176,0.3925,0.1467,0.3668,0.0996,0.5643,0.5705,0.336,0.38301
True,41097,103882,McNeese,Cowboys,0.2809,0.2068,0.6249,0.4153,0.3935,0.1349,0.3905,0.1022,0.5501,0.5681,0.34761,0.32073
True,38409,103882,McNeese,Cowboys,0.2495,0.153,0.6301,0.4111,0.4,0.1288,0.3904,0.0926,0.5399,0.5752,0.36751,0.35445
True,33533,103882,McNeese,Cowboys,0.2849,0.1321,0.6006,0.3546,0.4082,0.1231,0.3089,0.1236,0.4776,0.551,0.39879,0.32494
False,33533,103882,McNeese,Cowboys,0.2305,0.1582,0.6387,0.3719,0.3829,0.1401,0.2789,0.099,0.512,0.5687,0.38906,0.38822
False,30629,103882,McNeese,Cowboys,0.2497,0.1826,0.6127,0.3579,0.3661,0.1487,0.3793,0.1462,0.5066,0.5403,0.34728,0.34253
True,30629,103882,McNeese,Cowboys,0.2688,0.1862,0.6306,0.3974,0.377,0.1511,0.3268,0.1226,0.5485,0.5607,0.32883,0.31278
False,27693,103882,McNeese,Cowboys,0.2392,0.185,0.5776,0.3443,0.4091,0.1391,0.3874,0.156,0.4835,0.5291,0.36051,0.36062
False,38409,103882,McNeese,Cowboys,0.243,0.1426,0.5483,0.329,0.3508,0.0996,0.3476,0.1095,0.4286,0.5024,0.46194,0.3228
False,36046,103882,McNeese,Cowboys,0.2703,0.1348,0.5273,0.3007,0.3821,0.1159,0.3298,0.1028,0.4166,0.4869,0.48059,0.31741
False,41097,103882,McNeese,Cowboys,0.2637,0.1406,0.5482,0.3125,0.4195,0.0971,0.3744,0.1133,0.4096,0.5177,0.47712,0.32515
True,27693,104048,Oklahoma St.,Cowboys,0.2356,0.2199,0.6635,0.3539,0.3882,0.2287,0.2941,0.0955,0.5826,0.5554,0.32191,0.33159
False,27693,104048,Oklahoma St.,Cowboys,0.252,0.1526,0.6138,0.2632,0.3766,0.2146,0.3309,0.1487,0.4778,0.5073,0.37346,0.31948
False,30629,104048,Oklahoma St.,Cowboys,0.2433,0.1557,0.556,0.2786,0.3409,0.178,0.3211,0.1422,0.4566,0.4722,0.40116,0.32421
True,30629,104048,Oklahoma St.,Cowboys,0.2515,0.1993,0.6618,0.3149,0.3643,0.2228,0.3502,0.148,0.5377,0.5385,0.31434,0.29487
False,33533,104048,Oklahoma St.,Cowboys,0.2584,0.1553,0.5894,0.2452,0.3447,0.2264,0.3564,0.1392,0.4716,0.4719,0.38921,0.31559
True,33533,104048,Oklahoma St.,Cowboys,0.2534,0.1546,0.6578,0.2586,0.4116,0.2185,0.3516,0.1334,0.477,0.5451,0.38954,0.30991
True,36046,104048,Oklahoma St.,Cowboys,0.2369,0.1633,0.6319,0.2613,0.4398,0.2123,0.4024,0.0939,0.4736,0.5458,0.43246,0.33419
False,36046,104048,Oklahoma St.,Cowboys,0.2457,0.143,0.6685,0.284,0.4121,0.2528,0.3834,0.1338,0.5368,0.5478,0.32946,0.34029
True,38409,104048,Oklahoma St.,Cowboys,0.276,0.2004,0.5804,0.3388,0.3614,0.1823,0.3872,0.1317,0.5211,0.5038,0.3472,0.33096
False,38409,104048,Oklahoma St.,Cowboys,0.2695,0.1714,0.6449,0.3098,0.3879,0.1717,0.4096,0.0927,0.4815,0.5533,0.42575,0.35342
False,41097,104048,Oklahoma St.,Cowboys,0.2523,0.1752,0.649,0.2739,0.4178,0.1985,0.3874,0.0979,0.4724,0.5518,0.42964,0.36037
True,41097,104048,Oklahoma St.,Cowboys,0.2313,0.173,0.6264,0.3235,0.4517,0.2303,0.3582,0.0913,0.5538,0.5537,0.35484,0.33931
False,27693,103550,Duquesne,Dukes,0.2472,0.1634,0.6308,0.3403,0.2931,0.1721,0.4286,0.0969,0.5124,0.5174,0.3907,0.28354
True,27693,103550,Duquesne,Dukes,0.2563,0.1575,0.6269,0.3221,0.3441,0.1788,0.3657,0.1288,0.501,0.5259,0.37019,0.2987
False,30629,103550,Duquesne,Dukes,0.2118,0.1575,0.6391,0.387,0.3557,0.1671,0.3333,0.1262,0.5541,0.5536,0.31969,0.39825
True,30629,103550,Duquesne,Dukes,0.2073,0.1529,0.5745,0.3062,0.3793,0.1732,0.3188,0.1873,0.4794,0.504,0.33333,0.30456
False,33533,103550,Duquesne,Dukes,0.2389,0.155,0.5633,0.3689,0.4125,0.1759,0.3602,0.116,0.5448,0.5146,0.3392,0.35332
True,33533,103550,Duquesne,Dukes,0.2738,0.1665,0.6198,0.304,0.372,0.1648,0.3233,0.1337,0.4688,0.5327,0.39749,0.3641
False,36046,103550,Duquesne,Dukes,0.2571,0.1536,0.6043,0.3176,0.3753,0.1792,0.3502,0.1262,0.4968,0.5217,0.37703,0.31771
True,36046,103550,Duquesne,Dukes,0.2612,0.1575,0.5855,0.3327,0.4051,0.1673,0.3761,0.1109,0.5,0.5251,0.3891,0.33983
True,38409,103550,Duquesne,Dukes,0.2727,0.1553,0.6123,0.327,0.3919,0.1485,0.2921,0.0968,0.4755,0.5435,0.42764,0.34097
False,38409,103550,Duquesne,Dukes,0.2519,0.1673,0.5664,0.3575,0.3721,0.1787,0.3391,0.1033,0.5362,0.5017,0.36045,0.35914
False,41097,103550,Duquesne,Dukes,0.2537,0.1626,0.5836,0.3423,0.3993,0.1473,0.4095,0.1113,0.4897,0.5281,0.39905,0.35724
True,41097,103550,Duquesne,Dukes,0.2795,0.1746,0.6213,0.3683,0.4321,0.1446,0.4063,0.0496,0.5129,0.568,0.4375,0.33648
True,27693,103745,James Madison,Dukes,0.2631,0.179,0.6077,0.259,0.5018,0.2306,0.3858,0.1057,0.4896,0.5578,0.40466,0.34156
False,27693,103745,James Madison,Dukes,0.2785,0.1531,0.6712,0.1906,0.4115,0.194,0.3842,0.1519,0.3845,0.5402,0.46352,0.31481
True,30629,103745,James Madison,Dukes,0.2341,0.1798,0.6373,0.3794,0.4118,0.1566,0.3115,0.1054,0.536,0.5714,0.35866,0.3451
False,30629,103745,James Madison,Dukes,0.2455,0.1407,0.6592,0.2842,0.4364,0.1276,0.3778,0.1305,0.4118,0.5901,0.45766,0.32826
True,38409,103745,James Madison,Dukes,0.2513,0.1376,0.6154,0.3122,0.3741,0.1526,0.3988,0.0923,0.4648,0.5362,0.4429,0.34578
False,38409,103745,James Madison,Dukes,0.2441,0.1299,0.6272,0.3095,0.3738,0.1755,0.3525,0.1613,0.485,0.5355,0.35375,0.34312
True,41097,103745,James Madison,Dukes,0.2834,0.1497,0.6545,0.3209,0.433,0.1871,0.2441,0.0677,0.508,0.5729,0.42431,0.34799
False,41097,103745,James Madison,Dukes,0.2518,0.156,0.6082,0.2924,0.3905,0.1965,0.3665,0.1301,0.4889,0.5207,0.38103,0.32517
True,33533,103745,James Madison,Dukes,0.2455,0.2064,0.6374,0.3333,0.4486,0.212,0.2952,0.0822,0.5453,0.564,0.37246,0.34973
False,33533,103745,James Madison,Dukes,0.2716,0.158,0.6225,0.287,0.4332,0.1755,0.3168,0.1578,0.4625,0.5507,0.37969,0.31001
False,36046,103745,James Madison,Dukes,0.2428,0.1578,0.5929,0.3024,0.3828,0.2106,0.3605,0.126,0.5129,0.5067,0.36102,0.30041
True,36046,103745,James Madison,Dukes,0.2444,0.1524,0.6633,0.3595,0.4109,0.1846,0.3295,0.0804,0.5441,0.5777,0.37551,0.36253
False,27693,103363,Boston College,Eagles,0.2442,0.1805,0.6911,0.3162,0.4413,0.2045,0.4583,0.1192,0.5207,0.593,0.3601,0.35402
True,27693,103363,Boston College,Eagles,0.228,0.1841,0.6214,0.2605,0.4306,0.1762,0.3089,0.1037,0.4368,0.5444,0.45953,0.33028
True,41097,103363,Boston College,Eagles,0.2536,0.1195,0.6253,0.2353,0.4158,0.216,0.37,0.1251,0.4512,0.525,0.42369,0.29389
False,41097,103363,Boston College,Eagles,0.2585,0.1503,0.6473,0.2849,0.3836,0.2159,0.3232,0.1093,0.5008,0.5336,0.38984,0.3187
False,38409,103363,Boston College,Eagles,0.2482,0.1441,0.6229,0.3296,0.4192,0.2026,0.3553,0.1093,0.5322,0.5454,0.35849,0.35294
True,38409,103363,Boston College,Eagles,0.2736,0.1139,0.6048,0.3004,0.3856,0.222,0.347,0.148,0.5224,0.5116,0.32965,0.34506
False,30629,103363,Boston College,Eagles,0.2513,0.1381,0.6145,0.2876,0.4457,0.1919,0.3419,0.1531,0.4795,0.5469,0.36747,0.36447
True,30629,103363,Boston College,Eagles,0.2388,0.1309,0.6014,0.3043,0.4118,0.2152,0.3603,0.1566,0.5195,0.5228,0.32384,0.30945
True,33533,103363,Boston College,Eagles,0.2395,0.1406,0.6164,0.2936,0.4066,0.2258,0.3883,0.165,0.5195,0.5252,0.31554,0.3181
False,33533,103363,Boston College,Eagles,0.2321,0.1398,0.628,0.2657,0.4046,0.2062,0.352,0.1328,0.4718,0.5304,0.39532,0.36828
False,36046,103363,Boston College,Eagles,0.2248,0.1417,0.6138,0.2527,0.4038,0.2207,0.4335,0.149,0.4734,0.5159,0.37765,0.34582
True,36046,103363,Boston College,Eagles,0.2352,0.1287,0.6667,0.2617,0.4386,0.1926,0.3571,0.1624,0.4543,0.57,0.38329,0.36199
True,30629,103947,Morehead St.,Eagles,0.2351,0.1196,0.64,0.2891,0.3792,0.2135,0.3583,0.1068,0.5027,0.5292,0.39057,0.34396
False,38409,103947,Morehead St.,Eagles,0.2562,0.1502,0.6628,0.2455,0.3855,0.2337,0.3808,0.1819,0.4792,0.5276,0.33896,0.34219
True,41097,103947,Morehead St.,Eagles,0.259,0.1401,0.6381,0.3048,0.4271,0.2509,0.4189,0.1385,0.5557,0.5428,0.3058,0.33333
False,41097,103947,Morehead St.,Eagles,0.2772,0.1681,0.61,0.3032,0.3898,0.188,0.3559,0.1193,0.4912,0.5257,0.38959,0.3463
True,33533,103947,Morehead St.,Eagles,0.2374,0.1281,0.6688,0.2462,0.4079,0.2557,0.2891,0.1117,0.5019,0.5359,0.38645,0.34795
False,33533,103947,Morehead St.,Eagles,0.2597,0.1509,0.6674,0.2428,0.4138,0.2852,0.3776,0.1522,0.528,0.5304,0.31988,0.31392
False,36046,103947,Morehead St.,Eagles,0.2408,0.1433,0.5956,0.2502,0.3523,0.2363,0.3342,0.182,0.4865,0.4775,0.33151,0.30226
True,36046,103947,Morehead St.,Eagles,0.2434,0.1071,0.6786,0.2494,0.4872,0.2133,0.3621,0.0861,0.4626,0.5904,0.45126,0.36075
False,27693,103947,Morehead St.,Eagles,0.2578,0.1604,0.5993,0.2875,0.4246,0.1892,0.431,0.1226,0.4767,0.5299,0.40063,0.31662
True,27693,103947,Morehead St.,Eagles,0.2084,0.1437,0.6417,0.3049,0.3918,0.2329,0.3457,0.0972,0.5378,0.5335,0.36495,0.36513
False,30629,103947,Morehead St.,Eagles,0.2351,0.1472,0.5929,0.3102,0.3899,0.2347,0.3086,0.1373,0.5449,0.5054,0.3178,0.31467
True,38409,103947,Morehead St.,Eagles,0.2446,0.1053,0.5937,0.249,0.3985,0.2934,0.4,0.1124,0.5424,0.4881,0.34514,0.30945
True,27693,103593,FGCU,Eagles,0.2025,0.2088,0.6108,0.3753,0.451,0.1087,0.3544,0.0842,0.484,0.5749,0.43177,0.2963
False,27693,103593,FGCU,Eagles,0.2154,0.1556,0.5508,0.3259,0.3861,0.1688,0.425,0.1282,0.4947,0.4946,0.37714,0.30312
True,30629,103593,FGCU,Eagles,0.2078,0.1751,0.6516,0.3069,0.492,0.154,0.2348,0.0653,0.4609,0.5983,0.47376,0.34587
False,30629,103593,FGCU,Eagles,0.2176,0.1519,0.5685,0.3003,0.4565,0.198,0.3865,0.12,0.4983,0.524,0.38164,0.33208
False,33533,103593,FGCU,Eagles,0.2354,0.145,0.5838,0.3198,0.3925,0.1585,0.4428,0.1088,0.4784,0.5204,0.41288,0.33421
True,33533,103593,FGCU,Eagles,0.2354,0.1436,0.5891,0.3075,0.4161,0.1551,0.3608,0.0857,0.4626,0.5311,0.45174,0.35414
False,36046,103593,FGCU,Eagles,0.2345,0.1547,0.6073,0.2954,0.4369,0.1588,0.3721,0.1165,0.4542,0.5477,0.42927,0.35354
True,36046,103593,FGCU,Eagles,0.2244,0.1251,0.6166,0.3115,0.4695,0.1712,0.3475,0.1299,0.4827,0.5644,0.38745,0.35511
True,38409,103593,FGCU,Eagles,0.2314,0.1333,0.6433,0.3015,0.4544,0.2367,0.4156,0.0774,0.5382,0.5602,0.38442,0.35294
False,38409,103593,FGCU,Eagles,0.2104,0.1213,0.6092,0.2348,0.4273,0.2363,0.3048,0.0958,0.471,0.518,0.43311,0.35148
True,41097,103593,FGCU,Eagles,0.2706,0.1426,0.65,0.3115,0.4052,0.1642,0.4388,0.1312,0.4757,0.5655,0.39311,0.32413
False,41097,103593,FGCU,Eagles,0.2397,0.1474,0.6234,0.3112,0.4375,0.1556,0.3203,0.0783,0.4667,0.5614,0.45496,0.35096
True,27693,103563,Eastern Mich.,Eagles,0.2168,0.1753,0.6284,0.2748,0.396,0.2321,0.2917,0.1114,0.507,0.522,0.38162,0.31144
False,27693,103563,Eastern Mich.,Eagles,0.235,0.1915,0.7194,0.263,0.4174,0.2062,0.434,0.1003,0.4693,0.5867,0.43046,0.37143
True,30629,103563,Eastern Mich.,Eagles,0.246,0.1331,0.6329,0.288,0.4062,0.179,0.3716,0.1823,0.467,0.546,0.35077,0.30769
False,30629,103563,Eastern Mich.,Eagles,0.2424,0.1584,0.5949,0.3278,0.4551,0.1803,0.3347,0.1312,0.5081,0.5453,0.36069,0.35507
False,33533,103563,Eastern Mich.,Eagles,0.2381,0.1611,0.6852,0.3407,0.4932,0.1593,0.3544,0.0856,0.5,0.6241,0.41441,0.34248
True,33533,103563,Eastern Mich.,Eagles,0.2724,0.1233,0.6275,0.2425,0.4122,0.2058,0.4439,0.2195,0.4483,0.5287,0.33224,0.31631
True,36046,103563,Eastern Mich.,Eagles,0.2483,0.1188,0.6014,0.2433,0.4762,0.2301,0.367,0.206,0.4734,0.5405,0.32055,0.30427
False,36046,103563,Eastern Mich.,Eagles,0.2258,0.1657,0.6469,0.3145,0.454,0.1913,0.3583,0.1028,0.5058,0.5739,0.39142,0.31601
False,38409,103563,Eastern Mich.,Eagles,0.2706,0.1592,0.6127,0.3456,0.4077,0.1574,0.3692,0.107,0.503,0.5485,0.39002,0.3699
True,38409,103563,Eastern Mich.,Eagles,0.2674,0.1664,0.6388,0.324,0.4063,0.1915,0.4043,0.1038,0.5155,0.5525,0.38079,0.34928
True,41097,103563,Eastern Mich.,Eagles,0.2686,0.1365,0.6131,0.3635,0.4128,0.1897,0.3276,0.128,0.5532,0.5444,0.31881,0.3218
False,41097,103563,Eastern Mich.,Eagles,0.2363,0.1698,0.5627,0.3587,0.4444,0.1975,0.4036,0.0911,0.5562,0.5207,0.35272,0.32504
True,27693,103634,Ga. Southern,Eagles,0.2465,0.141,0.6401,0.3346,0.4269,0.1693,0.3355,0.1009,0.5039,0.5685,0.39518,0.3196
False,27693,103634,Ga. Southern,Eagles,0.2421,0.1554,0.5915,0.3199,0.3927,0.1681,0.2599,0.1205,0.4881,0.523,0.39142,0.34957
True,30629,103634,Ga. Southern,Eagles,0.2629,0.1683,0.6288,0.3359,0.469,0.1667,0.345,0.1479,0.5026,0.5758,0.34948,0.30499
False,30629,103634,Ga. Southern,Eagles,0.2356,0.1469,0.5286,0.2694,0.4582,0.2072,0.3288,0.1405,0.4766,0.498,0.38294,0.32831
False,33533,103634,Ga. Southern,Eagles,0.2391,0.1423,0.6202,0.2851,0.4047,0.2084,0.3128,0.1322,0.4935,0.5292,0.37432,0.32413
True,33533,103634,Ga. Southern,Eagles,0.2504,0.1422,0.616,0.3043,0.4465,0.1942,0.3409,0.1599,0.4984,0.55,0.34164,0.31459
True,36046,103634,Ga. Southern,Eagles,0.2882,0.1239,0.5423,0.2974,0.4494,0.1759,0.3962,0.0832,0.4733,0.5077,0.44346,0.35065
False,36046,103634,Ga. Southern,Eagles,0.224,0.161,0.5695,0.3532,0.4474,0.1758,0.4115,0.1103,0.529,0.5289,0.36061,0.35139
False,38409,103634,Ga. Southern,Eagles,0.2231,0.1596,0.6098,0.277,0.4483,0.211,0.3801,0.1149,0.488,0.5399,0.39709,0.32068
True,38409,103634,Ga. Southern,Eagles,0.2813,0.158,0.575,0.2942,0.446,0.2109,0.2844,0.0528,0.5051,0.5211,0.44207,0.3432
True,41097,103634,Ga. Southern,Eagles,0.2718,0.1558,0.5828,0.279,0.5084,0.1853,0.3458,0.0475,0.4642,0.5531,0.48823,0.33667
False,41097,103634,Ga. Southern,Eagles,0.2592,0.1611,0.6124,0.3289,0.4726,0.1738,0.3213,0.1003,0.5027,0.5641,0.39701,0.34286
False,27693,104488,Winthrop,Eagles,0.2778,0.139,0.6065,0.2947,0.4242,0.1801,0.3524,0.1432,0.4748,0.5374,0.38199,0.33929
True,27693,104488,Winthrop,Eagles,0.2395,0.2345,0.6303,0.3524,0.3525,0.1725,0.3492,0.0782,0.5248,0.539,0.39702,0.36562
False,30629,104488,Winthrop,Eagles,0.2769,0.1532,0.6315,0.2654,0.4058,0.2099,0.307,0.1181,0.4753,0.5318,0.40659,0.34865
True,30629,104488,Winthrop,Eagles,0.2601,0.1636,0.6841,0.3087,0.4565,0.1858,0.3985,0.0767,0.4945,0.5986,0.42874,0.37147
True,33533,104488,Winthrop,Eagles,0.2502,0.1413,0.6474,0.3343,0.4057,0.1691,0.2982,0.0551,0.5034,0.5662,0.44155,0.38074
False,33533,104488,Winthrop,Eagles,0.3053,0.1697,0.7034,0.3437,0.4158,0.1702,0.3636,0.0927,0.5139,0.6082,0.39343,0.36188
True,36046,104488,Winthrop,Eagles,0.2603,0.1411,0.6472,0.3505,0.4392,0.2144,0.2,0.0397,0.5649,0.5683,0.39535,0.34146
False,36046,104488,Winthrop,Eagles,0.3206,0.1761,0.6224,0.287,0.4254,0.1905,0.2762,0.0971,0.4775,0.5438,0.42543,0.31652
False,38409,104488,Winthrop,Eagles,0.3139,0.1667,0.5992,0.3381,0.3889,0.1897,0.3228,0.0905,0.5278,0.5236,0.3817,0.34881
True,38409,104488,Winthrop,Eagles,0.2687,0.2031,0.6151,0.4167,0.4561,0.171,0.2708,0.0233,0.5877,0.5688,0.38905,0.34247
False,41097,104488,Winthrop,Eagles,0.3161,0.1587,0.611,0.2875,0.4439,0.1851,0.3538,0.0965,0.4725,0.5455,0.43097,0.32147
True,41097,104488,Winthrop,Eagles,0.2709,0.1756,0.6106,0.3106,0.423,0.1925,0.2768,0.0527,0.5031,0.5388,0.44424,0.33898
False,27693,103504,Coppin St.,Eagles,0.2462,0.1656,0.639,0.2835,0.3895,0.1314,0.3957,0.1923,0.4149,0.56,0.39281,0.33099
True,27693,103504,Coppin St.,Eagles,0.2187,0.2362,0.6094,0.2922,0.321,0.1233,0.3158,0.0868,0.4155,0.5238,0.49772,0.29664
True,27693,103963,N.C. Central,Eagles,0.3009,0.1912,0.6202,0.2845,0.3733,0.2052,0.3421,0.156,0.4897,0.5168,0.35431,0.34749
False,27693,103963,N.C. Central,Eagles,0.2607,0.1756,0.6907,0.2721,0.4099,0.2258,0.3571,0.1571,0.4979,0.5634,0.34502,0.3252
False,30629,103504,Coppin St.,Eagles,0.2297,0.1682,0.6317,0.2708,0.3896,0.1526,0.2438,0.1598,0.4234,0.5445,0.41678,0.35816
False,30629,103963,N.C. Central,Eagles,0.2719,0.17,0.6621,0.2718,0.422,0.1628,0.2822,0.1509,0.4347,0.5722,0.41449,0.32613
True,30629,103504,Coppin St.,Eagles,0.2291,0.1836,0.6096,0.2516,0.3048,0.1484,0.3286,0.0989,0.4,0.4965,0.50106,0.3103
True,30629,103963,N.C. Central,Eagles,0.2935,0.1971,0.6478,0.334,0.3965,0.1927,0.3179,0.1318,0.5267,0.5558,0.34145,0.32871
False,33533,103963,N.C. Central,Eagles,0.2579,0.1496,0.6745,0.2775,0.3936,0.2229,0.3065,0.1293,0.5003,0.5494,0.37037,0.30351
False,33533,103504,Coppin St.,Eagles,0.2438,0.1554,0.6874,0.2952,0.4306,0.1474,0.3755,0.1369,0.4426,0.6019,0.42056,0.33915
True,33533,103963,N.C. Central,Eagles,0.2717,0.1866,0.6686,0.3243,0.4033,0.1884,0.3843,0.1334,0.5127,0.5711,0.35392,0.36475
True,33533,103504,Coppin St.,Eagles,0.2703,0.1807,0.6332,0.2894,0.3849,0.1803,0.3188,0.0819,0.4698,0.5379,0.4484,0.33333
True,36046,103504,Coppin St.,Eagles,0.2656,0.1511,0.5769,0.223,0.4088,0.1959,0.2844,0.2387,0.4189,0.4983,0.34239,0.27766
False,36046,103504,Coppin St.,Eagles,0.2362,0.1768,0.6376,0.3074,0.434,0.1823,0.3094,0.1245,0.4897,0.5618,0.38583,0.34581
False,36046,103963,N.C. Central,Eagles,0.2626,0.1561,0.6712,0.265,0.4051,0.2136,0.316,0.1512,0.4785,0.5525,0.37024,0.28431
True,36046,103963,N.C. Central,Eagles,0.26,0.2093,0.6867,0.2921,0.3904,0.2088,0.3442,0.1261,0.5009,0.5632,0.37302,0.34434
True,38409,103504,Coppin St.,Eagles,0.2541,0.1696,0.5892,0.3035,0.3805,0.2062,0.2698,0.1691,0.5097,0.5048,0.32117,0.29356
False,38409,103504,Coppin St.,Eagles,0.2428,0.1777,0.6946,0.3,0.4582,0.179,0.4027,0.1353,0.479,0.6062,0.38563,0.36025
False,38409,103963,N.C. Central,Eagles,0.2575,0.1717,0.7062,0.2891,0.4954,0.2363,0.3961,0.1388,0.5253,0.6114,0.33587,0.30956
True,38409,103963,N.C. Central,Eagles,0.2852,0.1924,0.6749,0.2854,0.4374,0.2442,0.3065,0.1244,0.5296,0.5653,0.34604,0.35072
True,41097,103504,Coppin St.,Eagles,0.2708,0.1569,0.5945,0.338,0.3439,0.1655,0.3,0.1452,0.5035,0.5121,0.35134,0.30579
False,41097,103963,N.C. Central,Eagles,0.2638,0.1754,0.6847,0.2554,0.436,0.2239,0.375,0.1147,0.4793,0.5685,0.40596,0.35462
False,41097,103504,Coppin St.,Eagles,0.2623,0.2041,0.6678,0.3201,0.3766,0.1352,0.3402,0.1097,0.4553,0.5814,0.43495,0.37841
True,41097,103963,N.C. Central,Eagles,0.2643,0.1816,0.6435,0.295,0.4034,0.2263,0.3359,0.1417,0.5213,0.5393,0.33702,0.32841
False,27693,103567,Eastern Wash.,Eagles,0.2604,0.1141,0.6067,0.263,0.3922,0.2069,0.3725,0.1724,0.4699,0.5122,0.35767,0.3138
True,27693,103567,Eastern Wash.,Eagles,0.242,0.1627,0.6373,0.2863,0.4795,0.2049,0.4172,0.106,0.4912,0.5714,0.40281,0.3554
False,38409,103567,Eastern Wash.,Eagles,0.2495,0.1505,0.6463,0.3576,0.4104,0.1718,0.2938,0.0895,0.5294,0.5698,0.38109,0.36564
True,38409,103567,Eastern Wash.,Eagles,0.2724,0.1566,0.631,0.3281,0.4651,0.192,0.3622,0.1094,0.5201,0.5697,0.37054,0.3253
False,36046,103567,Eastern Wash.,Eagles,0.2793,0.1368,0.6136,0.2762,0.3961,0.1888,0.3636,0.1266,0.465,0.5253,0.40847,0.3598
True,36046,103567,Eastern Wash.,Eagles,0.26,0.1691,0.6922,0.3225,0.5051,0.1643,0.4518,0.0931,0.4868,0.629,0.42008,0.36449
False,41097,103567,Eastern Wash.,Eagles,0.2778,0.1467,0.6268,0.3295,0.496,0.1971,0.4451,0.0862,0.5265,0.5778,0.38728,0.35278
True,41097,103567,Eastern Wash.,Eagles,0.2667,0.1397,0.665,0.3191,0.4099,0.2112,0.434,0.1225,0.5302,0.5634,0.34724,0.35886
True,33533,103567,Eastern Wash.,Eagles,0.257,0.142,0.6837,0.2977,0.508,0.1636,0.4599,0.0984,0.4613,0.6214,0.44029,0.35842
False,33533,103567,Eastern Wash.,Eagles,0.2592,0.1364,0.6063,0.2673,0.3721,0.193,0.43,0.0998,0.4603,0.5081,0.4399,0.33333
False,30629,103567,Eastern Wash.,Eagles,0.2688,0.1469,0.6412,0.2463,0.4297,0.1854,0.3581,0.1497,0.4317,0.5503,0.41864,0.32757
True,30629,103567,Eastern Wash.,Eagles,0.2643,0.1586,0.6481,0.2977,0.4229,0.1754,0.3586,0.0992,0.4732,0.5646,0.42757,0.35287
True,30629,103285,American,Eagles,0.2291,0.0982,0.6185,0.3548,0.4113,0.2194,0.336,0.1527,0.5742,0.5393,0.27318,0.33484
False,36046,103285,American,Eagles,0.2579,0.1186,0.6382,0.2608,0.4594,0.1876,0.351,0.1219,0.4484,0.5634,0.42966,0.37108
True,36046,103285,American,Eagles,0.2639,0.1293,0.6603,0.2402,0.4863,0.2103,0.3025,0.0931,0.4506,0.5791,0.45632,0.35139
True,33533,103285,American,Eagles,0.241,0.0948,0.6971,0.2957,0.4933,0.2288,0.328,0.1141,0.5245,0.6082,0.36135,0.34635
False,33533,103285,American,Eagles,0.243,0.1308,0.5928,0.3009,0.4251,0.2204,0.3602,0.1417,0.5213,0.5219,0.33694,0.38503
False,41097,103285,American,Eagles,0.2558,0.1373,0.6609,0.3055,0.4408,0.2149,0.3934,0.1083,0.5204,0.57,0.37123,0.33971
False,38409,103285,American,Eagles,0.2448,0.132,0.6583,0.3205,0.4404,0.2072,0.3202,0.1224,0.5276,0.5727,0.34997,0.33129
True,38409,103285,American,Eagles,0.2792,0.1354,0.624,0.2599,0.4749,0.2002,0.3313,0.0861,0.4601,0.5591,0.45378,0.34808
False,30629,103285,American,Eagles,0.2219,0.1549,0.6508,0.3524,0.4216,0.1828,0.3925,0.1278,0.5352,0.5725,0.33692,0.33333
True,41097,103285,American,Eagles,0.2809,0.1612,0.6436,0.2692,0.4837,0.2127,0.3426,0.0576,0.4819,0.573,0.46055,0.33333
False,27693,103285,American,Eagles,0.2364,0.1629,0.6377,0.4047,0.451,0.1496,0.4545,0.129,0.5543,0.5873,0.31672,0.2963
True,27693,103285,American,Eagles,0.2561,0.1415,0.5923,0.4,0.3,0.0923,0.2581,0.0954,0.4923,0.5375,0.41231,0.39552
False,27693,103367,Bowling Green,Falcons,0.238,0.15,0.6358,0.3207,0.3817,0.1654,0.3769,0.1256,0.4861,0.5494,0.38826,0.33333
True,27693,103367,Bowling Green,Falcons,0.2391,0.1878,0.6072,0.2881,0.4128,0.1888,0.3054,0.138,0.4769,0.5303,0.3851,0.31934
True,30629,103367,Bowling Green,Falcons,0.2419,0.2035,0.5987,0.2953,0.4513,0.1773,0.3344,0.1565,0.4726,0.5434,0.37086,0.33955
False,30629,103367,Bowling Green,Falcons,0.2454,0.167,0.6452,0.267,0.451,0.1809,0.3598,0.1211,0.4478,0.5667,0.4311,0.349
True,33533,103367,Bowling Green,Falcons,0.2507,0.1789,0.6589,0.311,0.4065,0.1731,0.3545,0.1669,0.4841,0.5686,0.34897,0.3392
False,33533,103367,Bowling Green,Falcons,0.2555,0.159,0.6869,0.3013,0.4303,0.1831,0.3625,0.1332,0.4845,0.5899,0.38235,0.35414
False,36046,103367,Bowling Green,Falcons,0.2598,0.1684,0.6269,0.2564,0.4023,0.2574,0.3798,0.1415,0.5138,0.5144,0.34467,0.36338
True,36046,103367,Bowling Green,Falcons,0.227,0.1707,0.6601,0.3208,0.3635,0.2435,0.323,0.0787,0.5643,0.5321,0.35697,0.29589
False,38409,103367,Bowling Green,Falcons,0.2428,0.155,0.6292,0.2892,0.4559,0.1756,0.4416,0.1051,0.4648,0.5637,0.4301,0.32134
True,38409,103367,Bowling Green,Falcons,0.2528,0.1753,0.5759,0.3301,0.437,0.1836,0.3671,0.0851,0.5137,0.5262,0.40118,0.34228
True,41097,103367,Bowling Green,Falcons,0.2509,0.2185,0.6468,0.4067,0.3848,0.1907,0.3554,0.0625,0.5974,0.5631,0.34005,0.34498
False,41097,103367,Bowling Green,Falcons,0.2681,0.1709,0.5911,0.3108,0.3956,0.1781,0.4201,0.0938,0.4889,0.5199,0.41731,0.34043
True,27693,103265,Air Force,Falcons,0.2635,0.0999,0.6667,0.2923,0.432,0.1444,0.3561,0.1128,0.4368,0.589,0.45043,0.33017
False,27693,103265,Air Force,Falcons,0.2654,0.1597,0.7344,0.3193,0.4806,0.1574,0.3484,0.1184,0.4767,0.6506,0.40489,0.36604
True,30629,103265,Air Force,Falcons,0.2894,0.0992,0.6435,0.3006,0.4049,0.1719,0.3083,0.0926,0.4725,0.5567,0.43493,0.3328
False,30629,103265,Air Force,Falcons,0.2695,0.1365,0.637,0.3813,0.4173,0.1924,0.3824,0.0941,0.5737,0.5633,0.33218,0.3125
True,33533,103265,Air Force,Falcons,0.2693,0.0764,0.6692,0.3178,0.402,0.1247,0.3652,0.1088,0.4425,0.5939,0.44866,0.35559
False,33533,103265,Air Force,Falcons,0.2698,0.135,0.6498,0.3458,0.4006,0.2107,0.3418,0.1141,0.5565,0.5554,0.32945,0.29329
True,36046,103265,Air Force,Falcons,0.2784,0.092,0.6353,0.3248,0.4272,0.1328,0.2832,0.0704,0.4576,0.5749,0.47195,0.36063
False,36046,103265,Air Force,Falcons,0.2548,0.1543,0.6174,0.4022,0.419,0.1551,0.3548,0.076,0.5573,0.5622,0.36665,0.36622
True,38409,103265,Air Force,Falcons,0.2787,0.112,0.566,0.3236,0.4314,0.1262,0.3491,0.0656,0.4499,0.5282,0.48453,0.33078
False,38409,103265,Air Force,Falcons,0.2723,0.1554,0.6298,0.3549,0.5143,0.1792,0.3242,0.1035,0.5341,0.5911,0.36234,0.36264
True,41097,103265,Air Force,Falcons,0.269,0.1196,0.6094,0.3629,0.3668,0.1582,0.3,0.0611,0.5211,0.5358,0.41784,0.30556
False,41097,103265,Air Force,Falcons,0.2685,0.1709,0.6491,0.3528,0.4485,0.1641,0.4425,0.0949,0.5169,0.5854,0.38822,0.3764
False,27693,103811,Liberty,Flames,0.2239,0.1303,0.6116,0.2258,0.4107,0.259,0.3378,0.1533,0.4848,0.5043,0.36188,0.30916
True,27693,103811,Liberty,Flames,0.2297,0.0825,0.6635,0.2803,0.5076,0.1765,0.4216,0.0687,0.4569,0.6032,0.47439,0.39489
False,30629,103811,Liberty,Flames,0.2329,0.131,0.5884,0.2343,0.409,0.215,0.3108,0.1424,0.4492,0.5025,0.40839,0.325
True,30629,103811,Liberty,Flames,0.2291,0.0722,0.6565,0.3168,0.4264,0.151,0.3067,0.0427,0.4678,0.5822,0.48946,0.383
False,33533,103811,Liberty,Flames,0.2449,0.1232,0.588,0.2464,0.4069,0.247,0.3643,0.1423,0.4934,0.4973,0.36436,0.33382
True,33533,103811,Liberty,Flames,0.2324,0.0987,0.6489,0.3223,0.4502,0.1432,0.3924,0.0389,0.4656,0.5877,0.49557,0.37339
False,36046,103811,Liberty,Flames,0.2413,0.1497,0.6157,0.2883,0.4363,0.2397,0.3674,0.1492,0.528,0.5343,0.32278,0.31349
True,36046,103811,Liberty,Flames,0.2294,0.0934,0.6421,0.3236,0.429,0.164,0.3731,0.0363,0.4876,0.5705,0.47619,0.36818
True,41097,103811,Liberty,Flames,0.2239,0.1136,0.7192,0.2987,0.4928,0.1867,0.4138,0.0314,0.4854,0.6321,0.48323,0.39306
False,41097,103811,Liberty,Flames,0.2441,0.1187,0.6,0.2916,0.4289,0.2266,0.3616,0.1146,0.5182,0.5252,0.36726,0.37187
True,38409,103811,Liberty,Flames,0.2027,0.1296,0.6934,0.3247,0.4452,0.1491,0.274,0.0373,0.4737,0.6153,0.48903,0.38309
False,38409,103811,Liberty,Flames,0.2166,0.1312,0.6111,0.2657,0.386,0.2397,0.3415,0.1412,0.5054,0.5044,0.35335,0.2883
False,33533,104362,UIC,Flames,0.2562,0.1502,0.6045,0.3873,0.382,0.1749,0.3121,0.094,0.5622,0.5353,0.34383,0.33965
True,33533,104362,UIC,Flames,0.2553,0.1443,0.601,0.3227,0.3433,0.1672,0.2908,0.0786,0.49,0.5131,0.43144,0.32946
False,36046,104362,UIC,Flames,0.2112,0.1479,0.6116,0.3245,0.3703,0.2068,0.3362,0.1208,0.5313,0.5176,0.34792,0.31737
True,36046,104362,UIC,Flames,0.2576,0.1391,0.6287,0.2823,0.3935,0.2071,0.299,0.1007,0.4894,0.5292,0.40996,0.36329
True,38409,104362,UIC,Flames,0.2569,0.171,0.6398,0.3191,0.4088,0.1981,0.3614,0.0909,0.5172,0.5513,0.3919,0.34916
False,38409,104362,UIC,Flames,0.2527,0.1299,0.6208,0.3022,0.4301,0.2049,0.375,0.1341,0.507,0.5437,0.35892,0.33584
True,41097,104362,UIC,Flames,0.2504,0.152,0.6311,0.3364,0.4366,0.2332,0.3562,0.1062,0.5696,0.5515,0.32429,0.32138
False,41097,104362,UIC,Flames,0.2717,0.1417,0.6205,0.2821,0.3975,0.1634,0.3548,0.0944,0.4455,0.5387,0.46017,0.33517
True,27693,104362,UIC,Flames,0.2693,0.1429,0.6348,0.2736,0.4172,0.2414,0.2644,0.0669,0.515,0.5328,0.41814,0.32721
False,27693,104362,UIC,Flames,0.2147,0.1388,0.5893,0.3781,0.4054,0.1943,0.3662,0.1598,0.5724,0.5269,0.26782,0.29972
False,30629,104362,UIC,Flames,0.2118,0.1362,0.589,0.3775,0.4392,0.2152,0.3084,0.135,0.5927,0.5346,0.27229,0.36245
True,30629,104362,UIC,Flames,0.2482,0.1468,0.6444,0.2809,0.4091,0.1249,0.4426,0.1334,0.4058,0.572,0.46084,0.32143
False,27693,103733,Iona,Gaels,0.2826,0.1552,0.6327,0.2544,0.3665,0.2606,0.3019,0.1101,0.5151,0.498,0.37487,0.30194
True,27693,103733,Iona,Gaels,0.3168,0.134,0.6367,0.2426,0.4496,0.2356,0.3493,0.1446,0.4782,0.5445,0.37723,0.34646
True,30629,103733,Iona,Gaels,0.2631,0.1642,0.642,0.2905,0.4489,0.2305,0.3117,0.1183,0.521,0.5565,0.36066,0.33239
True,33533,103733,Iona,Gaels,0.2403,0.1876,0.6159,0.3232,0.3914,0.207,0.4188,0.1499,0.5302,0.5283,0.31991,0.36164
False,41097,103733,Iona,Gaels,0.234,0.163,0.6188,0.3252,0.4236,0.1463,0.3222,0.1214,0.4715,0.5582,0.40701,0.30587
True,36046,103733,Iona,Gaels,0.2671,0.1643,0.6019,0.314,0.3646,0.1935,0.3397,0.1053,0.5076,0.5114,0.3871,0.35286
True,41097,103733,Iona,Gaels,0.2372,0.146,0.6134,0.3065,0.4055,0.1532,0.329,0.0816,0.4597,0.5441,0.45866,0.35132
False,36046,103733,Iona,Gaels,0.2258,0.1556,0.6464,0.3305,0.4136,0.169,0.4091,0.1008,0.4994,0.5677,0.39977,0.33954
False,38409,103733,Iona,Gaels,0.2295,0.1754,0.6164,0.3165,0.4389,0.142,0.4326,0.0965,0.4585,0.5615,0.44499,0.32643
True,38409,103733,Iona,Gaels,0.2699,0.1717,0.5613,0.3658,0.3826,0.1436,0.3468,0.1431,0.5094,0.5109,0.34747,0.31761
False,30629,103733,Iona,Gaels,0.2741,0.1461,0.5652,0.2973,0.4115,0.2513,0.3696,0.1189,0.5486,0.4948,0.33247,0.30171
False,33533,103733,Iona,Gaels,0.2386,0.1288,0.5843,0.3305,0.3518,0.1981,0.3625,0.1249,0.5286,0.4972,0.34644,0.29741
True,27693,104185,Saint Mary's (CA),Gaels,0.2587,0.0898,0.6059,0.3549,0.3571,0.2105,0.3733,0.0564,0.5654,0.5133,0.3782,0.29423
False,27693,104185,Saint Mary's (CA),Gaels,0.2451,0.175,0.5741,0.3693,0.3447,0.2259,0.3333,0.1342,0.5952,0.487,0.27062,0.35328
True,36046,104185,Saint Mary's (CA),Gaels,0.2602,0.093,0.6198,0.4076,0.3806,0.1545,0.363,0.0727,0.562,0.5541,0.36522,0.35198
False,36046,104185,Saint Mary's (CA),Gaels,0.2523,0.1342,0.5453,0.3194,0.3464,0.2137,0.3225,0.1708,0.5331,0.4656,0.29605,0.31391
True,41097,104185,Saint Mary's (CA),Gaels,0.2384,0.111,0.6071,0.3131,0.4177,0.2086,0.3505,0.113,0.5216,0.5314,0.36536,0.39017
False,30629,104185,Saint Mary's (CA),Gaels,0.231,0.1269,0.5842,0.3122,0.3681,0.2366,0.3636,0.1687,0.5487,0.491,0.28258,0.33915
True,38409,104185,Saint Mary's (CA),Gaels,0.2379,0.0956,0.6476,0.352,0.3517,0.2002,0.3966,0.1135,0.5522,0.5403,0.33429,0.31948
False,38409,104185,Saint Mary's (CA),Gaels,0.2657,0.1385,0.5703,0.3156,0.3432,0.2254,0.3877,0.1423,0.541,0.4757,0.31666,0.31107
False,33533,104185,Saint Mary's (CA),Gaels,0.27,0.1419,0.5366,0.3405,0.3983,0.1932,0.3509,0.1467,0.5338,0.4865,0.31949,0.33102
True,33533,104185,Saint Mary's (CA),Gaels,0.2623,0.0903,0.5849,0.4011,0.3808,0.1547,0.3537,0.0753,0.5558,0.5281,0.36885,0.36528
True,30629,104185,Saint Mary's (CA),Gaels,0.2424,0.1039,0.6393,0.388,0.36,0.1958,0.3168,0.0527,0.5838,0.5456,0.36345,0.35345
False,41097,104185,Saint Mary's (CA),Gaels,0.2795,0.1301,0.6004,0.2837,0.3816,0.2273,0.2918,0.1217,0.511,0.5031,0.36729,0.3101
True,27693,103744,Jacksonville St.,Gamecocks,0.2199,0.1465,0.6697,0.3157,0.4087,0.1825,0.3605,0.1064,0.4982,0.5741,0.39537,0.37729
False,27693,103744,Jacksonville St.,Gamecocks,0.2463,0.1821,0.5811,0.306,0.3819,0.1751,0.3333,0.0951,0.481,0.5086,0.42385,0.33333
False,30629,103744,Jacksonville St.,Gamecocks,0.2339,0.158,0.538,0.2904,0.3873,0.1494,0.4159,0.1126,0.4398,0.4868,0.44766,0.33137
True,30629,103744,Jacksonville St.,Gamecocks,0.2155,0.1443,0.6133,0.3441,0.4139,0.1359,0.3697,0.0919,0.48,0.5568,0.42817,0.38622
False,33533,103744,Jacksonville St.,Gamecocks,0.2605,0.1557,0.6293,0.2653,0.3556,0.1544,0.4652,0.1069,0.4197,0.5286,0.47341,0.34662
True,33533,103744,Jacksonville St.,Gamecocks,0.2506,0.1274,0.5968,0.2968,0.3745,0.1519,0.3472,0.1132,0.4487,0.5216,0.43812,0.37617
False,36046,103744,Jacksonville St.,Gamecocks,0.2664,0.1735,0.5919,0.3262,0.3853,0.196,0.3684,0.1205,0.5222,0.5143,0.35735,0.3371
False,41097,103744,Jacksonville St.,Gamecocks,0.2848,0.1557,0.5917,0.2703,0.4357,0.1796,0.2936,0.1227,0.4499,0.5294,0.42736,0.31489
True,36046,103744,Jacksonville St.,Gamecocks,0.2475,0.1256,0.6049,0.3645,0.3858,0.2143,0.3884,0.1361,0.5787,0.5238,0.28515,0.33531
True,41097,103744,Jacksonville St.,Gamecocks,0.261,0.1347,0.58,0.3553,0.3957,0.1836,0.2823,0.0698,0.5389,0.5172,0.39133,0.35827
False,38409,103744,Jacksonville St.,Gamecocks,0.2314,0.146,0.6108,0.267,0.357,0.1841,0.2962,0.1212,0.4511,0.5072,0.42777,0.34205
True,38409,103744,Jacksonville St.,Gamecocks,0.2109,0.1038,0.6187,0.2997,0.4255,0.175,0.3614,0.1522,0.4746,0.5475,0.37316,0.3507
False,27693,104229,South Carolina,Gamecocks,0.2392,0.2095,0.6817,0.2545,0.458,0.2144,0.3436,0.1596,0.4689,0.5794,0.37152,0.36784
True,27693,104229,South Carolina,Gamecocks,0.2593,0.2152,0.6303,0.2419,0.4212,0.228,0.3307,0.1884,0.4699,0.5289,0.34164,0.30472
True,33533,104229,South Carolina,Gamecocks,0.2471,0.1117,0.5829,0.2844,0.3772,0.1566,0.3069,0.1501,0.441,0.5098,0.40899,0.32318
False,33533,104229,South Carolina,Gamecocks,0.2307,0.1614,0.6708,0.3009,0.4242,0.1916,0.4089,0.1448,0.4925,0.5749,0.36276,0.33828
False,38409,104229,South Carolina,Gamecocks,0.287,0.1439,0.668,0.2807,0.4161,0.2305,0.355,0.1428,0.5112,0.5544,0.34605,0.34803
True,38409,104229,South Carolina,Gamecocks,0.2442,0.1178,0.6408,0.3337,0.3444,0.1741,0.2938,0.102,0.5078,0.5392,0.3902,0.3161
False,41097,104229,South Carolina,Gamecocks,0.2589,0.1748,0.6533,0.3498,0.429,0.1723,0.3522,0.1197,0.5221,0.5793,0.35815,0.31831
True,41097,104229,South Carolina,Gamecocks,0.2626,0.0885,0.6444,0.2987,0.4048,0.1585,0.3989,0.0987,0.4571,0.5613,0.4442,0.31068
False,36046,104229,South Carolina,Gamecocks,0.2559,0.1334,0.5865,0.3021,0.3925,0.2091,0.375,0.1756,0.5112,0.5072,0.31312,0.3389
True,36046,104229,South Carolina,Gamecocks,0.2536,0.0997,0.6197,0.3244,0.3846,0.165,0.3553,0.1,0.4893,0.5405,0.41066,0.33869
False,30629,104229,South Carolina,Gamecocks,0.2513,0.1772,0.6032,0.3124,0.3374,0.1828,0.3232,0.1475,0.4952,0.5051,0.35726,0.32025
True,30629,104229,South Carolina,Gamecocks,0.274,0.2206,0.6264,0.2854,0.3705,0.1594,0.3671,0.2065,0.4449,0.5347,0.34867,0.31634
True,27693,104314,Tennessee Tech,Golden Eagles,0.2285,0.191,0.6633,0.2915,0.3874,0.1867,0.3556,0.0996,0.4782,0.5556,0.42214,0.31294
False,27693,104314,Tennessee Tech,Golden Eagles,0.207,0.1662,0.7069,0.2931,0.4793,0.201,0.375,0.1275,0.4941,0.6143,0.37838,0.35165
False,36046,104314,Tennessee Tech,Golden Eagles,0.233,0.1463,0.6843,0.2732,0.426,0.1773,0.369,0.18,0.4505,0.5826,0.36958,0.35217
True,41097,104314,Tennessee Tech,Golden Eagles,0.238,0.166,0.6288,0.3363,0.3911,0.2013,0.3987,0.0861,0.5377,0.5397,0.37627,0.3154
False,41097,104314,Tennessee Tech,Golden Eagles,0.2471,0.1692,0.6355,0.3177,0.372,0.1743,0.3258,0.1419,0.492,0.5421,0.3661,0.34543
True,30629,104314,Tennessee Tech,Golden Eagles,0.2058,0.1848,0.6418,0.3046,0.4073,0.2678,0.3422,0.0967,0.5724,0.5321,0.33092,0.34063
True,38409,104314,Tennessee Tech,Golden Eagles,0.1941,0.1577,0.6138,0.2791,0.3686,0.1665,0.4037,0.0859,0.4456,0.5222,0.46852,0.35194
False,38409,104314,Tennessee Tech,Golden Eagles,0.2124,0.1411,0.6319,0.2881,0.4319,0.2063,0.3445,0.1588,0.4944,0.5485,0.34673,0.32402
False,33533,104314,Tennessee Tech,Golden Eagles,0.2433,0.1712,0.6509,0.2813,0.4171,0.1905,0.3466,0.1367,0.4719,0.5565,0.39141,0.32787
True,33533,104314,Tennessee Tech,Golden Eagles,0.2285,0.1451,0.6093,0.272,0.3947,0.1932,0.3677,0.1134,0.4652,0.5202,0.42145,0.36429
False,30629,104314,Tennessee Tech,Golden Eagles,0.2048,0.151,0.6667,0.2942,0.3944,0.1868,0.3694,0.1152,0.4811,0.5609,0.40374,0.32391
True,36046,104314,Tennessee Tech,Golden Eagles,0.2031,0.1282,0.6141,0.3446,0.3889,0.1915,0.4068,0.1046,0.5361,0.5336,0.35934,0.33224
True,38409,104054,Oral Roberts,Golden Eagles,0.2642,0.123,0.6177,0.2333,0.4316,0.2203,0.3487,0.0898,0.4536,0.5273,0.45659,0.36223
False,38409,104054,Oral Roberts,Golden Eagles,0.2582,0.1506,0.6772,0.2877,0.4645,0.2085,0.3787,0.0963,0.4963,0.5878,0.40741,0.34126
False,27693,104054,Oral Roberts,Golden Eagles,0.2337,0.1618,0.5856,0.3241,0.4282,0.2197,0.3043,0.1376,0.5438,0.522,0.31865,0.33788
True,27693,104054,Oral Roberts,Golden Eagles,0.2394,0.1459,0.5685,0.2427,0.4758,0.1828,0.4409,0.103,0.4255,0.5286,0.47147,0.37955
True,36046,104054,Oral Roberts,Golden Eagles,0.2541,0.1536,0.6229,0.227,0.4397,0.2562,0.3537,0.0888,0.4832,0.5258,0.42795,0.36076
False,36046,104054,Oral Roberts,Golden Eagles,0.2037,0.1434,0.6323,0.2832,0.4009,0.2333,0.3175,0.1004,0.5165,0.5278,0.3831,0.35784
False,30629,104054,Oral Roberts,Golden Eagles,0.2168,0.126,0.6282,0.2399,0.4505,0.2697,0.3457,0.1356,0.5096,0.5341,0.35484,0.33239
True,30629,104054,Oral Roberts,Golden Eagles,0.2154,0.1528,0.6482,0.2284,0.4569,0.2484,0.3226,0.0604,0.4769,0.5485,0.46274,0.37895
True,41097,104054,Oral Roberts,Golden Eagles,0.287,0.1663,0.6344,0.2669,0.4149,0.1767,0.3812,0.0955,0.4436,0.547,0.46097,0.32265
False,41097,104054,Oral Roberts,Golden Eagles,0.2535,0.1402,0.6182,0.3265,0.3905,0.2146,0.4091,0.0899,0.5411,0.5279,0.36893,0.35596
True,33533,104054,Oral Roberts,Golden Eagles,0.1838,0.1667,0.7351,0.2413,0.4342,0.2219,0.4304,0.0732,0.4632,0.591,0.46364,0.36563
False,33533,104054,Oral Roberts,Golden Eagles,0.2165,0.1143,0.6368,0.2091,0.398,0.2344,0.3256,0.1613,0.4435,0.5106,0.39522,0.35231
True,36046,104245,Southern Miss.,Golden Eagles,0.2462,0.1594,0.5784,0.3081,0.4244,0.2003,0.3475,0.1508,0.5084,0.5178,0.34071,0.32308
False,36046,104245,Southern Miss.,Golden Eagles,0.253,0.1606,0.5608,0.3214,0.4235,0.1897,0.3494,0.139,0.5112,0.5098,0.34989,0.33812
True,33533,104245,Southern Miss.,Golden Eagles,0.2441,0.1472,0.6919,0.3067,0.4071,0.189,0.346,0.1358,0.4956,0.5833,0.36861,0.32213
False,33533,104245,Southern Miss.,Golden Eagles,0.2463,0.1559,0.566,0.2951,0.4228,0.1969,0.3443,0.1302,0.492,0.5087,0.3778,0.3178
True,38409,104245,Southern Miss.,Golden Eagles,0.2375,0.2014,0.594,0.3403,0.4375,0.1556,0.3606,0.1377,0.4959,0.5449,0.36643,0.30307
False,38409,104245,Southern Miss.,Golden Eagles,0.2302,0.1763,0.6161,0.3594,0.375,0.1532,0.3255,0.1041,0.5125,0.5441,0.38341,0.3201
True,41097,104245,Southern Miss.,Golden Eagles,0.2794,0.1674,0.6243,0.3618,0.4486,0.1994,0.331,0.1404,0.5612,0.5619,0.29835,0.29983
False,41097,104245,Southern Miss.,Golden Eagles,0.281,0.1559,0.5957,0.3323,0.3988,0.1722,0.3416,0.102,0.5045,0.5285,0.39343,0.3389
True,27693,103863,Marquette,Golden Eagles,0.2558,0.1302,0.6509,0.2992,0.4015,0.1779,0.3937,0.1489,0.4771,0.5579,0.37399,0.32252
False,27693,103863,Marquette,Golden Eagles,0.2646,0.1735,0.5577,0.3176,0.3872,0.1461,0.3296,0.1659,0.4636,0.504,0.37042,0.33893
False,30629,103863,Marquette,Golden Eagles,0.2136,0.1462,0.5525,0.3432,0.4237,0.1606,0.2894,0.1366,0.5038,0.5114,0.35968,0.31989
True,30629,103863,Marquette,Golden Eagles,0.2453,0.191,0.6416,0.306,0.3931,0.1661,0.4048,0.1097,0.4721,0.5542,0.41828,0.34332
True,33533,103863,Marquette,Golden Eagles,0.2342,0.1739,0.6695,0.373,0.4402,0.1578,0.367,0.0501,0.5308,0.6014,0.41904,0.35346
False,33533,103863,Marquette,Golden Eagles,0.2213,0.1408,0.6239,0.3358,0.3849,0.1471,0.3413,0.1418,0.4828,0.5511,0.37542,0.34665
True,36046,103863,Marquette,Golden Eagles,0.22,0.1788,0.6329,0.3768,0.4672,0.1689,0.3608,0.043,0.5457,0.5816,0.41135,0.35237
False,36046,103863,Marquette,Golden Eagles,0.2137,0.1317,0.5756,0.3159,0.4452,0.1354,0.3295,0.1211,0.4513,0.5365,0.42764,0.33731
True,38409,103863,Marquette,Golden Eagles,0.2383,0.1685,0.6387,0.3533,0.3954,0.1441,0.2651,0.0391,0.4974,0.5682,0.4635,0.32622
False,38409,103863,Marquette,Golden Eagles,0.2191,0.1484,0.613,0.3701,0.3361,0.1275,0.3816,0.1082,0.4976,0.542,0.39415,0.3183
False,41097,103863,Marquette,Golden Eagles,0.2451,0.1551,0.6211,0.3634,0.3475,0.1222,0.3652,0.119,0.4855,0.5522,0.39545,0.32723
True,41097,103863,Marquette,Golden Eagles,0.2455,0.2056,0.5895,0.4176,0.369,0.129,0.3387,0.0317,0.5466,0.5375,0.4217,0.31675
True,30629,104245,Southern Miss.,Golden Eagles,0.2368,0.1663,0.666,0.2821,0.3588,0.1895,0.3476,0.2248,0.4716,0.5426,0.30353,0.31217
False,30629,104245,Southern Miss.,Golden Eagles,0.2203,0.15,0.6368,0.2969,0.3926,0.1523,0.3568,0.1231,0.4492,0.554,0.4277,0.37515
False,27693,104245,Southern Miss.,Golden Eagles,0.2259,0.1606,0.6364,0.2523,0.4018,0.1606,0.3467,0.1427,0.4129,0.5451,0.44444,0.33387
True,27693,104245,Southern Miss.,Golden Eagles,0.2353,0.1581,0.6447,0.2722,0.403,0.1884,0.3554,0.2378,0.4606,0.5459,0.30158,0.31829
True,33533,103680,Hartford,Hawks,0.217,0.1057,0.6226,0.3109,0.3565,0.1457,0.3333,0.1416,0.4565,0.5377,0.40189,0.33054
False,33533,103680,Hartford,Hawks,0.2119,0.1628,0.6202,0.3231,0.3927,0.1795,0.3609,0.1103,0.5026,0.539,0.38708,0.37437
False,27693,104181,Saint Joseph's,Hawks,0.2178,0.1701,0.6574,0.3106,0.4259,0.2058,0.4324,0.1158,0.5164,0.5652,0.36776,0.35106
True,27693,104181,Saint Joseph's,Hawks,0.2422,0.1592,0.6114,0.2682,0.3972,0.1729,0.3253,0.067,0.441,0.5275,0.49192,0.31363
True,30629,104181,Saint Joseph's,Hawks,0.2382,0.1294,0.6114,0.1871,0.4683,0.2576,0.3316,0.1054,0.4448,0.5285,0.44983,0.33584
False,30629,104181,Saint Joseph's,Hawks,0.2022,0.1424,0.6287,0.1693,0.468,0.3536,0.3367,0.1655,0.5229,0.52,0.31164,0.31858
False,33533,104181,Saint Joseph's,Hawks,0.2497,0.1378,0.6347,0.2134,0.4461,0.2615,0.3895,0.105,0.4748,0.5308,0.42012,0.34211
True,33533,104181,Saint Joseph's,Hawks,0.253,0.156,0.6318,0.2219,0.4685,0.2368,0.3094,0.0767,0.4586,0.5475,0.46468,0.3361
False,36046,104181,Saint Joseph's,Hawks,0.2354,0.1334,0.5768,0.2317,0.4504,0.2423,0.3619,0.101,0.474,0.5122,0.425,0.33032
True,36046,104181,Saint Joseph's,Hawks,0.2256,0.159,0.6024,0.2764,0.4749,0.2011,0.3333,0.0446,0.4774,0.5487,0.47793,0.35241
False,38409,104181,Saint Joseph's,Hawks,0.2398,0.1427,0.6112,0.2182,0.4088,0.3228,0.2971,0.1301,0.541,0.4904,0.32893,0.33381
True,38409,104181,Saint Joseph's,Hawks,0.2135,0.1652,0.6705,0.2507,0.4125,0.2237,0.36,0.0604,0.4744,0.5489,0.46522,0.33541
True,41097,104181,Saint Joseph's,Hawks,0.2106,0.1695,0.6368,0.3245,0.3821,0.1706,0.3175,0.0583,0.4951,0.549,0.4466,0.30849
False,41097,104181,Saint Joseph's,Hawks,0.2238,0.1471,0.5701,0.2472,0.4053,0.2534,0.385,0.0947,0.5007,0.4867,0.40462,0.31538
True,38409,103937,Monmouth,Hawks,0.2699,0.1608,0.5686,0.2904,0.3342,0.1976,0.3481,0.1656,0.4879,0.4737,0.34644,0.3525
False,38409,103937,Monmouth,Hawks,0.2576,0.1639,0.6085,0.303,0.4497,0.1839,0.314,0.1063,0.4869,0.5485,0.40678,0.33838
False,36046,103937,Monmouth,Hawks,0.2366,0.1443,0.5859,0.3184,0.3935,0.1443,0.3465,0.1053,0.4627,0.5259,0.432,0.34017
True,36046,103937,Monmouth,Hawks,0.2543,0.1859,0.5941,0.3243,0.391,0.1677,0.3183,0.1446,0.492,0.5249,0.36336,0.34711
True,33533,103937,Monmouth,Hawks,0.2865,0.1889,0.5504,0.3583,0.3577,0.2214,0.3153,0.1692,0.5797,0.4768,0.25108,0.28755
False,33533,103937,Monmouth,Hawks,0.2676,0.1682,0.6609,0.2894,0.3902,0.1364,0.3865,0.1147,0.4257,0.5742,0.45953,0.37033
True,41097,103937,Monmouth,Hawks,0.2373,0.1772,0.5878,0.3373,0.4023,0.1722,0.3639,0.1476,0.5095,0.5251,0.34287,0.34407
False,41097,103937,Monmouth,Hawks,0.2531,0.1607,0.5828,0.3389,0.4006,0.1669,0.3505,0.1092,0.5059,0.5227,0.38489,0.34085
True,30629,104365,UMES,Hawks,0.2435,0.1343,0.5371,0.215,0.4011,0.2236,0.2969,0.1572,0.4386,0.4678,0.40418,0.34043
False,30629,104365,UMES,Hawks,0.206,0.1579,0.6567,0.2597,0.4342,0.1964,0.3208,0.137,0.4561,0.5609,0.40698,0.34286
False,33533,104365,UMES,Hawks,0.2267,0.1818,0.6176,0.3053,0.4028,0.1815,0.3833,0.1456,0.4869,0.5375,0.36754,0.32461
True,33533,104365,UMES,Hawks,0.237,0.1811,0.6311,0.3137,0.3698,0.1557,0.3194,0.1269,0.4694,0.5444,0.40364,0.31441
True,36046,104365,UMES,Hawks,0.2569,0.1584,0.5908,0.2329,0.4393,0.2322,0.331,0.1926,0.4651,0.5152,0.34228,0.29804
False,36046,104365,UMES,Hawks,0.2331,0.1662,0.6533,0.2548,0.4365,0.2194,0.3264,0.1624,0.4742,0.553,0.36345,0.34206
True,38409,104365,UMES,Hawks,0.2663,0.1659,0.5991,0.2609,0.4451,0.1989,0.3389,0.173,0.4598,0.5325,0.36724,0.32864
False,38409,104365,UMES,Hawks,0.2486,0.1808,0.71,0.2971,0.4884,0.1684,0.3782,0.1539,0.4656,0.6298,0.38053,0.325
True,41097,104365,UMES,Hawks,0.279,0.1265,0.6146,0.3345,0.4359,0.1812,0.3962,0.151,0.5157,0.5518,0.33333,0.29965
False,41097,104365,UMES,Hawks,0.2563,0.1859,0.6084,0.3447,0.3862,0.1425,0.3463,0.1188,0.4873,0.5434,0.39397,0.33235
True,30629,103680,Hartford,Hawks,0.227,0.1236,0.6494,0.2711,0.4101,0.1564,0.3488,0.1209,0.4274,0.5618,0.45163,0.36986
False,30629,103680,Hartford,Hawks,0.2195,0.1717,0.5924,0.2971,0.4716,0.1803,0.3591,0.1394,0.4774,0.5468,0.38321,0.35674
True,27693,103680,Hartford,Hawks,0.2446,0.1204,0.6376,0.2897,0.3737,0.1456,0.3901,0.1395,0.4352,0.5493,0.42529,0.32252
False,27693,103680,Hartford,Hawks,0.2459,0.1459,0.6124,0.304,0.4313,0.1535,0.3497,0.1331,0.4575,0.5517,0.40945,0.28952
True,27693,103937,Monmouth,Hawks,0.279,0.2584,0.5527,0.3173,0.4121,0.1623,0.3116,0.1754,0.4796,0.5051,0.34502,0.36407
False,27693,103937,Monmouth,Hawks,0.281,0.1454,0.5426,0.3225,0.4635,0.16,0.3358,0.1142,0.4825,0.5164,0.40333,0.32851
True,30629,103937,Monmouth,Hawks,0.2733,0.1815,0.5791,0.2903,0.3806,0.199,0.3609,0.1708,0.4893,0.4984,0.33995,0.3318
False,30629,103937,Monmouth,Hawks,0.283,0.1211,0.5699,0.3002,0.3432,0.1571,0.3769,0.1348,0.4572,0.4921,0.40798,0.32274
True,27693,104122,Radford,Highlanders,0.2437,0.112,0.6483,0.3794,0.3571,0.1738,0.3445,0.0923,0.5531,0.5568,0.35454,0.31947
False,27693,104122,Radford,Highlanders,0.2948,0.1529,0.5851,0.2337,0.3304,0.1621,0.3737,0.2091,0.3958,0.4808,0.39508,0.3663
True,30629,104122,Radford,Highlanders,0.2782,0.1353,0.6222,0.2611,0.3975,0.2044,0.3777,0.1212,0.4655,0.5235,0.41328,0.30577
False,30629,104122,Radford,Highlanders,0.2513,0.1419,0.6373,0.2759,0.4618,0.2092,0.3762,0.1404,0.4851,0.5616,0.37457,0.35065
True,33533,104122,Radford,Highlanders,0.2622,0.1426,0.6195,0.3321,0.4193,0.1739,0.3831,0.1663,0.5059,0.5507,0.32775,0.3542
False,33533,104122,Radford,Highlanders,0.2551,0.1348,0.64,0.3751,0.386,0.1645,0.3121,0.0906,0.5395,0.5626,0.36988,0.33229
True,36046,104122,Radford,Highlanders,0.2625,0.1177,0.649,0.248,0.4344,0.2197,0.3989,0.1893,0.4678,0.5482,0.34295,0.36391
False,36046,104122,Radford,Highlanders,0.2344,0.1593,0.5982,0.3453,0.4201,0.1737,0.3484,0.0797,0.519,0.5386,0.40134,0.31626
True,38409,104122,Radford,Highlanders,0.2666,0.1176,0.6099,0.3238,0.4127,0.1991,0.3731,0.1109,0.5229,0.5348,0.36624,0.36446
False,38409,104122,Radford,Highlanders,0.2907,0.1453,0.5923,0.3309,0.3801,0.1883,0.3182,0.0848,0.5193,0.5154,0.39593,0.35466
False,41097,104122,Radford,Highlanders,0.2776,0.1831,0.6207,0.3072,0.4282,0.2257,0.3846,0.0883,0.5329,0.5392,0.37879,0.3531
True,41097,104122,Radford,Highlanders,0.2542,0.1941,0.6341,0.2829,0.4507,0.182,0.3885,0.0805,0.4649,0.5623,0.45464,0.3416
False,36046,103967,NJIT,Highlanders,0.2361,0.171,0.6257,0.321,0.4339,0.2178,0.3846,0.1058,0.5388,0.5482,0.35544,0.34859
True,30629,103967,NJIT,Highlanders,0.2361,0.1409,0.568,0.3394,0.3561,0.1647,0.2965,0.141,0.5041,0.4988,0.35496,0.32689
False,30629,103967,NJIT,Highlanders,0.2531,0.1557,0.6457,0.2967,0.3553,0.1776,0.3529,0.1192,0.4743,0.5369,0.40654,0.33477
False,33533,103967,NJIT,Highlanders,0.2437,0.1465,0.6314,0.2957,0.4589,0.2107,0.3575,0.1079,0.5064,0.5596,0.38569,0.33623
True,33533,103967,NJIT,Highlanders,0.2357,0.134,0.5786,0.2641,0.441,0.2393,0.3344,0.1724,0.5035,0.5132,0.32411,0.34875
True,38409,103967,NJIT,Highlanders,0.2786,0.131,0.6213,0.2634,0.3343,0.1862,0.3344,0.1713,0.4496,0.5025,0.37906,0.30814
False,38409,103967,NJIT,Highlanders,0.2268,0.1637,0.6359,0.3333,0.3897,0.2241,0.36,0.0961,0.5574,0.5369,0.34651,0.30586
False,41097,103967,NJIT,Highlanders,0.2494,0.1523,0.6449,0.2945,0.397,0.2097,0.3121,0.09,0.5042,0.5418,0.40583,0.32564
True,41097,103967,NJIT,Highlanders,0.2725,0.1524,0.5785,0.2256,0.4295,0.2509,0.3801,0.1167,0.4765,0.5,0.40676,0.3026
True,27693,103967,NJIT,Highlanders,0.2617,0.1415,0.5858,0.284,0.3719,0.2224,0.3401,0.1351,0.5064,0.4918,0.35846,0.30513
False,27693,103967,NJIT,Highlanders,0.2827,0.1289,0.6596,0.3117,0.457,0.1746,0.3841,0.154,0.4864,0.5869,0.35962,0.33159
True,36046,103967,NJIT,Highlanders,0.2845,0.1373,0.5653,0.2641,0.3639,0.2076,0.3784,0.1321,0.4717,0.4767,0.39619,0.3018
True,27693,104354,UC Riverside,Highlanders,0.2636,0.102,0.604,0.2328,0.4416,0.2141,0.4217,0.1297,0.4469,0.5262,0.42344,0.37085
False,27693,104354,UC Riverside,Highlanders,0.221,0.1525,0.5694,0.2234,0.4341,0.2051,0.3369,0.2218,0.4285,0.5046,0.34976,0.31818
False,30629,104354,UC Riverside,Highlanders,0.2286,0.1321,0.619,0.2368,0.4404,0.2049,0.3518,0.26,0.4417,0.5362,0.29825,0.29622
True,30629,104354,UC Riverside,Highlanders,0.2438,0.1225,0.6634,0.2636,0.4545,0.1924,0.3632,0.1373,0.456,0.5753,0.40674,0.32006
True,41097,104354,UC Riverside,Highlanders,0.2749,0.1359,0.5835,0.3296,0.4557,0.1747,0.3284,0.1074,0.5043,0.5392,0.38835,0.32325
False,41097,104354,UC Riverside,Highlanders,0.247,0.1811,0.6143,0.3415,0.4677,0.2464,0.4053,0.1009,0.5879,0.5528,0.31121,0.33788
True,36046,104354,UC Riverside,Highlanders,0.2589,0.1172,0.5826,0.2224,0.3945,0.2234,0.3419,0.1282,0.4458,0.4884,0.42601,0.31748
False,36046,104354,UC Riverside,Highlanders,0.2567,0.1753,0.6369,0.2478,0.4868,0.2388,0.3808,0.181,0.4866,0.5632,0.33246,0.35601
False,33533,104354,UC Riverside,Highlanders,0.2484,0.1554,0.6467,0.2527,0.4672,0.256,0.372,0.2008,0.5087,0.5564,0.29058,0.3352
True,33533,104354,UC Riverside,Highlanders,0.2755,0.1154,0.6136,0.2086,0.4547,0.2482,0.3921,0.1607,0.4568,0.5273,0.38251,0.36271
True,38409,104354,UC Riverside,Highlanders,0.2669,0.1292,0.6118,0.2407,0.4203,0.1718,0.3905,0.1595,0.4125,0.532,0.42803,0.33738
False,38409,104354,UC Riverside,Highlanders,0.2382,0.1506,0.5971,0.3145,0.4642,0.1748,0.3589,0.1242,0.4892,0.5496,0.38658,0.35104
False,27693,103531,Delaware St.,Hornets,0.2517,0.2078,0.596,0.3729,0.4595,0.1186,0.376,0.1335,0.4915,0.563,0.375,0.38177
True,27693,103531,Delaware St.,Hornets,0.282,0.2031,0.5691,0.2689,0.4414,0.1213,0.3204,0.1978,0.3902,0.5294,0.41202,0.29178
True,30629,103531,Delaware St.,Hornets,0.2538,0.1747,0.5987,0.2295,0.3688,0.2018,0.3333,0.2371,0.4313,0.4911,0.33154,0.31481
False,30629,103531,Delaware St.,Hornets,0.26,0.1823,0.5944,0.2359,0.4174,0.168,0.2948,0.1264,0.4039,0.5208,0.46969,0.35925
True,33533,103531,Delaware St.,Hornets,0.2671,0.1635,0.6,0.2623,0.3838,0.1855,0.3316,0.2392,0.4478,0.5105,0.31293,0.31936
False,33533,103531,Delaware St.,Hornets,0.2473,0.1848,0.6189,0.2944,0.419,0.1641,0.3371,0.1154,0.4585,0.5474,0.42607,0.4003
True,36046,103531,Delaware St.,Hornets,0.2452,0.1827,0.6689,0.2569,0.3828,0.2402,0.3687,0.2494,0.4971,0.5306,0.25345,0.31519
False,36046,103531,Delaware St.,Hornets,0.2662,0.1801,0.6832,0.2386,0.3824,0.2209,0.3013,0.1353,0.4595,0.5386,0.4052,0.36589
False,38409,103531,Delaware St.,Hornets,0.2524,0.1624,0.672,0.2529,0.4958,0.2082,0.3333,0.1392,0.4611,0.5925,0.39965,0.3164
True,38409,103531,Delaware St.,Hornets,0.2562,0.1822,0.6214,0.2573,0.4691,0.2742,0.3677,0.2462,0.5315,0.5428,0.22234,0.36905
True,41097,103531,Delaware St.,Hornets,0.262,0.1938,0.587,0.2509,0.3684,0.2418,0.35,0.2182,0.4927,0.4797,0.28909,0.29979
False,41097,103531,Delaware St.,Hornets,0.2437,0.2028,0.6673,0.3179,0.4509,0.204,0.3578,0.1277,0.5219,0.5827,0.35044,0.33393
True,27693,104174,Sacramento St.,Hornets,0.2695,0.1133,0.6222,0.3042,0.4307,0.1746,0.3817,0.2083,0.4788,0.5523,0.31288,0.3674
False,27693,104174,Sacramento St.,Hornets,0.259,0.1289,0.6755,0.3477,0.4681,0.1725,0.3286,0.1284,0.5202,0.6067,0.35138,0.3577
False,30629,104174,Sacramento St.,Hornets,0.2424,0.15,0.6502,0.3542,0.3855,0.164,0.3189,0.1158,0.5181,0.5664,0.36608,0.34359
True,30629,104174,Sacramento St.,Hornets,0.2619,0.1282,0.5854,0.2793,0.4135,0.2291,0.3347,0.1536,0.5084,0.5079,0.33808,0.35897
False,33533,104174,Sacramento St.,Hornets,0.2442,0.1458,0.5827,0.2954,0.4939,0.226,0.377,0.1738,0.5214,0.5442,0.30483,0.35155
True,33533,104174,Sacramento St.,Hornets,0.2447,0.1072,0.5901,0.3232,0.4424,0.253,0.2743,0.0645,0.5762,0.5253,0.35922,0.34499
True,38409,104174,Sacramento St.,Hornets,0.2847,0.1297,0.5828,0.3745,0.3867,0.104,0.3091,0.0632,0.4785,0.5402,0.45836,0.32832
False,38409,104174,Sacramento St.,Hornets,0.2635,0.1338,0.6111,0.3368,0.4036,0.0971,0.3923,0.1058,0.4339,0.5647,0.46023,0.34943
False,36046,104174,Sacramento St.,Hornets,0.2627,0.1455,0.6115,0.3193,0.4857,0.151,0.4198,0.1413,0.4703,0.5711,0.38835,0.34861
True,36046,104174,Sacramento St.,Hornets,0.2641,0.1143,0.594,0.3213,0.4118,0.165,0.3468,0.0933,0.4863,0.5322,0.42049,0.33077
False,41097,104174,Sacramento St.,Hornets,0.2677,0.1497,0.6014,0.3812,0.4538,0.1291,0.4245,0.055,0.5104,0.564,0.43465,0.3401
True,41097,104174,Sacramento St.,Hornets,0.2592,0.1964,0.5785,0.3456,0.3717,0.143,0.3123,0.143,0.4886,0.518,0.36842,0.33333
True,27693,103270,Alabama St.,Hornets,0.2712,0.2108,0.6358,0.2271,0.331,0.218,0.3165,0.209,0.4451,0.4865,0.34586,0.35652
False,27693,103270,Alabama St.,Hornets,0.3108,0.2453,0.6884,0.2847,0.4459,0.2117,0.3357,0.2046,0.4964,0.585,0.299,0.34928
False,30629,103270,Alabama St.,Hornets,0.2551,0.1943,0.6146,0.3104,0.3978,0.1669,0.4181,0.1388,0.4773,0.5388,0.38397,0.33489
True,30629,103270,Alabama St.,Hornets,0.2562,0.203,0.6004,0.3142,0.3776,0.1536,0.3628,0.202,0.4678,0.5272,0.33015,0.33784
False,33533,103270,Alabama St.,Hornets,0.2446,0.195,0.6059,0.3218,0.4214,0.1777,0.3143,0.1564,0.4994,0.5403,0.34413,0.34091
True,33533,103270,Alabama St.,Hornets,0.2674,0.1916,0.5055,0.3112,0.3402,0.1652,0.3156,0.1925,0.4764,0.4482,0.33106,0.30875
False,36046,103270,Alabama St.,Hornets,0.2318,0.182,0.5821,0.3061,0.3506,0.1319,0.3205,0.1479,0.438,0.5124,0.41405,0.33793
False,41097,103270,Alabama St.,Hornets,0.2488,0.2061,0.6431,0.331,0.4189,0.1611,0.3085,0.1023,0.4921,0.5697,0.40555,0.3396
True,41097,103270,Alabama St.,Hornets,0.2714,0.1903,0.6065,0.332,0.3262,0.1665,0.3305,0.1194,0.4985,0.5128,0.38217,0.31903
True,36046,103270,Alabama St.,Hornets,0.2746,0.2086,0.5527,0.2956,0.3485,0.1471,0.2715,0.1782,0.4427,0.4848,0.37901,0.28192
False,38409,103270,Alabama St.,Hornets,0.2344,0.1749,0.6064,0.3195,0.4085,0.1605,0.3669,0.1213,0.4799,0.5403,0.39873,0.33374
True,38409,103270,Alabama St.,Hornets,0.2689,0.2137,0.5805,0.3039,0.3375,0.141,0.3176,0.1293,0.445,0.5034,0.42576,0.32821
True,38409,104424,Washington,Huskies,0.2709,0.1356,0.6321,0.3162,0.3734,0.2163,0.3744,0.1101,0.5325,0.527,0.35743,0.34439
False,38409,104424,Washington,Huskies,0.2538,0.1346,0.6692,0.2994,0.4448,0.1958,0.3694,0.1525,0.4952,0.5805,0.35231,0.3538
True,41097,104424,Washington,Huskies,0.2519,0.1536,0.6706,0.2903,0.4332,0.2435,0.4057,0.1203,0.5338,0.5623,0.34598,0.31481
False,41097,104424,Washington,Huskies,0.2437,0.1299,0.6506,0.2732,0.3708,0.1934,0.3933,0.1515,0.4667,0.5346,0.38182,0.33598
False,27693,104006,Northeastern,Huskies,0.2327,0.1638,0.5984,0.3456,0.3616,0.1671,0.3462,0.1719,0.5127,0.5212,0.31539,0.32036
True,27693,104006,Northeastern,Huskies,0.2376,0.1442,0.6241,0.2793,0.4172,0.1539,0.3525,0.1244,0.4332,0.5506,0.44241,0.35714
False,33533,104006,Northeastern,Huskies,0.2291,0.1443,0.5951,0.3616,0.4186,0.2039,0.3522,0.1363,0.5655,0.5314,0.29816,0.34791
True,33533,104006,Northeastern,Huskies,0.252,0.1256,0.5431,0.343,0.364,0.1706,0.3717,0.1151,0.5136,0.4836,0.37131,0.32955
True,30629,104006,Northeastern,Huskies,0.2378,0.1216,0.6284,0.3061,0.4382,0.1706,0.3676,0.1182,0.4767,0.5603,0.40511,0.32019
False,30629,104006,Northeastern,Huskies,0.2513,0.1493,0.6369,0.3049,0.4527,0.2001,0.341,0.1285,0.505,0.5639,0.36649,0.33764
False,36046,104006,Northeastern,Huskies,0.2342,0.1448,0.6019,0.3599,0.4319,0.1485,0.3817,0.1075,0.5084,0.5523,0.38417,0.37444
True,36046,104006,Northeastern,Huskies,0.2362,0.1019,0.6234,0.4105,0.3726,0.1228,0.3403,0.1106,0.5333,0.5657,0.35611,0.31382
False,38409,104006,Northeastern,Huskies,0.2306,0.1408,0.5883,0.309,0.4215,0.2331,0.3695,0.1108,0.542,0.5166,0.34716,0.34906
True,38409,104006,Northeastern,Huskies,0.2449,0.1566,0.6262,0.3344,0.4134,0.2186,0.3516,0.0985,0.553,0.5421,0.34848,0.33696
True,41097,104006,Northeastern,Huskies,0.2805,0.1643,0.6531,0.3168,0.4466,0.1918,0.3602,0.1137,0.5086,0.5752,0.37769,0.33666
False,41097,104006,Northeastern,Huskies,0.2368,0.152,0.6859,0.3484,0.4767,0.1971,0.4078,0.1026,0.5456,0.6103,0.35186,0.35831
False,27693,104010,NIU,Huskies,0.2361,0.1552,0.6109,0.2509,0.5039,0.2318,0.3393,0.1022,0.4827,0.5595,0.41515,0.38901
True,27693,104010,NIU,Huskies,0.2691,0.151,0.5846,0.238,0.3711,0.2546,0.3295,0.2257,0.4926,0.4742,0.28171,0.32298
False,30629,104010,NIU,Huskies,0.2553,0.1502,0.727,0.2319,0.4357,0.2556,0.3292,0.1479,0.4875,0.5743,0.36458,0.32387
True,30629,104010,NIU,Huskies,0.3017,0.1579,0.6331,0.2169,0.4649,0.2679,0.2819,0.181,0.4848,0.5401,0.33414,0.31818
False,33533,104010,NIU,Huskies,0.2447,0.1551,0.643,0.2749,0.4214,0.2417,0.4358,0.115,0.5166,0.5393,0.36834,0.32808
True,33533,104010,NIU,Huskies,0.275,0.1632,0.6517,0.2814,0.45,0.2313,0.3873,0.1123,0.5127,0.5607,0.375,0.34655
False,36046,104010,NIU,Huskies,0.2704,0.1642,0.6158,0.2729,0.4105,0.2413,0.4108,0.127,0.5142,0.5195,0.3588,0.3627
True,36046,104010,NIU,Huskies,0.2509,0.1474,0.6227,0.2691,0.4676,0.2481,0.3563,0.0966,0.5172,0.5483,0.38624,0.32615
False,38409,104010,NIU,Huskies,0.2373,0.1617,0.6427,0.2648,0.4067,0.234,0.3209,0.1204,0.4989,0.532,0.38074,0.36912
True,38409,104010,NIU,Huskies,0.2804,0.1609,0.5979,0.2078,0.4496,0.1991,0.3175,0.1145,0.4069,0.5253,0.47857,0.33447
True,41097,104010,NIU,Huskies,0.2678,0.1646,0.6085,0.276,0.4122,0.2208,0.3077,0.0534,0.4968,0.5213,0.44979,0.31201
False,41097,104010,NIU,Huskies,0.2624,0.1624,0.6792,0.2953,0.4807,0.2117,0.3956,0.1064,0.507,0.5963,0.38655,0.3525
False,27693,103705,Houston Christian,Huskies,0.2433,0.1938,0.6567,0.3183,0.4457,0.1696,0.4179,0.1277,0.4879,0.5833,0.38437,0.3438
False,38409,103705,Houston Christian,Huskies,0.2327,0.1481,0.5852,0.4545,0.4593,0.138,0.4294,0.0915,0.5926,0.5559,0.31594,0.32149
True,38409,103705,Houston Christian,Huskies,0.2118,0.1479,0.5772,0.3657,0.3881,0.1147,0.3028,0.081,0.4803,0.5321,0.43868,0.3264
True,41097,103705,Houston Christian,Huskies,0.2376,0.1331,0.6082,0.3945,0.3904,0.1458,0.3252,0.0947,0.5404,0.5495,0.3649,0.30892
False,41097,103705,Houston Christian,Huskies,0.2478,0.1516,0.6215,0.3951,0.4298,0.1311,0.4045,0.0993,0.5262,0.5737,0.37444,0.34873
False,36046,103705,Houston Christian,Huskies,0.2472,0.1957,0.6368,0.3666,0.4809,0.164,0.3586,0.1311,0.5305,0.5886,0.33838,0.33951
False,33533,103705,Houston Christian,Huskies,0.2705,0.1858,0.6922,0.3893,0.4007,0.1527,0.3563,0.1249,0.542,0.6101,0.33316,0.36722
True,27693,103705,Houston Christian,Huskies,0.2313,0.1746,0.6032,0.2934,0.4174,0.1629,0.3122,0.1487,0.4563,0.5369,0.39502,0.34412
True,30629,103705,Houston Christian,Huskies,0.2636,0.1549,0.6108,0.3904,0.4122,0.1531,0.2857,0.0941,0.5435,0.5548,0.36236,0.32258
True,36046,103705,Houston Christian,Huskies,0.201,0.1377,0.5814,0.4175,0.3846,0.2153,0.271,0.0885,0.6328,0.5144,0.2787,0.30123
False,30629,103705,Houston Christian,Huskies,0.2756,0.2079,0.6386,0.3425,0.3968,0.1514,0.3633,0.1472,0.494,0.5645,0.35877,0.37521
True,33533,103705,Houston Christian,Huskies,0.248,0.1418,0.6267,0.3623,0.3841,0.1621,0.2901,0.087,0.5244,0.5517,0.38862,0.36602
True,27693,104361,UConn,Huskies,0.2882,0.1501,0.5928,0.3184,0.4,0.1945,0.3615,0.1535,0.513,0.5197,0.33357,0.33477
False,27693,104361,UConn,Huskies,0.2615,0.1484,0.532,0.3146,0.3918,0.2156,0.3941,0.1368,0.5302,0.475,0.33307,0.32367
True,30629,104361,UConn,Huskies,0.2524,0.1791,0.6013,0.2954,0.4181,0.2355,0.3068,0.1242,0.5309,0.52,0.34488,0.35151
False,30629,104361,UConn,Huskies,0.2551,0.1297,0.5569,0.3016,0.3401,0.233,0.2879,0.1395,0.5346,0.4625,0.32594,0.35332
True,33533,104361,UConn,Huskies,0.2655,0.1516,0.6622,0.321,0.4099,0.1736,0.3252,0.0883,0.4946,0.5737,0.41706,0.3628
False,33533,104361,UConn,Huskies,0.254,0.1556,0.576,0.2793,0.378,0.2541,0.319,0.1622,0.5333,0.4816,0.30443,0.29709
True,36046,104361,UConn,Huskies,0.2513,0.1569,0.6892,0.3629,0.4695,0.1665,0.3681,0.0689,0.5294,0.6201,0.40177,0.35752
False,36046,104361,UConn,Huskies,0.2563,0.1291,0.5251,0.306,0.3313,0.2199,0.3867,0.1453,0.5259,0.4441,0.3288,0.31242
True,38409,104361,UConn,Huskies,0.2855,0.1296,0.6927,0.3322,0.4072,0.1932,0.3684,0.0473,0.5254,0.5877,0.42729,0.34848
False,38409,104361,UConn,Huskies,0.2515,0.146,0.5559,0.3171,0.3804,0.2213,0.3407,0.1196,0.5384,0.4838,0.34198,0.34985
True,41097,104361,UConn,Huskies,0.2811,0.1269,0.6636,0.3195,0.447,0.1882,0.4286,0.0833,0.5076,0.5833,0.40909,0.34372
False,41097,104361,UConn,Huskies,0.2614,0.1452,0.5504,0.2993,0.3975,0.2265,0.3455,0.1142,0.5258,0.4846,0.36009,0.30155
False,27693,104424,Washington,Huskies,0.2405,0.1548,0.6694,0.233,0.4353,0.2683,0.391,0.1679,0.5013,0.5441,0.33081,0.34924
True,27693,104424,Washington,Huskies,0.2616,0.1552,0.6332,0.191,0.4467,0.2664,0.3553,0.1507,0.4574,0.5246,0.39194,0.33221
True,33533,104424,Washington,Huskies,0.2407,0.1661,0.6567,0.2924,0.3608,0.2128,0.3718,0.1284,0.5052,0.532,0.36643,0.31287
False,33533,104424,Washington,Huskies,0.2535,0.1471,0.6401,0.2688,0.3982,0.2229,0.3297,0.1377,0.4918,0.5304,0.37057,0.2961
True,30629,104424,Washington,Huskies,0.2387,0.1849,0.6049,0.2768,0.3841,0.2551,0.3197,0.1395,0.5319,0.499,0.32867,0.3123
False,30629,104424,Washington,Huskies,0.2778,0.1471,0.6322,0.2743,0.4093,0.2375,0.3915,0.1477,0.5118,0.5287,0.34051,0.33488
False,36046,104424,Washington,Huskies,0.2566,0.1513,0.633,0.2816,0.3959,0.2207,0.3967,0.1498,0.5022,0.5288,0.34798,0.33716
True,36046,104424,Washington,Huskies,0.2544,0.1878,0.6878,0.3106,0.3995,0.196,0.3815,0.1258,0.5066,0.5763,0.36768,0.3544
True,27693,104228,South Alabama,Jaguars,0.2261,0.1789,0.5642,0.3462,0.3486,0.1128,0.4459,0.1012,0.4591,0.5112,0.43972,0.3695
False,27693,104228,South Alabama,Jaguars,0.2332,0.155,0.5789,0.2784,0.3605,0.105,0.3642,0.0989,0.3834,0.5191,0.5177,0.33373
True,38409,104228,South Alabama,Jaguars,0.2084,0.1818,0.6445,0.3281,0.4248,0.1232,0.3373,0.0921,0.4512,0.5845,0.45668,0.32578
False,38409,104228,South Alabama,Jaguars,0.2394,0.13,0.5501,0.2355,0.3692,0.107,0.2957,0.0631,0.3425,0.4936,0.5944,0.33241
False,41097,104228,South Alabama,Jaguars,0.254,0.1399,0.5931,0.2056,0.436,0.0867,0.2672,0.0585,0.2923,0.5466,0.64919,0.32686
True,41097,104228,South Alabama,Jaguars,0.1912,0.1652,0.5967,0.3876,0.5105,0.1531,0.3086,0.0937,0.5407,0.5723,0.36563,0.34846
False,30629,104228,South Alabama,Jaguars,0.2539,0.1499,0.5407,0.3194,0.4,0.157,0.3386,0.1359,0.4764,0.4943,0.38766,0.31704
True,30629,104228,South Alabama,Jaguars,0.2458,0.1667,0.6132,0.3786,0.4397,0.1502,0.3591,0.1171,0.5288,0.5639,0.3541,0.33684
True,36046,104228,South Alabama,Jaguars,0.2378,0.1725,0.6248,0.3038,0.3829,0.2174,0.3839,0.1119,0.5212,0.5239,0.36691,0.34538
False,36046,104228,South Alabama,Jaguars,0.2298,0.1425,0.6369,0.3393,0.401,0.2048,0.3763,0.0996,0.5441,0.5481,0.35626,0.317
False,33533,104228,South Alabama,Jaguars,0.1963,0.1348,0.5794,0.3253,0.4427,0.2234,0.2917,0.1654,0.5487,0.5238,0.28593,0.29432
True,33533,104228,South Alabama,Jaguars,0.2223,0.1231,0.6387,0.3045,0.4737,0.252,0.3759,0.0653,0.5565,0.564,0.37819,0.34545
False,27693,104248,Southern U.,Jaguars,0.2592,0.2016,0.6879,0.3079,0.2938,0.2004,0.2635,0.1725,0.5083,0.5325,0.31921,0.32686
True,27693,104248,Southern U.,Jaguars,0.2868,0.2352,0.6228,0.2906,0.3652,0.1841,0.3886,0.2182,0.4747,0.5229,0.30714,0.32323
False,30629,104248,Southern U.,Jaguars,0.2638,0.2105,0.704,0.307,0.3903,0.1851,0.3756,0.1466,0.4921,0.586,0.36132,0.29333
True,30629,104248,Southern U.,Jaguars,0.2878,0.2288,0.645,0.3215,0.3429,0.1503,0.3355,0.192,0.4718,0.5488,0.3362,0.35584
False,33533,104248,Southern U.,Jaguars,0.2419,0.2023,0.6321,0.3036,0.3898,0.1402,0.375,0.1378,0.4439,0.5556,0.4183,0.33523
False,38409,104248,Southern U.,Jaguars,0.258,0.1888,0.6053,0.3297,0.3008,0.1423,0.3376,0.1353,0.4719,0.5135,0.39271,0.33726
True,36046,104248,Southern U.,Jaguars,0.2838,0.1671,0.6455,0.3362,0.4015,0.1443,0.3086,0.1471,0.4806,0.5722,0.37233,0.32452
True,33533,104248,Southern U.,Jaguars,0.277,0.2175,0.6181,0.3188,0.3648,0.1289,0.3607,0.155,0.4477,0.5451,0.39734,0.33008
True,38409,104248,Southern U.,Jaguars,0.2683,0.1882,0.6176,0.4012,0.3084,0.158,0.2783,0.1088,0.5593,0.5303,0.33197,0.32767
False,36046,104248,Southern U.,Jaguars,0.2501,0.2041,0.6623,0.3198,0.3948,0.139,0.2947,0.1802,0.4588,0.5813,0.36098,0.31901
False,41097,104248,Southern U.,Jaguars,0.2641,0.1829,0.6469,0.317,0.3839,0.1644,0.36,0.1399,0.4814,0.5571,0.37863,0.35215
True,41097,104248,Southern U.,Jaguars,0.2616,0.198,0.643,0.3581,0.3436,0.1867,0.3493,0.1302,0.5448,0.5404,0.32504,0.34904
True,27693,103715,IU Indy,Jaguars,0.2651,0.1686,0.6183,0.2451,0.3636,0.1646,0.386,0.2011,0.4097,0.516,0.38915,0.34375
False,27693,103715,IU Indy,Jaguars,0.2245,0.1739,0.7147,0.3205,0.4619,0.1896,0.3649,0.1424,0.5101,0.6208,0.34745,0.30471
False,30629,103715,IU Indy,Jaguars,0.235,0.1539,0.6593,0.2711,0.3965,0.1908,0.3651,0.1265,0.4618,0.5507,0.41165,0.35285
False,38409,103715,IU Indy,Jaguars,0.2492,0.1819,0.6935,0.3205,0.4118,0.1679,0.3892,0.0917,0.4885,0.5966,0.41987,0.35294
True,38409,103715,IU Indy,Jaguars,0.2668,0.1357,0.5897,0.2499,0.385,0.2066,0.3546,0.0753,0.4565,0.4971,0.46823,0.374
True,33533,103715,IU Indy,Jaguars,0.2671,0.1533,0.6453,0.3265,0.4199,0.2218,0.4155,0.1653,0.5483,0.5541,0.28638,0.29675
False,33533,103715,IU Indy,Jaguars,0.2493,0.1655,0.6758,0.3197,0.4212,0.1904,0.3297,0.1009,0.5101,0.5807,0.38898,0.35905
False,36046,103715,IU Indy,Jaguars,0.247,0.165,0.707,0.3435,0.4505,0.1712,0.4158,0.1105,0.5148,0.6217,0.37473,0.37664
True,36046,103715,IU Indy,Jaguars,0.2581,0.1748,0.6512,0.3422,0.363,0.2415,0.3973,0.1652,0.5837,0.532,0.25113,0.24775
False,41097,103715,IU Indy,Jaguars,0.1955,0.2334,0.6847,0.4017,0.4218,0.1897,0.3143,0.0556,0.5914,0.6004,0.35294,0.38589
True,41097,103715,IU Indy,Jaguars,0.295,0.1905,0.6799,0.2963,0.4727,0.191,0.337,0.0835,0.4873,0.5987,0.42922,0.32558
True,30629,103715,IU Indy,Jaguars,0.2843,0.1362,0.5134,0.2297,0.4054,0.2522,0.3414,0.1697,0.4819,0.4569,0.34833,0.29159
True,27693,103334,Bellarmine,Knights,0.2363,0.1564,0.7184,0.2862,0.4915,0.2654,0.4013,0.1422,0.5516,0.6092,0.30616,0.36686
False,27693,103334,Bellarmine,Knights,0.2394,0.1275,0.6653,0.2394,0.432,0.1631,0.3597,0.1342,0.4025,0.5707,0.46332,0.38125
False,30629,103334,Bellarmine,Knights,0.2321,0.1257,0.7032,0.2447,0.4333,0.1508,0.3293,0.1374,0.3955,0.6003,0.46704,0.33852
True,30629,103334,Bellarmine,Knights,0.2282,0.1318,0.714,0.244,0.5324,0.2338,0.3301,0.1131,0.4778,0.6251,0.40909,0.33995
False,33533,103334,Bellarmine,Knights,0.2395,0.12,0.6851,0.2423,0.4737,0.1328,0.2989,0.1072,0.3751,0.6102,0.51776,0.35433
True,33533,103334,Bellarmine,Knights,0.2546,0.1118,0.7051,0.2497,0.4489,0.2025,0.3416,0.1162,0.4522,0.5903,0.43153,0.352
False,36046,103334,Bellarmine,Knights,0.2066,0.1361,0.6566,0.2554,0.4843,0.1936,0.3266,0.1098,0.449,0.5823,0.44126,0.34875
True,36046,103334,Bellarmine,Knights,0.2374,0.1311,0.6334,0.251,0.4119,0.2379,0.361,0.1312,0.4888,0.5256,0.37997,0.34097
False,38409,103334,Bellarmine,Knights,0.2227,0.1437,0.6822,0.2525,0.5122,0.2071,0.3088,0.0763,0.4596,0.6056,0.46409,0.38573
True,38409,103334,Bellarmine,Knights,0.2522,0.1341,0.6464,0.2645,0.5129,0.245,0.2025,0.0453,0.5095,0.5822,0.44521,0.36211
False,41097,103334,Bellarmine,Knights,0.2671,0.1485,0.6778,0.2742,0.4653,0.1633,0.3704,0.0582,0.4375,0.5985,0.50431,0.39744
True,41097,103334,Bellarmine,Knights,0.2538,0.1311,0.6917,0.382,0.5065,0.1769,0.3387,0.0356,0.5589,0.6331,0.40551,0.38244
False,36046,104359,UCF,Knights,0.2641,0.1673,0.5676,0.2905,0.3734,0.1833,0.3318,0.1274,0.4738,0.4925,0.39881,0.33731
True,36046,104359,UCF,Knights,0.2679,0.1645,0.6294,0.2952,0.3308,0.2144,0.3487,0.1308,0.5096,0.5038,0.35954,0.32569
False,38409,104359,UCF,Knights,0.2609,0.1539,0.6366,0.3308,0.3948,0.1938,0.3884,0.1017,0.5246,0.5473,0.37369,0.32846
True,38409,104359,UCF,Knights,0.2395,0.1909,0.6024,0.2855,0.3602,0.1707,0.4082,0.1264,0.4561,0.5118,0.41745,0.3378
True,41097,104359,UCF,Knights,0.2511,0.1587,0.6706,0.3255,0.375,0.2145,0.3404,0.1125,0.54,0.5532,0.34753,0.36226
False,41097,104359,UCF,Knights,0.2467,0.1498,0.6185,0.3102,0.4506,0.1631,0.4167,0.1329,0.4733,0.5606,0.39376,0.33887
False,27693,104359,UCF,Knights,0.2453,0.1826,0.6368,0.3318,0.3264,0.1472,0.3296,0.1365,0.479,0.5414,0.38444,0.32738
True,27693,104359,UCF,Knights,0.2524,0.1724,0.6536,0.2631,0.3704,0.1498,0.3191,0.1862,0.4128,0.5509,0.40095,0.35573
False,30629,104359,UCF,Knights,0.2428,0.1679,0.6074,0.3018,0.4343,0.1465,0.3376,0.1384,0.4483,0.5508,0.41331,0.31215
True,30629,104359,UCF,Knights,0.2343,0.2047,0.6164,0.2729,0.3509,0.1516,0.3532,0.1442,0.4245,0.5216,0.43135,0.35013
True,33533,104359,UCF,Knights,0.2511,0.1452,0.5977,0.2687,0.4103,0.1773,0.3473,0.1323,0.446,0.5232,0.42172,0.35329
False,33533,104359,UCF,Knights,0.2458,0.1671,0.6285,0.2873,0.4033,0.1978,0.3191,0.1267,0.4852,0.5367,0.38814,0.30694
False,27693,103596,FDU,Knights,0.2406,0.1827,0.6111,0.3575,0.5082,0.1671,0.3712,0.0904,0.5247,0.5783,0.38493,0.33452
True,27693,103596,FDU,Knights,0.2563,0.1854,0.579,0.3666,0.3939,0.1844,0.3413,0.088,0.551,0.5171,0.36103,0.37524
False,30629,103596,FDU,Knights,0.2256,0.1796,0.6252,0.4109,0.4279,0.1374,0.3758,0.1003,0.5482,0.5758,0.35144,0.35091
True,30629,103596,FDU,Knights,0.262,0.1662,0.5484,0.3518,0.348,0.1608,0.3206,0.1344,0.5125,0.4856,0.35305,0.32423
False,36046,103596,FDU,Knights,0.2491,0.1787,0.6085,0.3726,0.408,0.1271,0.2941,0.1037,0.4997,0.5575,0.39654,0.35513
True,41097,103596,FDU,Knights,0.272,0.0875,0.5947,0.2696,0.4282,0.193,0.349,0.0826,0.4626,0.5252,0.4548,0.30976
False,38409,103596,FDU,Knights,0.2427,0.1388,0.5836,0.355,0.476,0.1574,0.4,0.1207,0.5123,0.5505,0.36702,0.30137
False,41097,103596,FDU,Knights,0.2676,0.1508,0.6289,0.2861,0.4532,0.1953,0.3918,0.1145,0.4814,0.5576,0.40413,0.36496
True,36046,103596,FDU,Knights,0.2448,0.1913,0.5749,0.332,0.3836,0.1451,0.3292,0.1193,0.4771,0.5167,0.40358,0.33005
True,38409,103596,FDU,Knights,0.2334,0.1653,0.6199,0.3623,0.3367,0.1511,0.2969,0.0658,0.5134,0.5365,0.42086,0.33578
True,33533,103596,FDU,Knights,0.2718,0.1674,0.5977,0.3408,0.4507,0.1535,0.3823,0.1267,0.4944,0.5521,0.37889,0.34475
False,33533,103596,FDU,Knights,0.2292,0.1753,0.6447,0.3537,0.4281,0.1485,0.4058,0.1004,0.5022,0.5807,0.39738,0.35043
True,27693,103826,Longwood,Lancers,0.2621,0.126,0.6206,0.3225,0.3784,0.2093,0.3136,0.0835,0.5318,0.5253,0.38472,0.34926
False,27693,103826,Longwood,Lancers,0.2597,0.1604,0.7035,0.2909,0.4124,0.1418,0.3653,0.1221,0.4327,0.6081,0.44518,0.31856
False,30629,103826,Longwood,Lancers,0.2885,0.1524,0.7007,0.2489,0.5231,0.1771,0.3247,0.1399,0.426,0.6269,0.43415,0.34937
True,30629,103826,Longwood,Lancers,0.2473,0.1574,0.5897,0.2613,0.4252,0.2288,0.268,0.1378,0.4901,0.5129,0.37207,0.38741
False,33533,103826,Longwood,Lancers,0.2595,0.1612,0.6217,0.2969,0.3913,0.1676,0.3443,0.1111,0.4645,0.5386,0.42441,0.34192
True,33533,103826,Longwood,Lancers,0.2506,0.1547,0.6321,0.3086,0.4335,0.1945,0.3484,0.1242,0.5031,0.5553,0.37268,0.34691
False,36046,103826,Longwood,Lancers,0.2863,0.1542,0.6874,0.2434,0.422,0.2188,0.3162,0.1309,0.4622,0.5617,0.40683,0.35076
True,36046,103826,Longwood,Lancers,0.2696,0.1669,0.6342,0.3257,0.4125,0.2737,0.2913,0.1072,0.5994,0.533,0.29344,0.34574
False,38409,103826,Longwood,Lancers,0.2996,0.167,0.7115,0.2921,0.5045,0.1896,0.3625,0.0911,0.4818,0.63,0.42711,0.332
True,38409,103826,Longwood,Lancers,0.2662,0.163,0.6166,0.3235,0.4574,0.2437,0.4162,0.0945,0.5672,0.5482,0.33825,0.33279
False,41097,103826,Longwood,Lancers,0.2698,0.163,0.6334,0.3058,0.4784,0.1798,0.375,0.0844,0.4856,0.576,0.43008,0.32516
True,41097,103826,Longwood,Lancers,0.2773,0.175,0.6299,0.3533,0.4213,0.2102,0.4211,0.1014,0.5635,0.5521,0.33511,0.31529
True,27693,103407,California Baptist,Lancers,0.2812,0.1564,0.6102,0.3536,0.4393,0.1603,0.3663,0.0757,0.5139,0.5569,0.41049,0.39234
False,27693,103407,California Baptist,Lancers,0.2707,0.1454,0.5652,0.3385,0.3957,0.1729,0.4225,0.1567,0.5114,0.5079,0.33186,0.34812
True,38409,103407,California Baptist,Lancers,0.2577,0.1288,0.5688,0.3452,0.3987,0.2371,0.3721,0.0674,0.5822,0.4996,0.35039,0.31744
False,38409,103407,California Baptist,Lancers,0.2483,0.1446,0.593,0.3632,0.4094,0.2093,0.3894,0.1143,0.5725,0.5259,0.31319,0.33158
False,36046,103407,California Baptist,Lancers,0.2826,0.1387,0.5685,0.3186,0.4163,0.2706,0.3922,0.1375,0.5892,0.4986,0.27332,0.33728
True,36046,103407,California Baptist,Lancers,0.2444,0.133,0.5848,0.2763,0.3873,0.2628,0.2912,0.098,0.539,0.4885,0.36295,0.32641
False,33533,103407,California Baptist,Lancers,0.2767,0.1336,0.6028,0.3054,0.385,0.2147,0.3803,0.1524,0.5201,0.5129,0.32743,0.30328
True,33533,103407,California Baptist,Lancers,0.2641,0.1446,0.6186,0.3109,0.3678,0.1834,0.3415,0.0648,0.4942,0.5256,0.44099,0.32975
True,41097,103407,California Baptist,Lancers,0.277,0.1319,0.5573,0.3409,0.4,0.2622,0.3567,0.0777,0.6032,0.4889,0.31915,0.33488
False,41097,103407,California Baptist,Lancers,0.2682,0.1486,0.5849,0.2957,0.3831,0.2569,0.3953,0.131,0.5526,0.4911,0.31642,0.2946
True,30629,103407,California Baptist,Lancers,0.2698,0.1572,0.6109,0.3391,0.3971,0.143,0.3497,0.0857,0.4821,0.5474,0.43218,0.3309
False,30629,103407,California Baptist,Lancers,0.2853,0.1361,0.5577,0.3688,0.3542,0.1702,0.3399,0.1282,0.539,0.4934,0.33283,0.31659
True,36046,103819,Lindenwood,Lions,0.2608,0.1405,0.5747,0.3065,0.3906,0.1854,0.3371,0.2028,0.4919,0.5053,0.30533,0.28273
False,33533,103819,Lindenwood,Lions,0.2226,0.1689,0.6145,0.3462,0.3759,0.1387,0.3492,0.0985,0.4849,0.5462,0.41658,0.34168
True,33533,103819,Lindenwood,Lions,0.2317,0.1615,0.5799,0.3406,0.3365,0.1666,0.3475,0.1383,0.5072,0.5,0.35451,0.35994
False,38409,103819,Lindenwood,Lions,0.2586,0.1532,0.5803,0.3547,0.3706,0.1607,0.3365,0.1083,0.5154,0.5149,0.37628,0.33151
True,38409,103819,Lindenwood,Lions,0.2305,0.1821,0.5923,0.4044,0.3708,0.1795,0.2568,0.0746,0.584,0.5242,0.3414,0.2836
True,41097,103819,Lindenwood,Lions,0.2357,0.229,0.6694,0.362,0.3814,0.2203,0.292,0.1104,0.5823,0.5604,0.30728,0.30843
False,41097,103819,Lindenwood,Lions,0.2453,0.1627,0.6317,0.3158,0.3624,0.2267,0.3243,0.1282,0.5426,0.5192,0.32921,0.30526
False,36046,103819,Lindenwood,Lions,0.2743,0.1672,0.6367,0.3548,0.375,0.1419,0.3333,0.1206,0.4967,0.5619,0.38261,0.37249
True,27693,103995,North Ala.,Lions,0.2491,0.1913,0.6031,0.2663,0.4405,0.2306,0.3049,0.1126,0.4969,0.5276,0.39053,0.33743
False,27693,103995,North Ala.,Lions,0.2455,0.1498,0.5889,0.2489,0.412,0.2061,0.3512,0.1219,0.455,0.5088,0.42308,0.34134
True,30629,103995,North Ala.,Lions,0.2624,0.1971,0.5205,0.2135,0.4372,0.2616,0.3143,0.1149,0.4751,0.4747,0.40996,0.31375
False,30629,103995,North Ala.,Lions,0.2063,0.1748,0.5668,0.285,0.4653,0.2482,0.3186,0.1253,0.5332,0.5196,0.34152,0.32554
True,33533,103995,North Ala.,Lions,0.2436,0.1781,0.5965,0.3634,0.4006,0.187,0.4149,0.0999,0.5505,0.5299,0.34963,0.37234
False,33533,103995,North Ala.,Lions,0.2295,0.1506,0.6063,0.3283,0.3952,0.174,0.3205,0.135,0.5023,0.5332,0.36269,0.36638
True,36046,103995,North Ala.,Lions,0.269,0.1469,0.5932,0.3527,0.3537,0.1947,0.3795,0.101,0.5474,0.508,0.35163,0.3623
False,36046,103995,North Ala.,Lions,0.2558,0.1458,0.6201,0.3561,0.3163,0.1775,0.3946,0.1193,0.5337,0.519,0.34706,0.34977
False,38409,103995,North Ala.,Lions,0.2409,0.1435,0.6009,0.3362,0.4222,0.1515,0.3059,0.0818,0.4877,0.5454,0.4305,0.32179
True,38409,103995,North Ala.,Lions,0.2221,0.1421,0.6047,0.3497,0.4644,0.1863,0.3162,0.1158,0.5359,0.5559,0.34828,0.35085
False,41097,103995,North Ala.,Lions,0.2713,0.1478,0.6387,0.3278,0.4644,0.1527,0.4106,0.0864,0.4805,0.5833,0.43307,0.36328
True,41097,103995,North Ala.,Lions,0.2277,0.1177,0.5898,0.3598,0.4457,0.2021,0.3018,0.1002,0.5619,0.538,0.33788,0.30526
True,30629,103489,Columbia,Lions,0.2367,0.1576,0.5961,0.2743,0.4042,0.1939,0.3466,0.1696,0.4682,0.5166,0.36216,0.35075
False,30629,103489,Columbia,Lions,0.2196,0.167,0.6378,0.2907,0.4485,0.1757,0.3939,0.1066,0.4664,0.5665,0.427,0.37973
False,36046,103489,Columbia,Lions,0.2261,0.1338,0.603,0.2915,0.4571,0.1949,0.4074,0.0835,0.4864,0.5445,0.43007,0.32518
False,38409,103489,Columbia,Lions,0.2285,0.1417,0.6585,0.2955,0.372,0.177,0.4389,0.1088,0.4725,0.5512,0.41873,0.38095
True,41097,103489,Columbia,Lions,0.2453,0.1347,0.6483,0.3772,0.3943,0.166,0.3916,0.0851,0.5431,0.5706,0.3718,0.3552
True,36046,103489,Columbia,Lions,0.2358,0.193,0.6405,0.3187,0.4406,0.2004,0.3355,0.0952,0.5191,0.5633,0.38572,0.375
True,38409,103489,Columbia,Lions,0.22,0.1733,0.6509,0.3444,0.4271,0.1782,0.3969,0.0792,0.5227,0.5746,0.39819,0.33687
False,33533,103489,Columbia,Lions,0.2186,0.1487,0.6563,0.3036,0.4433,0.2266,0.3462,0.1161,0.5301,0.5653,0.35379,0.33123
False,41097,103489,Columbia,Lions,0.2325,0.147,0.5864,0.3165,0.383,0.2022,0.4041,0.1186,0.5187,0.5071,0.36263,0.33898
True,33533,103489,Columbia,Lions,0.2394,0.1783,0.5948,0.2656,0.3911,0.2338,0.2532,0.0891,0.4994,0.4994,0.41146,0.31786
False,27693,104237,Southeastern La.,Lions,0.3036,0.1928,0.6857,0.2893,0.5127,0.1894,0.3583,0.1288,0.4787,0.6173,0.39256,0.35789
True,41097,104237,Southeastern La.,Lions,0.2741,0.1397,0.6225,0.3357,0.4188,0.1405,0.2654,0.1267,0.4763,0.5624,0.397,0.2829
False,41097,104237,Southeastern La.,Lions,0.2796,0.1596,0.6157,0.3341,0.4094,0.1546,0.3674,0.1309,0.4887,0.5504,0.3804,0.352
True,38409,104316,East Texas A&M,Lions,0.2507,0.1579,0.604,0.3226,0.3776,0.1406,0.3043,0.0537,0.4632,0.5353,0.48308,0.31401
False,38409,104316,East Texas A&M,Lions,0.2295,0.1715,0.6132,0.4353,0.3521,0.1529,0.3565,0.0659,0.5882,0.5453,0.34593,0.37417
False,36046,104237,Southeastern La.,Lions,0.2497,0.1831,0.6389,0.2922,0.4029,0.1477,0.3774,0.1147,0.4399,0.5597,0.44535,0.32199
True,36046,104237,Southeastern La.,Lions,0.2473,0.1406,0.5787,0.3233,0.404,0.1679,0.3498,0.1261,0.4912,0.519,0.3827,0.34712
False,38409,104237,Southeastern La.,Lions,0.2535,0.1606,0.6078,0.3316,0.4304,0.1334,0.337,0.1036,0.4651,0.5569,0.43131,0.32898
True,38409,104237,Southeastern La.,Lions,0.2573,0.1614,0.5985,0.3506,0.3765,0.1748,0.4069,0.1564,0.5254,0.5246,0.31823,0.33051
False,41097,104316,East Texas A&M,Lions,0.2198,0.1511,0.5722,0.3767,0.4152,0.1542,0.339,0.0945,0.5309,0.5266,0.3746,0.36325
True,41097,104316,East Texas A&M,Lions,0.2493,0.1632,0.6171,0.3381,0.4077,0.1273,0.3231,0.071,0.4653,0.5599,0.46368,0.32273
True,33533,104316,East Texas A&M,Lions,0.2795,0.1308,0.6661,0.3138,0.4685,0.1513,0.3636,0.0757,0.4651,0.6018,0.45926,0.32028
False,33533,104316,East Texas A&M,Lions,0.2406,0.1426,0.6102,0.3831,0.4065,0.1515,0.3953,0.1172,0.5346,0.5525,0.34823,0.34585
False,33533,104237,Southeastern La.,Lions,0.244,0.1658,0.6166,0.2954,0.4592,0.1768,0.338,0.1154,0.4722,0.5577,0.41239,0.38212
True,36046,104316,East Texas A&M,Lions,0.2537,0.1643,0.596,0.3026,0.3983,0.1748,0.3471,0.0606,0.4775,0.5236,0.46192,0.31236
False,36046,104316,East Texas A&M,Lions,0.2145,0.1618,0.5714,0.393,0.4188,0.2004,0.4227,0.1018,0.5934,0.5199,0.30483,0.34596
False,30629,104237,Southeastern La.,Lions,0.2599,0.2085,0.649,0.3102,0.478,0.1816,0.3806,0.1258,0.4918,0.5859,0.38245,0.33865
True,30629,104237,Southeastern La.,Lions,0.2216,0.2057,0.6308,0.3047,0.5,0.1473,0.3402,0.1216,0.4521,0.5882,0.42634,0.3574
True,27693,104237,Southeastern La.,Lions,0.275,0.166,0.5734,0.2957,0.391,0.2083,0.2794,0.0908,0.504,0.498,0.40521,0.2916
True,33533,104237,Southeastern La.,Lions,0.2471,0.1762,0.6434,0.2945,0.4353,0.2389,0.3034,0.1205,0.5335,0.5502,0.34604,0.36905
False,27693,103835,LMU (CA),Lions,0.2954,0.1788,0.6502,0.2566,0.3878,0.2227,0.4286,0.1541,0.4793,0.5283,0.36664,0.34411
True,27693,103835,LMU (CA),Lions,0.2845,0.1123,0.659,0.3043,0.4147,0.2607,0.3636,0.0863,0.565,0.5463,0.34874,0.3375
False,30629,103835,LMU (CA),Lions,0.2787,0.1482,0.6748,0.3047,0.4892,0.2012,0.3416,0.1259,0.5059,0.601,0.36822,0.36041
False,36046,103835,LMU (CA),Lions,0.2401,0.1353,0.6364,0.2845,0.4178,0.2345,0.3716,0.1629,0.519,0.5376,0.31811,0.34083
False,33533,103835,LMU (CA),Lions,0.2716,0.1572,0.6373,0.2814,0.4523,0.2307,0.3939,0.1489,0.5121,0.554,0.33897,0.33611
False,38409,103835,LMU (CA),Lions,0.2307,0.1231,0.6054,0.2503,0.4246,0.2399,0.3835,0.1443,0.4902,0.5169,0.36556,0.31966
True,41097,103835,LMU (CA),Lions,0.262,0.1663,0.6852,0.2321,0.466,0.2606,0.355,0.1075,0.4927,0.5692,0.39979,0.34946
False,41097,103835,LMU (CA),Lions,0.2556,0.1372,0.5884,0.2524,0.3975,0.2508,0.3811,0.128,0.5031,0.4932,0.36884,0.33855
True,36046,103835,LMU (CA),Lions,0.2505,0.1404,0.6205,0.2339,0.419,0.2172,0.4338,0.1519,0.4511,0.5235,0.39698,0.36709
True,38409,103835,LMU (CA),Lions,0.2446,0.1727,0.6485,0.2452,0.4205,0.2355,0.4047,0.1151,0.4807,0.5367,0.40418,0.33377
True,30629,103835,LMU (CA),Lions,0.2663,0.1232,0.6529,0.2918,0.409,0.212,0.4,0.1108,0.5038,0.5503,0.38544,0.34483
True,33533,103835,LMU (CA),Lions,0.2834,0.1476,0.6318,0.2818,0.4585,0.1906,0.3257,0.0956,0.4724,0.5618,0.432,0.36536
False,38409,104159,SFA,Lumberjacks,0.2419,0.162,0.5596,0.29,0.4041,0.2471,0.3373,0.0926,0.5371,0.4881,0.37033,0.33283
True,38409,104159,SFA,Lumberjacks,0.2443,0.1524,0.5675,0.3021,0.4798,0.263,0.2667,0.067,0.565,0.5267,0.36795,0.28983
True,41097,104159,SFA,Lumberjacks,0.2433,0.1278,0.6087,0.296,0.4135,0.1902,0.4066,0.1149,0.4862,0.5324,0.39895,0.36081
False,27693,104159,SFA,Lumberjacks,0.2818,0.178,0.6308,0.3034,0.3538,0.172,0.4105,0.1675,0.4753,0.5306,0.35714,0.3358
True,27693,104159,SFA,Lumberjacks,0.2759,0.2044,0.6704,0.4444,0.52,0.1674,0.369,0.1406,0.6117,0.6293,0.2477,0.33784
False,41097,104159,SFA,Lumberjacks,0.2303,0.1285,0.5746,0.3261,0.4078,0.1993,0.3915,0.1216,0.5254,0.5113,0.353,0.29912
False,30629,104159,SFA,Lumberjacks,0.2711,0.1673,0.5515,0.2642,0.4642,0.2455,0.4175,0.11,0.5096,0.5095,0.38039,0.3234
True,30629,104159,SFA,Lumberjacks,0.2782,0.2143,0.6547,0.3321,0.4864,0.2591,0.2896,0.099,0.5911,0.581,0.3099,0.32984
True,33533,104159,SFA,Lumberjacks,0.301,0.1784,0.6011,0.2939,0.4517,0.2595,0.434,0.157,0.5534,0.531,0.28953,0.3823
False,33533,104159,SFA,Lumberjacks,0.2944,0.1521,0.6442,0.273,0.43,0.2299,0.3273,0.1264,0.5029,0.5463,0.37069,0.33178
True,36046,104159,SFA,Lumberjacks,0.2961,0.1763,0.6125,0.3127,0.4502,0.2656,0.3053,0.1005,0.5783,0.538,0.32116,0.33443
False,36046,104159,SFA,Lumberjacks,0.2932,0.173,0.5517,0.2751,0.4333,0.2176,0.291,0.1362,0.4927,0.4994,0.37109,0.37143
True,27693,104008,Northern Ariz.,Lumberjacks,0.2784,0.1227,0.5913,0.325,0.3492,0.1579,0.3153,0.1855,0.4829,0.5121,0.33166,0.35013
False,27693,104008,Northern Ariz.,Lumberjacks,0.2706,0.1434,0.7107,0.3119,0.4383,0.1392,0.5079,0.1082,0.451,0.6267,0.44072,0.37037
True,41097,104008,Northern Ariz.,Lumberjacks,0.2642,0.1345,0.6092,0.3211,0.4412,0.2114,0.4148,0.0995,0.5325,0.5425,0.368,0.36713
False,41097,104008,Northern Ariz.,Lumberjacks,0.2523,0.1358,0.6313,0.3581,0.4495,0.1689,0.3786,0.077,0.527,0.5731,0.39604,0.38194
False,30629,104008,Northern Ariz.,Lumberjacks,0.2446,0.1513,0.5934,0.3467,0.4231,0.1711,0.3829,0.1218,0.5178,0.5371,0.36039,0.36073
True,30629,104008,Northern Ariz.,Lumberjacks,0.273,0.1256,0.5797,0.2618,0.331,0.1523,0.3909,0.1664,0.4141,0.4882,0.41951,0.35788
True,36046,104008,Northern Ariz.,Lumberjacks,0.2686,0.1498,0.6193,0.3473,0.3983,0.188,0.3396,0.1126,0.5353,0.5417,0.3521,0.31222
False,36046,104008,Northern Ariz.,Lumberjacks,0.2486,0.1405,0.6287,0.3726,0.4986,0.1934,0.3687,0.0938,0.566,0.5843,0.34015,0.32049
True,38409,104008,Northern Ariz.,Lumberjacks,0.238,0.155,0.6227,0.3437,0.3943,0.1849,0.3824,0.0972,0.5286,0.5428,0.37417,0.35032
False,38409,104008,Northern Ariz.,Lumberjacks,0.2446,0.1415,0.6355,0.3293,0.3652,0.1801,0.3843,0.1127,0.5094,0.54,0.37787,0.35773
True,33533,104008,Northern Ariz.,Lumberjacks,0.274,0.1373,0.6099,0.2765,0.3984,0.1715,0.3697,0.1682,0.448,0.5289,0.38389,0.36196
False,33533,104008,Northern Ariz.,Lumberjacks,0.2567,0.141,0.6651,0.3349,0.4192,0.1742,0.3793,0.1059,0.5091,0.5809,0.38498,0.35366
False,27693,104053,Omaha,Mavericks,0.2477,0.1444,0.6468,0.3032,0.4413,0.2119,0.36,0.1131,0.5151,0.5622,0.37179,0.3854
False,30629,104053,Omaha,Mavericks,0.2408,0.1507,0.6317,0.3317,0.4581,0.1846,0.3506,0.0962,0.5163,0.5696,0.38751,0.39372
True,30629,104053,Omaha,Mavericks,0.275,0.1537,0.5965,0.2633,0.4121,0.1885,0.3646,0.2067,0.4517,0.5196,0.34152,0.35452
False,33533,104053,Omaha,Mavericks,0.2337,0.1398,0.6583,0.2991,0.3842,0.1904,0.3854,0.1033,0.4895,0.5516,0.40721,0.36328
True,33533,104053,Omaha,Mavericks,0.2713,0.1449,0.618,0.2886,0.4315,0.2144,0.3482,0.1989,0.503,0.5385,0.29806,0.34015
True,36046,104053,Omaha,Mavericks,0.2494,0.169,0.6481,0.2776,0.4429,0.229,0.381,0.157,0.5067,0.5553,0.33636,0.32698
False,41097,104053,Omaha,Mavericks,0.2522,0.1588,0.6721,0.3126,0.3917,0.1212,0.3608,0.098,0.4338,0.5937,0.46818,0.32578
True,41097,104053,Omaha,Mavericks,0.2469,0.143,0.6291,0.3496,0.3902,0.1386,0.4426,0.0961,0.4882,0.5613,0.41575,0.35227
False,38409,104053,Omaha,Mavericks,0.2724,0.1417,0.6459,0.2885,0.4195,0.1639,0.372,0.1031,0.4524,0.5639,0.44444,0.34753
True,38409,104053,Omaha,Mavericks,0.2699,0.154,0.6651,0.3028,0.4097,0.1809,0.3506,0.1224,0.4837,0.5696,0.39395,0.35644
True,27693,104053,Omaha,Mavericks,0.2645,0.1494,0.5561,0.2886,0.3636,0.2155,0.3741,0.2216,0.5041,0.4738,0.2743,0.3489
False,36046,104053,Omaha,Mavericks,0.2729,0.1389,0.6376,0.2758,0.4164,0.1694,0.3966,0.124,0.4452,0.5534,0.43079,0.35484
False,27693,104378,UT Arlington,Mavericks,0.2231,0.179,0.617,0.2413,0.3705,0.2131,0.3591,0.1913,0.4544,0.5014,0.3543,0.35688
True,27693,104378,UT Arlington,Mavericks,0.2367,0.1783,0.5714,0.211,0.4,0.2019,0.3429,0.1899,0.4129,0.4876,0.39723,0.3566
False,30629,104378,UT Arlington,Mavericks,0.2449,0.1498,0.5396,0.2702,0.4006,0.1857,0.3577,0.1464,0.456,0.483,0.39762,0.35329
True,30629,104378,UT Arlington,Mavericks,0.2653,0.1587,0.6075,0.2659,0.3944,0.1899,0.3761,0.1975,0.4558,0.5188,0.3467,0.31293
False,38409,104378,UT Arlington,Mavericks,0.2699,0.1505,0.5829,0.3303,0.3743,0.1904,0.3333,0.1372,0.5207,0.5066,0.34202,0.3577
True,38409,104378,UT Arlington,Mavericks,0.2629,0.167,0.6362,0.3112,0.3935,0.1885,0.3043,0.077,0.4997,0.5446,0.42331,0.35441
False,33533,104378,UT Arlington,Mavericks,0.2756,0.1617,0.5916,0.305,0.4051,0.181,0.3348,0.1339,0.486,0.5222,0.38009,0.36447
True,33533,104378,UT Arlington,Mavericks,0.2906,0.1538,0.5923,0.3199,0.3696,0.1728,0.3079,0.1621,0.4928,0.5142,0.34514,0.32193
True,41097,104378,UT Arlington,Mavericks,0.2814,0.1586,0.6031,0.3575,0.4131,0.2494,0.3354,0.089,0.607,0.525,0.30405,0.29074
False,41097,104378,UT Arlington,Mavericks,0.2763,0.1674,0.6141,0.2809,0.445,0.2474,0.348,0.1549,0.5284,0.5349,0.31669,0.26703
False,36046,104378,UT Arlington,Mavericks,0.2777,0.1644,0.5767,0.3024,0.382,0.2096,0.3346,0.1356,0.512,0.497,0.35237,0.34732
True,36046,104378,UT Arlington,Mavericks,0.2944,0.1901,0.6067,0.3337,0.4,0.159,0.3333,0.0727,0.4927,0.54,0.43463,0.35424
True,27693,103293,App State,Mountaineers,0.2055,0.1608,0.5858,0.3118,0.375,0.1378,0.2757,0.1138,0.4496,0.5212,0.43665,0.31831
False,27693,103293,App State,Mountaineers,0.266,0.1322,0.6143,0.2596,0.4143,0.2047,0.348,0.1594,0.4643,0.5261,0.37628,0.33051
True,38409,103293,App State,Mountaineers,0.2098,0.1261,0.5948,0.2961,0.4306,0.2128,0.3358,0.0792,0.5089,0.5261,0.41194,0.34433
False,38409,103293,App State,Mountaineers,0.2645,0.1354,0.587,0.2718,0.3676,0.1987,0.3113,0.138,0.4705,0.4943,0.39151,0.29492
True,41097,103293,App State,Mountaineers,0.2449,0.133,0.6644,0.3179,0.4325,0.159,0.3246,0.0627,0.4769,0.5871,0.4604,0.30346
False,41097,103293,App State,Mountaineers,0.2978,0.1402,0.5446,0.2788,0.4067,0.1767,0.3469,0.1324,0.4554,0.4911,0.41221,0.31455
True,33533,103293,App State,Mountaineers,0.2074,0.1539,0.6659,0.2438,0.4652,0.2017,0.3344,0.1629,0.4455,0.5751,0.39159,0.33471
False,33533,103293,App State,Mountaineers,0.2403,0.1521,0.5791,0.2706,0.366,0.2016,0.3372,0.138,0.4722,0.4881,0.38984,0.32236
False,30629,103293,App State,Mountaineers,0.2363,0.1533,0.5755,0.289,0.4678,0.1778,0.3402,0.1512,0.4667,0.5345,0.38202,0.30884
True,30629,103293,App State,Mountaineers,0.1993,0.1344,0.5821,0.2848,0.4125,0.1628,0.3389,0.1216,0.4476,0.5205,0.43082,0.33412
False,36046,103293,App State,Mountaineers,0.2347,0.1604,0.5141,0.2701,0.3789,0.2431,0.3561,0.1578,0.5133,0.4501,0.32899,0.30874
True,36046,103293,App State,Mountaineers,0.1896,0.1691,0.6657,0.3148,0.4498,0.2562,0.4009,0.1081,0.571,0.5688,0.32095,0.33234
True,27693,104448,West Virginia,Mountaineers,0.2338,0.1595,0.6189,0.2839,0.344,0.1394,0.3447,0.246,0.4233,0.5283,0.33073,0.36425
False,27693,104448,West Virginia,Mountaineers,0.2916,0.1588,0.633,0.3562,0.415,0.147,0.2822,0.1174,0.5032,0.5693,0.37943,0.33538
False,30629,104448,West Virginia,Mountaineers,0.2849,0.1798,0.6613,0.3434,0.3639,0.1681,0.318,0.1196,0.5116,0.5636,0.3688,0.32436
True,30629,104448,West Virginia,Mountaineers,0.2601,0.1389,0.5939,0.2599,0.3462,0.1793,0.3863,0.2239,0.4393,0.4928,0.33687,0.32756
True,33533,104448,West Virginia,Mountaineers,0.2729,0.1593,0.6259,0.2847,0.4313,0.1639,0.4011,0.1889,0.4485,0.5548,0.36252,0.35028
False,33533,104448,West Virginia,Mountaineers,0.3144,0.1696,0.6267,0.3463,0.3738,0.1642,0.3696,0.1384,0.5105,0.5454,0.3511,0.34049
True,36046,104448,West Virginia,Mountaineers,0.2249,0.1443,0.6364,0.2713,0.3794,0.1906,0.3311,0.1642,0.4619,0.5303,0.37388,0.34933
False,36046,104448,West Virginia,Mountaineers,0.2706,0.1599,0.6545,0.2778,0.3807,0.1788,0.4018,0.1138,0.4566,0.5473,0.42966,0.34988
False,38409,104448,West Virginia,Mountaineers,0.2215,0.1376,0.6108,0.3017,0.3686,0.2073,0.3156,0.1264,0.509,0.5121,0.36461,0.29738
True,38409,104448,West Virginia,Mountaineers,0.2562,0.1406,0.666,0.2747,0.3675,0.1536,0.3137,0.1107,0.4283,0.5589,0.46091,0.32627
False,41097,104448,West Virginia,Mountaineers,0.2517,0.1375,0.639,0.2665,0.37,0.2197,0.2824,0.1312,0.4861,0.5175,0.38272,0.34274
True,41097,104448,West Virginia,Mountaineers,0.2415,0.1162,0.677,0.2819,0.3898,0.2124,0.3851,0.0761,0.4943,0.5536,0.42953,0.33054
True,27693,103958,Mount St. Mary's,Mountaineers,0.2344,0.1039,0.5393,0.3746,0.4,0.1389,0.3611,0.1212,0.5135,0.5016,0.36532,0.34101
False,27693,103958,Mount St. Mary's,Mountaineers,0.2741,0.1531,0.5293,0.3966,0.3125,0.1282,0.3545,0.1514,0.5248,0.4763,0.32372,0.31188
True,30629,103958,Mount St. Mary's,Mountaineers,0.2435,0.1022,0.5796,0.3302,0.4219,0.189,0.3805,0.1754,0.5192,0.5222,0.30538,0.34429
False,30629,103958,Mount St. Mary's,Mountaineers,0.2476,0.1346,0.582,0.3219,0.4041,0.1731,0.3564,0.1713,0.495,0.5198,0.33373,0.33037
True,41097,103958,Mount St. Mary's,Mountaineers,0.2691,0.1401,0.6131,0.3734,0.4104,0.1201,0.2612,0.0759,0.4935,0.5637,0.43059,0.325
True,36046,103958,Mount St. Mary's,Mountaineers,0.2254,0.1424,0.6398,0.3612,0.446,0.1501,0.369,0.1566,0.5113,0.5829,0.33207,0.35285
False,36046,103958,Mount St. Mary's,Mountaineers,0.2173,0.1601,0.5894,0.3608,0.3385,0.136,0.3492,0.1561,0.4968,0.5208,0.34709,0.34604
False,41097,103958,Mount St. Mary's,Mountaineers,0.2343,0.1508,0.5478,0.2777,0.3621,0.1256,0.3556,0.1462,0.4034,0.4899,0.45046,0.32572
False,33533,103958,Mount St. Mary's,Mountaineers,0.2363,0.1517,0.5871,0.3144,0.3586,0.1543,0.3727,0.1713,0.4686,0.5119,0.36011,0.33383
True,33533,103958,Mount St. Mary's,Mountaineers,0.2517,0.1056,0.5808,0.2756,0.406,0.2019,0.3374,0.181,0.4774,0.5069,0.34158,0.35427
True,38409,103958,Mount St. Mary's,Mountaineers,0.2315,0.1484,0.6195,0.3054,0.4259,0.1842,0.3234,0.0998,0.4896,0.5467,0.41063,0.34462
False,38409,103958,Mount St. Mary's,Mountaineers,0.2385,0.1504,0.6074,0.2714,0.3758,0.1393,0.3705,0.1389,0.4107,0.5288,0.45036,0.31648
True,41097,104161,SMU,Mustangs,0.2436,0.1579,0.6929,0.2851,0.4489,0.2107,0.4437,0.1456,0.4958,0.5892,0.35861,0.37076
False,41097,104161,SMU,Mustangs,0.2474,0.1555,0.6231,0.2476,0.4737,0.1719,0.3532,0.1038,0.4195,0.5619,0.47667,0.34066
False,38409,104161,SMU,Mustangs,0.2677,0.134,0.6397,0.2264,0.3634,0.1979,0.3666,0.1646,0.4242,0.5108,0.4112,0.33099
True,38409,104161,SMU,Mustangs,0.2467,0.1718,0.6365,0.3311,0.4519,0.216,0.3667,0.1015,0.5471,0.5636,0.35138,0.37827
True,27693,104161,SMU,Mustangs,0.2525,0.2182,0.6236,0.3644,0.3816,0.1522,0.3661,0.1121,0.5165,0.5523,0.37137,0.3504
False,27693,104161,SMU,Mustangs,0.2618,0.1545,0.6098,0.252,0.3388,0.1875,0.2952,0.1701,0.4395,0.4942,0.39037,0.35171
False,30629,104161,SMU,Mustangs,0.2566,0.1363,0.5769,0.2792,0.3768,0.1958,0.3177,0.1851,0.4749,0.4944,0.33992,0.29787
True,30629,104161,SMU,Mustangs,0.2225,0.205,0.6024,0.3562,0.3719,0.1289,0.3103,0.0927,0.4851,0.5412,0.42226,0.35309
True,33533,104161,SMU,Mustangs,0.2473,0.1523,0.632,0.3257,0.3551,0.1834,0.3007,0.1542,0.5091,0.5322,0.33663,0.31115
False,33533,104161,SMU,Mustangs,0.2495,0.1673,0.6301,0.3202,0.4162,0.1751,0.3647,0.1336,0.4953,0.5545,0.37107,0.34887
True,36046,104161,SMU,Mustangs,0.253,0.1835,0.638,0.3174,0.3723,0.1762,0.3808,0.1546,0.4935,0.5432,0.35184,0.3415
False,36046,104161,SMU,Mustangs,0.2248,0.1569,0.5805,0.3201,0.3743,0.1822,0.3255,0.1327,0.5023,0.5057,0.36491,0.31669
False,27693,103395,Cal Poly,Mustangs,0.2548,0.1591,0.6863,0.2371,0.3971,0.2541,0.3319,0.173,0.4912,0.5367,0.33579,0.35307
True,27693,103395,Cal Poly,Mustangs,0.2758,0.1777,0.5942,0.2099,0.3831,0.2243,0.336,0.1924,0.4342,0.4851,0.37338,0.31976
True,30629,103395,Cal Poly,Mustangs,0.2982,0.1281,0.6113,0.2448,0.4444,0.2607,0.2919,0.1441,0.5055,0.5252,0.35034,0.28937
False,30629,103395,Cal Poly,Mustangs,0.2977,0.1383,0.6143,0.2288,0.3636,0.2229,0.3368,0.1863,0.4516,0.4906,0.36209,0.35921
True,33533,103395,Cal Poly,Mustangs,0.3077,0.1394,0.6133,0.2343,0.4604,0.2406,0.3153,0.1702,0.4749,0.5358,0.35488,0.29431
False,33533,103395,Cal Poly,Mustangs,0.2709,0.161,0.6508,0.2356,0.4236,0.2362,0.3404,0.167,0.4719,0.537,0.36116,0.34098
True,36046,103395,Cal Poly,Mustangs,0.2892,0.1252,0.5742,0.2312,0.3861,0.2025,0.357,0.23,0.4336,0.4864,0.33633,0.3311
False,36046,103395,Cal Poly,Mustangs,0.2652,0.173,0.6157,0.3088,0.4773,0.2604,0.3004,0.1254,0.5692,0.5524,0.3054,0.35175
False,41097,103395,Cal Poly,Mustangs,0.2623,0.1597,0.6343,0.3008,0.4586,0.1852,0.4198,0.0984,0.4861,0.5673,0.41551,0.34413
True,41097,103395,Cal Poly,Mustangs,0.2578,0.2445,0.6379,0.2866,0.4269,0.1693,0.1905,0.0204,0.4559,0.5596,0.52376,0.33148
False,38409,103395,Cal Poly,Mustangs,0.2266,0.1587,0.6832,0.2789,0.4372,0.1919,0.378,0.1299,0.4708,0.5829,0.39938,0.33966
True,38409,103395,Cal Poly,Mustangs,0.2412,0.241,0.6442,0.2917,0.4589,0.1614,0.4268,0.0375,0.4531,0.5782,0.50937,0.36176
False,27693,103762,Kennesaw St.,Owls,0.2538,0.1709,0.6205,0.3598,0.452,0.2044,0.2761,0.1096,0.5642,0.5594,0.32625,0.31579
True,27693,103762,Kennesaw St.,Owls,0.2631,0.1322,0.6278,0.2889,0.4033,0.1453,0.3139,0.179,0.4342,0.5527,0.38684,0.32365
True,30629,103762,Kennesaw St.,Owls,0.2508,0.1566,0.6341,0.2843,0.4673,0.183,0.3824,0.1481,0.4673,0.5688,0.38453,0.36544
False,30629,103762,Kennesaw St.,Owls,0.2556,0.151,0.6096,0.2869,0.3844,0.1903,0.4029,0.1177,0.4771,0.5198,0.40514,0.36107
True,33533,103762,Kennesaw St.,Owls,0.2604,0.1596,0.6447,0.3147,0.4086,0.195,0.3558,0.1029,0.5096,0.5544,0.38743,0.36526
False,33533,103762,Kennesaw St.,Owls,0.2786,0.1491,0.5804,0.2923,0.4293,0.1952,0.3878,0.1252,0.4875,0.5199,0.38733,0.33113
True,36046,103762,Kennesaw St.,Owls,0.2698,0.2293,0.6355,0.3263,0.4233,0.173,0.3435,0.0644,0.4993,0.562,0.43636,0.32883
False,36046,103762,Kennesaw St.,Owls,0.2603,0.1502,0.5993,0.31,0.4169,0.1728,0.352,0.1305,0.4828,0.5341,0.38674,0.34953
False,27693,104135,Rice,Owls,0.2248,0.1724,0.6444,0.265,0.4257,0.2061,0.3808,0.1779,0.4711,0.5487,0.351,0.35738
True,27693,104135,Rice,Owls,0.1937,0.1511,0.7211,0.2508,0.3783,0.1449,0.2604,0.121,0.3957,0.5955,0.4833,0.35463
True,38409,103762,Kennesaw St.,Owls,0.2662,0.1474,0.613,0.3171,0.4211,0.1523,0.3958,0.0721,0.4694,0.5507,0.45842,0.31038
False,30629,103609,Fla. Atlantic,Owls,0.24,0.1536,0.5975,0.3079,0.3803,0.1665,0.3768,0.1883,0.4743,0.5213,0.33734,0.36408
True,30629,104135,Rice,Owls,0.2044,0.1552,0.6853,0.2738,0.4247,0.1755,0.3138,0.1263,0.4493,0.5835,0.42442,0.36986
False,33533,104135,Rice,Owls,0.245,0.1518,0.669,0.2786,0.4311,0.1957,0.3926,0.1599,0.4743,0.5708,0.36587,0.36059
True,30629,103609,Fla. Atlantic,Owls,0.2494,0.1595,0.6097,0.3207,0.4098,0.1578,0.48,0.0905,0.4785,0.5438,0.43094,0.34934
True,33533,104135,Rice,Owls,0.218,0.1388,0.7063,0.29,0.4022,0.1416,0.3784,0.1353,0.4316,0.6065,0.43312,0.35706
True,41097,103762,Kennesaw St.,Owls,0.2806,0.1555,0.625,0.3512,0.3598,0.1516,0.3103,0.067,0.5028,0.545,0.43022,0.34694
False,30629,104135,Rice,Owls,0.2417,0.1405,0.682,0.2711,0.4341,0.1997,0.337,0.1734,0.4708,0.5768,0.35584,0.33244
False,38409,103762,Kennesaw St.,Owls,0.2576,0.157,0.5856,0.3177,0.3747,0.1886,0.3056,0.1098,0.5064,0.507,0.38383,0.32318
False,41097,103762,Kennesaw St.,Owls,0.2826,0.1753,0.5428,0.3418,0.3305,0.1668,0.3724,0.1146,0.5086,0.4731,0.3768,0.32824
True,33533,103609,Fla. Atlantic,Owls,0.2319,0.178,0.6202,0.3577,0.422,0.1406,0.3846,0.0615,0.4983,0.5643,0.44024,0.36621
False,33533,103609,Fla. Atlantic,Owls,0.2462,0.1363,0.5332,0.2956,0.341,0.1703,0.4043,0.1847,0.4659,0.463,0.34934,0.3225
False,27693,103609,Fla. Atlantic,Owls,0.2473,0.1704,0.5425,0.2593,0.4286,0.1839,0.3744,0.1856,0.4432,0.4952,0.37119,0.3379
True,27693,103609,Fla. Atlantic,Owls,0.2527,0.1958,0.6438,0.3018,0.3922,0.1782,0.3723,0.1052,0.48,0.5504,0.41475,0.38519
False,27693,104311,Temple,Owls,0.2709,0.1551,0.5551,0.2691,0.4302,0.1822,0.2956,0.1684,0.4513,0.5047,0.3803,0.34262
True,27693,104311,Temple,Owls,0.2625,0.1435,0.5952,0.2419,0.3713,0.1924,0.2968,0.1786,0.4343,0.496,0.3871,0.34226
False,30629,104311,Temple,Owls,0.2913,0.1346,0.5871,0.3024,0.3502,0.1757,0.3485,0.1562,0.4781,0.5,0.36568,0.2945
True,30629,104311,Temple,Owls,0.2772,0.1443,0.5416,0.2853,0.367,0.1624,0.3643,0.1703,0.4477,0.4783,0.382,0.31051
True,33533,104311,Temple,Owls,0.251,0.1132,0.6285,0.2655,0.3763,0.1573,0.392,0.1409,0.4228,0.5347,0.4363,0.32946
False,33533,104311,Temple,Owls,0.2608,0.1333,0.583,0.3009,0.4226,0.2164,0.3467,0.1457,0.5173,0.5159,0.33705,0.33596
False,36046,104135,Rice,Owls,0.233,0.13,0.6244,0.321,0.4132,0.1721,0.2839,0.1216,0.493,0.5507,0.38537,0.37567
True,36046,104135,Rice,Owls,0.2157,0.1045,0.6761,0.3186,0.2912,0.1388,0.3659,0.1468,0.4574,0.5593,0.39574,0.33737
True,36046,103609,Fla. Atlantic,Owls,0.2317,0.1879,0.6323,0.3973,0.4345,0.1398,0.4067,0.0723,0.5371,0.5808,0.39055,0.35062
False,36046,103609,Fla. Atlantic,Owls,0.2593,0.1295,0.5876,0.324,0.375,0.1641,0.4057,0.1517,0.4881,0.5161,0.36021,0.33775
True,36046,104311,Temple,Owls,0.2494,0.141,0.5443,0.3311,0.3502,0.1341,0.3043,0.1143,0.4652,0.4883,0.42051,0.31794
False,36046,104311,Temple,Owls,0.2408,0.1438,0.6181,0.329,0.405,0.1717,0.359,0.1122,0.5007,0.545,0.38705,0.32094
True,38409,104135,Rice,Owls,0.2737,0.132,0.6116,0.2722,0.3878,0.1929,0.3498,0.1479,0.4651,0.5187,0.38695,0.32994
False,38409,104135,Rice,Owls,0.3073,0.1478,0.6034,0.2826,0.3973,0.1976,0.3404,0.1543,0.4802,0.5186,0.36546,0.32296
False,38409,104311,Temple,Owls,0.2865,0.1539,0.5946,0.3803,0.434,0.147,0.307,0.1097,0.5273,0.5499,0.36294,0.33755
True,38409,104311,Temple,Owls,0.259,0.1301,0.5819,0.3648,0.3764,0.1403,0.3825,0.1771,0.5051,0.5248,0.31787,0.36242
True,38409,103609,Fla. Atlantic,Owls,0.2492,0.1627,0.6399,0.3575,0.3924,0.1671,0.3741,0.0675,0.5245,0.5611,0.40797,0.35238
False,38409,103609,Fla. Atlantic,Owls,0.2471,0.1552,0.5655,0.3619,0.3333,0.1626,0.3551,0.1185,0.5244,0.4935,0.35704,0.36992
True,41097,104311,Temple,Owls,0.2687,0.1197,0.5918,0.3553,0.4204,0.1751,0.3756,0.1099,0.5304,0.5352,0.35973,0.33798
False,41097,104311,Temple,Owls,0.2847,0.1277,0.6217,0.3549,0.3777,0.1799,0.3757,0.1008,0.5348,0.5396,0.36435,0.32416
False,41097,104135,Rice,Owls,0.2594,0.1574,0.6147,0.3158,0.4303,0.1787,0.3281,0.1416,0.4945,0.5481,0.36394,0.33131
True,41097,104135,Rice,Owls,0.2757,0.1564,0.5583,0.2797,0.4226,0.1417,0.3654,0.139,0.4214,0.5127,0.43957,0.34793
True,41097,103609,Fla. Atlantic,Owls,0.2522,0.1686,0.6264,0.3602,0.4258,0.1534,0.4187,0.1004,0.5136,0.5665,0.38595,0.33205
False,41097,103609,Fla. Atlantic,Owls,0.244,0.1541,0.5492,0.4006,0.3821,0.1416,0.3508,0.0966,0.5422,0.5056,0.36115,0.33613
False,27693,104099,Pittsburgh,Panthers,0.2607,0.1672,0.6408,0.3098,0.3602,0.1489,0.3801,0.1369,0.4588,0.5497,0.40432,0.32277
True,27693,104099,Pittsburgh,Panthers,0.2573,0.1756,0.5879,0.3726,0.3353,0.1302,0.346,0.1645,0.5027,0.5225,0.33281,0.33724
True,30629,104099,Pittsburgh,Panthers,0.2428,0.1151,0.5377,0.3092,0.4008,0.1577,0.4019,0.1969,0.4669,0.4915,0.3362,0.31387
False,30629,104099,Pittsburgh,Panthers,0.2731,0.1354,0.5852,0.2861,0.4177,0.1359,0.3923,0.1491,0.422,0.5313,0.4289,0.36898
True,41097,104099,Pittsburgh,Panthers,0.2541,0.1267,0.6096,0.317,0.3986,0.148,0.4106,0.109,0.465,0.5425,0.42601,0.33375
False,41097,104099,Pittsburgh,Panthers,0.2489,0.1564,0.6175,0.3398,0.4359,0.1718,0.4126,0.0787,0.5116,0.5565,0.40969,0.35215
False,38409,104099,Pittsburgh,Panthers,0.2686,0.1406,0.6112,0.2972,0.3773,0.1811,0.4205,0.1083,0.4783,0.5226,0.41333,0.34677
True,38409,104099,Pittsburgh,Panthers,0.2496,0.1477,0.6817,0.275,0.3958,0.1788,0.3684,0.1334,0.4538,0.569,0.41275,0.34686
False,36046,104099,Pittsburgh,Panthers,0.2561,0.138,0.6433,0.2787,0.4006,0.1831,0.3893,0.1521,0.4617,0.5471,0.3862,0.30802
True,36046,104099,Pittsburgh,Panthers,0.2354,0.1451,0.5996,0.2836,0.4161,0.1371,0.3764,0.1356,0.4207,0.5398,0.44372,0.35738
True,33533,104099,Pittsburgh,Panthers,0.2438,0.1455,0.6324,0.2758,0.3935,0.149,0.4082,0.1413,0.4248,0.5486,0.43393,0.35991
False,33533,104099,Pittsburgh,Panthers,0.2697,0.1368,0.6086,0.2865,0.3866,0.1828,0.3414,0.1367,0.4694,0.5221,0.39397,0.32656
False,27693,103561,Eastern Ill.,Panthers,0.216,0.161,0.6185,0.2983,0.4217,0.2236,0.3245,0.1017,0.5219,0.5342,0.37643,0.36852
True,27693,103561,Eastern Ill.,Panthers,0.2292,0.1496,0.6411,0.2686,0.4607,0.2367,0.3453,0.1483,0.5053,0.5566,0.34641,0.32821
False,30629,103561,Eastern Ill.,Panthers,0.2584,0.1654,0.6716,0.2325,0.4898,0.2234,0.373,0.1054,0.4558,0.5825,0.43875,0.34026
True,30629,103561,Eastern Ill.,Panthers,0.2219,0.1134,0.5897,0.2567,0.3795,0.2567,0.2541,0.1218,0.5135,0.4846,0.36471,0.3213
False,38409,103561,Eastern Ill.,Panthers,0.2493,0.1501,0.6015,0.3226,0.3442,0.128,0.3115,0.1089,0.4506,0.5284,0.44048,0.3473
False,36046,103561,Eastern Ill.,Panthers,0.2165,0.1397,0.5893,0.3481,0.415,0.147,0.3233,0.1348,0.4951,0.5376,0.37013,0.35165
True,36046,103561,Eastern Ill.,Panthers,0.2645,0.1601,0.5845,0.3578,0.319,0.143,0.3527,0.2122,0.5008,0.5087,0.28703,0.31964
True,33533,103561,Eastern Ill.,Panthers,0.258,0.1702,0.6192,0.3706,0.3354,0.1756,0.3591,0.1794,0.5461,0.528,0.27444,0.32794
False,33533,103561,Eastern Ill.,Panthers,0.2534,0.1631,0.6581,0.3012,0.338,0.1589,0.3529,0.113,0.4601,0.5475,0.42691,0.33593
False,41097,103561,Eastern Ill.,Panthers,0.2431,0.1451,0.6859,0.2971,0.3513,0.1694,0.3268,0.1099,0.4665,0.5644,0.42359,0.31392
True,41097,103561,Eastern Ill.,Panthers,0.2491,0.1618,0.654,0.3141,0.3139,0.2135,0.3365,0.1719,0.5276,0.5164,0.30054,0.32374
True,38409,103561,Eastern Ill.,Panthers,0.2772,0.149,0.5253,0.3848,0.3333,0.1632,0.3878,0.1632,0.548,0.4681,0.28873,0.31923
False,27693,103646,Georgia St.,Panthers,0.2446,0.1791,0.5909,0.2953,0.351,0.1551,0.3246,0.1424,0.4504,0.5083,0.40716,0.33883
True,27693,103646,Georgia St.,Panthers,0.2325,0.2085,0.6718,0.2814,0.4436,0.1919,0.3906,0.1681,0.4733,0.5793,0.35859,0.35815
True,30629,103646,Georgia St.,Panthers,0.2365,0.183,0.551,0.2713,0.3962,0.1761,0.3201,0.1816,0.4474,0.4901,0.37099,0.32985
False,30629,103646,Georgia St.,Panthers,0.2471,0.1626,0.5394,0.3076,0.359,0.1697,0.3574,0.1548,0.4773,0.4753,0.36793,0.36655
False,33533,103646,Georgia St.,Panthers,0.2589,0.1704,0.5818,0.3351,0.3818,0.1903,0.3363,0.1303,0.5254,0.5093,0.34429,0.36013
True,33533,103646,Georgia St.,Panthers,0.257,0.1391,0.5854,0.3304,0.3896,0.2051,0.3345,0.1537,0.5355,0.5104,0.31079,0.29496
False,36046,103646,Georgia St.,Panthers,0.2292,0.1605,0.6343,0.3229,0.3964,0.1766,0.3111,0.1176,0.4995,0.5502,0.38297,0.30014
True,36046,103646,Georgia St.,Panthers,0.2515,0.1639,0.5858,0.2872,0.4364,0.1759,0.4142,0.1718,0.4631,0.5291,0.36502,0.32591
False,41097,103646,Georgia St.,Panthers,0.2716,0.1756,0.6065,0.3218,0.4187,0.19,0.3141,0.0999,0.5118,0.5368,0.38828,0.33693
True,41097,103646,Georgia St.,Panthers,0.2712,0.1428,0.5556,0.2238,0.3789,0.1704,0.3293,0.1735,0.3942,0.4792,0.43228,0.31824
True,38409,103646,Georgia St.,Panthers,0.2313,0.1543,0.6422,0.2868,0.4042,0.2167,0.3849,0.1587,0.5035,0.5398,0.33784,0.34519
False,38409,103646,Georgia St.,Panthers,0.245,0.1628,0.6439,0.3007,0.3995,0.1721,0.3766,0.1118,0.4729,0.5549,0.41534,0.32995
True,27693,103594,FIU,Panthers,0.2456,0.1868,0.641,0.283,0.411,0.1365,0.313,0.0717,0.4196,0.5661,0.50873,0.33456
False,27693,103594,FIU,Panthers,0.2085,0.1835,0.6217,0.3186,0.4389,0.2078,0.4398,0.157,0.5264,0.5495,0.31661,0.36008
True,41097,103594,FIU,Panthers,0.2487,0.2117,0.6376,0.3056,0.4253,0.2628,0.3368,0.0972,0.5685,0.5394,0.33434,0.3509
True,33533,103594,FIU,Panthers,0.2411,0.2236,0.6492,0.3493,0.4231,0.1816,0.4109,0.1085,0.5309,0.5719,0.36056,0.32638
True,30629,103594,FIU,Panthers,0.2218,0.1672,0.6048,0.3199,0.3798,0.1406,0.2615,0.0708,0.4605,0.5361,0.46866,0.35
True,38409,103594,FIU,Panthers,0.2454,0.1931,0.5969,0.2992,0.4418,0.2847,0.2968,0.1134,0.5839,0.5213,0.3028,0.28718
False,30629,103594,FIU,Panthers,0.2091,0.1664,0.6067,0.3435,0.3494,0.1472,0.3198,0.1214,0.4907,0.5295,0.38786,0.33004
True,36046,103594,FIU,Panthers,0.2534,0.205,0.5906,0.3472,0.3994,0.1649,0.3517,0.0718,0.5121,0.529,0.41605,0.3381
False,36046,103594,FIU,Panthers,0.2266,0.1866,0.6078,0.371,0.4207,0.1748,0.358,0.0938,0.5458,0.5479,0.36034,0.39497
False,33533,103594,FIU,Panthers,0.2199,0.1721,0.5878,0.3435,0.4045,0.162,0.3352,0.0939,0.5055,0.529,0.40063,0.36387
False,41097,103594,FIU,Panthers,0.2599,0.1601,0.5851,0.2614,0.442,0.2118,0.354,0.0824,0.4731,0.5211,0.4445,0.35673
False,38409,103594,FIU,Panthers,0.2528,0.1589,0.6512,0.2901,0.4026,0.2099,0.3586,0.1066,0.5,0.5468,0.39343,0.33379
False,27693,104374,UNI,Panthers,0.23,0.1392,0.7061,0.2239,0.4436,0.2012,0.4167,0.1452,0.4251,0.5819,0.42965,0.32218
True,27693,104374,UNI,Panthers,0.2224,0.1094,0.6395,0.2809,0.4448,0.2143,0.3889,0.1064,0.4952,0.5552,0.39837,0.33024
False,30629,104374,UNI,Panthers,0.2419,0.1227,0.7062,0.2293,0.4422,0.1647,0.3682,0.1196,0.394,0.5959,0.48641,0.35196
True,30629,104374,UNI,Panthers,0.2054,0.1255,0.6673,0.28,0.4152,0.1907,0.4072,0.0931,0.4707,0.5652,0.43614,0.3555
False,33533,104374,UNI,Panthers,0.2392,0.1345,0.6659,0.2434,0.4689,0.1711,0.3478,0.1161,0.4145,0.5846,0.46943,0.35364
True,33533,104374,UNI,Panthers,0.2317,0.1317,0.6294,0.255,0.4623,0.2371,0.4258,0.1169,0.4922,0.5489,0.39094,0.34049
True,36046,104374,UNI,Panthers,0.2476,0.1274,0.6242,0.2634,0.4667,0.2271,0.4167,0.1363,0.4905,0.5513,0.37317,0.34493
False,36046,104374,UNI,Panthers,0.2643,0.1365,0.6519,0.2306,0.4221,0.2144,0.4346,0.1401,0.445,0.5412,0.41487,0.34545
False,38409,104374,UNI,Panthers,0.2598,0.121,0.637,0.2516,0.3934,0.2155,0.3818,0.1204,0.4672,0.5246,0.41247,0.35411
True,38409,104374,UNI,Panthers,0.2262,0.1484,0.6691,0.3002,0.4717,0.2271,0.4138,0.1133,0.5273,0.5841,0.35938,0.36646
False,41097,104374,UNI,Panthers,0.229,0.1053,0.5948,0.2365,0.4392,0.2416,0.402,0.1025,0.4781,0.5162,0.41937,0.28747
True,41097,104374,UNI,Panthers,0.2435,0.1012,0.6699,0.2573,0.4909,0.2513,0.4084,0.0966,0.5086,0.5815,0.39484,0.35211
True,27693,103691,High Point,Panthers,0.2674,0.1615,0.6061,0.3488,0.384,0.1321,0.3598,0.2262,0.481,0.5451,0.29281,0.31769
False,27693,103691,High Point,Panthers,0.2868,0.1614,0.5989,0.3737,0.3814,0.1039,0.3293,0.0878,0.4775,0.5516,0.43469,0.34483
True,30629,103691,High Point,Panthers,0.2532,0.1713,0.6585,0.2994,0.4023,0.1938,0.3266,0.1678,0.4932,0.5578,0.33898,0.34
False,30629,103691,High Point,Panthers,0.2484,0.1715,0.6633,0.3315,0.3798,0.1881,0.2908,0.1094,0.5195,0.5607,0.37109,0.29925
False,33533,103691,High Point,Panthers,0.273,0.1827,0.6283,0.3671,0.3758,0.1535,0.2967,0.0937,0.5206,0.5539,0.38568,0.3231
True,33533,103691,High Point,Panthers,0.2586,0.239,0.6428,0.3724,0.3321,0.1494,0.3121,0.0856,0.5218,0.5538,0.39258,0.325
True,36046,103691,High Point,Panthers,0.2633,0.1493,0.6379,0.3269,0.439,0.2085,0.3937,0.0587,0.5354,0.5604,0.40592,0.34169
False,36046,103691,High Point,Panthers,0.3082,0.1493,0.6235,0.2778,0.4234,0.2558,0.3375,0.1508,0.5336,0.5276,0.31559,0.3432
False,38409,103691,High Point,Panthers,0.2766,0.1254,0.6091,0.2891,0.3955,0.222,0.3496,0.1342,0.5111,0.5163,0.35469,0.32717
True,38409,103691,High Point,Panthers,0.2744,0.1442,0.6803,0.325,0.4734,0.2132,0.4,0.0689,0.5382,0.5984,0.39291,0.36341
False,41097,103691,High Point,Panthers,0.2763,0.152,0.604,0.2879,0.4583,0.2087,0.3062,0.101,0.4966,0.5428,0.40242,0.32413
True,41097,103691,High Point,Panthers,0.2606,0.2245,0.6828,0.3387,0.4928,0.1855,0.2973,0.0493,0.5242,0.6156,0.42654,0.35276
False,27693,104108,Prairie View,Panthers,0.2218,0.1957,0.6238,0.3193,0.3452,0.1972,0.2966,0.1451,0.5165,0.5174,0.33834,0.31361
True,27693,104108,Prairie View,Panthers,0.3023,0.2101,0.658,0.3371,0.4564,0.1717,0.3092,0.1338,0.5088,0.59,0.35739,0.31034
True,30629,104108,Prairie View,Panthers,0.294,0.22,0.6049,0.3354,0.3829,0.1856,0.2896,0.1525,0.521,0.5258,0.32643,0.34672
False,30629,104108,Prairie View,Panthers,0.2617,0.2093,0.6208,0.351,0.3796,0.1623,0.2961,0.1364,0.5132,0.5445,0.35033,0.35917
False,36046,104108,Prairie View,Panthers,0.2708,0.1975,0.6764,0.3618,0.394,0.1768,0.3348,0.1329,0.5386,0.5837,0.32845,0.34759
True,36046,104108,Prairie View,Panthers,0.284,0.2008,0.6138,0.3239,0.3175,0.172,0.3618,0.237,0.4959,0.511,0.26707,0.3047
True,38409,104108,Prairie View,Panthers,0.2689,0.1909,0.6214,0.3323,0.3851,0.1847,0.3442,0.1465,0.517,0.537,0.33652,0.31861
False,38409,104108,Prairie View,Panthers,0.2577,0.198,0.6902,0.3783,0.4523,0.1964,0.3889,0.0963,0.5746,0.6089,0.32905,0.35772
True,33533,104108,Prairie View,Panthers,0.2757,0.1961,0.5576,0.3177,0.3815,0.1917,0.3333,0.1614,0.5094,0.4913,0.32915,0.30317
False,33533,104108,Prairie View,Panthers,0.2599,0.2074,0.5635,0.3471,0.3828,0.1759,0.3786,0.141,0.5229,0.5028,0.33604,0.34024
False,41097,104108,Prairie View,Panthers,0.2806,0.1765,0.6012,0.3785,0.375,0.1788,0.3175,0.0962,0.5572,0.5286,0.34656,0.33553
True,41097,104108,Prairie View,Panthers,0.2619,0.2098,0.6252,0.3074,0.4124,0.2183,0.3289,0.1697,0.5257,0.5368,0.30468,0.33235
False,27693,103917,Milwaukee,Panthers,0.2719,0.1512,0.6864,0.2624,0.3939,0.1793,0.3175,0.1638,0.4418,0.5677,0.39441,0.37795
True,27693,103917,Milwaukee,Panthers,0.2585,0.16,0.6394,0.2634,0.4188,0.1736,0.3782,0.204,0.4369,0.5518,0.35905,0.32851
True,30629,103917,Milwaukee,Panthers,0.2542,0.1304,0.6366,0.2332,0.4005,0.2061,0.3802,0.2127,0.4393,0.5259,0.34792,0.31688
False,30629,103917,Milwaukee,Panthers,0.2227,0.1388,0.5439,0.2451,0.3797,0.2026,0.3787,0.1395,0.4477,0.4696,0.41282,0.33416
True,41097,103917,Milwaukee,Panthers,0.2756,0.1673,0.6347,0.3315,0.3914,0.1766,0.3723,0.1165,0.5081,0.5501,0.37538,0.32258
False,41097,103917,Milwaukee,Panthers,0.2541,0.1558,0.6617,0.3619,0.4007,0.1602,0.3955,0.0723,0.5221,0.5816,0.40561,0.36436
True,38409,103917,Milwaukee,Panthers,0.2543,0.2088,0.6392,0.4131,0.397,0.2053,0.378,0.0655,0.6184,0.5588,0.31614,0.30832
False,38409,103917,Milwaukee,Panthers,0.2864,0.1602,0.6105,0.3348,0.4137,0.1841,0.3793,0.0953,0.5189,0.5407,0.38575,0.33807
False,33533,103917,Milwaukee,Panthers,0.2472,0.1714,0.5835,0.3182,0.3861,0.1477,0.3197,0.1189,0.4659,0.5209,0.4152,0.30634
True,33533,103917,Milwaukee,Panthers,0.2494,0.204,0.597,0.4101,0.4118,0.1581,0.3211,0.0563,0.5682,0.5455,0.37552,0.35213
False,36046,103917,Milwaukee,Panthers,0.2583,0.1539,0.609,0.3428,0.3627,0.1809,0.3445,0.0953,0.5237,0.5239,0.38104,0.3445
True,36046,103917,Milwaukee,Panthers,0.2571,0.1954,0.6094,0.389,0.3735,0.151,0.3867,0.0682,0.54,0.5434,0.39172,0.32172
True,27693,103577,Elon,Phoenix,0.2887,0.1303,0.5685,0.2288,0.4467,0.1817,0.3976,0.1531,0.4105,0.5146,0.43635,0.32558
False,27693,103577,Elon,Phoenix,0.242,0.1368,0.6512,0.2619,0.44,0.203,0.2951,0.1239,0.465,0.559,0.41117,0.31852
True,33533,103577,Elon,Phoenix,0.2445,0.1675,0.6189,0.2959,0.4203,0.1647,0.377,0.1362,0.4606,0.5479,0.40313,0.30194
False,33533,103577,Elon,Phoenix,0.244,0.1529,0.6488,0.259,0.3871,0.1659,0.3879,0.1241,0.4248,0.5466,0.45104,0.3452
False,30629,103577,Elon,Phoenix,0.2613,0.1678,0.642,0.2851,0.346,0.1944,0.3651,0.1374,0.4795,0.522,0.38312,0.34673
True,30629,103577,Elon,Phoenix,0.3087,0.1118,0.6077,0.245,0.3953,0.1883,0.4099,0.1233,0.4333,0.5154,0.44333,0.34211
False,36046,103577,Elon,Phoenix,0.2435,0.1539,0.6934,0.2982,0.4091,0.1829,0.3318,0.1127,0.481,0.5853,0.40623,0.34015
True,36046,103577,Elon,Phoenix,0.2356,0.1528,0.6397,0.2808,0.406,0.1986,0.3757,0.0979,0.4794,0.5429,0.42262,0.35211
True,38409,103577,Elon,Phoenix,0.2083,0.1572,0.6204,0.2795,0.4746,0.1906,0.3618,0.1072,0.4701,0.5613,0.42272,0.32994
False,38409,103577,Elon,Phoenix,0.2726,0.1567,0.5859,0.2546,0.385,0.1944,0.3333,0.1195,0.449,0.4989,0.43149,0.32545
True,41097,103577,Elon,Phoenix,0.2503,0.1548,0.6099,0.395,0.3982,0.1143,0.2783,0.0595,0.5093,0.5624,0.43123,0.34293
False,41097,103577,Elon,Phoenix,0.2568,0.1602,0.6496,0.3166,0.3769,0.1361,0.37,0.1047,0.4526,0.5676,0.4427,0.35934
False,27693,103661,Green Bay,Phoenix,0.238,0.161,0.6529,0.3297,0.4542,0.201,0.3387,0.1267,0.5307,0.5777,0.34264,0.36183
True,27693,103661,Green Bay,Phoenix,0.2374,0.1182,0.6458,0.2867,0.3459,0.1938,0.3897,0.1805,0.4804,0.5249,0.33908,0.33268
False,30629,103661,Green Bay,Phoenix,0.2671,0.1484,0.6534,0.3304,0.3929,0.1927,0.4354,0.1308,0.5232,0.5574,0.34606,0.34539
True,30629,103661,Green Bay,Phoenix,0.2429,0.0941,0.6154,0.3264,0.3968,0.1946,0.3286,0.1318,0.521,0.5337,0.34714,0.2821
False,36046,103661,Green Bay,Phoenix,0.245,0.1462,0.6588,0.2835,0.4015,0.2285,0.376,0.1345,0.512,0.544,0.35353,0.29874
True,36046,103661,Green Bay,Phoenix,0.2705,0.085,0.6965,0.2629,0.4141,0.1871,0.3475,0.0677,0.4501,0.5791,0.4822,0.33929
False,33533,103661,Green Bay,Phoenix,0.2553,0.1578,0.6763,0.339,0.4511,0.2009,0.4067,0.1141,0.5398,0.5925,0.34607,0.35016
True,33533,103661,Green Bay,Phoenix,0.2597,0.11,0.5803,0.2505,0.3549,0.176,0.3966,0.1393,0.4264,0.4873,0.43423,0.30152
True,41097,103661,Green Bay,Phoenix,0.2641,0.119,0.6241,0.402,0.4607,0.1615,0.3982,0.0652,0.5634,0.5773,0.3714,0.3618
False,41097,103661,Green Bay,Phoenix,0.2773,0.1341,0.6371,0.3159,0.4028,0.1523,0.3107,0.0953,0.4682,0.5609,0.43649,0.36128
False,38409,103661,Green Bay,Phoenix,0.2528,0.1469,0.6519,0.2928,0.471,0.2153,0.3425,0.0941,0.5081,0.5752,0.39782,0.37255
True,38409,103661,Green Bay,Phoenix,0.2684,0.1408,0.5857,0.2855,0.451,0.208,0.4321,0.0472,0.4936,0.5289,0.45921,0.32868
False,33533,103535,Denver,Pioneers,0.2801,0.1403,0.6321,0.3253,0.429,0.1745,0.3316,0.1017,0.4997,0.5612,0.39852,0.3373
True,33533,103535,Denver,Pioneers,0.2459,0.1439,0.6298,0.4534,0.4202,0.1947,0.3742,0.0974,0.6481,0.5668,0.25448,0.3169
False,30629,103535,Denver,Pioneers,0.2618,0.1542,0.5993,0.3201,0.4298,0.1828,0.3641,0.0983,0.5029,0.5377,0.39872,0.35523
False,41097,103535,Denver,Pioneers,0.2743,0.1428,0.6597,0.3903,0.4145,0.1559,0.3376,0.0805,0.5462,0.5897,0.37333,0.36951
True,41097,103535,Denver,Pioneers,0.2619,0.1038,0.6362,0.3118,0.4775,0.1497,0.4169,0.1528,0.4614,0.5847,0.38581,0.37987
False,38409,103535,Denver,Pioneers,0.2612,0.1609,0.6196,0.3817,0.5,0.1803,0.3393,0.0656,0.5621,0.5813,0.37237,0.34906
True,38409,103535,Denver,Pioneers,0.3285,0.1212,0.6343,0.2937,0.3802,0.1715,0.4202,0.1682,0.4652,0.5406,0.36658,0.34679
True,36046,103535,Denver,Pioneers,0.2378,0.1528,0.6289,0.3191,0.3958,0.203,0.3812,0.0761,0.5221,0.5383,0.40181,0.34793
False,36046,103535,Denver,Pioneers,0.2627,0.1481,0.641,0.3291,0.4232,0.2138,0.3761,0.106,0.5429,0.5553,0.35115,0.35381
False,27693,103535,Denver,Pioneers,0.2818,0.1536,0.6226,0.316,0.4744,0.1831,0.4,0.115,0.4991,0.5683,0.38586,0.3819
True,27693,103535,Denver,Pioneers,0.2905,0.1508,0.5806,0.3174,0.4342,0.1945,0.3728,0.1442,0.5119,0.525,0.34386,0.34988
True,30629,103535,Denver,Pioneers,0.2567,0.0932,0.607,0.3215,0.4408,0.1715,0.3881,0.1512,0.4929,0.5492,0.35589,0.36767
True,27693,104175,Sacred Heart,Pioneers,0.2442,0.137,0.5636,0.3308,0.3444,0.1444,0.3565,0.1099,0.4751,0.497,0.41491,0.32949
False,27693,104175,Sacred Heart,Pioneers,0.2655,0.1596,0.6368,0.3592,0.4162,0.1653,0.3168,0.1439,0.5246,0.5673,0.33155,0.32884
True,30629,104175,Sacred Heart,Pioneers,0.2277,0.1627,0.6093,0.3206,0.4563,0.1705,0.3241,0.1192,0.4912,0.5562,0.38962,0.34278
False,30629,104175,Sacred Heart,Pioneers,0.2325,0.1853,0.6429,0.3172,0.3844,0.1726,0.4286,0.1321,0.4898,0.5518,0.3781,0.34807
False,33533,104175,Sacred Heart,Pioneers,0.2179,0.1478,0.6215,0.3254,0.3883,0.1906,0.3289,0.1156,0.516,0.5354,0.36847,0.33838
False,36046,104175,Sacred Heart,Pioneers,0.2267,0.1572,0.6097,0.3162,0.3802,0.1658,0.3188,0.1096,0.482,0.5308,0.40837,0.35279
True,36046,104175,Sacred Heart,Pioneers,0.2444,0.1911,0.5929,0.3546,0.4179,0.1765,0.3667,0.1264,0.5311,0.5347,0.34247,0.36462
True,33533,104175,Sacred Heart,Pioneers,0.2184,0.2009,0.6047,0.3172,0.4125,0.1998,0.3644,0.1179,0.517,0.5304,0.36513,0.31327
True,38409,104175,Sacred Heart,Pioneers,0.2284,0.1911,0.6018,0.327,0.4217,0.1625,0.2632,0.0651,0.4895,0.542,0.44542,0.34945
True,41097,104175,Sacred Heart,Pioneers,0.2208,0.1587,0.6118,0.264,0.4357,0.1449,0.3313,0.0844,0.4089,0.5494,0.50673,0.35853
False,41097,104175,Sacred Heart,Pioneers,0.2285,0.1557,0.6454,0.3182,0.411,0.1613,0.3721,0.0851,0.4795,0.5666,0.43543,0.35
False,38409,104175,Sacred Heart,Pioneers,0.2178,0.1518,0.6117,0.299,0.4281,0.142,0.3307,0.1281,0.441,0.5525,0.43099,0.35838
True,33533,103674,Hampton,Pirates,0.2646,0.1478,0.5318,0.2227,0.3697,0.176,0.4,0.221,0.3987,0.4603,0.38032,0.33553
False,33533,103674,Hampton,Pirates,0.2481,0.1871,0.6413,0.3009,0.4657,0.2265,0.3557,0.1218,0.5274,0.5659,0.35078,0.38462
True,41097,103674,Hampton,Pirates,0.2935,0.1594,0.6119,0.2891,0.4019,0.1731,0.3533,0.1618,0.4622,0.5333,0.37594,0.29412
False,41097,103674,Hampton,Pirates,0.2849,0.1668,0.668,0.2994,0.4578,0.226,0.3017,0.1399,0.5254,0.5776,0.33468,0.31606
True,38409,103674,Hampton,Pirates,0.2769,0.1336,0.64,0.2363,0.3773,0.2189,0.3927,0.1761,0.4552,0.5137,0.36866,0.33333
False,38409,103674,Hampton,Pirates,0.2396,0.1791,0.6699,0.3001,0.4125,0.2206,0.377,0.11,0.5207,0.5608,0.36924,0.33073
False,36046,103674,Hampton,Pirates,0.2327,0.1721,0.6678,0.2888,0.3741,0.1982,0.3682,0.1158,0.4869,0.5483,0.39729,0.31951
True,36046,103674,Hampton,Pirates,0.2349,0.1691,0.6411,0.2979,0.3404,0.187,0.3597,0.1382,0.4848,0.5251,0.37693,0.31794
False,27693,104210,Seton Hall,Pirates,0.2637,0.1432,0.5904,0.2633,0.3906,0.203,0.3746,0.1897,0.4664,0.5034,0.34391,0.36531
True,27693,104210,Seton Hall,Pirates,0.2429,0.1452,0.6139,0.3482,0.4053,0.1731,0.3529,0.1115,0.5213,0.5447,0.36721,0.32143
True,30629,104210,Seton Hall,Pirates,0.2316,0.1567,0.6,0.3013,0.3678,0.1808,0.3256,0.1564,0.4821,0.5129,0.36156,0.33621
False,30629,104210,Seton Hall,Pirates,0.2427,0.1382,0.5221,0.2865,0.4278,0.2006,0.3567,0.1727,0.4871,0.4832,0.34018,0.3096
True,33533,104210,Seton Hall,Pirates,0.2667,0.1615,0.6056,0.3793,0.3727,0.1804,0.32,0.112,0.5597,0.5305,0.32829,0.32423
False,33533,104210,Seton Hall,Pirates,0.2722,0.1408,0.5888,0.3101,0.3736,0.1984,0.3363,0.1232,0.5084,0.5048,0.36839,0.31805
True,36046,104210,Seton Hall,Pirates,0.2274,0.1503,0.5806,0.3832,0.4433,0.1859,0.3538,0.119,0.5691,0.5358,0.31181,0.33627
False,36046,104210,Seton Hall,Pirates,0.244,0.1511,0.5902,0.316,0.4118,0.1473,0.313,0.1122,0.4633,0.5335,0.42453,0.32975
True,38409,104210,Seton Hall,Pirates,0.2815,0.1275,0.5712,0.3412,0.2979,0.1915,0.3264,0.1627,0.5328,0.473,0.30452,0.31169
False,38409,104210,Seton Hall,Pirates,0.2654,0.1675,0.6372,0.3202,0.4367,0.1506,0.3885,0.0854,0.4708,0.5731,0.44376,0.36565
False,41097,104210,Seton Hall,Pirates,0.2696,0.1599,0.5851,0.3256,0.3422,0.1518,0.2457,0.101,0.4775,0.5079,0.42148,0.32466
True,41097,104210,Seton Hall,Pirates,0.2892,0.1642,0.5751,0.3845,0.4006,0.1857,0.3601,0.1618,0.5702,0.5182,0.26795,0.30485
False,27693,103674,Hampton,Pirates,0.2039,0.169,0.5966,0.3333,0.3729,0.1688,0.3684,0.1087,0.5021,0.5214,0.38913,0.34926
True,27693,103674,Hampton,Pirates,0.2387,0.1841,0.6409,0.2528,0.3333,0.1634,0.3577,0.1718,0.4162,0.5201,0.41201,0.32542
False,30629,103674,Hampton,Pirates,0.2703,0.1592,0.6149,0.3418,0.4222,0.1732,0.3132,0.1401,0.515,0.5501,0.34488,0.29464
True,30629,103674,Hampton,Pirates,0.2716,0.164,0.5615,0.2515,0.4087,0.1921,0.3106,0.1963,0.4436,0.4953,0.36007,0.30394
True,27693,103553,East Carolina,Pirates,0.2516,0.1646,0.5497,0.3126,0.3964,0.1015,0.383,0.2578,0.4141,0.5121,0.32815,0.30362
False,27693,103553,East Carolina,Pirates,0.2555,0.1609,0.6147,0.3421,0.3333,0.0872,0.3267,0.1453,0.4293,0.5576,0.42539,0.32118
False,30629,103553,East Carolina,Pirates,0.2588,0.1608,0.6235,0.3381,0.3018,0.1279,0.3131,0.1233,0.466,0.5352,0.41071,0.35203
True,30629,103553,East Carolina,Pirates,0.2387,0.1707,0.5805,0.3097,0.3203,0.134,0.3216,0.1642,0.4437,0.502,0.39211,0.33284
True,33533,103553,East Carolina,Pirates,0.2629,0.1608,0.5893,0.3339,0.3057,0.1398,0.3128,0.1113,0.4736,0.5056,0.41508,0.31639
False,33533,103553,East Carolina,Pirates,0.2634,0.1586,0.616,0.3486,0.3944,0.169,0.2977,0.1375,0.5176,0.5436,0.34488,0.32877
False,36046,103553,East Carolina,Pirates,0.254,0.1433,0.6649,0.3106,0.3689,0.1226,0.3571,0.1373,0.4332,0.5811,0.42943,0.32741
True,36046,103553,East Carolina,Pirates,0.2405,0.1327,0.5966,0.34,0.375,0.164,0.3306,0.1303,0.5039,0.5245,0.36574,0.31322
True,38409,103553,East Carolina,Pirates,0.2307,0.1762,0.6113,0.3345,0.3979,0.1921,0.3625,0.1246,0.5266,0.5335,0.34888,0.31579
False,38409,103553,East Carolina,Pirates,0.2549,0.1453,0.584,0.3385,0.3644,0.1813,0.3506,0.1285,0.5197,0.5074,0.35177,0.37846
True,41097,103553,East Carolina,Pirates,0.2345,0.1472,0.5827,0.3384,0.4066,0.1657,0.3501,0.1831,0.5041,0.5248,0.31287,0.28819
False,41097,103553,East Carolina,Pirates,0.2717,0.1771,0.6402,0.3134,0.381,0.1445,0.4014,0.153,0.4579,0.5584,0.38909,0.3483
False,27693,104506,Wright St.,Raiders,0.2717,0.1484,0.5571,0.3312,0.3614,0.1623,0.3223,0.178,0.4935,0.4927,0.32855,0.30556
True,27693,104506,Wright St.,Raiders,0.1917,0.1429,0.6303,0.4174,0.4178,0.153,0.3378,0.1006,0.5704,0.5733,0.32903,0.36983
False,38409,104506,Wright St.,Raiders,0.2398,0.1328,0.6196,0.319,0.4084,0.2207,0.4082,0.1004,0.5397,0.5332,0.35996,0.36558
True,38409,104506,Wright St.,Raiders,0.2488,0.1374,0.6408,0.3537,0.4824,0.1473,0.4195,0.1224,0.501,0.5942,0.37656,0.3843
False,36046,104506,Wright St.,Raiders,0.2484,0.1476,0.6531,0.3297,0.4397,0.1855,0.3814,0.1069,0.5152,0.5763,0.37792,0.36053
True,36046,104506,Wright St.,Raiders,0.216,0.1603,0.6901,0.3578,0.4812,0.1771,0.4985,0.173,0.5349,0.6209,0.29209,0.38313
False,41097,104506,Wright St.,Raiders,0.2699,0.1493,0.6127,0.3738,0.4325,0.18,0.352,0.0972,0.5538,0.5542,0.34903,0.33665
True,41097,104506,Wright St.,Raiders,0.2547,0.1336,0.6149,0.4254,0.4631,0.1648,0.3517,0.0705,0.5902,0.5725,0.33933,0.3639
True,33533,104506,Wright St.,Raiders,0.2151,0.1659,0.6469,0.3409,0.468,0.1728,0.4587,0.2099,0.5137,0.5867,0.27636,0.35714
False,33533,104506,Wright St.,Raiders,0.2172,0.1451,0.6141,0.3016,0.4297,0.1828,0.3434,0.1285,0.4845,0.5445,0.387,0.32832
True,30629,104506,Wright St.,Raiders,0.2119,0.1548,0.6297,0.3584,0.4146,0.186,0.3855,0.1285,0.5444,0.5562,0.3271,0.33286
False,30629,104506,Wright St.,Raiders,0.2609,0.1335,0.6303,0.3285,0.3887,0.1736,0.4128,0.1522,0.5021,0.5468,0.34574,0.33244
False,38409,103481,Colgate,Raiders,0.2021,0.1283,0.6364,0.2865,0.435,0.1844,0.345,0.1344,0.4708,0.5575,0.39479,0.37335
True,38409,103481,Colgate,Raiders,0.225,0.1412,0.6523,0.282,0.487,0.1624,0.4113,0.1307,0.4444,0.5919,0.42488,0.35608
False,41097,103481,Colgate,Raiders,0.2407,0.1216,0.6097,0.3258,0.4241,0.165,0.3282,0.0996,0.4908,0.5473,0.4096,0.34165
True,41097,103481,Colgate,Raiders,0.2538,0.144,0.6592,0.3213,0.4332,0.1896,0.4296,0.1395,0.5108,0.5753,0.34969,0.35894
False,30629,103481,Colgate,Raiders,0.224,0.1416,0.6014,0.2903,0.378,0.186,0.368,0.1776,0.4763,0.5141,0.34613,0.32853
False,36046,103481,Colgate,Raiders,0.2196,0.1169,0.6286,0.3079,0.3389,0.1782,0.3186,0.1119,0.4861,0.5224,0.40198,0.30665
False,33533,103481,Colgate,Raiders,0.2185,0.1322,0.6551,0.2792,0.4048,0.1814,0.3944,0.1727,0.4606,0.5565,0.36673,0.35809
True,33533,103481,Colgate,Raiders,0.1862,0.1673,0.6811,0.3739,0.4217,0.1943,0.4094,0.0839,0.5682,0.5924,0.34789,0.40339
True,27693,103481,Colgate,Raiders,0.2252,0.1822,0.6091,0.392,0.4911,0.1682,0.32,0.0746,0.5602,0.5737,0.36517,0.40327
False,27693,103481,Colgate,Raiders,0.2452,0.1513,0.5888,0.3159,0.398,0.1978,0.4048,0.124,0.5138,0.5153,0.3622,0.26359
True,30629,103481,Colgate,Raiders,0.2187,0.1453,0.619,0.3578,0.3697,0.1439,0.3716,0.075,0.5018,0.5475,0.42321,0.4024
True,36046,103481,Colgate,Raiders,0.2047,0.153,0.6792,0.3214,0.3952,0.1688,0.369,0.1273,0.4901,0.5814,0.38252,0.35931
True,27693,103619,Fordham,Rams,0.2498,0.1063,0.5779,0.2779,0.3034,0.2025,0.2436,0.1089,0.4804,0.4622,0.41061,0.26871
False,27693,103619,Fordham,Rams,0.2374,0.1394,0.658,0.2526,0.3939,0.1296,0.4151,0.1387,0.3822,0.5685,0.47906,0.33333
False,27693,104393,VCU,Rams,0.2517,0.154,0.5615,0.3459,0.3483,0.1833,0.3314,0.1201,0.5292,0.4877,0.35072,0.30528
False,27693,104132,Rhode Island,Rams,0.27,0.154,0.5815,0.3324,0.3446,0.1786,0.3274,0.1124,0.511,0.4987,0.37659,0.33037
True,27693,104132,Rhode Island,Rams,0.2524,0.186,0.6118,0.4018,0.3279,0.1699,0.3758,0.1093,0.5717,0.5274,0.31894,0.31223
True,27693,104393,VCU,Rams,0.2694,0.2036,0.6271,0.3986,0.3291,0.1623,0.3692,0.089,0.561,0.5409,0.35,0.32877
False,30629,104132,Rhode Island,Rams,0.2683,0.1473,0.5592,0.3055,0.2946,0.1429,0.3319,0.1412,0.4484,0.4749,0.41044,0.32803
True,30629,103619,Fordham,Rams,0.2583,0.1467,0.5769,0.3235,0.3712,0.1599,0.2395,0.0893,0.4834,0.5088,0.42727,0.29662
True,30629,104132,Rhode Island,Rams,0.2563,0.1824,0.651,0.3634,0.3639,0.186,0.318,0.1591,0.5494,0.5538,0.29146,0.3431
False,30629,104393,VCU,Rams,0.2552,0.1483,0.5717,0.3647,0.331,0.1684,0.2811,0.1074,0.5331,0.4956,0.35947,0.27787
True,30629,104393,VCU,Rams,0.277,0.1907,0.6181,0.3981,0.4036,0.1956,0.3017,0.1039,0.5937,0.5474,0.30238,0.34741
False,30629,103619,Fordham,Rams,0.2515,0.1634,0.5683,0.3033,0.4319,0.2122,0.3843,0.1391,0.5155,0.5122,0.34534,0.3128
False,33533,104132,Rhode Island,Rams,0.2658,0.1344,0.598,0.3222,0.4015,0.2201,0.3881,0.1103,0.5423,0.5182,0.34742,0.3207
True,33533,104132,Rhode Island,Rams,0.2653,0.1939,0.534,0.2833,0.3876,0.2646,0.3279,0.1382,0.5479,0.4633,0.31388,0.30325
True,33533,103619,Fordham,Rams,0.284,0.132,0.5741,0.3693,0.3783,0.121,0.3107,0.0931,0.4903,0.5258,0.41662,0.31818
False,33533,104393,VCU,Rams,0.2939,0.1503,0.561,0.3878,0.348,0.1797,0.2816,0.0914,0.5675,0.4935,0.34104,0.31895
False,33533,103619,Fordham,Rams,0.2809,0.1372,0.5721,0.3542,0.3486,0.2135,0.3605,0.1266,0.5676,0.488,0.30581,0.31972
True,33533,104393,VCU,Rams,0.2452,0.1686,0.6212,0.4044,0.3344,0.1682,0.4149,0.1007,0.5726,0.537,0.32673,0.34754
False,36046,104132,Rhode Island,Rams,0.2716,0.144,0.5904,0.3711,0.4237,0.15,0.3434,0.0844,0.5211,0.5424,0.39451,0.35696
True,36046,104132,Rhode Island,Rams,0.2491,0.1665,0.5874,0.4228,0.4295,0.1656,0.2958,0.0789,0.5883,0.543,0.33278,0.34891
False,36046,103619,Fordham,Rams,0.2662,0.1603,0.5731,0.3811,0.4218,0.1889,0.3287,0.1203,0.5699,0.523,0.30975,0.35791
True,36046,103619,Fordham,Rams,0.2915,0.1558,0.5307,0.3517,0.3563,0.1239,0.3578,0.1024,0.4757,0.4852,0.42198,0.3151
False,36046,104393,VCU,Rams,0.2579,0.126,0.5579,0.3354,0.3727,0.1745,0.3272,0.1015,0.5098,0.4945,0.38868,0.31288
True,36046,104393,VCU,Rams,0.2523,0.1641,0.6032,0.3317,0.4052,0.1666,0.2705,0.0593,0.4983,0.537,0.44245,0.35346
False,38409,104132,Rhode Island,Rams,0.2861,0.144,0.5773,0.354,0.4014,0.1491,0.3673,0.1011,0.5031,0.5251,0.39577,0.31943
True,38409,103619,Fordham,Rams,0.2675,0.1579,0.5897,0.3581,0.3407,0.1345,0.3388,0.0911,0.4925,0.5217,0.41633,0.32536
True,38409,104132,Rhode Island,Rams,0.2318,0.1953,0.6045,0.4001,0.4247,0.1678,0.3505,0.0544,0.5679,0.5514,0.37767,0.35067
False,38409,104393,VCU,Rams,0.2608,0.145,0.5128,0.3276,0.3766,0.2015,0.3333,0.1209,0.529,0.4609,0.35008,0.30493
False,38409,103619,Fordham,Rams,0.2502,0.1815,0.6018,0.3944,0.4576,0.1823,0.355,0.103,0.5767,0.5563,0.32029,0.34887
True,38409,104393,VCU,Rams,0.2756,0.1945,0.6572,0.2878,0.4145,0.1652,0.3857,0.067,0.4531,0.5687,0.47989,0.33633
True,41097,103619,Fordham,Rams,0.2418,0.1175,0.6104,0.3445,0.4519,0.1799,0.3886,0.0918,0.5244,0.556,0.38385,0.29372
False,41097,104132,Rhode Island,Rams,0.2853,0.1375,0.5751,0.3753,0.3632,0.1271,0.3188,0.0827,0.5024,0.5215,0.41487,0.34682
True,41097,104132,Rhode Island,Rams,0.279,0.1746,0.5891,0.3564,0.4179,0.115,0.4329,0.0938,0.4714,0.5473,0.43478,0.31053
False,41097,103619,Fordham,Rams,0.2423,0.1526,0.5905,0.2627,0.429,0.1954,0.355,0.1133,0.4581,0.5216,0.42865,0.33157
False,41097,104393,VCU,Rams,0.2912,0.1472,0.5519,0.4114,0.3927,0.1421,0.348,0.0957,0.5535,0.511,0.35084,0.33021
True,41097,104393,VCU,Rams,0.2528,0.1835,0.5869,0.3689,0.4116,0.1477,0.4479,0.0456,0.5166,0.5368,0.4378,0.36334
False,27693,103487,Colorado St.,Rams,0.2671,0.1351,0.6204,0.2722,0.4459,0.147,0.3594,0.1437,0.4192,0.5592,0.43709,0.30758
True,27693,103487,Colorado St.,Rams,0.2378,0.1464,0.6427,0.3494,0.4049,0.1137,0.4238,0.1053,0.463,0.5843,0.43166,0.35057
False,30629,103487,Colorado St.,Rams,0.2638,0.1231,0.6368,0.2454,0.4533,0.1736,0.36,0.1447,0.419,0.5608,0.43634,0.32759
True,30629,103487,Colorado St.,Rams,0.2311,0.1437,0.6837,0.2977,0.4858,0.1649,0.3893,0.1427,0.4626,0.6131,0.39474,0.35704
False,33533,103487,Colorado St.,Rams,0.2508,0.1213,0.6764,0.2211,0.4615,0.1888,0.3194,0.1549,0.4099,0.5774,0.43518,0.36465
True,33533,103487,Colorado St.,Rams,0.2466,0.148,0.7346,0.2715,0.4676,0.2067,0.3755,0.1369,0.4782,0.6192,0.38492,0.3643
False,36046,103487,Colorado St.,Rams,0.2546,0.1113,0.6698,0.2118,0.3972,0.2493,0.3805,0.202,0.4611,0.5224,0.33695,0.32164
True,36046,103487,Colorado St.,Rams,0.2584,0.163,0.744,0.2875,0.4337,0.1789,0.4214,0.1477,0.4664,0.625,0.38587,0.33803
False,38409,103487,Colorado St.,Rams,0.2627,0.1204,0.6597,0.2583,0.3825,0.1975,0.3033,0.1644,0.4558,0.5395,0.37975,0.3316
True,38409,103487,Colorado St.,Rams,0.2619,0.1279,0.7145,0.2826,0.4441,0.1568,0.3826,0.1323,0.4394,0.618,0.42836,0.36257
True,41097,103487,Colorado St.,Rams,0.2649,0.128,0.6885,0.286,0.4491,0.1504,0.4264,0.0732,0.4364,0.606,0.49035,0.38542
False,41097,103487,Colorado St.,Rams,0.2941,0.1359,0.6712,0.2764,0.4307,0.1802,0.3821,0.1127,0.4567,0.5763,0.43062,0.33827
True,27693,104375,UNLV,Rebels,0.2758,0.1329,0.664,0.2325,0.4243,0.1916,0.3891,0.1733,0.4241,0.5557,0.40265,0.35211
False,27693,104375,UNLV,Rebels,0.2261,0.1344,0.6185,0.2354,0.3559,0.2007,0.349,0.1306,0.4361,0.4977,0.43333,0.36421
False,30629,104375,UNLV,Rebels,0.2569,0.1267,0.6352,0.2244,0.3935,0.2222,0.3566,0.1359,0.4465,0.515,0.41759,0.31333
True,30629,104375,UNLV,Rebels,0.2716,0.1382,0.5906,0.2427,0.4498,0.2269,0.3472,0.1048,0.4696,0.5225,0.42562,0.33546
False,33533,104375,UNLV,Rebels,0.2745,0.1335,0.6643,0.2358,0.3754,0.1915,0.3921,0.1275,0.4273,0.5348,0.44526,0.35687
True,33533,104375,UNLV,Rebels,0.2453,0.1755,0.6087,0.267,0.4216,0.2053,0.3414,0.1314,0.4723,0.5274,0.39631,0.34887
False,36046,104375,UNLV,Rebels,0.2521,0.1384,0.616,0.2758,0.4271,0.2037,0.3462,0.1331,0.4795,0.5358,0.38741,0.321
True,36046,104375,UNLV,Rebels,0.2414,0.1444,0.6592,0.2981,0.4584,0.2272,0.3525,0.1246,0.5253,0.5724,0.35018,0.33673
False,38409,104375,UNLV,Rebels,0.2754,0.1197,0.65,0.2485,0.413,0.208,0.348,0.1102,0.4565,0.542,0.43328,0.3192
True,38409,104375,UNLV,Rebels,0.2459,0.1328,0.6262,0.2886,0.4224,0.2541,0.3284,0.1117,0.5427,0.5308,0.34556,0.33281
False,41097,104375,UNLV,Rebels,0.2767,0.1436,0.6365,0.2966,0.4099,0.2509,0.3988,0.0859,0.5474,0.5327,0.36662,0.35095
True,41097,104375,UNLV,Rebels,0.3032,0.1551,0.647,0.3121,0.4551,0.2485,0.3924,0.0767,0.5607,0.5619,0.36262,0.34806
True,27693,104051,Ole Miss,Rebels,0.2585,0.1531,0.6737,0.2684,0.4305,0.1903,0.3663,0.2357,0.4587,0.5728,0.30561,0.30103
False,27693,104051,Ole Miss,Rebels,0.2596,0.1558,0.6409,0.2702,0.2962,0.2116,0.3596,0.1536,0.4818,0.4895,0.36456,0.35305
False,30629,104051,Ole Miss,Rebels,0.239,0.1575,0.6797,0.3292,0.3691,0.1663,0.375,0.1429,0.4955,0.5755,0.36161,0.32253
True,30629,104051,Ole Miss,Rebels,0.2278,0.1396,0.6679,0.3021,0.3545,0.1469,0.3323,0.1782,0.449,0.5653,0.37281,0.32647
False,36046,104051,Ole Miss,Rebels,0.2581,0.1393,0.6155,0.357,0.3682,0.1545,0.3246,0.119,0.5115,0.5408,0.36952,0.33757
True,36046,104051,Ole Miss,Rebels,0.2432,0.1705,0.6455,0.2857,0.3492,0.1572,0.386,0.2058,0.443,0.5403,0.35128,0.36571
True,33533,104051,Ole Miss,Rebels,0.2429,0.1619,0.6183,0.3564,0.331,0.1454,0.3219,0.1511,0.5018,0.5351,0.34713,0.30253
False,33533,104051,Ole Miss,Rebels,0.2341,0.1372,0.5891,0.3625,0.3639,0.1628,0.3689,0.1303,0.5254,0.5193,0.34437,0.33798
True,41097,104051,Ole Miss,Rebels,0.2841,0.1471,0.68,0.2365,0.4493,0.1958,0.3719,0.2124,0.4324,0.5755,0.35525,0.33156
False,41097,104051,Ole Miss,Rebels,0.2559,0.1491,0.6177,0.2873,0.4425,0.1662,0.3347,0.1201,0.4534,0.5535,0.42647,0.33448
False,38409,104051,Ole Miss,Rebels,0.261,0.1373,0.6449,0.2912,0.414,0.1568,0.3404,0.1174,0.4481,0.5641,0.43457,0.32529
True,38409,104051,Ole Miss,Rebels,0.2675,0.1676,0.6383,0.2834,0.4151,0.1776,0.3679,0.1387,0.461,0.5523,0.40028,0.34762
False,30629,104235,Southeast Mo. St.,Redhawks,0.2637,0.1522,0.6691,0.2742,0.4308,0.2168,0.3883,0.1254,0.491,0.5639,0.38359,0.34957
False,36046,104235,Southeast Mo. St.,Redhawks,0.2375,0.1392,0.6506,0.3468,0.4435,0.2043,0.3658,0.1483,0.5511,0.5738,0.30063,0.3071
True,36046,104235,Southeast Mo. St.,Redhawks,0.2833,0.1563,0.5988,0.2711,0.399,0.217,0.3556,0.1705,0.4881,0.51,0.34145,0.30428
True,38409,104235,Southeast Mo. St.,Redhawks,0.2634,0.1498,0.6673,0.2741,0.4286,0.1738,0.4148,0.1844,0.4478,0.5747,0.36778,0.33333
False,38409,104235,Southeast Mo. St.,Redhawks,0.2245,0.1396,0.592,0.343,0.3457,0.1921,0.3769,0.1427,0.5351,0.5036,0.32217,0.28279
False,41097,104235,Southeast Mo. St.,Redhawks,0.2606,0.1767,0.5552,0.3596,0.3673,0.1892,0.4063,0.1236,0.5488,0.4905,0.32763,0.32323
True,41097,104235,Southeast Mo. St.,Redhawks,0.2883,0.1654,0.6481,0.3994,0.341,0.1354,0.3367,0.1032,0.5348,0.5703,0.36203,0.30372
False,33533,104235,Southeast Mo. St.,Redhawks,0.271,0.1774,0.6398,0.3396,0.3368,0.1823,0.3597,0.1213,0.5218,0.534,0.35683,0.34409
True,33533,104235,Southeast Mo. St.,Redhawks,0.2903,0.1842,0.6596,0.3017,0.3846,0.1543,0.3344,0.1447,0.456,0.5666,0.39936,0.32686
True,30629,104235,Southeast Mo. St.,Redhawks,0.2783,0.1604,0.6218,0.2834,0.4122,0.1611,0.4064,0.1229,0.4444,0.5459,0.43261,0.33739
False,27693,104235,Southeast Mo. St.,Redhawks,0.2641,0.1805,0.6108,0.2886,0.557,0.2465,0.369,0.131,0.5351,0.586,0.33385,0.30841
True,27693,104235,Southeast Mo. St.,Redhawks,0.2883,0.128,0.6486,0.2298,0.3697,0.2562,0.3151,0.1134,0.486,0.5016,0.40062,0.35659
False,27693,104209,Seattle U,Redhawks,0.2758,0.158,0.5892,0.2923,0.3673,0.1935,0.3731,0.1524,0.4858,0.5008,0.36177,0.32969
True,27693,104209,Seattle U,Redhawks,0.2733,0.1577,0.6162,0.2595,0.393,0.2195,0.3733,0.1052,0.479,0.5139,0.41585,0.31366
True,38409,104209,Seattle U,Redhawks,0.2699,0.1339,0.5761,0.3252,0.3553,0.219,0.3503,0.0873,0.5442,0.4872,0.36854,0.32278
False,38409,104209,Seattle U,Redhawks,0.2958,0.1505,0.6435,0.3087,0.4006,0.1916,0.3918,0.1154,0.5003,0.5505,0.3843,0.31424
True,33533,104209,Seattle U,Redhawks,0.262,0.1378,0.6083,0.2601,0.3616,0.1813,0.3333,0.1137,0.4414,0.507,0.44496,0.31646
False,33533,104209,Seattle U,Redhawks,0.2669,0.1405,0.6195,0.3216,0.3368,0.2057,0.3826,0.1245,0.5273,0.5092,0.34813,0.32193
True,30629,104209,Seattle U,Redhawks,0.2908,0.1575,0.6267,0.264,0.3514,0.176,0.335,0.1021,0.4399,0.5166,0.45802,0.33919
False,30629,104209,Seattle U,Redhawks,0.2509,0.1571,0.5785,0.314,0.3169,0.18,0.3504,0.1406,0.4939,0.4832,0.36545,0.31364
True,36046,104209,Seattle U,Redhawks,0.2698,0.1217,0.6486,0.2576,0.4244,0.2221,0.3783,0.1419,0.4797,0.5447,0.37844,0.34649
False,36046,104209,Seattle U,Redhawks,0.2659,0.1336,0.6211,0.2596,0.3949,0.2407,0.3531,0.1593,0.5002,0.5123,0.34043,0.29167
False,41097,104209,Seattle U,Redhawks,0.2581,0.1466,0.5752,0.3074,0.3962,0.186,0.3532,0.128,0.4934,0.5077,0.37856,0.32215
True,41097,104209,Seattle U,Redhawks,0.2417,0.1302,0.6265,0.338,0.3877,0.1859,0.2818,0.09,0.5239,0.5417,0.38618,0.33848
True,27693,104382,UTSA,Roadrunners,0.2542,0.1601,0.6527,0.265,0.4148,0.1811,0.408,0.1899,0.4461,0.5561,0.36401,0.3344
False,27693,104382,UTSA,Roadrunners,0.2189,0.1771,0.6296,0.2811,0.4082,0.1737,0.2811,0.162,0.4548,0.5451,0.38321,0.33786
False,30629,104382,UTSA,Roadrunners,0.2305,0.1842,0.6511,0.2892,0.4716,0.1888,0.3226,0.1398,0.478,0.5802,0.38219,0.35546
False,33533,104382,UTSA,Roadrunners,0.2706,0.1604,0.6579,0.2713,0.4286,0.2142,0.3613,0.1397,0.4855,0.5567,0.37481,0.34558
True,33533,104382,UTSA,Roadrunners,0.2564,0.1519,0.5781,0.2453,0.4043,0.2317,0.3333,0.138,0.477,0.4937,0.38499,0.33428
True,30629,104382,UTSA,Roadrunners,0.2404,0.1458,0.6127,0.2816,0.3418,0.1813,0.3053,0.2012,0.4629,0.5066,0.33589,0.28963
True,36046,104382,UTSA,Roadrunners,0.2529,0.1669,0.5823,0.2324,0.4112,0.2098,0.341,0.1064,0.4422,0.5011,0.45147,0.33768
False,36046,104382,UTSA,Roadrunners,0.2507,0.1546,0.6026,0.2662,0.4273,0.22,0.3922,0.1393,0.4862,0.5233,0.37451,0.36794
False,38409,104382,UTSA,Roadrunners,0.2114,0.1602,0.6566,0.2865,0.442,0.2083,0.3744,0.1214,0.4948,0.5663,0.38377,0.35682
True,38409,104382,UTSA,Roadrunners,0.2621,0.1938,0.5692,0.2359,0.4119,0.1825,0.3866,0.1395,0.4184,0.5006,0.4422,0.36108
False,41097,104382,UTSA,Roadrunners,0.223,0.1756,0.6347,0.2918,0.4448,0.1815,0.3642,0.0913,0.4734,0.5619,0.43536,0.33818
True,41097,104382,UTSA,Roadrunners,0.2467,0.1718,0.5633,0.2836,0.4056,0.2102,0.3262,0.1003,0.4938,0.4962,0.4059,0.29723
True,27693,103389,CSU Bakersfield,Roadrunners,0.2973,0.1537,0.632,0.2573,0.4423,0.2378,0.3565,0.2345,0.4951,0.5409,0.27041,0.35266
False,27693,103389,CSU Bakersfield,Roadrunners,0.2496,0.1597,0.625,0.2333,0.448,0.2141,0.3118,0.1427,0.4474,0.5403,0.40982,0.3427
False,30629,103389,CSU Bakersfield,Roadrunners,0.2796,0.1631,0.6564,0.2228,0.436,0.2213,0.3676,0.1417,0.4441,0.5466,0.41424,0.3512
True,30629,103389,CSU Bakersfield,Roadrunners,0.3242,0.1154,0.5678,0.2584,0.4421,0.2188,0.3812,0.2896,0.4773,0.5102,0.23312,0.28412
True,33533,103389,CSU Bakersfield,Roadrunners,0.2985,0.102,0.5822,0.2542,0.3623,0.1887,0.377,0.3102,0.4429,0.4885,0.24689,0.32494
False,33533,103389,CSU Bakersfield,Roadrunners,0.2451,0.1476,0.6286,0.2514,0.4221,0.1879,0.3259,0.1367,0.4393,0.5403,0.42404,0.34245
True,36046,103389,CSU Bakersfield,Roadrunners,0.3104,0.1332,0.5816,0.3031,0.4053,0.2042,0.3968,0.237,0.5073,0.5106,0.25578,0.31513
False,36046,103389,CSU Bakersfield,Roadrunners,0.2618,0.1571,0.5683,0.3015,0.4335,0.1887,0.3719,0.1445,0.4901,0.5164,0.36537,0.33987
True,38409,103389,CSU Bakersfield,Roadrunners,0.3056,0.1325,0.5709,0.2793,0.3704,0.1667,0.3996,0.2613,0.446,0.496,0.2927,0.38313
False,38409,103389,CSU Bakersfield,Roadrunners,0.2806,0.1614,0.6559,0.3171,0.387,0.1669,0.3944,0.1029,0.484,0.5632,0.41314,0.34578
False,41097,103389,CSU Bakersfield,Roadrunners,0.2709,0.1905,0.6192,0.3264,0.4474,0.1984,0.4057,0.0914,0.5248,0.5542,0.38381,0.35646
True,41097,103389,CSU Bakersfield,Roadrunners,0.281,0.1632,0.6023,0.3205,0.3484,0.1988,0.3863,0.193,0.5193,0.5051,0.28768,0.29044
False,27693,104373,UNCW,Seahawks,0.2699,0.1545,0.6698,0.3423,0.4335,0.2185,0.3582,0.1442,0.5608,0.5777,0.29494,0.32847
True,27693,104373,UNCW,Seahawks,0.2609,0.1986,0.5938,0.3028,0.462,0.1798,0.3034,0.1525,0.4826,0.5447,0.36488,0.34582
False,36046,104373,UNCW,Seahawks,0.2717,0.1526,0.657,0.2946,0.3941,0.193,0.3527,0.1464,0.4875,0.553,0.36606,0.35039
True,36046,104373,UNCW,Seahawks,0.2561,0.1657,0.7336,0.2528,0.4154,0.1801,0.3688,0.171,0.4329,0.6012,0.39604,0.34818
True,30629,104373,UNCW,Seahawks,0.2669,0.1754,0.6042,0.2773,0.382,0.1999,0.3483,0.1538,0.4772,0.5111,0.36903,0.32759
False,30629,104373,UNCW,Seahawks,0.265,0.1398,0.6027,0.2886,0.4265,0.236,0.3288,0.1633,0.5246,0.5235,0.31208,0.36201
False,33533,104373,UNCW,Seahawks,0.3023,0.1665,0.6456,0.2754,0.4254,0.1991,0.3486,0.1593,0.4745,0.5532,0.36624,0.30475
True,33533,104373,UNCW,Seahawks,0.2828,0.133,0.6564,0.2828,0.431,0.1938,0.3313,0.1829,0.4765,0.5647,0.34061,0.33494
True,41097,104373,UNCW,Seahawks,0.2619,0.1174,0.6259,0.3392,0.3353,0.1683,0.3514,0.1109,0.5075,0.5295,0.38162,0.35209
False,41097,104373,UNCW,Seahawks,0.2839,0.1688,0.5963,0.2766,0.4,0.1599,0.3796,0.1391,0.4365,0.5244,0.42437,0.29785
True,38409,104373,UNCW,Seahawks,0.2502,0.1467,0.6708,0.3159,0.4574,0.1872,0.3755,0.1301,0.5031,0.5913,0.36672,0.33641
False,38409,104373,UNCW,Seahawks,0.2754,0.1652,0.6574,0.2626,0.408,0.1834,0.3031,0.1242,0.446,0.5548,0.42983,0.3322
True,27693,104412,Wagner,Seahawks,0.3048,0.1615,0.5812,0.3627,0.4427,0.21,0.3425,0.1212,0.5726,0.5304,0.30622,0.31707
False,27693,104412,Wagner,Seahawks,0.2493,0.1716,0.5919,0.3098,0.4045,0.1718,0.371,0.1197,0.4817,0.5251,0.39865,0.34383
False,30629,104412,Wagner,Seahawks,0.259,0.1769,0.6562,0.2872,0.386,0.1982,0.2931,0.121,0.4854,0.5458,0.3936,0.29682
True,33533,104412,Wagner,Seahawks,0.3075,0.1369,0.562,0.2975,0.3794,0.209,0.3318,0.1352,0.5065,0.4867,0.35833,0.31046
True,30629,104412,Wagner,Seahawks,0.2905,0.1996,0.6619,0.3484,0.4318,0.2226,0.3923,0.1296,0.571,0.5722,0.29944,0.28571
True,38409,104412,Wagner,Seahawks,0.2781,0.1222,0.5313,0.2832,0.4066,0.1865,0.3482,0.1511,0.4697,0.4818,0.3792,0.33387
False,33533,104412,Wagner,Seahawks,0.23,0.1646,0.6364,0.3074,0.4091,0.1994,0.2874,0.1314,0.5068,0.5469,0.36178,0.31524
True,41097,104412,Wagner,Seahawks,0.2804,0.1288,0.5462,0.337,0.4306,0.1963,0.4,0.1029,0.5334,0.5036,0.36374,0.35015
True,36046,104412,Wagner,Seahawks,0.2453,0.1456,0.6,0.264,0.3228,0.2154,0.3123,0.1406,0.4794,0.4755,0.38003,0.32737
False,41097,104412,Wagner,Seahawks,0.2453,0.1674,0.5829,0.3237,0.4311,0.1887,0.3256,0.1215,0.5124,0.527,0.3661,0.33333
False,38409,104412,Wagner,Seahawks,0.2401,0.1589,0.6415,0.2569,0.4032,0.1717,0.3229,0.133,0.4287,0.546,0.43837,0.33175
False,36046,104412,Wagner,Seahawks,0.2235,0.1499,0.6173,0.3102,0.3835,0.1562,0.3805,0.1265,0.4664,0.539,0.40705,0.29986
False,27693,103903,Michigan St.,Spartans,0.2626,0.1385,0.6074,0.3151,0.3716,0.2037,0.3547,0.144,0.5188,0.5148,0.33723,0.32117
True,27693,103903,Michigan St.,Spartans,0.2921,0.1735,0.5788,0.2599,0.4324,0.181,0.4039,0.2196,0.441,0.5187,0.33945,0.32072
False,30629,103903,Michigan St.,Spartans,0.2533,0.1271,0.5757,0.2998,0.4413,0.1993,0.3358,0.1254,0.4991,0.522,0.37558,0.31631
True,30629,103903,Michigan St.,Spartans,0.2542,0.1931,0.6305,0.2773,0.4109,0.1608,0.3909,0.2249,0.4381,0.5499,0.33706,0.37752
True,33533,103903,Michigan St.,Spartans,0.2517,0.1438,0.6055,0.2413,0.4216,0.2001,0.4032,0.2284,0.4414,0.5221,0.33025,0.39252
False,33533,103903,Michigan St.,Spartans,0.2512,0.126,0.6194,0.2724,0.4169,0.2109,0.3231,0.1321,0.4832,0.531,0.38465,0.32365
False,36046,103903,Michigan St.,Spartans,0.2574,0.1133,0.6075,0.2472,0.3985,0.2033,0.3423,0.1342,0.4505,0.5132,0.41538,0.32671
True,36046,103903,Michigan St.,Spartans,0.2543,0.1712,0.6541,0.2838,0.4475,0.2128,0.3512,0.1992,0.4966,0.5656,0.30418,0.36262
True,38409,103903,Michigan St.,Spartans,0.2471,0.197,0.6676,0.3143,0.4681,0.2076,0.3242,0.1492,0.5219,0.5883,0.32892,0.31068
False,38409,103903,Michigan St.,Spartans,0.2879,0.1357,0.602,0.2742,0.4366,0.1969,0.3295,0.1221,0.4711,0.5329,0.40684,0.27955
True,41097,103903,Michigan St.,Spartans,0.2435,0.175,0.6771,0.2653,0.4925,0.1968,0.3634,0.1738,0.4621,0.5985,0.36417,0.3629
False,41097,103903,Michigan St.,Spartans,0.2844,0.125,0.6196,0.2312,0.4239,0.2015,0.3,0.1055,0.4327,0.5285,0.46181,0.32971
False,27693,104202,San Jose St.,Spartans,0.2443,0.1694,0.6678,0.2751,0.485,0.1792,0.3916,0.1487,0.4543,0.5957,0.39695,0.30248
True,27693,104202,San Jose St.,Spartans,0.2343,0.1696,0.6137,0.2316,0.4216,0.1839,0.2778,0.1789,0.4155,0.5287,0.40557,0.32843
True,30629,104202,San Jose St.,Spartans,0.2491,0.0923,0.5805,0.311,0.3732,0.1607,0.3636,0.0769,0.4718,0.5099,0.45137,0.35226
False,30629,104202,San Jose St.,Spartans,0.22,0.1391,0.5913,0.3557,0.4801,0.1953,0.3756,0.1093,0.5511,0.5519,0.33962,0.35458
True,33533,104202,San Jose St.,Spartans,0.2483,0.0787,0.6445,0.3374,0.3805,0.1807,0.2424,0.0704,0.5181,0.5525,0.41151,0.32513
False,33533,104202,San Jose St.,Spartans,0.2362,0.124,0.5571,0.3071,0.3966,0.1878,0.354,0.1479,0.4949,0.4962,0.35726,0.34441
True,36046,104202,San Jose St.,Spartans,0.2598,0.1119,0.636,0.3109,0.3961,0.1918,0.3931,0.0781,0.5027,0.5445,0.41918,0.34319
False,36046,104202,San Jose St.,Spartans,0.2184,0.1302,0.6134,0.3642,0.4574,0.1757,0.3073,0.1064,0.5399,0.5626,0.35366,0.38715
True,38409,104202,San Jose St.,Spartans,0.2345,0.1426,0.6125,0.3186,0.4043,0.1872,0.358,0.0876,0.5057,0.5354,0.40667,0.34761
False,38409,104202,San Jose St.,Spartans,0.2285,0.1602,0.6443,0.3538,0.3995,0.189,0.3827,0.0931,0.5427,0.5591,0.3642,0.32334
True,41097,104202,San Jose St.,Spartans,0.2725,0.1218,0.5939,0.2784,0.3876,0.2044,0.4102,0.1352,0.4828,0.5066,0.38193,0.35823
False,41097,104202,San Jose St.,Spartans,0.2562,0.1558,0.6769,0.3867,0.4172,0.1633,0.4112,0.0579,0.55,0.5998,0.3921,0.35724
True,27693,104376,USC Upstate,Spartans,0.2695,0.1581,0.5637,0.3348,0.375,0.1234,0.38,0.1361,0.4583,0.5129,0.40563,0.33781
False,27693,104376,USC Upstate,Spartans,0.2394,0.1792,0.6437,0.3816,0.3467,0.1316,0.4179,0.1175,0.5132,0.5675,0.3693,0.34679
False,30629,104376,USC Upstate,Spartans,0.2305,0.1631,0.6322,0.3147,0.4259,0.1571,0.3283,0.1152,0.4718,0.5635,0.41303,0.32958
True,30629,104376,USC Upstate,Spartans,0.2749,0.1548,0.6247,0.2649,0.4456,0.1719,0.3661,0.1725,0.4368,0.5542,0.39064,0.36377
False,33533,104376,USC Upstate,Spartans,0.2634,0.1374,0.585,0.3706,0.3798,0.1594,0.3352,0.1087,0.53,0.5233,0.36133,0.33675
True,33533,104376,USC Upstate,Spartans,0.2966,0.1708,0.6467,0.3453,0.406,0.1614,0.3489,0.1426,0.5067,0.5701,0.35073,0.33737
True,36046,104376,USC Upstate,Spartans,0.2885,0.1594,0.648,0.316,0.3986,0.1689,0.3443,0.1209,0.4849,0.5612,0.39418,0.33285
False,36046,104376,USC Upstate,Spartans,0.2468,0.1519,0.6374,0.3311,0.4395,0.1904,0.3263,0.1152,0.5215,0.5651,0.36325,0.31553
False,38409,104376,USC Upstate,Spartans,0.2342,0.1648,0.6809,0.347,0.4342,0.1558,0.3782,0.0989,0.5028,0.6045,0.39826,0.34363
True,38409,104376,USC Upstate,Spartans,0.2651,0.2064,0.6647,0.3534,0.3977,0.1788,0.3514,0.0953,0.5322,0.575,0.37249,0.30705
False,41097,104376,USC Upstate,Spartans,0.2487,0.1405,0.5981,0.3382,0.3799,0.1981,0.3105,0.0993,0.5363,0.5175,0.36435,0.34146
True,41097,104376,USC Upstate,Spartans,0.2617,0.1819,0.6039,0.3472,0.3858,0.203,0.3846,0.0871,0.5502,0.5234,0.3627,0.32813
True,27693,103994,Norfolk St.,Spartans,0.2654,0.1925,0.6218,0.2142,0.4351,0.2358,0.3196,0.1971,0.45,0.524,0.35284,0.37755
False,27693,103994,Norfolk St.,Spartans,0.2692,0.191,0.6468,0.2017,0.3911,0.1869,0.3478,0.1489,0.3885,0.5238,0.46253,0.32
False,30629,103994,Norfolk St.,Spartans,0.2588,0.166,0.6077,0.2161,0.3699,0.171,0.2936,0.1515,0.3871,0.5027,0.46143,0.29669
True,30629,103994,Norfolk St.,Spartans,0.2606,0.1954,0.6413,0.2821,0.4887,0.2141,0.3498,0.1545,0.4962,0.5754,0.34927,0.33532
True,33533,103994,Norfolk St.,Spartans,0.2705,0.165,0.6584,0.2605,0.5256,0.2534,0.3636,0.1232,0.5138,0.5929,0.36299,0.33604
False,33533,103994,Norfolk St.,Spartans,0.2805,0.1748,0.5925,0.195,0.4479,0.1993,0.3131,0.1308,0.3943,0.5194,0.47494,0.34234
True,36046,103994,Norfolk St.,Spartans,0.2764,0.1714,0.6598,0.2619,0.4713,0.2619,0.337,0.1449,0.5239,0.5656,0.33119,0.33874
False,36046,103994,Norfolk St.,Spartans,0.2718,0.1725,0.6237,0.226,0.3898,0.2021,0.2879,0.113,0.4281,0.5133,0.4589,0.33582
False,38409,103994,Norfolk St.,Spartans,0.2695,0.1597,0.6155,0.2641,0.4,0.1551,0.3103,0.1596,0.4192,0.5358,0.42121,0.33492
True,38409,103994,Norfolk St.,Spartans,0.2648,0.1845,0.6981,0.3475,0.446,0.2194,0.3699,0.1473,0.5668,0.6005,0.28593,0.32628
False,41097,103994,Norfolk St.,Spartans,0.2716,0.1761,0.6505,0.3139,0.4089,0.1397,0.3472,0.1222,0.4536,0.5761,0.42421,0.32533
True,41097,103994,Norfolk St.,Spartans,0.2853,0.1998,0.6484,0.3755,0.3768,0.191,0.3539,0.1315,0.5666,0.5568,0.30195,0.33692
True,27693,104371,UNC Greensboro,Spartans,0.2637,0.1761,0.619,0.3133,0.3636,0.1398,0.3879,0.1552,0.453,0.5402,0.39171,0.31171
False,27693,104371,UNC Greensboro,Spartans,0.2299,0.1682,0.5745,0.3305,0.3835,0.1335,0.3368,0.1231,0.464,0.5196,0.41283,0.31083
False,30629,104371,UNC Greensboro,Spartans,0.252,0.1575,0.5897,0.2234,0.4032,0.1536,0.4063,0.136,0.377,0.5137,0.48695,0.34788
True,30629,104371,UNC Greensboro,Spartans,0.2433,0.1099,0.6181,0.3138,0.3799,0.1827,0.3089,0.1133,0.4964,0.5305,0.39027,0.34043
True,33533,104371,UNC Greensboro,Spartans,0.2516,0.1406,0.6332,0.3157,0.4025,0.1764,0.3099,0.1163,0.4921,0.5505,0.39159,0.35425
False,33533,104371,UNC Greensboro,Spartans,0.2634,0.1382,0.6209,0.239,0.3587,0.1751,0.3556,0.1751,0.4141,0.5101,0.41078,0.31935
True,36046,104371,UNC Greensboro,Spartans,0.2598,0.1275,0.6175,0.3216,0.3529,0.1358,0.3865,0.1102,0.4574,0.539,0.43237,0.39655
False,36046,104371,UNC Greensboro,Spartans,0.2419,0.1717,0.5758,0.2711,0.3773,0.1205,0.3734,0.1687,0.3916,0.5147,0.43976,0.33126
False,38409,104371,UNC Greensboro,Spartans,0.2462,0.128,0.5996,0.2687,0.3742,0.1683,0.3435,0.146,0.437,0.5128,0.41695,0.3008
True,38409,104371,UNC Greensboro,Spartans,0.2541,0.1234,0.6155,0.2643,0.4065,0.1822,0.3675,0.1265,0.4465,0.5303,0.42703,0.37215
False,41097,104371,UNC Greensboro,Spartans,0.2727,0.1374,0.6447,0.3118,0.4341,0.1232,0.3538,0.1012,0.4351,0.5851,0.46371,0.37178
True,41097,104371,UNC Greensboro,Spartans,0.2361,0.1651,0.6211,0.3394,0.4042,0.1447,0.3866,0.12,0.4841,0.5563,0.39586,0.36051
True,27693,104503,Wofford,Terriers,0.2423,0.1242,0.6849,0.3326,0.367,0.0828,0.4078,0.0782,0.4153,0.6216,0.50645,0.35382
False,27693,104503,Wofford,Terriers,0.2326,0.1395,0.6233,0.3285,0.3799,0.1367,0.3375,0.1222,0.4652,0.5517,0.41253,0.33889
False,30629,104503,Wofford,Terriers,0.2584,0.1581,0.6469,0.3045,0.355,0.1201,0.3822,0.1147,0.4246,0.5644,0.46066,0.35854
True,30629,104503,Wofford,Terriers,0.236,0.1151,0.6751,0.3379,0.3923,0.1189,0.3107,0.0586,0.4568,0.6015,0.48464,0.35563
False,33533,104503,Wofford,Terriers,0.2451,0.1414,0.6254,0.3176,0.4429,0.1515,0.4387,0.1111,0.4691,0.5665,0.41981,0.34707
True,33533,104503,Wofford,Terriers,0.2152,0.1239,0.6576,0.346,0.4667,0.1644,0.4,0.0992,0.5104,0.5961,0.3904,0.33021
True,36046,104503,Wofford,Terriers,0.2425,0.1258,0.6101,0.3218,0.4693,0.1622,0.374,0.0688,0.484,0.5629,0.44724,0.35915
False,36046,104503,Wofford,Terriers,0.2449,0.1674,0.6066,0.2901,0.383,0.1504,0.3775,0.1328,0.4405,0.5303,0.42667,0.35
True,38409,104503,Wofford,Terriers,0.2625,0.1202,0.6402,0.2984,0.4815,0.1697,0.287,0.0522,0.4681,0.5826,0.47969,0.34274
False,38409,104503,Wofford,Terriers,0.2501,0.1582,0.6157,0.2784,0.4518,0.1564,0.3613,0.0992,0.4348,0.5568,0.46597,0.33891
True,41097,104503,Wofford,Terriers,0.2586,0.1507,0.6056,0.3738,0.4378,0.1302,0.3009,0.0591,0.5039,0.5622,0.43701,0.35048
False,41097,104503,Wofford,Terriers,0.2558,0.1506,0.6232,0.3756,0.3895,0.1551,0.3812,0.0871,0.5308,0.5549,0.38214,0.36325
True,27693,104268,St. Francis Brooklyn,Terriers,0.2775,0.1947,0.592,0.3712,0.4419,0.177,0.3212,0.1588,0.5481,0.5435,0.293,0.33146
False,27693,104268,St. Francis Brooklyn,Terriers,0.2449,0.1769,0.565,0.3964,0.4158,0.1689,0.4057,0.0942,0.5653,0.5204,0.34044,0.3812
True,30629,104268,St. Francis Brooklyn,Terriers,0.2454,0.1482,0.5859,0.2809,0.391,0.1711,0.3455,0.181,0.452,0.5121,0.36698,0.3139
True,33533,104268,St. Francis Brooklyn,Terriers,0.2321,0.1706,0.5755,0.2922,0.2956,0.2128,0.3434,0.1558,0.505,0.4575,0.33921,0.35355
False,33533,104268,St. Francis Brooklyn,Terriers,0.2488,0.1538,0.5747,0.3435,0.3859,0.2457,0.3475,0.1407,0.5891,0.496,0.27013,0.39073
False,30629,104268,St. Francis Brooklyn,Terriers,0.2182,0.16,0.6277,0.3774,0.4409,0.184,0.3153,0.1305,0.5614,0.5665,0.30805,0.32634
True,38409,103364,Boston U.,Terriers,0.252,0.1062,0.6364,0.2574,0.4083,0.2209,0.4195,0.0993,0.4783,0.531,0.42237,0.33784
False,38409,103364,Boston U.,Terriers,0.2525,0.1378,0.6298,0.2597,0.4252,0.1999,0.3965,0.1331,0.4596,0.5408,0.40739,0.36259
False,33533,103364,Boston U.,Terriers,0.2405,0.1384,0.6278,0.2835,0.3932,0.1872,0.3713,0.1374,0.4707,0.5345,0.39188,0.3358
True,30629,103364,Boston U.,Terriers,0.2408,0.133,0.6044,0.2909,0.4721,0.2027,0.4033,0.1306,0.4935,0.5501,0.37581,0.35765
True,36046,103364,Boston U.,Terriers,0.2648,0.1295,0.5803,0.2953,0.3906,0.2069,0.2857,0.0867,0.5022,0.5021,0.4111,0.3329
False,36046,103364,Boston U.,Terriers,0.2412,0.1314,0.5722,0.296,0.392,0.1823,0.3971,0.1176,0.4783,0.5035,0.40405,0.34401
True,41097,103364,Boston U.,Terriers,0.2534,0.1088,0.6882,0.2856,0.4441,0.1895,0.4808,0.0847,0.475,0.5909,0.44028,0.39334
False,41097,103364,Boston U.,Terriers,0.2396,0.1311,0.6226,0.2943,0.4043,0.1899,0.4648,0.109,0.4841,0.537,0.40686,0.36478
True,33533,103364,Boston U.,Terriers,0.2656,0.1566,0.6089,0.2786,0.3514,0.2298,0.3297,0.1003,0.5084,0.4925,0.39133,0.32964
False,27693,103364,Boston U.,Terriers,0.2538,0.1583,0.6267,0.3571,0.401,0.1924,0.4476,0.1,0.5495,0.5477,0.35048,0.3587
False,30629,103364,Boston U.,Terriers,0.2534,0.1325,0.6582,0.3017,0.4011,0.1986,0.3551,0.1751,0.5003,0.5562,0.3246,0.33109
True,27693,103364,Boston U.,Terriers,0.2538,0.1434,0.6329,0.3053,0.4195,0.228,0.3,0.087,0.5333,0.5417,0.37971,0.31807
False,27693,103470,Clemson,Tigers,0.2385,0.1312,0.6196,0.2577,0.3836,0.1834,0.3421,0.1502,0.4411,0.5215,0.4087,0.33462
True,27693,103470,Clemson,Tigers,0.2437,0.1169,0.6242,0.2494,0.4133,0.1701,0.3351,0.1466,0.4195,0.5387,0.43386,0.34495
True,30629,103470,Clemson,Tigers,0.2398,0.1387,0.6355,0.2923,0.4078,0.1916,0.3953,0.1381,0.4839,0.5454,0.37794,0.36261
False,30629,103470,Clemson,Tigers,0.2439,0.1331,0.6358,0.2616,0.381,0.1582,0.3706,0.1539,0.4198,0.5397,0.42626,0.33333
True,38409,103470,Clemson,Tigers,0.2337,0.1313,0.6118,0.3111,0.4595,0.1839,0.3787,0.1168,0.495,0.5552,0.38817,0.36876
False,38409,103470,Clemson,Tigers,0.2495,0.1138,0.5793,0.3227,0.4074,0.1692,0.3959,0.1279,0.4919,0.5202,0.38016,0.31868
True,41097,103470,Clemson,Tigers,0.2521,0.1234,0.6217,0.3332,0.4463,0.1566,0.3526,0.0796,0.4898,0.5656,0.43061,0.34123
False,41097,103470,Clemson,Tigers,0.2815,0.1189,0.5952,0.2877,0.4032,0.166,0.3502,0.1143,0.4536,0.525,0.43203,0.32439
True,33533,103470,Clemson,Tigers,0.2579,0.1135,0.6739,0.3094,0.4035,0.1778,0.3697,0.1097,0.4873,0.5752,0.40302,0.36387
False,33533,103470,Clemson,Tigers,0.2522,0.1252,0.6079,0.2706,0.347,0.1609,0.3079,0.1599,0.4315,0.5106,0.40863,0.33168
True,36046,103470,Clemson,Tigers,0.2433,0.1111,0.6672,0.321,0.4179,0.1584,0.3969,0.1215,0.4794,0.5848,0.39905,0.35071
False,36046,103470,Clemson,Tigers,0.2383,0.1326,0.5262,0.3037,0.4031,0.1519,0.4231,0.1336,0.4556,0.4851,0.41075,0.33106
True,27693,104335,Towson,Tigers,0.2663,0.1176,0.6097,0.2938,0.3649,0.2104,0.3491,0.2009,0.5043,0.5075,0.29479,0.28939
False,27693,104335,Towson,Tigers,0.2663,0.154,0.587,0.3177,0.4072,0.1565,0.352,0.1172,0.4742,0.5277,0.40862,0.38303
False,38409,104335,Towson,Tigers,0.2331,0.1422,0.6413,0.2979,0.4138,0.2087,0.2806,0.1085,0.5066,0.5475,0.38483,0.33669
True,38409,104335,Towson,Tigers,0.2522,0.1326,0.6113,0.2575,0.3766,0.2404,0.3629,0.1247,0.498,0.498,0.37726,0.33733
False,36046,104335,Towson,Tigers,0.2525,0.1397,0.6274,0.287,0.3581,0.2057,0.3268,0.1386,0.4926,0.515,0.36879,0.3284
True,36046,104335,Towson,Tigers,0.2646,0.0935,0.6119,0.3118,0.3559,0.2135,0.332,0.1339,0.5253,0.5079,0.34074,0.32777
False,33533,104335,Towson,Tigers,0.2493,0.1349,0.5961,0.3046,0.3994,0.1669,0.2983,0.129,0.4715,0.5264,0.39946,0.33243
True,33533,104335,Towson,Tigers,0.2507,0.1323,0.6016,0.3226,0.3989,0.1852,0.3604,0.1472,0.5078,0.5277,0.34495,0.36652
True,41097,104335,Towson,Tigers,0.2465,0.1431,0.6106,0.2786,0.4033,0.2066,0.386,0.1622,0.4852,0.5224,0.35256,0.3035
False,41097,104335,Towson,Tigers,0.2317,0.137,0.6117,0.2804,0.4103,0.2003,0.3216,0.1022,0.4807,0.5278,0.41705,0.30788
True,30629,104335,Towson,Tigers,0.2681,0.1476,0.6228,0.3165,0.3921,0.1693,0.3647,0.1312,0.4858,0.5424,0.38291,0.35618
False,30629,104335,Towson,Tigers,0.269,0.137,0.5996,0.3,0.3968,0.1685,0.3148,0.1174,0.4685,0.5267,0.41413,0.31496
False,27693,104313,Tennessee St.,Tigers,0.2436,0.1668,0.6218,0.2776,0.4431,0.2269,0.3824,0.121,0.5044,0.5414,0.37456,0.33967
True,27693,104313,Tennessee St.,Tigers,0.2813,0.193,0.6243,0.2916,0.4275,0.2321,0.3538,0.1122,0.5237,0.5371,0.36411,0.27962
True,30629,104313,Tennessee St.,Tigers,0.2769,0.1463,0.6105,0.2986,0.4343,0.212,0.3897,0.1647,0.5106,0.5374,0.32465,0.35261
False,30629,104313,Tennessee St.,Tigers,0.2427,0.1839,0.6389,0.2949,0.4083,0.1821,0.3242,0.138,0.477,0.5509,0.385,0.32242
True,36046,104313,Tennessee St.,Tigers,0.2844,0.1845,0.6097,0.361,0.3858,0.1722,0.3602,0.1122,0.5332,0.5374,0.3546,0.32534
False,33533,104313,Tennessee St.,Tigers,0.2693,0.1957,0.6194,0.2905,0.4082,0.1859,0.3574,0.1577,0.4764,0.537,0.36585,0.34519
True,33533,104313,Tennessee St.,Tigers,0.2864,0.1784,0.6459,0.3065,0.4188,0.1974,0.2803,0.0811,0.5039,0.5569,0.41499,0.34994
False,41097,104313,Tennessee St.,Tigers,0.2368,0.1863,0.6134,0.3467,0.3943,0.1847,0.3874,0.1008,0.5314,0.5372,0.36781,0.33286
True,41097,104313,Tennessee St.,Tigers,0.2561,0.1988,0.6676,0.3284,0.3857,0.2019,0.3735,0.1635,0.5303,0.5603,0.30625,0.3281
True,38409,104313,Tennessee St.,Tigers,0.2632,0.1606,0.6626,0.2928,0.4671,0.2475,0.3565,0.1171,0.5402,0.573,0.34267,0.32541
False,38409,104313,Tennessee St.,Tigers,0.2674,0.1718,0.6267,0.2532,0.3878,0.2682,0.325,0.1194,0.5214,0.5038,0.3592,0.32271
False,36046,104313,Tennessee St.,Tigers,0.257,0.1616,0.5986,0.3139,0.3623,0.1842,0.342,0.1639,0.4981,0.5113,0.33796,0.32859
False,30629,104110,Princeton,Tigers,0.2131,0.1429,0.6408,0.28,0.4562,0.2408,0.3688,0.1633,0.5208,0.5554,0.31595,0.32613
True,41097,104110,Princeton,Tigers,0.2583,0.0753,0.5714,0.2876,0.4202,0.1625,0.378,0.1037,0.4501,0.5169,0.44627,0.34136
True,36046,104110,Princeton,Tigers,0.2098,0.116,0.6504,0.2785,0.4711,0.1428,0.4094,0.0749,0.4212,0.5896,0.50383,0.35597
True,30629,104110,Princeton,Tigers,0.2104,0.1539,0.6703,0.3284,0.4644,0.1746,0.2933,0.0444,0.503,0.5988,0.45266,0.38562
True,38409,104110,Princeton,Tigers,0.2314,0.1356,0.5956,0.2982,0.3763,0.1617,0.4167,0.0526,0.46,0.5185,0.48739,0.35546
False,38409,104110,Princeton,Tigers,0.2215,0.1465,0.6133,0.3125,0.4299,0.1869,0.4157,0.0988,0.4994,0.5447,0.40179,0.35556
False,36046,104110,Princeton,Tigers,0.25,0.1296,0.6273,0.2989,0.413,0.1993,0.4231,0.1126,0.4981,0.5416,0.38923,0.32591
True,33533,104110,Princeton,Tigers,0.2331,0.1385,0.6065,0.3694,0.4226,0.1626,0.3854,0.0504,0.532,0.5503,0.41763,0.34171
False,41097,104110,Princeton,Tigers,0.2556,0.1454,0.6456,0.3289,0.4491,0.1617,0.3882,0.0927,0.4905,0.5808,0.41672,0.31186
False,33533,104110,Princeton,Tigers,0.2605,0.1472,0.5645,0.3256,0.3985,0.2122,0.3815,0.1308,0.5378,0.499,0.33141,0.3233
True,30629,103658,Grambling,Tigers,0.2704,0.1871,0.5581,0.2894,0.374,0.2372,0.2574,0.1886,0.5266,0.4752,0.28478,0.31803
False,30629,103658,Grambling,Tigers,0.2398,0.1894,0.5902,0.2917,0.381,0.1873,0.3235,0.1517,0.479,0.5084,0.36931,0.36232
True,27693,103658,Grambling,Tigers,0.26,0.1797,0.6624,0.3303,0.3,0.2096,0.3088,0.171,0.5398,0.5217,0.28919,0.32464
False,27693,103658,Grambling,Tigers,0.2626,0.1857,0.5568,0.2823,0.3134,0.1572,0.3438,0.1751,0.4394,0.4698,0.38546,0.34888
False,33533,103658,Grambling,Tigers,0.2687,0.166,0.5328,0.2813,0.3447,0.1608,0.3028,0.1718,0.4422,0.4644,0.38604,0.3156
True,33533,103658,Grambling,Tigers,0.2943,0.174,0.6061,0.3636,0.4023,0.1832,0.3346,0.1832,0.5468,0.5378,0.26997,0.34184
False,41097,103658,Grambling,Tigers,0.2623,0.1728,0.6346,0.3297,0.3659,0.1796,0.3454,0.1364,0.5093,0.5398,0.35433,0.32148
True,41097,103658,Grambling,Tigers,0.2734,0.1816,0.589,0.3411,0.4137,0.1694,0.3467,0.1098,0.5105,0.5308,0.37969,0.31831
True,38409,103658,Grambling,Tigers,0.2484,0.1614,0.6027,0.3188,0.3694,0.1787,0.346,0.1551,0.4976,0.5189,0.34729,0.33849
True,36046,103658,Grambling,Tigers,0.2421,0.163,0.6009,0.3365,0.3949,0.2254,0.3411,0.159,0.5619,0.5183,0.27909,0.34151
False,38409,103658,Grambling,Tigers,0.2319,0.1884,0.5929,0.3166,0.3407,0.1847,0.3026,0.1555,0.5013,0.5,0.34322,0.34873
False,36046,103658,Grambling,Tigers,0.2477,0.1752,0.6059,0.307,0.4184,0.1915,0.3289,0.1532,0.4985,0.5339,0.34829,0.34298
False,27693,103742,Jackson St.,Tigers,0.2658,0.1794,0.6804,0.222,0.3802,0.2197,0.2764,0.2815,0.4416,0.5311,0.27689,0.30165
True,27693,103742,Jackson St.,Tigers,0.2774,0.193,0.6167,0.2531,0.3452,0.2196,0.267,0.2464,0.4727,0.4906,0.28094,0.35317
True,30629,103742,Jackson St.,Tigers,0.2653,0.1402,0.664,0.2655,0.3542,0.2277,0.3299,0.2077,0.4932,0.521,0.29907,0.29117
False,30629,103742,Jackson St.,Tigers,0.2225,0.1834,0.6407,0.3154,0.3453,0.2289,0.3317,0.1529,0.5444,0.5164,0.30276,0.33251
True,41097,103742,Jackson St.,Tigers,0.2763,0.1504,0.5692,0.265,0.3469,0.1519,0.3299,0.1503,0.4168,0.4882,0.43285,0.31384
True,36046,103742,Jackson St.,Tigers,0.2475,0.1717,0.5677,0.2767,0.3929,0.2064,0.3768,0.1794,0.4831,0.493,0.33749,0.32512
True,33533,103742,Jackson St.,Tigers,0.2494,0.1816,0.6315,0.2683,0.3831,0.2233,0.3094,0.1706,0.4917,0.5186,0.33778,0.31743
False,33533,103742,Jackson St.,Tigers,0.2372,0.2001,0.6647,0.2849,0.3926,0.1685,0.3674,0.1492,0.4534,0.5636,0.3974,0.34851
True,38409,103742,Jackson St.,Tigers,0.2363,0.1417,0.6038,0.3215,0.3705,0.1951,0.3138,0.1466,0.5167,0.5157,0.3367,0.32583
False,36046,103742,Jackson St.,Tigers,0.2543,0.2049,0.6505,0.2766,0.4603,0.196,0.3525,0.131,0.4726,0.5716,0.39635,0.3523
False,41097,103742,Jackson St.,Tigers,0.2594,0.2185,0.6824,0.3376,0.3889,0.1519,0.2939,0.1132,0.4896,0.5913,0.39722,0.3475
False,38409,103742,Jackson St.,Tigers,0.2452,0.2001,0.6122,0.3025,0.3967,0.176,0.3657,0.1047,0.4784,0.5329,0.41687,0.3407
False,27693,104322,Texas Southern,Tigers,0.2676,0.1631,0.6273,0.2514,0.4629,0.2,0.2273,0.1257,0.4514,0.5544,0.42286,0.31622
True,27693,104322,Texas Southern,Tigers,0.2751,0.1793,0.7041,0.3065,0.4256,0.2778,0.2378,0.1642,0.5844,0.5717,0.25144,0.26941
True,30629,104322,Texas Southern,Tigers,0.2678,0.1697,0.6233,0.2936,0.4037,0.2562,0.3,0.175,0.5497,0.521,0.27526,0.30347
False,30629,104322,Texas Southern,Tigers,0.2651,0.1925,0.5795,0.2763,0.3777,0.1829,0.3562,0.1719,0.4592,0.4991,0.36892,0.30426
True,33533,104322,Texas Southern,Tigers,0.2799,0.1752,0.62,0.3004,0.4225,0.2551,0.2734,0.1703,0.5555,0.5293,0.27423,0.28837
False,33533,104322,Texas Southern,Tigers,0.2698,0.2229,0.6534,0.2656,0.4738,0.2278,0.2982,0.151,0.4934,0.5705,0.35563,0.3352
True,36046,104322,Texas Southern,Tigers,0.2768,0.1796,0.6521,0.2361,0.3534,0.1893,0.3459,0.1872,0.4255,0.5192,0.38738,0.30478
True,41097,104322,Texas Southern,Tigers,0.2777,0.1931,0.6386,0.3314,0.4133,0.1974,0.3422,0.15,0.5288,0.5545,0.32116,0.3286
False,41097,104322,Texas Southern,Tigers,0.2589,0.1813,0.6687,0.2819,0.391,0.1777,0.3515,0.115,0.4596,0.5613,0.4254,0.33467
False,38409,104322,Texas Southern,Tigers,0.2132,0.1673,0.6066,0.2787,0.3372,0.1778,0.3049,0.126,0.4565,0.5017,0.41752,0.33129
False,36046,104322,Texas Southern,Tigers,0.2435,0.1938,0.603,0.2669,0.4077,0.2079,0.3986,0.1609,0.4748,0.5175,0.36426,0.32547
True,38409,104322,Texas Southern,Tigers,0.2379,0.2029,0.648,0.2806,0.3646,0.1945,0.3333,0.1733,0.4752,0.532,0.35157,0.33573
False,27693,103891,Memphis,Tigers,0.2428,0.186,0.5902,0.2742,0.3546,0.1811,0.3574,0.1509,0.4554,0.4965,0.39371,0.27732
True,27693,103891,Memphis,Tigers,0.2681,0.204,0.6085,0.3384,0.3567,0.189,0.3514,0.1114,0.5274,0.5183,0.36123,0.36333
True,30629,103891,Memphis,Tigers,0.2704,0.199,0.6632,0.3541,0.3884,0.1821,0.3477,0.1594,0.5361,0.5699,0.30449,0.35529
False,30629,103891,Memphis,Tigers,0.2651,0.1724,0.547,0.3072,0.3704,0.1531,0.3194,0.1113,0.4603,0.4882,0.42835,0.3201
False,33533,103891,Memphis,Tigers,0.2603,0.1633,0.5941,0.289,0.3684,0.1708,0.3106,0.1112,0.4598,0.5103,0.42904,0.30761
True,33533,103891,Memphis,Tigers,0.2555,0.2153,0.6662,0.3502,0.4172,0.2161,0.37,0.1431,0.5663,0.5712,0.29055,0.35304
False,36046,103891,Memphis,Tigers,0.26,0.159,0.5974,0.3128,0.3561,0.1389,0.3786,0.1214,0.4518,0.5232,0.42679,0.33958
True,36046,103891,Memphis,Tigers,0.2424,0.1982,0.6524,0.3361,0.413,0.1737,0.3182,0.1014,0.5097,0.5709,0.38883,0.35046
True,38409,103891,Memphis,Tigers,0.2531,0.2022,0.6366,0.3417,0.43,0.1959,0.3494,0.1295,0.5375,0.5613,0.33301,0.37572
False,38409,103891,Memphis,Tigers,0.2636,0.159,0.6078,0.313,0.3533,0.1737,0.3379,0.1034,0.4868,0.517,0.40982,0.32373
False,41097,103891,Memphis,Tigers,0.2592,0.1778,0.6324,0.3008,0.3779,0.1567,0.3619,0.1101,0.4575,0.5452,0.43239,0.30545
True,41097,103891,Memphis,Tigers,0.2886,0.1889,0.5997,0.3418,0.3994,0.1719,0.3605,0.1495,0.5137,0.5327,0.33672,0.31571
True,27693,103928,Missouri,Tigers,0.2831,0.2008,0.6674,0.3093,0.3795,0.2218,0.363,0.0902,0.5311,0.5472,0.37876,0.32451
False,27693,103928,Missouri,Tigers,0.2732,0.1813,0.6352,0.2582,0.4181,0.2253,0.338,0.1891,0.4835,0.5341,0.3274,0.33199
False,27693,103308,Auburn,Tigers,0.2725,0.2143,0.5949,0.3238,0.4379,0.1979,0.346,0.1235,0.5217,0.5354,0.3548,0.32673
True,27693,103308,Auburn,Tigers,0.2455,0.2273,0.6687,0.2948,0.3794,0.1554,0.3403,0.0885,0.4502,0.5689,0.4613,0.32623
True,36046,103928,Missouri,Tigers,0.2991,0.1779,0.6445,0.2862,0.3848,0.2008,0.4366,0.1159,0.4869,0.5374,0.39717,0.31918
False,36046,103928,Missouri,Tigers,0.2548,0.1498,0.6466,0.2926,0.4128,0.1892,0.3379,0.1205,0.4818,0.5548,0.39769,0.3444
True,30629,103928,Missouri,Tigers,0.2688,0.1615,0.6715,0.2988,0.3846,0.2104,0.3223,0.1624,0.5092,0.553,0.32848,0.28079
False,30629,103928,Missouri,Tigers,0.2423,0.163,0.6351,0.2803,0.3861,0.2256,0.3798,0.1396,0.506,0.5241,0.35444,0.35267
False,41097,103928,Missouri,Tigers,0.2743,0.1468,0.6191,0.2656,0.3736,0.1805,0.3667,0.1245,0.4461,0.5198,0.42946,0.36836
True,41097,103928,Missouri,Tigers,0.2631,0.1813,0.6937,0.3803,0.3894,0.1899,0.3171,0.0654,0.5702,0.5924,0.36436,0.35036
False,33533,103308,Auburn,Tigers,0.2662,0.1587,0.5846,0.3483,0.3601,0.1866,0.3103,0.1199,0.5349,0.5063,0.34522,0.28743
True,33533,103308,Auburn,Tigers,0.2858,0.1843,0.6217,0.3425,0.429,0.1873,0.2979,0.118,0.5299,0.5536,0.35208,0.31526
False,38409,103928,Missouri,Tigers,0.2966,0.1497,0.6095,0.3237,0.4536,0.1937,0.3186,0.1048,0.5175,0.5511,0.3777,0.33605
True,38409,103928,Missouri,Tigers,0.2665,0.2038,0.6944,0.3391,0.3704,0.1662,0.4051,0.0811,0.5054,0.5878,0.41355,0.36725
False,30629,103308,Auburn,Tigers,0.2478,0.1877,0.5469,0.3232,0.3225,0.1986,0.2827,0.1177,0.5218,0.4615,0.36048,0.30992
True,30629,103308,Auburn,Tigers,0.2616,0.1879,0.6366,0.3278,0.3713,0.1542,0.3563,0.1205,0.482,0.5517,0.39751,0.31823
True,33533,103928,Missouri,Tigers,0.261,0.2131,0.6768,0.315,0.4118,0.1544,0.4078,0.0985,0.4694,0.5896,0.43212,0.35951
False,33533,103928,Missouri,Tigers,0.2357,0.1614,0.6528,0.3013,0.4031,0.1602,0.3141,0.0956,0.4615,0.5662,0.44294,0.34915
False,36046,103308,Auburn,Tigers,0.2747,0.1622,0.516,0.3553,0.3184,0.1873,0.344,0.1232,0.5426,0.4478,0.33415,0.30236
True,36046,103308,Auburn,Tigers,0.2801,0.1916,0.6461,0.3663,0.4235,0.1603,0.4019,0.0985,0.5266,0.5783,0.37482,0.3522
False,38409,103308,Auburn,Tigers,0.2611,0.1635,0.5747,0.3358,0.3885,0.1902,0.2943,0.1209,0.526,0.5074,0.3531,0.29845
True,38409,103308,Auburn,Tigers,0.2728,0.1425,0.6616,0.3114,0.4593,0.1728,0.4111,0.1079,0.4842,0.5894,0.40785,0.35879
False,41097,103308,Auburn,Tigers,0.2846,0.156,0.6239,0.3425,0.4419,0.1528,0.3391,0.1035,0.4953,0.5677,0.40116,0.36656
True,41097,103308,Auburn,Tigers,0.2498,0.1697,0.6182,0.3761,0.4305,0.1292,0.3662,0.0933,0.5053,0.5702,0.40149,0.3446
False,27693,104067,Pacific,Tigers,0.247,0.1489,0.5945,0.2679,0.4855,0.1825,0.3657,0.1414,0.4504,0.5504,0.40823,0.35401
False,30629,104067,Pacific,Tigers,0.247,0.1539,0.6545,0.2753,0.3656,0.1648,0.4043,0.1388,0.44,0.5463,0.42115,0.38569
True,30629,104067,Pacific,Tigers,0.2416,0.1556,0.579,0.3292,0.4026,0.183,0.2901,0.1532,0.5123,0.516,0.3345,0.31818
True,41097,104067,Pacific,Tigers,0.2794,0.1174,0.5799,0.399,0.4483,0.1553,0.4083,0.0905,0.5544,0.543,0.35512,0.36048
False,41097,104067,Pacific,Tigers,0.2403,0.146,0.5779,0.2778,0.4342,0.154,0.3435,0.1436,0.4318,0.5266,0.42466,0.34323
True,36046,104067,Pacific,Tigers,0.2529,0.1576,0.5643,0.3882,0.3099,0.1373,0.3161,0.1095,0.5255,0.4978,0.36493,0.31571
False,36046,104067,Pacific,Tigers,0.2699,0.1588,0.6588,0.3862,0.408,0.1077,0.4126,0.1103,0.4938,0.6041,0.39582,0.35318
False,38409,104067,Pacific,Tigers,0.2557,0.1726,0.5972,0.3828,0.3702,0.1241,0.3955,0.0935,0.5069,0.5417,0.39968,0.3461
True,38409,104067,Pacific,Tigers,0.2746,0.1241,0.586,0.3861,0.4498,0.1535,0.3187,0.085,0.5396,0.5472,0.37546,0.29986
False,33533,104067,Pacific,Tigers,0.2592,0.1513,0.6312,0.364,0.4348,0.1306,0.3744,0.1048,0.4946,0.5793,0.40062,0.35438
True,33533,104067,Pacific,Tigers,0.2722,0.1689,0.5841,0.3531,0.3333,0.1203,0.3889,0.1313,0.4734,0.5204,0.39531,0.3913
True,27693,104067,Pacific,Tigers,0.2754,0.1682,0.6506,0.3236,0.3756,0.2076,0.3386,0.1842,0.5312,0.5431,0.2846,0.29795
False,27693,103399,Cal St. Fullerton,Titans,0.2665,0.1773,0.6915,0.3004,0.398,0.2047,0.3401,0.1497,0.5051,0.5726,0.34521,0.39233
True,27693,103399,Cal St. Fullerton,Titans,0.236,0.1823,0.6162,0.285,0.3863,0.245,0.3962,0.1115,0.53,0.5099,0.35857,0.38416
True,36046,103399,Cal St. Fullerton,Titans,0.2709,0.153,0.5342,0.3337,0.4212,0.1684,0.422,0.1345,0.5022,0.4963,0.36336,0.33107
False,36046,103399,Cal St. Fullerton,Titans,0.277,0.1459,0.6066,0.3423,0.3682,0.143,0.3575,0.1323,0.4853,0.5364,0.38241,0.31925
False,30629,103399,Cal St. Fullerton,Titans,0.2917,0.1463,0.6073,0.3076,0.3772,0.1631,0.3297,0.1541,0.4707,0.5276,0.37528,0.37594
True,30629,103399,Cal St. Fullerton,Titans,0.2404,0.1548,0.6019,0.347,0.4093,0.2044,0.3598,0.1482,0.5514,0.5305,0.30039,0.32897
True,38409,103399,Cal St. Fullerton,Titans,0.2637,0.1654,0.5502,0.3921,0.3415,0.1687,0.3605,0.1011,0.5608,0.4874,0.33804,0.2713
False,38409,103399,Cal St. Fullerton,Titans,0.2808,0.1641,0.6561,0.3205,0.4019,0.1145,0.3839,0.1129,0.435,0.5892,0.45211,0.3503
False,33533,103399,Cal St. Fullerton,Titans,0.2901,0.1496,0.6041,0.2969,0.4042,0.1584,0.3298,0.1556,0.4553,0.5345,0.38907,0.31206
True,33533,103399,Cal St. Fullerton,Titans,0.2704,0.1133,0.5632,0.3146,0.4125,0.1766,0.3106,0.1297,0.4912,0.509,0.37914,0.36827
True,41097,103399,Cal St. Fullerton,Titans,0.2523,0.2479,0.6257,0.3432,0.417,0.1271,0.3585,0.0994,0.4702,0.5693,0.43038,0.34314
False,41097,103399,Cal St. Fullerton,Titans,0.2708,0.1393,0.6603,0.3257,0.4405,0.1207,0.3636,0.0948,0.4464,0.6009,0.45881,0.3382
True,27693,103536,Detroit Mercy,Titans,0.2122,0.1363,0.6761,0.2465,0.4151,0.1233,0.3866,0.1845,0.3698,0.5891,0.44574,0.3913
False,27693,103536,Detroit Mercy,Titans,0.2386,0.1704,0.6364,0.2769,0.4823,0.1724,0.3758,0.1259,0.4493,0.5772,0.42487,0.36804
False,30629,103536,Detroit Mercy,Titans,0.2421,0.1618,0.6509,0.2964,0.4928,0.168,0.375,0.1266,0.4644,0.5937,0.40901,0.3497
True,30629,103536,Detroit Mercy,Titans,0.239,0.1185,0.6366,0.2006,0.4132,0.1411,0.411,0.1703,0.3417,0.5444,0.48805,0.37395
False,36046,103536,Detroit Mercy,Titans,0.2399,0.1697,0.6593,0.336,0.4608,0.1768,0.4326,0.1145,0.5128,0.5909,0.37274,0.37
True,36046,103536,Detroit Mercy,Titans,0.2576,0.1338,0.6285,0.2802,0.4201,0.1766,0.3861,0.175,0.4568,0.5479,0.36822,0.2812
False,38409,103536,Detroit Mercy,Titans,0.2408,0.176,0.648,0.3148,0.3696,0.1376,0.2877,0.0782,0.4524,0.5633,0.46949,0.32953
True,38409,103536,Detroit Mercy,Titans,0.2807,0.1312,0.5671,0.2594,0.3784,0.2298,0.3703,0.2235,0.4892,0.4784,0.2873,0.33028
True,41097,103536,Detroit Mercy,Titans,0.2836,0.1578,0.5927,0.2785,0.4447,0.2126,0.3868,0.2008,0.4911,0.5286,0.30812,0.34826
False,41097,103536,Detroit Mercy,Titans,0.263,0.156,0.6323,0.33,0.4202,0.1606,0.3375,0.0837,0.4906,0.5629,0.42573,0.32678
False,33533,103536,Detroit Mercy,Titans,0.2564,0.1504,0.6185,0.2796,0.4696,0.2128,0.3991,0.1155,0.4925,0.5542,0.39202,0.36592
True,33533,103536,Detroit Mercy,Titans,0.2397,0.1415,0.5862,0.2292,0.4185,0.1546,0.3619,0.1843,0.3839,0.5187,0.43182,0.38673
False,38409,104240,Southern California,Trojans,0.2643,0.15,0.6778,0.2835,0.4462,0.1892,0.3604,0.1405,0.4727,0.5851,0.38679,0.32991
True,38409,104240,Southern California,Trojans,0.2601,0.1299,0.6645,0.3124,0.4427,0.1899,0.4392,0.1499,0.5023,0.5806,0.34785,0.36536
False,41097,104240,Southern California,Trojans,0.2935,0.1511,0.6082,0.2831,0.4368,0.1827,0.4219,0.1285,0.4659,0.5409,0.40562,0.31559
True,41097,104240,Southern California,Trojans,0.2651,0.1519,0.6472,0.3273,0.4435,0.1827,0.3608,0.1541,0.5101,0.5742,0.33581,0.31388
True,41097,103822,Little Rock,Trojans,0.2333,0.1669,0.6853,0.3022,0.376,0.2066,0.2812,0.1823,0.5087,0.5597,0.30903,0.35556
False,41097,103822,Little Rock,Trojans,0.2207,0.1891,0.6762,0.3141,0.3343,0.1917,0.3352,0.0932,0.5058,0.5466,0.40095,0.3461
False,38409,103822,Little Rock,Trojans,0.2371,0.1756,0.6293,0.2657,0.2976,0.2018,0.3224,0.099,0.4675,0.4861,0.43344,0.31586
True,38409,103822,Little Rock,Trojans,0.2542,0.1437,0.7004,0.2661,0.3601,0.2038,0.323,0.2223,0.4699,0.5528,0.30781,0.36878
False,33533,103822,Little Rock,Trojans,0.2531,0.1763,0.6506,0.363,0.3433,0.164,0.3693,0.0962,0.5271,0.555,0.37671,0.39187
True,33533,103822,Little Rock,Trojans,0.2719,0.1847,0.6405,0.2743,0.3734,0.2092,0.4211,0.2192,0.4835,0.5249,0.29733,0.32628
True,36046,103822,Little Rock,Trojans,0.2542,0.174,0.6776,0.331,0.416,0.1793,0.3729,0.1789,0.5104,0.5857,0.31077,0.34499
False,36046,103822,Little Rock,Trojans,0.2457,0.1593,0.5924,0.3121,0.3472,0.1918,0.3938,0.1123,0.504,0.499,0.3837,0.32254
False,27693,103822,Little Rock,Trojans,0.2775,0.1558,0.6342,0.2575,0.4034,0.1999,0.3818,0.1491,0.4573,0.5333,0.39363,0.34596
True,27693,103822,Little Rock,Trojans,0.2393,0.1548,0.6566,0.2827,0.4387,0.2213,0.4241,0.1599,0.5039,0.5609,0.33619,0.3121
True,30629,103822,Little Rock,Trojans,0.2469,0.1532,0.6094,0.2487,0.4061,0.1898,0.3582,0.1826,0.4385,0.5214,0.37889,0.33675
False,30629,103822,Little Rock,Trojans,0.2516,0.1597,0.6715,0.3029,0.443,0.2003,0.3129,0.1033,0.5032,0.5806,0.39354,0.37198
False,27693,104343,Troy,Trojans,0.2659,0.1917,0.5808,0.3079,0.359,0.1678,0.3723,0.142,0.4757,0.5026,0.3823,0.35531
True,27693,104343,Troy,Trojans,0.2474,0.1775,0.6146,0.2926,0.3617,0.1767,0.3348,0.1422,0.4693,0.5194,0.38847,0.27581
True,30629,104343,Troy,Trojans,0.2563,0.1884,0.5938,0.2753,0.456,0.2066,0.302,0.1146,0.4818,0.5347,0.40352,0.3263
False,30629,104343,Troy,Trojans,0.2529,0.1631,0.6038,0.2467,0.4266,0.21,0.3041,0.1722,0.4567,0.5223,0.37115,0.32759
True,38409,104343,Troy,Trojans,0.2499,0.1647,0.6293,0.3603,0.4059,0.1551,0.3429,0.0358,0.5154,0.5621,0.44882,0.29761
False,38409,104343,Troy,Trojans,0.2641,0.1572,0.5526,0.3118,0.3611,0.1846,0.3508,0.1272,0.4964,0.4814,0.37641,0.32425
True,33533,104343,Troy,Trojans,0.2478,0.1866,0.6661,0.2879,0.4305,0.1887,0.3273,0.1131,0.4766,0.5728,0.41028,0.31955
False,33533,104343,Troy,Trojans,0.2575,0.1587,0.6151,0.2778,0.4411,0.2012,0.3098,0.1637,0.4791,0.542,0.35722,0.31944
True,36046,104343,Troy,Trojans,0.2694,0.1844,0.5623,0.3621,0.4366,0.1738,0.3193,0.061,0.5359,0.5215,0.40308,0.35115
False,36046,104343,Troy,Trojans,0.2588,0.18,0.6095,0.3146,0.3412,0.2099,0.3386,0.1399,0.5245,0.5021,0.33554,0.34975
False,41097,104343,Troy,Trojans,0.2421,0.1488,0.5859,0.2824,0.4537,0.2043,0.4235,0.1237,0.4867,0.5304,0.38962,0.31507
True,41097,104343,Troy,Trojans,0.2404,0.143,0.6161,0.349,0.4214,0.1636,0.3051,0.0286,0.5126,0.554,0.45874,0.33333
True,33533,104240,Southern California,Trojans,0.2569,0.1627,0.6296,0.2875,0.4268,0.1709,0.4131,0.2114,0.4585,0.554,0.33014,0.34516
False,33533,104240,Southern California,Trojans,0.2606,0.1307,0.5789,0.2822,0.2839,0.1942,0.3278,0.1528,0.4765,0.4586,0.37076,0.33424
False,27693,104240,Southern California,Trojans,0.2791,0.1192,0.4958,0.2965,0.3567,0.164,0.3581,0.1885,0.4605,0.4463,0.351,0.33333
True,27693,104240,Southern California,Trojans,0.2249,0.1306,0.6439,0.3208,0.4353,0.2217,0.3852,0.1476,0.5425,0.5587,0.30986,0.36027
True,30629,104240,Southern California,Trojans,0.2343,0.1563,0.5948,0.3427,0.4363,0.2118,0.3522,0.1234,0.5544,0.5342,0.32218,0.35659
False,30629,104240,Southern California,Trojans,0.2585,0.1257,0.5237,0.3058,0.317,0.1679,0.343,0.1834,0.4736,0.4505,0.34301,0.33145
True,36046,104240,Southern California,Trojans,0.2455,0.16,0.6436,0.2992,0.4071,0.1894,0.3548,0.1444,0.4886,0.5519,0.36698,0.35543
False,36046,104240,Southern California,Trojans,0.2494,0.156,0.6093,0.2701,0.3781,0.2029,0.3514,0.1393,0.473,0.5101,0.38768,0.36458
False,27693,104106,Portland St.,Vikings,0.2731,0.1809,0.6164,0.2675,0.3908,0.2491,0.3571,0.1474,0.5167,0.5076,0.33596,0.36292
True,27693,104106,Portland St.,Vikings,0.2895,0.1584,0.6305,0.221,0.3929,0.2307,0.3395,0.161,0.4517,0.5091,0.38727,0.294
False,41097,104106,Portland St.,Vikings,0.2595,0.1533,0.6117,0.2697,0.3955,0.2101,0.3317,0.1217,0.4798,0.5171,0.39848,0.32305
True,41097,104106,Portland St.,Vikings,0.2863,0.1568,0.6284,0.3539,0.4442,0.2229,0.3448,0.0785,0.5768,0.5572,0.3447,0.32496
True,33533,104106,Portland St.,Vikings,0.3188,0.2097,0.6325,0.3239,0.387,0.1898,0.3744,0.1174,0.5137,0.5418,0.3689,0.34012
False,33533,104106,Portland St.,Vikings,0.2701,0.1465,0.6602,0.3403,0.441,0.1929,0.3192,0.1276,0.5333,0.5809,0.33913,0.35689
False,36046,104106,Portland St.,Vikings,0.2525,0.1519,0.6011,0.3091,0.4414,0.1993,0.3284,0.1108,0.5084,0.5385,0.38077,0.35235
True,36046,104106,Portland St.,Vikings,0.2634,0.1764,0.5744,0.293,0.3987,0.2329,0.3247,0.0995,0.5259,0.4966,0.37455,0.32466
False,38409,104106,Portland St.,Vikings,0.2563,0.1639,0.6163,0.331,0.3962,0.1748,0.2878,0.1127,0.5058,0.5402,0.38153,0.31844
True,38409,104106,Portland St.,Vikings,0.2536,0.1637,0.6645,0.398,0.4019,0.2189,0.248,0.0647,0.617,0.5713,0.31832,0.32683
False,30629,104106,Portland St.,Vikings,0.2626,0.1752,0.6326,0.2937,0.4307,0.1956,0.3103,0.1339,0.4893,0.5519,0.3768,0.35375
True,30629,104106,Portland St.,Vikings,0.2776,0.1946,0.6301,0.3066,0.4172,0.2378,0.3158,0.1197,0.5444,0.5371,0.33596,0.29844
True,27693,103471,Cleveland St.,Vikings,0.2865,0.1783,0.6154,0.3338,0.4498,0.2112,0.3526,0.111,0.5449,0.5512,0.34403,0.3209
False,27693,103471,Cleveland St.,Vikings,0.2455,0.1637,0.6005,0.2826,0.4512,0.1606,0.3971,0.1332,0.4432,0.5464,0.42363,0.30663
False,30629,103471,Cleveland St.,Vikings,0.2453,0.1443,0.6008,0.2758,0.414,0.1617,0.3879,0.1317,0.4376,0.5318,0.43076,0.31884
True,30629,103471,Cleveland St.,Vikings,0.266,0.1974,0.6685,0.4044,0.3725,0.1671,0.3889,0.0909,0.5715,0.5819,0.33763,0.32724
True,33533,103471,Cleveland St.,Vikings,0.2528,0.1468,0.6314,0.375,0.4069,0.1975,0.3452,0.152,0.5725,0.5539,0.27549,0.30961
False,33533,103471,Cleveland St.,Vikings,0.2452,0.1421,0.6029,0.3195,0.3868,0.1633,0.3244,0.1346,0.4828,0.5298,0.38264,0.31812
False,41097,103471,Cleveland St.,Vikings,0.2703,0.1623,0.6857,0.3328,0.4455,0.1474,0.362,0.0793,0.4803,0.612,0.44039,0.3547
True,41097,103471,Cleveland St.,Vikings,0.2733,0.1853,0.6421,0.3039,0.364,0.1301,0.3704,0.0702,0.4339,0.5588,0.49584,0.37461
False,38409,103471,Cleveland St.,Vikings,0.2432,0.1585,0.6382,0.3091,0.3596,0.2009,0.2514,0.0965,0.51,0.5284,0.39346,0.34718
True,38409,103471,Cleveland St.,Vikings,0.2716,0.1366,0.6491,0.3202,0.3832,0.2224,0.3789,0.1334,0.5426,0.5401,0.32397,0.33382
True,36046,103471,Cleveland St.,Vikings,0.269,0.1774,0.6155,0.3451,0.4103,0.191,0.3468,0.1541,0.5361,0.5424,0.30988,0.33333
False,36046,103471,Cleveland St.,Vikings,0.2453,0.1546,0.6542,0.3517,0.4258,0.1514,0.3948,0.1138,0.5032,0.5854,0.383,0.29847
False,27693,104019,Northwestern,Wildcats,0.2366,0.1418,0.6166,0.2725,0.4022,0.1344,0.3904,0.1665,0.4069,0.5458,0.42659,0.33048
True,27693,104019,Northwestern,Wildcats,0.2573,0.1662,0.6189,0.2639,0.4292,0.1512,0.3425,0.1812,0.4151,0.5498,0.40371,0.35336
True,30629,104019,Northwestern,Wildcats,0.2566,0.1394,0.5899,0.3086,0.375,0.1535,0.354,0.1509,0.4621,0.5185,0.38693,0.34718
False,30629,104019,Northwestern,Wildcats,0.2481,0.1485,0.5466,0.3297,0.3594,0.1257,0.385,0.1309,0.4554,0.4949,0.41367,0.36835
True,33533,104019,Northwestern,Wildcats,0.2517,0.1182,0.5823,0.2871,0.3757,0.1717,0.3333,0.1311,0.4588,0.505,0.41006,0.32094
False,33533,104019,Northwestern,Wildcats,0.2572,0.1402,0.6063,0.2821,0.3893,0.1555,0.284,0.1427,0.4375,0.5292,0.41977,0.3373
False,36046,104019,Northwestern,Wildcats,0.2582,0.1317,0.6447,0.3227,0.3871,0.1734,0.3605,0.1303,0.4961,0.5547,0.3736,0.34431
True,36046,104019,Northwestern,Wildcats,0.2723,0.0902,0.5897,0.2872,0.4345,0.2102,0.3787,0.1388,0.4974,0.5241,0.36378,0.3899
True,38409,104019,Northwestern,Wildcats,0.269,0.1071,0.6028,0.2942,0.4488,0.185,0.3725,0.1789,0.4792,0.5433,0.34188,0.33283
False,38409,104019,Northwestern,Wildcats,0.2556,0.1153,0.6018,0.304,0.3844,0.1712,0.3882,0.1322,0.4752,0.5235,0.39264,0.33807
False,41097,104019,Northwestern,Wildcats,0.2551,0.1201,0.616,0.333,0.4189,0.1545,0.3491,0.1106,0.4875,0.5535,0.40188,0.33377
True,41097,104019,Northwestern,Wildcats,0.268,0.159,0.654,0.3131,0.4527,0.1752,0.3795,0.1721,0.4883,0.5817,0.33955,0.32977
True,27693,103522,Davidson,Wildcats,0.2363,0.1028,0.6803,0.3015,0.4025,0.131,0.4632,0.0783,0.4325,0.5962,0.48929,0.36364
False,27693,103522,Davidson,Wildcats,0.2544,0.1029,0.6011,0.3112,0.3795,0.1658,0.3433,0.1139,0.477,0.5241,0.40901,0.3368
True,30629,103522,Davidson,Wildcats,0.2277,0.1087,0.6738,0.3217,0.3964,0.1484,0.3919,0.1176,0.4701,0.5862,0.41229,0.38689
False,30629,103522,Davidson,Wildcats,0.2715,0.1349,0.5924,0.2921,0.3529,0.1619,0.3905,0.1111,0.454,0.507,0.43492,0.33455
False,33533,103522,Davidson,Wildcats,0.2757,0.1187,0.6475,0.3109,0.4243,0.2008,0.3063,0.1205,0.5117,0.5599,0.36788,0.32596
True,33533,103522,Davidson,Wildcats,0.231,0.132,0.5957,0.3681,0.402,0.1697,0.3782,0.0879,0.5378,0.5346,0.3743,0.3253
False,36046,103522,Davidson,Wildcats,0.2637,0.1307,0.5829,0.292,0.3955,0.173,0.3828,0.1162,0.465,0.5132,0.4188,0.33466
True,36046,103522,Davidson,Wildcats,0.2433,0.1368,0.5946,0.3491,0.4205,0.1938,0.2706,0.0468,0.543,0.5325,0.41024,0.31544
False,38409,103522,Davidson,Wildcats,0.2426,0.1256,0.6422,0.3238,0.3848,0.1746,0.3207,0.0974,0.4984,0.552,0.40423,0.3534
True,38409,103522,Davidson,Wildcats,0.2263,0.1195,0.6511,0.3168,0.4162,0.1893,0.3649,0.0783,0.5061,0.5632,0.41565,0.33842
False,41097,103522,Davidson,Wildcats,0.2592,0.1246,0.606,0.3088,0.433,0.2261,0.3564,0.1017,0.5349,0.5329,0.36344,0.3244
True,41097,103522,Davidson,Wildcats,0.2634,0.1242,0.621,0.2632,0.4578,0.2042,0.4303,0.0862,0.4674,0.5497,0.44648,0.36023
True,27693,103260,Abilene Christian,Wildcats,0.2734,0.1459,0.6385,0.4083,0.2611,0.1275,0.3286,0.0879,0.5358,0.5487,0.37626,0.32888
False,27693,103260,Abilene Christian,Wildcats,0.2788,0.1702,0.5652,0.3296,0.3152,0.1244,0.3359,0.1931,0.454,0.4967,0.35294,0.32265
False,27693,103758,Kansas St.,Wildcats,0.2333,0.1676,0.6696,0.288,0.4247,0.1398,0.3591,0.1654,0.4278,0.5896,0.40677,0.36421
True,27693,103758,Kansas St.,Wildcats,0.2596,0.127,0.6465,0.3139,0.3237,0.1313,0.3087,0.1458,0.4451,0.5513,0.409,0.29612
True,30629,103758,Kansas St.,Wildcats,0.2565,0.1322,0.6133,0.2702,0.375,0.1708,0.3237,0.1354,0.441,0.521,0.4236,0.34615
False,30629,103758,Kansas St.,Wildcats,0.2337,0.1399,0.6917,0.2314,0.4586,0.1821,0.3774,0.1845,0.4136,0.5891,0.40197,0.30159
True,33533,103758,Kansas St.,Wildcats,0.2552,0.1846,0.6472,0.3783,0.3836,0.1527,0.3142,0.1085,0.531,0.5714,0.36054,0.34354
False,33533,103758,Kansas St.,Wildcats,0.2611,0.1652,0.646,0.3193,0.3383,0.1614,0.3312,0.1502,0.4807,0.5427,0.36908,0.30759
False,36046,103758,Kansas St.,Wildcats,0.2678,0.1465,0.575,0.3254,0.3764,0.1683,0.3264,0.1393,0.4937,0.5073,0.36702,0.31225
True,36046,103758,Kansas St.,Wildcats,0.2554,0.1628,0.652,0.3564,0.3401,0.1532,0.2614,0.0797,0.5096,0.5583,0.41063,0.31853
True,38409,103758,Kansas St.,Wildcats,0.2339,0.1606,0.664,0.3248,0.3902,0.1781,0.2595,0.0952,0.5028,0.567,0.40196,0.32522
False,38409,103758,Kansas St.,Wildcats,0.2407,0.1457,0.6317,0.3501,0.3732,0.1818,0.287,0.1119,0.5318,0.5433,0.35629,0.31541
True,38409,103296,Arizona,Wildcats,0.2436,0.1754,0.6606,0.3611,0.4458,0.179,0.3438,0.1129,0.5401,0.5894,0.347,0.33799
False,38409,103296,Arizona,Wildcats,0.2553,0.1404,0.556,0.2982,0.4059,0.1636,0.3719,0.1253,0.4617,0.5029,0.41293,0.33972
False,41097,103758,Kansas St.,Wildcats,0.2159,0.177,0.6564,0.3388,0.4012,0.1612,0.3739,0.1144,0.5,0.5741,0.38557,0.33677
True,41097,103758,Kansas St.,Wildcats,0.2662,0.1893,0.6721,0.3327,0.3373,0.1654,0.3245,0.0928,0.498,0.561,0.40918,0.36429
True,41097,103296,Arizona,Wildcats,0.2262,0.1768,0.6475,0.4043,0.4437,0.1948,0.3926,0.1374,0.5991,0.5813,0.26349,0.3664
False,41097,103296,Arizona,Wildcats,0.2836,0.1451,0.5451,0.2844,0.3242,0.1782,0.391,0.1623,0.4626,0.46,0.3751,0.31453
False,27693,104403,Villanova,Wildcats,0.2582,0.153,0.632,0.2839,0.3917,0.1729,0.3979,0.1376,0.4568,0.541,0.40562,0.34281
True,27693,104403,Villanova,Wildcats,0.2397,0.1187,0.6642,0.2782,0.4458,0.1149,0.3712,0.1585,0.3931,0.6004,0.44844,0.3534
False,30629,104403,Villanova,Wildcats,0.2615,0.1455,0.5946,0.2629,0.3984,0.1772,0.3711,0.1378,0.4401,0.5156,0.42207,0.30752
True,30629,104403,Villanova,Wildcats,0.2387,0.0776,0.6127,0.2954,0.3702,0.1355,0.3274,0.106,0.4308,0.5365,0.4632,0.35931
True,33533,104403,Villanova,Wildcats,0.2477,0.0888,0.6654,0.292,0.3755,0.1409,0.3193,0.0896,0.4328,0.5711,0.4776,0.33446
False,33533,104403,Villanova,Wildcats,0.2412,0.1448,0.6911,0.2475,0.3864,0.1812,0.3542,0.1539,0.4286,0.5623,0.41742,0.33803
False,36046,104403,Villanova,Wildcats,0.2213,0.1354,0.6224,0.2544,0.3772,0.1734,0.3087,0.1194,0.4278,0.5231,0.45275,0.32798
True,36046,104403,Villanova,Wildcats,0.2377,0.1141,0.6036,0.2879,0.3908,0.1342,0.3717,0.0982,0.4221,0.5359,0.47969,0.33762
False,38409,104403,Villanova,Wildcats,0.2437,0.1381,0.6295,0.2654,0.3922,0.1676,0.3733,0.1089,0.433,0.5377,0.4581,0.34502
True,38409,104403,Villanova,Wildcats,0.2504,0.0909,0.6385,0.2581,0.3825,0.1246,0.4242,0.1801,0.3826,0.5551,0.43722,0.39047
False,41097,104403,Villanova,Wildcats,0.2496,0.1561,0.6328,0.3332,0.4239,0.1637,0.3672,0.1356,0.4968,0.564,0.36758,0.33429
True,41097,104403,Villanova,Wildcats,0.245,0.1461,0.6715,0.3114,0.3846,0.1316,0.335,0.0997,0.443,0.5863,0.45722,0.35659
False,27693,103296,Arizona,Wildcats,0.2985,0.1196,0.595,0.2973,0.3767,0.1986,0.3812,0.1374,0.4959,0.5075,0.36667,0.34137
True,27693,103296,Arizona,Wildcats,0.2638,0.1545,0.5981,0.3485,0.3466,0.1682,0.3755,0.1696,0.5168,0.5162,0.31367,0.37179
False,33533,103296,Arizona,Wildcats,0.2683,0.1497,0.6029,0.25,0.3944,0.1625,0.3423,0.2004,0.4125,0.5208,0.38718,0.32284
True,33533,103296,Arizona,Wildcats,0.2372,0.1958,0.7048,0.3335,0.4139,0.1737,0.3849,0.1153,0.5072,0.6051,0.37741,0.37724
False,36046,103296,Arizona,Wildcats,0.2592,0.1515,0.5969,0.2886,0.3877,0.1661,0.36,0.1665,0.4547,0.5205,0.37877,0.32943
True,36046,103296,Arizona,Wildcats,0.2236,0.1994,0.6358,0.4235,0.4074,0.1396,0.3487,0.1025,0.5631,0.5792,0.33434,0.36598
False,30629,103296,Arizona,Wildcats,0.2622,0.1325,0.5597,0.2792,0.3122,0.1975,0.3128,0.1758,0.4767,0.4572,0.3475,0.32734
True,30629,103296,Arizona,Wildcats,0.2332,0.2036,0.6847,0.3997,0.4153,0.1613,0.3149,0.0798,0.561,0.6072,0.35919,0.35215
False,33533,103260,Abilene Christian,Wildcats,0.2719,0.1488,0.6735,0.3211,0.4369,0.192,0.3584,0.1481,0.5131,0.5849,0.33879,0.36364
True,33533,103260,Abilene Christian,Wildcats,0.2928,0.1652,0.6318,0.3667,0.3758,0.1744,0.3099,0.1183,0.5411,0.5493,0.34056,0.34421
False,41097,103260,Abilene Christian,Wildcats,0.2693,0.1852,0.626,0.3893,0.4313,0.1974,0.3721,0.1061,0.5867,0.5605,0.30722,0.39357
True,41097,103260,Abilene Christian,Wildcats,0.3076,0.1726,0.5895,0.3734,0.3941,0.1668,0.3704,0.1321,0.5402,0.5292,0.32772,0.31343
True,38409,103260,Abilene Christian,Wildcats,0.2982,0.1696,0.5688,0.4173,0.4057,0.1897,0.3843,0.1312,0.607,0.5179,0.26179,0.30228
False,38409,103260,Abilene Christian,Wildcats,0.2528,0.1714,0.6044,0.4025,0.3879,0.1676,0.3403,0.0859,0.5701,0.5408,0.34407,0.31369
True,30629,103260,Abilene Christian,Wildcats,0.3115,0.1779,0.6066,0.3624,0.3855,0.1667,0.3568,0.114,0.5291,0.537,0.35693,0.31224
False,30629,103260,Abilene Christian,Wildcats,0.2962,0.1666,0.6329,0.2917,0.3954,0.1618,0.3489,0.1446,0.4535,0.5482,0.40185,0.33231
False,36046,103260,Abilene Christian,Wildcats,0.2676,0.177,0.6305,0.3547,0.4533,0.195,0.3518,0.1316,0.5497,0.5676,0.31877,0.32463
True,36046,103260,Abilene Christian,Wildcats,0.2772,0.1488,0.5974,0.3513,0.3768,0.2391,0.2993,0.1429,0.5903,0.5081,0.26673,0.33962
False,27693,104434,Weber St.,Wildcats,0.2677,0.1357,0.6724,0.2595,0.3469,0.2021,0.3238,0.182,0.4616,0.5299,0.35645,0.33891
True,27693,104434,Weber St.,Wildcats,0.2308,0.188,0.7277,0.3108,0.4156,0.1777,0.432,0.13,0.4885,0.6142,0.38154,0.38911
False,36046,104434,Weber St.,Wildcats,0.2656,0.1299,0.6538,0.3264,0.361,0.1796,0.4141,0.1302,0.506,0.5499,0.36374,0.347
True,36046,104434,Weber St.,Wildcats,0.2339,0.1619,0.6488,0.3422,0.4712,0.1547,0.337,0.1024,0.4969,0.5935,0.40067,0.34861
True,33533,104434,Weber St.,Wildcats,0.2675,0.1384,0.6525,0.2716,0.4518,0.2102,0.3669,0.1436,0.4818,0.5649,0.37464,0.33694
False,33533,104434,Weber St.,Wildcats,0.2688,0.1276,0.6406,0.2684,0.397,0.1901,0.3661,0.1271,0.4586,0.5396,0.4143,0.37123
False,41097,104434,Weber St.,Wildcats,0.2618,0.1542,0.6822,0.3415,0.4249,0.1665,0.3864,0.0936,0.508,0.5979,0.3984,0.31909
True,41097,104434,Weber St.,Wildcats,0.2622,0.1839,0.6237,0.4354,0.3344,0.1542,0.3775,0.0771,0.5896,0.5481,0.33333,0.34916
False,38409,104434,Weber St.,Wildcats,0.2569,0.1501,0.6268,0.2932,0.3963,0.1717,0.3194,0.1131,0.4649,0.5417,0.42199,0.35112
True,38409,104434,Weber St.,Wildcats,0.2693,0.1455,0.6412,0.3237,0.3856,0.1676,0.3983,0.1266,0.4913,0.554,0.38203,0.34663
False,30629,104434,Weber St.,Wildcats,0.2737,0.1306,0.6749,0.2965,0.3238,0.1996,0.2749,0.11,0.4961,0.5336,0.39396,0.36772
True,30629,104434,Weber St.,Wildcats,0.2199,0.1977,0.7018,0.3286,0.4118,0.1841,0.3725,0.1104,0.5127,0.5977,0.37683,0.33908
True,30629,103350,Bethune-Cookman,Wildcats,0.2622,0.1831,0.6138,0.3164,0.2627,0.2087,0.3699,0.2285,0.5251,0.4742,0.24637,0.32976
False,30629,103350,Bethune-Cookman,Wildcats,0.2288,0.1959,0.6865,0.3179,0.3894,0.146,0.3304,0.1614,0.4639,0.593,0.37474,0.32959
True,33533,103350,Bethune-Cookman,Wildcats,0.2537,0.2169,0.5844,0.2415,0.3682,0.2362,0.3469,0.1981,0.4777,0.4775,0.32421,0.36258
True,41097,103350,Bethune-Cookman,Wildcats,0.2569,0.1879,0.6616,0.2884,0.4871,0.2743,0.3047,0.1396,0.5627,0.5766,0.29771,0.33333
False,33533,103350,Bethune-Cookman,Wildcats,0.2468,0.2096,0.6564,0.2954,0.4305,0.1971,0.3218,0.1402,0.4925,0.566,0.36735,0.3538
True,38409,103350,Bethune-Cookman,Wildcats,0.2358,0.1733,0.6311,0.3262,0.3469,0.1711,0.3333,0.1636,0.4973,0.5333,0.33904,0.31861
False,41097,103350,Bethune-Cookman,Wildcats,0.2635,0.1767,0.6351,0.2973,0.4061,0.2533,0.3242,0.1121,0.5507,0.5297,0.33726,0.32777
False,36046,103350,Bethune-Cookman,Wildcats,0.2514,0.1875,0.6282,0.3069,0.3942,0.1911,0.3083,0.1402,0.4981,0.5384,0.36177,0.33997
False,38409,103350,Bethune-Cookman,Wildcats,0.2585,0.1789,0.6095,0.3435,0.3815,0.1758,0.3409,0.1118,0.5193,0.5323,0.3689,0.31267
True,36046,103350,Bethune-Cookman,Wildcats,0.2887,0.2106,0.6215,0.2756,0.4273,0.2283,0.338,0.1858,0.5039,0.5335,0.31033,0.32107
False,33533,103981,New Hampshire,Wildcats,0.2457,0.1303,0.6008,0.2975,0.4552,0.2299,0.3487,0.1399,0.5273,0.5373,0.33275,0.31095
False,41097,103981,New Hampshire,Wildcats,0.2397,0.1381,0.6359,0.3481,0.4244,0.2009,0.3537,0.0859,0.5491,0.5585,0.36507,0.3376
True,41097,103981,New Hampshire,Wildcats,0.2583,0.1662,0.579,0.3309,0.3703,0.1889,0.2892,0.0457,0.5198,0.5032,0.43447,0.30925
False,38409,103981,New Hampshire,Wildcats,0.2188,0.1886,0.664,0.334,0.4469,0.1646,0.377,0.1011,0.4987,0.5924,0.40021,0.33598
False,36046,103981,New Hampshire,Wildcats,0.2265,0.1545,0.6185,0.3301,0.4202,0.1689,0.4064,0.1135,0.499,0.5514,0.38756,0.29813
True,27693,103981,New Hampshire,Wildcats,0.2704,0.1567,0.6268,0.2524,0.3556,0.24,0.297,0.1467,0.4924,0.4946,0.36089,0.31773
True,36046,103981,New Hampshire,Wildcats,0.2109,0.2198,0.571,0.3097,0.3984,0.196,0.3056,0.0558,0.5057,0.5041,0.43847,0.32429
True,30629,103981,New Hampshire,Wildcats,0.215,0.0988,0.6192,0.2403,0.4624,0.2316,0.2834,0.1164,0.472,0.5422,0.41158,0.36611
False,27693,103981,New Hampshire,Wildcats,0.2814,0.1711,0.6371,0.2344,0.4234,0.2453,0.3275,0.1691,0.4797,0.5278,0.35114,0.34366
True,33533,103981,New Hampshire,Wildcats,0.2313,0.1274,0.5711,0.2333,0.3799,0.2047,0.305,0.1481,0.438,0.4817,0.41395,0.34254
True,38409,103981,New Hampshire,Wildcats,0.2436,0.1457,0.5883,0.3114,0.3605,0.1838,0.3111,0.0962,0.4952,0.5038,0.40865,0.32549
False,30629,103981,New Hampshire,Wildcats,0.2453,0.1275,0.6103,0.2274,0.4274,0.2287,0.4043,0.1498,0.456,0.5186,0.39414,0.3405
True,27693,103765,Kentucky,Wildcats,0.2605,0.1825,0.6174,0.2019,0.4408,0.2459,0.3284,0.229,0.4478,0.5204,0.32317,0.33543
False,27693,103765,Kentucky,Wildcats,0.2639,0.1578,0.6449,0.2314,0.4198,0.2788,0.2682,0.1446,0.5102,0.5219,0.34517,0.31238
True,33533,103765,Kentucky,Wildcats,0.2432,0.1636,0.6798,0.2733,0.3863,0.2,0.3836,0.2269,0.4733,0.5558,0.29976,0.34747
False,33533,103765,Kentucky,Wildcats,0.2588,0.1322,0.6212,0.2888,0.3965,0.2079,0.3497,0.1483,0.4966,0.5271,0.35511,0.32409
True,30629,103765,Kentucky,Wildcats,0.2097,0.2094,0.7081,0.2151,0.5113,0.2685,0.4035,0.2381,0.4836,0.5988,0.27835,0.34848
False,30629,103765,Kentucky,Wildcats,0.2355,0.1569,0.632,0.2047,0.4239,0.2735,0.3545,0.1635,0.4782,0.513,0.35828,0.30844
True,36046,103765,Kentucky,Wildcats,0.239,0.2017,0.6427,0.3007,0.4604,0.1956,0.4526,0.1285,0.4962,0.5709,0.37523,0.40875
False,36046,103765,Kentucky,Wildcats,0.2328,0.1428,0.6197,0.2853,0.3981,0.2021,0.3445,0.1113,0.4874,0.5278,0.40131,0.33217
True,41097,103765,Kentucky,Wildcats,0.269,0.1791,0.7109,0.3132,0.3928,0.1917,0.3239,0.0984,0.5048,0.5901,0.39677,0.34226
False,41097,103765,Kentucky,Wildcats,0.2645,0.139,0.6481,0.267,0.3932,0.2177,0.344,0.1163,0.4847,0.5336,0.39907,0.31818
True,38409,103765,Kentucky,Wildcats,0.242,0.1713,0.6582,0.2858,0.4911,0.2293,0.3642,0.0733,0.5152,0.5838,0.41158,0.37473
False,38409,103765,Kentucky,Wildcats,0.2486,0.1433,0.677,0.2416,0.4509,0.1975,0.4093,0.1239,0.4392,0.5753,0.43695,0.30474
False,27693,103902,Michigan,Wolverines,0.2487,0.1292,0.5742,0.2462,0.3625,0.2356,0.3176,0.2002,0.4817,0.4707,0.31802,0.32222
True,27693,103902,Michigan,Wolverines,0.2218,0.1311,0.6915,0.3023,0.4242,0.2272,0.3649,0.132,0.5294,0.5768,0.33855,0.38078
False,30629,103902,Michigan,Wolverines,0.2416,0.1321,0.6347,0.2511,0.4361,0.2195,0.4044,0.181,0.4707,0.5421,0.34837,0.32374
True,30629,103902,Michigan,Wolverines,0.23,0.1332,0.6788,0.2816,0.4292,0.2345,0.4088,0.1625,0.5161,0.5653,0.32141,0.33863
True,33533,103902,Michigan,Wolverines,0.2292,0.1222,0.6842,0.2382,0.3969,0.1921,0.4082,0.1966,0.4303,0.5559,0.37312,0.35081
False,33533,103902,Michigan,Wolverines,0.2518,0.1383,0.6395,0.2773,0.3945,0.2095,0.3315,0.1754,0.4868,0.5341,0.33782,0.31721
True,36046,103902,Michigan,Wolverines,0.2511,0.1185,0.6291,0.2611,0.3881,0.1889,0.4088,0.1701,0.45,0.5279,0.37988,0.35915
False,36046,103902,Michigan,Wolverines,0.2475,0.1559,0.6651,0.3199,0.4153,0.2108,0.3345,0.1429,0.5307,0.5659,0.32646,0.36055
False,38409,103902,Michigan,Wolverines,0.2666,0.1354,0.5858,0.2342,0.4239,0.2107,0.3281,0.1641,0.4449,0.5091,0.39103,0.3082
True,38409,103902,Michigan,Wolverines,0.246,0.1836,0.6412,0.3458,0.4919,0.1722,0.3582,0.062,0.5181,0.5916,0.41991,0.33186
False,41097,103902,Michigan,Wolverines,0.2787,0.1344,0.5744,0.2228,0.3843,0.2091,0.3073,0.1448,0.4319,0.4824,0.42333,0.30415
True,41097,103902,Michigan,Wolverines,0.2217,0.2048,0.6923,0.3509,0.5078,0.1603,0.4078,0.0743,0.5112,0.6344,0.41445,0.36774
False,27693,104391,Utah Valley,Wolverines,0.3009,0.1417,0.577,0.2498,0.4337,0.2506,0.3578,0.154,0.5004,0.5053,0.34566,0.34279
True,27693,104391,Utah Valley,Wolverines,0.276,0.1537,0.6225,0.2849,0.4654,0.2897,0.4462,0.1565,0.5746,0.5433,0.26886,0.34627
False,36046,104391,Utah Valley,Wolverines,0.2652,0.1448,0.6159,0.2483,0.3825,0.2523,0.4053,0.1535,0.5006,0.4983,0.34593,0.31765
True,36046,104391,Utah Valley,Wolverines,0.2642,0.1607,0.6181,0.293,0.4346,0.2866,0.3333,0.1367,0.5796,0.5274,0.28374,0.28862
True,30629,104391,Utah Valley,Wolverines,0.2469,0.1378,0.6152,0.2986,0.4347,0.2526,0.3264,0.1359,0.5512,0.5325,0.31286,0.37091
False,30629,104391,Utah Valley,Wolverines,0.29,0.1421,0.5938,0.2321,0.3904,0.2363,0.3651,0.1575,0.4684,0.4912,0.37409,0.28393
True,38409,104391,Utah Valley,Wolverines,0.24,0.1709,0.637,0.3465,0.432,0.2567,0.3789,0.0826,0.6032,0.5498,0.31417,0.33497
False,38409,104391,Utah Valley,Wolverines,0.2859,0.14,0.5462,0.324,0.3819,0.2154,0.3346,0.1296,0.5394,0.4806,0.33101,0.33735
False,41097,104391,Utah Valley,Wolverines,0.2631,0.1523,0.5622,0.2997,0.3873,0.2236,0.332,0.1297,0.5234,0.4875,0.34698,0.34191
True,41097,104391,Utah Valley,Wolverines,0.2639,0.1725,0.6989,0.369,0.4702,0.2363,0.2917,0.0603,0.6053,0.6096,0.33434,0.34286
False,33533,104391,Utah Valley,Wolverines,0.2659,0.1615,0.5241,0.2958,0.362,0.2345,0.3456,0.1483,0.5303,0.4525,0.32143,0.30719
True,33533,104391,Utah Valley,Wolverines,0.2433,0.1747,0.6548,0.3186,0.4383,0.2209,0.3803,0.1291,0.5395,0.5661,0.33136,0.33196
