competitionId,teamId,teamMarket,teamName,orbPct,drbPct,astPct,pace,ortg,drtg,ftaRate,tovPct,tovPctAgst,stlPct,blkPct,competitionName,isOffense,pfPct,freqChncTr,atr2FgPct,atr2FgaFreq,paint2FgPct,paint2FgaFreq,mid2FgPct,mid2FgaFreq,lane2FgaFreq,lane2FgPct,fga3Rate,fg3Pct,mid2FgPctAgst,mid2FgaFreqAgst,lane2FgaFreqAgst,lane2FgPctAgst,fga3RateAgst,fg3PctAgst
33533,103680,Hartford,Hawks,0.2707,0.68886,0.55235,65.185,96.26403,109.08462,0.23461,0.19142,0.16091,0.09859,0.10638,2022-23 Men's Basketball,True,0.217,0.1057,0.6226,0.3109,0.3565,0.1457,0.3333,0.1416,0.4565,0.5377,0.40189,0.33054,0.3609,0.1103,0.5026,0.539,0.38708,0.37437
33533,103454,Chicago St.,Cougars,0.34208,0.68396,0.49868,65.544,106.85965,110.97718,0.31588,0.17415,0.14902,0.08561,0.07525,2022-23 Men's Basketball,True,0.2751,0.1815,0.5853,0.3637,0.368,0.1423,0.3363,0.0643,0.506,0.5242,0.42971,0.33907,0.379,0.1391,0.4795,0.5661,0.38138,0.34412
36046,103454,Chicago St.,Cougars,0.34213,0.65425,0.45914,66.325,104.37994,105.97568,0.37225,0.16644,0.18367,0.12971,0.08796,2023-24 Men's Basketball,True,0.2623,0.2019,0.5925,0.3662,0.3599,0.1729,0.3214,0.1079,0.5391,0.5179,0.35297,0.31357,0.3822,0.1068,0.5472,0.5659,0.346,0.3231
27693,104370,UNC Asheville,Bulldogs,0.26801,0.66805,0.4635,68.98,104.44973,103.59592,0.30208,0.18741,0.17059,0.10058,0.10584,2020-21 Men's Basketball,True,0.2619,0.1891,0.6581,0.4021,0.3721,0.1115,0.3231,0.0843,0.5136,0.596,0.40208,0.35161,0.3333,0.1232,0.5788,0.5469,0.29801,0.28
27693,103446,Charleston So.,Buccaneers,0.28195,0.6828,0.45417,69.123,94.16346,106.1479,0.30203,0.20533,0.16093,0.08827,0.10305,2020-21 Men's Basketball,True,0.2602,0.1587,0.6174,0.2381,0.3874,0.1977,0.2986,0.1491,0.4358,0.5131,0.41511,0.31671,0.2653,0.1423,0.4995,0.5601,0.35818,0.32973
27693,104109,Presbyterian,Blue Hose,0.32552,0.72552,0.47094,65.59,97.23094,101.71004,0.34696,0.19463,0.20163,0.10644,0.06931,2020-21 Men's Basketball,True,0.3037,0.1701,0.6419,0.2641,0.3871,0.2285,0.3438,0.1572,0.4926,0.5237,0.35012,0.32982,0.268,0.1244,0.5333,0.5769,0.34231,0.32584
27693,104376,USC Upstate,Spartans,0.23852,0.70013,0.51301,67.695,97.30291,109.9555,0.29338,0.18501,0.16763,0.09176,0.0732,2020-21 Men's Basketball,True,0.2695,0.1581,0.5637,0.3348,0.375,0.1234,0.38,0.1361,0.4583,0.5129,0.40563,0.33781,0.4179,0.1175,0.5132,0.5675,0.3693,0.34679
27693,103691,High Point,Panthers,0.31959,0.71805,0.51773,66.184,100.20694,105.02939,0.3832,0.16042,0.17769,0.09834,0.12586,2020-21 Men's Basketball,True,0.2674,0.1615,0.6061,0.3488,0.384,0.1321,0.3598,0.2262,0.481,0.5451,0.29281,0.31769,0.3293,0.0878,0.4775,0.5516,0.43469,0.34483
27693,104488,Winthrop,Eagles,0.35333,0.77867,0.53813,71.223,110.75095,94.12707,0.35569,0.16595,0.19986,0.10414,0.06522,2020-21 Men's Basketball,True,0.2395,0.2345,0.6303,0.3524,0.3525,0.1725,0.3492,0.0782,0.5248,0.539,0.39702,0.36562,0.3524,0.1432,0.4748,0.5374,0.38199,0.33929
27693,103674,Hampton,Pirates,0.22235,0.68105,0.47173,68.93,99.86928,106.25255,0.28601,0.16427,0.15446,0.08828,0.16108,2020-21 Men's Basketball,True,0.2387,0.1841,0.6409,0.2528,0.3333,0.1634,0.3577,0.1718,0.4162,0.5201,0.41201,0.32542,0.3684,0.1087,0.5021,0.5214,0.38913,0.34926
27693,103638,Gardner-Webb,Runnin' Bulldogs,0.26674,0.7193,0.52074,65.796,107.38355,103.93465,0.29966,0.15493,0.16001,0.08952,0.14689,2020-21 Men's Basketball,True,0.3013,0.1409,0.5482,0.3556,0.3784,0.1336,0.3488,0.0776,0.4892,0.5018,0.43321,0.35,0.2941,0.1204,0.4761,0.4721,0.40354,0.30263
27693,103411,Campbell,Fighting Camels,0.20677,0.69757,0.55365,64.791,108.08216,103.74083,0.33925,0.16801,0.1896,0.09284,0.06696,2020-21 Men's Basketball,True,0.2575,0.1476,0.7704,0.3269,0.5507,0.1671,0.5077,0.1574,0.4939,0.6961,0.34867,0.35417,0.3469,0.1116,0.4897,0.5953,0.39863,0.35429
27693,104122,Radford,Highlanders,0.34455,0.75728,0.46739,63.72,104.2055,99.58302,0.39631,0.19635,0.16562,0.09366,0.05345,2020-21 Men's Basketball,True,0.2437,0.112,0.6483,0.3794,0.3571,0.1738,0.3445,0.0923,0.5531,0.5568,0.35454,0.31947,0.3737,0.2091,0.3958,0.4808,0.39508,0.3663
30629,103674,Hampton,Pirates,0.23198,0.68272,0.47452,67.944,94.4555,101.38467,0.36046,0.16303,0.15092,0.07662,0.10445,2021-22 Men's Basketball,True,0.2716,0.164,0.5615,0.2515,0.4087,0.1921,0.3106,0.1963,0.4436,0.4953,0.36007,0.30394,0.3132,0.1401,0.515,0.5501,0.34488,0.29464
27693,103826,Longwood,Lancers,0.2766,0.72912,0.45109,65.271,101.43381,103.86399,0.31539,0.17484,0.18266,0.0936,0.06054,2020-21 Men's Basketball,True,0.2621,0.126,0.6206,0.3225,0.3784,0.2093,0.3136,0.0835,0.5318,0.5253,0.38472,0.34926,0.3653,0.1221,0.4327,0.6081,0.44518,0.31856
30629,103411,Campbell,Fighting Camels,0.22727,0.75209,0.56033,62.678,104.6733,98.07327,0.27505,0.14711,0.16958,0.09836,0.06984,2021-22 Men's Basketball,True,0.2189,0.1336,0.713,0.299,0.3875,0.1908,0.3779,0.1432,0.4898,0.5863,0.367,0.32194,0.3511,0.175,0.4395,0.5213,0.38544,0.34315
30629,104122,Radford,Highlanders,0.28978,0.74473,0.47447,64.333,96.94296,103.45168,0.27816,0.18151,0.18353,0.10183,0.04696,2021-22 Men's Basketball,True,0.2782,0.1353,0.6222,0.2611,0.3975,0.2044,0.3777,0.1212,0.4655,0.5235,0.41328,0.30577,0.3762,0.1404,0.4851,0.5616,0.37457,0.35065
36046,103446,Charleston So.,Buccaneers,0.27896,0.71362,0.42797,66.933,100.99623,110.05999,0.30689,0.15734,0.12186,0.05713,0.07305,2023-24 Men's Basketball,True,0.2549,0.1289,0.5837,0.2351,0.422,0.2264,0.3488,0.1743,0.4615,0.5044,0.36422,0.33068,0.3978,0.1499,0.5365,0.5472,0.31365,0.31083
36046,104376,USC Upstate,Spartans,0.24555,0.67385,0.48077,67.231,104.30219,107.14234,0.30234,0.14836,0.16956,0.10695,0.09143,2023-24 Men's Basketball,True,0.2885,0.1594,0.648,0.316,0.3986,0.1689,0.3443,0.1209,0.4849,0.5612,0.39418,0.33285,0.3263,0.1152,0.5215,0.5651,0.36325,0.31553
30629,103638,Gardner-Webb,Runnin' Bulldogs,0.28397,0.74336,0.52168,67.287,103.26456,95.35432,0.28749,0.17286,0.16931,0.10795,0.14554,2021-22 Men's Basketball,True,0.2716,0.1406,0.617,0.3559,0.3982,0.1945,0.31,0.0582,0.5504,0.5397,0.39138,0.32887,0.2686,0.146,0.4387,0.5351,0.41521,0.28343
33533,103691,High Point,Panthers,0.31424,0.68027,0.47109,71.493,104.31872,107.92837,0.39368,0.16913,0.14659,0.09165,0.12741,2022-23 Men's Basketball,True,0.2586,0.239,0.6428,0.3724,0.3321,0.1494,0.3121,0.0856,0.5218,0.5538,0.39258,0.325,0.2967,0.0937,0.5206,0.5539,0.38568,0.3231
38409,103638,Gardner-Webb,Runnin' Bulldogs,0.33427,0.69765,0.39442,68.974,106.95906,113.27278,0.36225,0.18041,0.1292,0.07554,0.0876,2024-25 Men's Basketball,True,0.2726,0.1771,0.6387,0.3493,0.4529,0.2451,0.2782,0.0749,0.5944,0.5621,0.3307,0.33049,0.3588,0.0914,0.5309,0.5714,0.37762,0.32479
30629,103446,Charleston So.,Buccaneers,0.28051,0.74556,0.49799,70.084,97.27919,108.00649,0.30383,0.18019,0.15788,0.09312,0.08108,2021-22 Men's Basketball,True,0.2302,0.1744,0.6255,0.2831,0.3862,0.1585,0.2789,0.1038,0.4415,0.5396,0.45464,0.30769,0.3626,0.1424,0.4799,0.5866,0.37772,0.34676
33533,103446,Charleston So.,Buccaneers,0.32609,0.70628,0.45543,65.902,109.7409,112.37352,0.26919,0.14995,0.14772,0.07666,0.07766,2022-23 Men's Basketball,True,0.2718,0.1355,0.6475,0.271,0.3676,0.1782,0.424,0.1571,0.4492,0.5365,0.39367,0.33992,0.3122,0.1116,0.4891,0.5761,0.39929,0.35503
33533,103638,Gardner-Webb,Runnin' Bulldogs,0.29722,0.75746,0.49077,66.268,105.00912,97.34422,0.34003,0.1676,0.18522,0.10626,0.143,2022-23 Men's Basketball,True,0.2811,0.1391,0.6721,0.3272,0.4453,0.233,0.3041,0.1014,0.5602,0.5778,0.33847,0.3345,0.3835,0.1748,0.4486,0.4916,0.37657,0.33777
33533,103826,Longwood,Lancers,0.32603,0.73561,0.47894,65.828,111.13201,100.59322,0.33043,0.15297,0.19278,0.0979,0.07209,2022-23 Men's Basketball,True,0.2506,0.1547,0.6321,0.3086,0.4335,0.1945,0.3484,0.1242,0.5031,0.5553,0.37268,0.34691,0.3443,0.1111,0.4645,0.5386,0.42441,0.34192
38409,103826,Longwood,Lancers,0.33059,0.72437,0.50413,69.315,112.89121,106.89499,0.4541,0.1541,0.18826,0.10984,0.06468,2024-25 Men's Basketball,True,0.2662,0.163,0.6166,0.3235,0.4574,0.2437,0.4162,0.0945,0.5672,0.5482,0.33825,0.33279,0.3625,0.0911,0.4818,0.63,0.42711,0.332
38409,104376,USC Upstate,Spartans,0.25843,0.69156,0.48354,72.852,102.64824,114.6589,0.31221,0.17026,0.14932,0.10434,0.06309,2024-25 Men's Basketball,True,0.2651,0.2064,0.6647,0.3534,0.3977,0.1788,0.3514,0.0953,0.5322,0.575,0.37249,0.30705,0.3782,0.0989,0.5028,0.6045,0.39826,0.34363
33533,104376,USC Upstate,Spartans,0.25403,0.68692,0.46287,67.149,101.89271,103.14435,0.32149,0.1722,0.18307,0.11,0.13273,2022-23 Men's Basketball,True,0.2966,0.1708,0.6467,0.3453,0.406,0.1614,0.3489,0.1426,0.5067,0.5701,0.35073,0.33737,0.3352,0.1087,0.53,0.5233,0.36133,0.33675
33533,104488,Winthrop,Eagles,0.26477,0.66636,0.46506,66.637,110.24281,111.2705,0.40754,0.18489,0.15389,0.07658,0.08383,2022-23 Men's Basketball,True,0.2502,0.1413,0.6474,0.3343,0.4057,0.1691,0.2982,0.0551,0.5034,0.5662,0.44155,0.38074,0.3636,0.0927,0.5139,0.6082,0.39343,0.36188
30629,103962,N.C. A&T,Aggies,0.30176,0.69484,0.48635,67.292,99.85415,103.67874,0.28436,0.16067,0.17749,0.11479,0.09848,2021-22 Men's Basketball,True,0.2816,0.1656,0.5945,0.3233,0.3952,0.1759,0.3579,0.1575,0.4992,0.5243,0.34334,0.30982,0.3387,0.1383,0.4501,0.5366,0.4116,0.34146
30629,104376,USC Upstate,Spartans,0.23134,0.70567,0.53742,68.024,104.24987,106.71139,0.29018,0.1656,0.16026,0.09251,0.09779,2021-22 Men's Basketball,True,0.2749,0.1548,0.6247,0.2649,0.4456,0.1719,0.3661,0.1725,0.4368,0.5542,0.39064,0.36377,0.3283,0.1152,0.4718,0.5635,0.41303,0.32958
33533,104109,Presbyterian,Blue Hose,0.30741,0.70705,0.47911,63.983,97.94228,107.73166,0.36864,0.17797,0.16707,0.08536,0.08958,2022-23 Men's Basketball,True,0.2999,0.1639,0.6103,0.2655,0.4268,0.2668,0.25,0.0989,0.5322,0.5183,0.3689,0.31922,0.3509,0.112,0.5416,0.5417,0.34643,0.3724
30629,104488,Winthrop,Eagles,0.27153,0.73886,0.50831,67.948,109.41775,102.09899,0.36872,0.18822,0.17248,0.09397,0.07671,2021-22 Men's Basketball,True,0.2601,0.1636,0.6841,0.3087,0.4565,0.1858,0.3985,0.0767,0.4945,0.5986,0.42874,0.37147,0.307,0.1181,0.4753,0.5318,0.40659,0.34865
38409,103446,Charleston So.,Buccaneers,0.32027,0.72866,0.47724,68.387,104.19923,113.05187,0.44801,0.16671,0.12211,0.06805,0.0634,2024-25 Men's Basketball,True,0.252,0.1423,0.6027,0.3313,0.4079,0.1952,0.3444,0.0498,0.5265,0.5305,0.42367,0.30418,0.4465,0.1627,0.5473,0.5692,0.29003,0.33333
38409,104370,UNC Asheville,Bulldogs,0.31315,0.67284,0.47665,69.436,116.99343,108.98627,0.3442,0.12705,0.16619,0.10682,0.11713,2024-25 Men's Basketball,True,0.2754,0.1793,0.6651,0.3161,0.445,0.1917,0.3936,0.1249,0.5078,0.582,0.36729,0.34836,0.3406,0.074,0.5397,0.5437,0.38627,0.34167
41097,104370,UNC Asheville,Bulldogs,0.31285,0.69776,0.42805,66.103,109.76159,109.06069,0.39444,0.1545,0.13975,0.08138,0.09879,2025-26 Men's Basketball,True,0.2692,0.1308,0.6236,0.3056,0.4368,0.2328,0.3687,0.11,0.5383,0.5428,0.35167,0.34913,0.4331,0.0689,0.5575,0.5239,0.37351,0.32703
41097,104376,USC Upstate,Spartans,0.29924,0.69628,0.4807,68.656,106.48331,105.6318,0.32715,0.15265,0.14993,0.09615,0.12346,2025-26 Men's Basketball,True,0.2617,0.1819,0.6039,0.3472,0.3858,0.203,0.3846,0.0871,0.5502,0.5234,0.3627,0.32813,0.3105,0.0993,0.5363,0.5175,0.36435,0.34146
41097,104122,Radford,Highlanders,0.3125,0.68528,0.47712,70.816,113.14233,109.62293,0.40133,0.14839,0.16609,0.10961,0.0942,2025-26 Men's Basketball,True,0.2542,0.1941,0.6341,0.2829,0.4507,0.182,0.3885,0.0805,0.4649,0.5623,0.45464,0.3416,0.3846,0.0883,0.5329,0.5392,0.37879,0.3531
30629,104370,UNC Asheville,Bulldogs,0.27814,0.68052,0.48977,66.702,110.32295,100.75553,0.36764,0.15662,0.16818,0.09514,0.12142,2021-22 Men's Basketball,True,0.2317,0.157,0.6347,0.3465,0.4015,0.1512,0.3,0.0974,0.4977,0.5639,0.40493,0.36209,0.3365,0.112,0.567,0.5442,0.32095,0.27685
36046,104488,Winthrop,Eagles,0.3178,0.69017,0.46455,66.848,113.05132,104.46398,0.48554,0.16245,0.16628,0.09222,0.08318,2023-24 Men's Basketball,True,0.2603,0.1411,0.6472,0.3505,0.4392,0.2144,0.2,0.0397,0.5649,0.5683,0.39535,0.34146,0.2762,0.0971,0.4775,0.5438,0.42543,0.31652
41097,103446,Charleston So.,Buccaneers,0.30547,0.70748,0.569,72.756,112.05561,107.565,0.30243,0.16042,0.109,0.06524,0.10781,2025-26 Men's Basketball,True,0.2913,0.1734,0.6395,0.268,0.4849,0.1772,0.3494,0.0403,0.4451,0.578,0.51456,0.36132,0.3276,0.165,0.5211,0.505,0.31389,0.30514
30629,103691,High Point,Panthers,0.28534,0.69881,0.49505,66.45,101.85247,102.1729,0.34281,0.16865,0.15623,0.09522,0.12681,2021-22 Men's Basketball,True,0.2532,0.1713,0.6585,0.2994,0.4023,0.1938,0.3266,0.1678,0.4932,0.5578,0.33898,0.34,0.2908,0.1094,0.5195,0.5607,0.37109,0.29925
41097,103826,Longwood,Lancers,0.35326,0.72529,0.47038,68.584,110.25868,105.11387,0.40822,0.16757,0.18249,0.12305,0.07303,2025-26 Men's Basketball,True,0.2773,0.175,0.6299,0.3533,0.4213,0.2102,0.4211,0.1014,0.5635,0.5521,0.33511,0.31529,0.375,0.0844,0.4856,0.576,0.43008,0.32516
41097,103638,Gardner-Webb,Runnin' Bulldogs,0.23838,0.64805,0.41307,69.729,97.69467,122.55293,0.30733,0.17284,0.13666,0.09091,0.06767,2025-26 Men's Basketball,True,0.253,0.1817,0.6058,0.4012,0.3132,0.1481,0.2917,0.0633,0.5493,0.5269,0.38745,0.30884,0.3419,0.0576,0.5318,0.613,0.41064,0.35971
30629,104109,Presbyterian,Blue Hose,0.34079,0.75177,0.50756,65.005,100.77644,100.9622,0.31456,0.16683,0.2031,0.11737,0.08535,2021-22 Men's Basketball,True,0.2816,0.1621,0.6967,0.2687,0.4412,0.2059,0.3003,0.1669,0.4747,0.5858,0.35848,0.26421,0.3014,0.1302,0.5016,0.5429,0.36822,0.36717
30629,103826,Longwood,Lancers,0.34922,0.76514,0.54639,66.584,112.92259,97.97164,0.34417,0.15426,0.18866,0.11698,0.07483,2021-22 Men's Basketball,True,0.2473,0.1574,0.5897,0.2613,0.4252,0.2288,0.268,0.1378,0.4901,0.5129,0.37207,0.38741,0.3247,0.1399,0.426,0.6269,0.43415,0.34937
36046,104109,Presbyterian,Blue Hose,0.27635,0.72535,0.47492,67.689,109.70177,107.21359,0.36875,0.14576,0.16663,0.10358,0.09068,2023-24 Men's Basketball,True,0.2717,0.1864,0.6568,0.3019,0.4775,0.2567,0.3667,0.1105,0.5587,0.5744,0.33088,0.33386,0.3512,0.1138,0.5358,0.5513,0.35036,0.35024
38409,104122,Radford,Highlanders,0.34562,0.71223,0.45388,63.599,115.43192,109.42624,0.39823,0.14932,0.14792,0.08635,0.09389,2024-25 Men's Basketball,True,0.2666,0.1176,0.6099,0.3238,0.4127,0.1991,0.3731,0.1109,0.5229,0.5348,0.36624,0.36446,0.3182,0.0848,0.5193,0.5154,0.39593,0.35466
36046,103638,Gardner-Webb,Runnin' Bulldogs,0.29365,0.74105,0.48328,68.964,105.40223,104.88087,0.35241,0.14334,0.14365,0.08395,0.06166,2023-24 Men's Basketball,True,0.2751,0.2294,0.6188,0.3358,0.3551,0.2078,0.3016,0.0949,0.5437,0.518,0.36145,0.34583,0.3576,0.1489,0.5057,0.5256,0.3454,0.33234
36046,104122,Radford,Highlanders,0.30931,0.66722,0.42021,64.07,111.16075,110.41251,0.28159,0.14278,0.13532,0.08548,0.09957,2023-24 Men's Basketball,True,0.2625,0.1177,0.649,0.248,0.4344,0.2197,0.3989,0.1893,0.4678,0.5482,0.34295,0.36391,0.3484,0.0797,0.519,0.5386,0.40134,0.31626
38409,104109,Presbyterian,Blue Hose,0.29955,0.70761,0.47987,65.246,112.46374,107.50413,0.31659,0.13815,0.16147,0.10279,0.08968,2024-25 Men's Basketball,True,0.2726,0.1608,0.6941,0.2292,0.4759,0.2826,0.3322,0.1481,0.5118,0.5736,0.34014,0.36769,0.3478,0.0891,0.565,0.5475,0.34588,0.3328
41097,104109,Presbyterian,Blue Hose,0.33863,0.70738,0.5029,65.492,109.25124,108.97674,0.39934,0.16754,0.14057,0.0865,0.12656,2025-26 Men's Basketball,True,0.2676,0.1579,0.6497,0.2929,0.4914,0.3221,0.343,0.0949,0.615,0.5668,0.29013,0.32319,0.3729,0.0943,0.5469,0.5166,0.35874,0.35067
41097,104488,Winthrop,Eagles,0.35506,0.73555,0.52427,70.652,117.95986,106.42932,0.43153,0.12765,0.15157,0.09895,0.08609,2025-26 Men's Basketball,True,0.2709,0.1756,0.6106,0.3106,0.423,0.1925,0.2768,0.0527,0.5031,0.5388,0.44424,0.33898,0.3538,0.0965,0.4725,0.5455,0.43097,0.32147
36046,104370,UNC Asheville,Bulldogs,0.28081,0.6904,0.5894,68.773,113.44878,105.11567,0.40974,0.14901,0.15591,0.08568,0.11154,2023-24 Men's Basketball,True,0.2459,0.1919,0.6441,0.3328,0.4277,0.1595,0.3377,0.1185,0.4923,0.574,0.38923,0.36495,0.3122,0.1076,0.5297,0.5285,0.36271,0.32215
38409,104488,Winthrop,Eagles,0.3336,0.69555,0.44888,72.791,115.05964,105.94759,0.46996,0.15187,0.16829,0.10826,0.0883,2024-25 Men's Basketball,True,0.2687,0.2031,0.6151,0.4167,0.4561,0.171,0.2708,0.0233,0.5877,0.5688,0.38905,0.34247,0.3228,0.0905,0.5278,0.5236,0.3817,0.34881
33533,103411,Campbell,Fighting Camels,0.25332,0.72901,0.5012,63.481,108.00511,105.95783,0.38886,0.16257,0.16739,0.09657,0.09032,2022-23 Men's Basketball,True,0.2521,0.1245,0.6735,0.3568,0.3963,0.1818,0.3431,0.0771,0.5385,0.5799,0.38436,0.33382,0.3877,0.1236,0.4611,0.5702,0.41535,0.34469
38409,103691,High Point,Panthers,0.3504,0.7046,0.454,65.688,123.86825,104.58155,0.36731,0.13335,0.15023,0.09269,0.07819,2024-25 Men's Basketball,True,0.2744,0.1442,0.6803,0.325,0.4734,0.2132,0.4,0.0689,0.5382,0.5984,0.39291,0.36341,0.3496,0.1342,0.5111,0.5163,0.35469,0.32717
33533,104370,UNC Asheville,Bulldogs,0.26292,0.71462,0.49721,68.094,107.72169,100.02728,0.40847,0.18197,0.15843,0.09135,0.10043,2022-23 Men's Basketball,True,0.2233,0.1837,0.6787,0.3419,0.3377,0.1726,0.3202,0.1138,0.5146,0.5643,0.37164,0.38763,0.3136,0.1188,0.5365,0.53,0.34474,0.30073
36046,103826,Longwood,Lancers,0.38305,0.75454,0.47905,66.547,110.69208,101.42188,0.39162,0.15575,0.17849,0.10312,0.07713,2023-24 Men's Basketball,True,0.2696,0.1669,0.6342,0.3257,0.4125,0.2737,0.2913,0.1072,0.5994,0.533,0.29344,0.34574,0.3162,0.1309,0.4622,0.5617,0.40683,0.35076
33533,104122,Radford,Highlanders,0.31303,0.72474,0.45757,63.88,108.16119,101.05444,0.28621,0.15756,0.18363,0.10954,0.0867,2022-23 Men's Basketball,True,0.2622,0.1426,0.6195,0.3321,0.4193,0.1739,0.3831,0.1663,0.5059,0.5507,0.32775,0.3542,0.3121,0.0906,0.5395,0.5626,0.36988,0.33229
41097,103691,High Point,Panthers,0.32837,0.70118,0.53594,70.484,126.4168,100.38981,0.41323,0.11116,0.19408,0.14899,0.10994,2025-26 Men's Basketball,True,0.2606,0.2245,0.6828,0.3387,0.4928,0.1855,0.2973,0.0493,0.5242,0.6156,0.42654,0.35276,0.3062,0.101,0.4966,0.5428,0.40242,0.32413
36046,103691,High Point,Panthers,0.37421,0.7404,0.42743,67.736,122.14969,108.39774,0.42903,0.13433,0.12671,0.07346,0.08186,2023-24 Men's Basketball,True,0.2633,0.1493,0.6379,0.3269,0.439,0.2085,0.3937,0.0587,0.5354,0.5604,0.40592,0.34169,0.3375,0.1508,0.5336,0.5276,0.31559,0.3432
27693,103535,Denver,Pioneers,0.22065,0.73733,0.48362,69.813,98.81841,112.03015,0.33959,0.18756,0.17118,0.08113,0.0749,2020-21 Men's Basketball,True,0.2905,0.1508,0.5806,0.3174,0.4342,0.1945,0.3728,0.1442,0.5119,0.525,0.34386,0.34988,0.4,0.115,0.4991,0.5683,0.38586,0.3819
27693,104452,Western Ill.,Leathernecks,0.29134,0.77025,0.40909,72.079,101.27735,110.10601,0.35803,0.153,0.15045,0.07334,0.0791,2020-21 Men's Basketball,True,0.2799,0.1338,0.5756,0.2766,0.3765,0.2377,0.3293,0.1203,0.5143,0.4836,0.36537,0.31526,0.426,0.1314,0.5264,0.5362,0.34215,0.39318
27693,104233,South Dakota St.,Jackrabbits,0.24588,0.79579,0.49924,70.375,114.29439,104.40947,0.37719,0.15582,0.14055,0.07866,0.08523,2020-21 Men's Basketball,True,0.2283,0.1623,0.6262,0.328,0.5153,0.2596,0.3721,0.0685,0.5876,0.5772,0.34395,0.38889,0.4067,0.1582,0.4391,0.5241,0.40273,0.3515
27693,104366,Kansas City,Roos,0.24411,0.7589,0.55296,65.335,107.33179,95.78868,0.29334,0.17057,0.21557,0.12162,0.07143,2020-21 Men's Basketball,True,0.3341,0.129,0.6815,0.3475,0.4532,0.2562,0.3524,0.0813,0.6037,0.5846,0.31502,0.36609,0.2722,0.1413,0.4848,0.5627,0.37388,0.32536
27693,104053,Omaha,Mavericks,0.23185,0.7328,0.3776,70.786,95.10302,110.13415,0.29183,0.16204,0.15086,0.08009,0.07845,2020-21 Men's Basketball,True,0.2645,0.1494,0.5561,0.2886,0.3636,0.2155,0.3741,0.2216,0.5041,0.4738,0.2743,0.3489,0.36,0.1131,0.5151,0.5622,0.37179,0.3854
27693,104231,South Dakota,Coyotes,0.22154,0.75991,0.5178,68.787,110.42773,104.96159,0.32523,0.1401,0.14149,0.06603,0.06893,2020-21 Men's Basketball,True,0.2716,0.1124,0.5754,0.1981,0.5402,0.2766,0.3921,0.1932,0.4746,0.5549,0.33218,0.38912,0.3493,0.1427,0.4608,0.5052,0.39659,0.34768
27693,103999,North Dakota,Fighting Hawks,0.23523,0.7331,0.49117,67.644,100.16164,110.36277,0.34594,0.16871,0.1517,0.07519,0.05314,2020-21 Men's Basketball,True,0.246,0.1452,0.625,0.2857,0.3561,0.1986,0.3672,0.1264,0.4843,0.5147,0.38929,0.33578,0.3953,0.1178,0.5575,0.5344,0.32466,0.3903
27693,104000,North Dakota St.,Bison,0.28667,0.80303,0.43247,65.317,106.28017,103.11942,0.33602,0.16492,0.12651,0.05935,0.07077,2020-21 Men's Basketball,True,0.2426,0.1133,0.6045,0.2951,0.4587,0.2354,0.3,0.1073,0.5305,0.5398,0.36217,0.34074,0.4041,0.1252,0.5075,0.5179,0.36729,0.33746
27693,104054,Oral Roberts,Golden Eagles,0.23301,0.68332,0.45623,71.995,112.1684,104.53789,0.27479,0.14023,0.1582,0.0906,0.08852,2020-21 Men's Basketball,True,0.2394,0.1459,0.5685,0.2427,0.4758,0.1828,0.4409,0.103,0.4255,0.5286,0.47147,0.37955,0.3043,0.1376,0.5438,0.522,0.31865,0.33788
30629,104288,St. Thomas (MN),Tommies,0.21083,0.74029,0.47125,65.981,113.21446,114.17433,0.22314,0.10867,0.15155,0.07877,0.03846,2021-22 Men's Basketball,True,0.2588,0.1367,0.6429,0.27,0.3768,0.1565,0.4231,0.0573,0.4264,0.5452,0.51625,0.35646,0.4153,0.1102,0.484,0.5983,0.40578,0.38131
30629,104053,Omaha,Mavericks,0.24397,0.70646,0.43444,70.036,99.37767,119.22464,0.28669,0.17144,0.13241,0.06897,0.06937,2021-22 Men's Basketball,True,0.275,0.1537,0.5965,0.2633,0.4121,0.1885,0.3646,0.2067,0.4517,0.5196,0.34152,0.35452,0.3506,0.0962,0.5163,0.5696,0.38751,0.39372
33533,104452,Western Ill.,Leathernecks,0.27022,0.73386,0.51572,67.589,107.60643,106.62417,0.31909,0.13859,0.1508,0.08493,0.08977,2022-23 Men's Basketball,True,0.2132,0.133,0.6315,0.3185,0.4597,0.2194,0.3522,0.0906,0.5379,0.5614,0.37151,0.32055,0.3982,0.1268,0.5421,0.559,0.33109,0.32542
38409,104054,Oral Roberts,Golden Eagles,0.24514,0.69146,0.41463,66.845,109.25092,116.9978,0.34849,0.15126,0.13238,0.07447,0.06731,2024-25 Men's Basketball,True,0.2642,0.123,0.6177,0.2333,0.4316,0.2203,0.3487,0.0898,0.4536,0.5273,0.45659,0.36223,0.3787,0.0963,0.4963,0.5878,0.40741,0.34126
30629,104366,Kansas City,Roos,0.23466,0.74949,0.48187,67.92,109.7593,99.02559,0.31096,0.13822,0.20423,0.10906,0.08333,2021-22 Men's Basketball,True,0.2967,0.1444,0.6356,0.3177,0.482,0.2332,0.3716,0.1023,0.5509,0.5706,0.34676,0.3629,0.3538,0.1223,0.5248,0.5436,0.35298,0.31794
33533,104231,South Dakota,Coyotes,0.25575,0.73226,0.50993,65.632,105.6237,112.16067,0.272,0.15521,0.13003,0.06761,0.04436,2022-23 Men's Basketball,True,0.2629,0.1121,0.5879,0.2245,0.4044,0.2404,0.342,0.1361,0.4649,0.493,0.39894,0.39439,0.3674,0.1223,0.4784,0.5505,0.39932,0.35185
30629,103999,North Dakota,Fighting Hawks,0.27078,0.74057,0.50474,68.053,102.82589,115.38406,0.31346,0.15136,0.12824,0.05839,0.04882,2021-22 Men's Basketball,True,0.2535,0.1436,0.5816,0.2615,0.3562,0.2073,0.2963,0.0886,0.4688,0.4819,0.44256,0.34363,0.4272,0.1108,0.5282,0.5835,0.36095,0.36811
41097,104366,Kansas City,Roos,0.27525,0.65041,0.47545,70.489,97.95055,118.50695,0.30954,0.16026,0.14227,0.08878,0.08106,2025-26 Men's Basketball,True,0.2302,0.168,0.5812,0.2722,0.4165,0.252,0.3582,0.1071,0.5242,0.502,0.36867,0.30058,0.3989,0.093,0.5213,0.5867,0.38567,0.36364
30629,104231,South Dakota,Coyotes,0.27607,0.7814,0.44632,65.849,113.18055,106.81445,0.33727,0.13138,0.14844,0.06624,0.06586,2021-22 Men's Basketball,True,0.2656,0.1032,0.6275,0.2293,0.4895,0.2951,0.3725,0.1433,0.5245,0.5498,0.33221,0.37394,0.3542,0.1399,0.4883,0.5501,0.37179,0.36207
30629,104054,Oral Roberts,Golden Eagles,0.29206,0.76091,0.38847,70.699,116.86735,104.37495,0.23234,0.1198,0.12894,0.07673,0.10164,2021-22 Men's Basketball,True,0.2154,0.1528,0.6482,0.2284,0.4569,0.2484,0.3226,0.0604,0.4769,0.5485,0.46274,0.37895,0.3457,0.1356,0.5096,0.5341,0.35484,0.33239
36046,104054,Oral Roberts,Golden Eagles,0.21779,0.69584,0.41995,67.241,108.2665,111.07429,0.26706,0.12696,0.13549,0.08332,0.09138,2023-24 Men's Basketball,True,0.2541,0.1536,0.6229,0.227,0.4397,0.2562,0.3537,0.0888,0.4832,0.5258,0.42795,0.36076,0.3175,0.1004,0.5165,0.5278,0.3831,0.35784
38409,104233,South Dakota St.,Jackrabbits,0.33846,0.77835,0.49398,68.364,116.38069,107.51272,0.30614,0.14939,0.12182,0.06862,0.08179,2024-25 Men's Basketball,True,0.2369,0.1416,0.6667,0.3191,0.4459,0.2003,0.3643,0.0723,0.5194,0.5815,0.40836,0.35019,0.376,0.1253,0.4065,0.5478,0.46815,0.33186
41097,103535,Denver,Pioneers,0.30833,0.68297,0.40022,68.102,121.60028,121.60028,0.34386,0.12411,0.11434,0.06749,0.05237,2025-26 Men's Basketball,True,0.2619,0.1038,0.6362,0.3118,0.4775,0.1497,0.4169,0.1528,0.4614,0.5847,0.38581,0.37987,0.3376,0.0805,0.5462,0.5897,0.37333,0.36951
33533,104053,Omaha,Mavericks,0.24251,0.71442,0.47679,66.986,101.86298,113.29469,0.2964,0.16391,0.14078,0.08013,0.08371,2022-23 Men's Basketball,True,0.2713,0.1449,0.618,0.2886,0.4315,0.2144,0.3482,0.1989,0.503,0.5385,0.29806,0.34015,0.3854,0.1033,0.4895,0.5516,0.40721,0.36328
36046,103999,North Dakota,Fighting Hawks,0.31389,0.74399,0.4324,66.619,112.5167,107.47027,0.31024,0.12847,0.14031,0.09423,0.07773,2023-24 Men's Basketball,True,0.2267,0.1361,0.6163,0.349,0.4375,0.1737,0.2627,0.061,0.5228,0.5569,0.41624,0.32795,0.398,0.1048,0.5553,0.5361,0.33993,0.33648
41097,104233,South Dakota St.,Jackrabbits,0.31362,0.75627,0.52229,66.582,112.81182,108.97818,0.30021,0.14119,0.13427,0.08606,0.07503,2025-26 Men's Basketball,True,0.2504,0.1251,0.643,0.3107,0.4185,0.2161,0.4314,0.0804,0.5268,0.5509,0.39274,0.34404,0.4024,0.0917,0.4362,0.5386,0.47206,0.33908
33533,104233,South Dakota St.,Jackrabbits,0.21463,0.74748,0.41995,66.645,105.61648,103.89498,0.27978,0.1547,0.15547,0.07726,0.08273,2022-23 Men's Basketball,True,0.2121,0.131,0.665,0.2266,0.4507,0.2643,0.3607,0.1213,0.4909,0.5497,0.38781,0.35143,0.3811,0.1298,0.4617,0.5518,0.40851,0.33073
30629,103535,Denver,Pioneers,0.23524,0.71767,0.48652,67.037,103.99351,109.66085,0.3181,0.16967,0.14885,0.07696,0.09511,2021-22 Men's Basketball,True,0.2567,0.0932,0.607,0.3215,0.4408,0.1715,0.3881,0.1512,0.4929,0.5492,0.35589,0.36767,0.3641,0.0983,0.5029,0.5377,0.39872,0.35523
33533,104366,Kansas City,Roos,0.36503,0.70374,0.41494,63.883,99.60278,106.32355,0.3243,0.17014,0.15825,0.09325,0.11326,2022-23 Men's Basketball,True,0.2829,0.1172,0.5864,0.2636,0.3911,0.2191,0.3151,0.1584,0.4826,0.4978,0.359,0.28399,0.3186,0.1179,0.4803,0.5174,0.40173,0.34388
30629,104452,Western Ill.,Leathernecks,0.29262,0.77879,0.40945,70.894,108.20042,107.20218,0.30225,0.13657,0.15492,0.08621,0.06308,2021-22 Men's Basketball,True,0.2422,0.1188,0.6159,0.2695,0.4652,0.2173,0.3052,0.104,0.4868,0.5486,0.40918,0.33055,0.3755,0.1443,0.5234,0.5463,0.33229,0.37147
33533,103535,Denver,Pioneers,0.29835,0.72759,0.43473,67.751,105.58956,109.08651,0.4155,0.19093,0.14131,0.08028,0.08412,2022-23 Men's Basketball,True,0.2459,0.1439,0.6298,0.4534,0.4202,0.1947,0.3742,0.0974,0.6481,0.5668,0.25448,0.3169,0.3316,0.1017,0.4997,0.5612,0.39852,0.3373
36046,104231,South Dakota,Coyotes,0.30199,0.72362,0.44686,68.418,109.46305,114.00527,0.30428,0.15909,0.10892,0.05172,0.0442,2023-24 Men's Basketball,True,0.2297,0.1388,0.6034,0.2777,0.4436,0.2777,0.3661,0.0955,0.5553,0.5235,0.34916,0.37519,0.3478,0.1003,0.5138,0.5396,0.38585,0.3593
36046,104366,Kansas City,Roos,0.32622,0.7423,0.50554,65.752,107.63028,103.74623,0.29848,0.1517,0.16646,0.08929,0.11236,2023-24 Men's Basketball,True,0.2918,0.1304,0.6441,0.248,0.4309,0.1902,0.3256,0.1356,0.4383,0.5516,0.42617,0.33169,0.4301,0.1091,0.5173,0.5238,0.37361,0.32025
38409,103535,Denver,Pioneers,0.26281,0.70259,0.44756,67.227,106.00116,113.6446,0.32877,0.16239,0.1656,0.10035,0.07556,2024-25 Men's Basketball,True,0.3285,0.1212,0.6343,0.2937,0.3802,0.1715,0.4202,0.1682,0.4652,0.5406,0.36658,0.34679,0.3393,0.0656,0.5621,0.5813,0.37237,0.34906
38409,104000,North Dakota St.,Bison,0.28177,0.71802,0.55109,64.967,122.90212,113.00365,0.33406,0.13683,0.10235,0.05548,0.04884,2024-25 Men's Basketball,True,0.2262,0.0886,0.6875,0.2541,0.4581,0.1698,0.3093,0.0531,0.4239,0.5956,0.523,0.39791,0.3864,0.1335,0.4775,0.5413,0.38897,0.342
41097,104231,South Dakota,Coyotes,0.30274,0.70775,0.46298,69.71,112.42114,113.25977,0.44751,0.14343,0.14331,0.08786,0.05783,2025-26 Men's Basketball,True,0.2177,0.154,0.6301,0.3526,0.3787,0.1988,0.3851,0.0923,0.5514,0.5394,0.35631,0.33185,0.4058,0.1052,0.5897,0.5836,0.30503,0.33667
36046,104000,North Dakota St.,Bison,0.26008,0.7634,0.42383,65.351,111.15209,110.12808,0.29607,0.14622,0.12421,0.06441,0.03407,2023-24 Men's Basketball,True,0.2177,0.1068,0.646,0.2819,0.4417,0.2197,0.4413,0.1347,0.5016,0.5565,0.36369,0.37781,0.4205,0.1383,0.5228,0.5371,0.33892,0.35858
33533,104000,North Dakota St.,Bison,0.25407,0.77119,0.42725,67.878,107.32344,107.76987,0.31355,0.14888,0.11631,0.05803,0.07615,2022-23 Men's Basketball,True,0.2272,0.1216,0.6798,0.2526,0.4773,0.2201,0.342,0.1413,0.4727,0.5856,0.38603,0.33605,0.367,0.1331,0.509,0.5318,0.35793,0.33844
33533,104288,St. Thomas (MN),Tommies,0.24705,0.71889,0.50295,65.669,112.91635,106.87138,0.3066,0.13198,0.15714,0.09087,0.06503,2022-23 Men's Basketball,True,0.2649,0.1285,0.6151,0.2522,0.486,0.2269,0.331,0.0749,0.4792,0.554,0.44591,0.35148,0.3609,0.1247,0.5171,0.5597,0.35827,0.33585
38409,103999,North Dakota,Fighting Hawks,0.34114,0.72143,0.4505,69.087,111.84866,115.09446,0.32818,0.13672,0.1366,0.08278,0.0687,2024-25 Men's Basketball,True,0.2408,0.1206,0.577,0.3577,0.4107,0.1624,0.3889,0.0783,0.5201,0.5251,0.40164,0.32611,0.3529,0.0946,0.502,0.5867,0.40334,0.36136
38409,104231,South Dakota,Coyotes,0.30775,0.65228,0.40381,73.027,116.68604,114.65275,0.43964,0.11209,0.1548,0.10332,0.08621,2024-25 Men's Basketball,True,0.2543,0.1989,0.6262,0.384,0.372,0.1597,0.3691,0.0708,0.5437,0.5516,0.38546,0.32059,0.3374,0.0776,0.531,0.5713,0.39143,0.35036
38409,104366,Kansas City,Roos,0.35572,0.71587,0.49877,64.594,111.93517,104.05374,0.32086,0.15391,0.16579,0.11405,0.10095,2024-25 Men's Basketball,True,0.2589,0.1444,0.6506,0.2292,0.4193,0.2023,0.3504,0.1233,0.4315,0.5421,0.44521,0.3432,0.408,0.0969,0.488,0.5445,0.41504,0.30872
36046,104288,St. Thomas (MN),Tommies,0.24927,0.75024,0.52503,62.747,115.56406,102.95882,0.28947,0.12843,0.16787,0.09826,0.06723,2023-24 Men's Basketball,True,0.2502,0.1405,0.6555,0.3438,0.4152,0.1584,0.3671,0.0433,0.5022,0.5797,0.4545,0.36068,0.3472,0.111,0.4965,0.562,0.39241,0.32991
41097,104053,Omaha,Mavericks,0.26941,0.72075,0.48866,67.261,112.52176,113.195,0.33123,0.14327,0.12667,0.08526,0.08832,2025-26 Men's Basketball,True,0.2469,0.143,0.6291,0.3496,0.3902,0.1386,0.4426,0.0961,0.4882,0.5613,0.41575,0.35227,0.3608,0.098,0.4338,0.5937,0.46818,0.32578
33533,103999,North Dakota,Fighting Hawks,0.25916,0.73254,0.45921,66.975,106.87443,109.47894,0.27095,0.14795,0.14186,0.06572,0.06617,2022-23 Men's Basketball,True,0.2344,0.1301,0.6268,0.3183,0.3612,0.1537,0.3648,0.0817,0.472,0.5403,0.44627,0.35023,0.378,0.1263,0.5565,0.559,0.31725,0.35113
36046,104053,Omaha,Mavericks,0.25044,0.75364,0.39763,66.561,110.29585,108.62402,0.39188,0.12926,0.14891,0.09053,0.06854,2023-24 Men's Basketball,True,0.2494,0.169,0.6481,0.2776,0.4429,0.229,0.381,0.157,0.5067,0.5553,0.33636,0.32698,0.3966,0.124,0.4452,0.5534,0.43079,0.35484
41097,104054,Oral Roberts,Golden Eagles,0.29636,0.69349,0.48335,68.234,106.66553,112.7481,0.36603,0.16658,0.13591,0.0873,0.08988,2025-26 Men's Basketball,True,0.287,0.1663,0.6344,0.2669,0.4149,0.1767,0.3812,0.0955,0.4436,0.547,0.46097,0.32265,0.4091,0.0899,0.5411,0.5279,0.36893,0.35596
30629,104000,North Dakota St.,Bison,0.25857,0.77516,0.4233,66.711,110.47845,101.43971,0.33866,0.15141,0.11923,0.0578,0.08401,2021-22 Men's Basketball,True,0.23,0.126,0.6551,0.2918,0.4374,0.2252,0.3495,0.1097,0.517,0.5602,0.37327,0.35806,0.3732,0.137,0.5367,0.4921,0.32622,0.31963
41097,104288,St. Thomas (MN),Tommies,0.2282,0.74092,0.57372,68.689,119.03593,104.17785,0.34247,0.12769,0.1505,0.10832,0.07549,2025-26 Men's Basketball,True,0.2283,0.1741,0.6909,0.412,0.4335,0.103,0.4118,0.0259,0.515,0.6394,0.45916,0.36133,0.3704,0.0804,0.5045,0.5388,0.41518,0.30944
38409,104288,St. Thomas (MN),Tommies,0.22765,0.69983,0.53586,68.324,121.2486,109.11087,0.33636,0.12459,0.16677,0.10451,0.09449,2024-25 Men's Basketball,True,0.2628,0.1374,0.645,0.3651,0.4694,0.1483,0.3265,0.0247,0.5134,0.5943,0.46193,0.38755,0.3622,0.0946,0.4898,0.5418,0.41564,0.35178
36046,103535,Denver,Pioneers,0.27796,0.71311,0.46934,69.579,114.35466,113.60751,0.37042,0.12205,0.13002,0.08763,0.09538,2023-24 Men's Basketball,True,0.2378,0.1528,0.6289,0.3191,0.3958,0.203,0.3812,0.0761,0.5221,0.5383,0.40181,0.34793,0.3761,0.106,0.5429,0.5553,0.35115,0.35381
33533,104054,Oral Roberts,Golden Eagles,0.25406,0.72599,0.48582,70.194,118.65025,100.04882,0.24563,0.11745,0.15619,0.09661,0.1404,2022-23 Men's Basketball,True,0.1838,0.1667,0.7351,0.2413,0.4342,0.2219,0.4304,0.0732,0.4632,0.591,0.46364,0.36563,0.3256,0.1613,0.4435,0.5106,0.39522,0.35231
38409,104053,Omaha,Mavericks,0.29727,0.74376,0.49416,67.639,114.34632,111.26273,0.36275,0.13745,0.13477,0.0877,0.07354,2024-25 Men's Basketball,True,0.2699,0.154,0.6651,0.3028,0.4097,0.1809,0.3506,0.1224,0.4837,0.5696,0.39395,0.35644,0.372,0.1031,0.4524,0.5639,0.44444,0.34753
30629,104233,South Dakota St.,Jackrabbits,0.24581,0.76388,0.4898,70.238,121.80317,103.80629,0.33349,0.13961,0.14676,0.08642,0.06915,2021-22 Men's Basketball,True,0.2172,0.1752,0.6737,0.3185,0.4852,0.2281,0.3835,0.0996,0.5466,0.595,0.35379,0.44536,0.2954,0.1085,0.4808,0.54,0.41071,0.3534
36046,104233,South Dakota St.,Jackrabbits,0.25087,0.75416,0.46059,67.375,112.6323,104.84278,0.29226,0.14712,0.14581,0.08983,0.10173,2023-24 Men's Basketball,True,0.2088,0.1415,0.6858,0.3091,0.4342,0.2104,0.4315,0.0762,0.5196,0.5839,0.40418,0.36176,0.3395,0.1096,0.4171,0.5171,0.47323,0.34914
41097,103999,North Dakota,Fighting Hawks,0.29125,0.6917,0.42981,68.287,111.33645,112.37504,0.36544,0.12243,0.18077,0.12298,0.08234,2025-26 Men's Basketball,True,0.2905,0.1359,0.6022,0.3442,0.398,0.1898,0.3284,0.0633,0.534,0.5296,0.40274,0.33177,0.4077,0.068,0.5037,0.5877,0.42835,0.36142
41097,104000,North Dakota St.,Bison,0.32651,0.74978,0.53884,67.252,117.78315,102.95554,0.30773,0.13419,0.17689,0.12122,0.08821,2025-26 Men's Basketball,True,0.2161,0.1627,0.6698,0.2989,0.4183,0.2081,0.3861,0.0736,0.507,0.5666,0.41946,0.36182,0.3967,0.0929,0.4682,0.548,0.43889,0.33832
27693,103297,Arizona St.,Sun Devils,0.21267,0.69942,0.49848,71.112,103.47626,107.31903,0.33267,0.13627,0.18301,0.10133,0.08817,2020-21 Men's Basketball,True,0.2662,0.1985,0.6361,0.2594,0.4179,0.2211,0.3508,0.1637,0.4805,0.5357,0.35578,0.3321,0.3495,0.1411,0.4959,0.5622,0.36301,0.36226
27693,104389,Utah,Utes,0.23597,0.70484,0.57622,66.435,107.48176,104.02422,0.28827,0.1662,0.17325,0.08148,0.09249,2020-21 Men's Basketball,True,0.25,0.1298,0.6558,0.3283,0.4026,0.1652,0.4018,0.1602,0.4936,0.571,0.34621,0.35537,0.4133,0.1374,0.5067,0.5187,0.35599,0.36024
27693,104424,Washington,Huskies,0.23355,0.6557,0.43682,69.458,97.4024,111.41195,0.26239,0.17379,0.14835,0.08763,0.08962,2020-21 Men's Basketball,True,0.2616,0.1552,0.6332,0.191,0.4467,0.2664,0.3553,0.1507,0.4574,0.5246,0.39194,0.33221,0.391,0.1679,0.5013,0.5441,0.33081,0.34924
27693,103296,Arizona,Wildcats,0.34263,0.75575,0.6042,66.881,111.69749,101.55871,0.41756,0.14891,0.16085,0.08619,0.11171,2020-21 Men's Basketball,True,0.2638,0.1545,0.5981,0.3485,0.3466,0.1682,0.3755,0.1696,0.5168,0.5162,0.31367,0.37179,0.3812,0.1374,0.4959,0.5075,0.36667,0.34137
27693,104290,Stanford,Cardinal,0.2506,0.71311,0.48968,68.176,100.43481,100.22146,0.36482,0.19204,0.1773,0.10146,0.09494,2020-21 Men's Basketball,True,0.2389,0.1595,0.6654,0.3518,0.4227,0.217,0.3184,0.1225,0.5688,0.5728,0.30869,0.32151,0.3589,0.1541,0.4475,0.5069,0.39838,0.33541
27693,104427,Washington St.,Cougars,0.30676,0.74029,0.51817,67.27,99.26424,97.55002,0.34698,0.1881,0.16431,0.08944,0.09039,2020-21 Men's Basketball,True,0.2659,0.134,0.5635,0.2917,0.3607,0.1819,0.355,0.13,0.4737,0.4856,0.39636,0.34098,0.3443,0.1949,0.4767,0.5134,0.32843,0.31323
27693,104055,Oregon,Ducks,0.29121,0.7235,0.49936,66.686,112.30673,102.55955,0.25969,0.1477,0.17988,0.1116,0.10729,2020-21 Men's Basketball,True,0.2327,0.1436,0.6704,0.2736,0.4379,0.2585,0.3618,0.092,0.5321,0.5575,0.37591,0.37681,0.4104,0.1349,0.4755,0.5315,0.38956,0.3415
27693,103405,California,Golden Bears,0.24633,0.75442,0.52345,65.007,100.62524,106.51316,0.34635,0.17289,0.15832,0.06694,0.06196,2020-21 Men's Basketball,True,0.2737,0.1118,0.5955,0.2624,0.4634,0.1602,0.3887,0.1725,0.4225,0.5455,0.40495,0.32797,0.3239,0.1586,0.5151,0.5648,0.32627,0.37402
30629,104389,Utah,Utes,0.2929,0.70807,0.55511,65.934,104.88003,106.62722,0.30017,0.15725,0.13332,0.06914,0.075,2021-22 Men's Basketball,True,0.2479,0.1386,0.5778,0.2857,0.3814,0.1618,0.3776,0.159,0.4475,0.5068,0.39355,0.33475,0.3357,0.1499,0.4995,0.5417,0.35065,0.3287
30629,103297,Arizona St.,Sun Devils,0.24872,0.69707,0.53419,66.804,96.32545,99.03416,0.21249,0.15301,0.16952,0.09863,0.12358,2021-22 Men's Basketball,True,0.267,0.1484,0.5855,0.2216,0.4447,0.2317,0.3823,0.1746,0.4533,0.5135,0.37213,0.30703,0.296,0.1241,0.4663,0.5048,0.40957,0.31114
30629,104056,Oregon St.,Beavers,0.26217,0.66047,0.47296,66.525,101.02375,115.57843,0.27577,0.16196,0.15193,0.08853,0.08453,2021-22 Men's Basketball,True,0.2595,0.1525,0.6674,0.2462,0.4527,0.2178,0.3585,0.2284,0.4641,0.5666,0.30752,0.31884,0.3563,0.1334,0.4679,0.6155,0.3987,0.35908
27693,103484,Colorado,Buffaloes,0.30815,0.74395,0.52657,65.001,112.4986,98.17186,0.2946,0.1507,0.17622,0.07984,0.07767,2020-21 Men's Basketball,True,0.253,0.1504,0.5791,0.2957,0.476,0.1839,0.3958,0.1558,0.4796,0.5396,0.36454,0.3716,0.3321,0.1553,0.494,0.5104,0.35072,0.33333
33533,104056,Oregon St.,Beavers,0.25173,0.69868,0.48225,63.598,96.2585,105.34876,0.33455,0.18504,0.15834,0.0845,0.09091,2022-23 Men's Basketball,True,0.2802,0.1352,0.5773,0.2829,0.3853,0.1985,0.3574,0.1512,0.4815,0.4981,0.36733,0.31736,0.2899,0.1365,0.4819,0.5369,0.38153,0.33835
30629,104290,Stanford,Cardinal,0.33761,0.77113,0.54416,65.63,100.74175,104.25159,0.29944,0.1921,0.14844,0.08438,0.07608,2021-22 Men's Basketball,True,0.2636,0.0998,0.6077,0.3051,0.3994,0.1899,0.3412,0.1185,0.4949,0.5278,0.38652,0.33866,0.3981,0.1206,0.4886,0.5611,0.39084,0.32714
33533,104389,Utah,Utes,0.31316,0.7269,0.58407,65.296,104.7375,97.39586,0.29227,0.15562,0.13234,0.07674,0.10337,2022-23 Men's Basketball,True,0.2323,0.136,0.6248,0.2966,0.3896,0.1761,0.3179,0.1513,0.4727,0.5371,0.37601,0.33333,0.3686,0.1622,0.486,0.4759,0.35187,0.30133
36046,103297,Arizona St.,Sun Devils,0.21888,0.70168,0.48673,69.389,99.09777,106.23066,0.33088,0.13332,0.16982,0.11791,0.10201,2023-24 Men's Basketball,True,0.2387,0.1819,0.635,0.2883,0.374,0.2067,0.332,0.1284,0.495,0.526,0.37664,0.30028,0.4041,0.1023,0.5056,0.5461,0.39216,0.33919
30629,103405,California,Golden Bears,0.25318,0.76636,0.45238,63.725,98.19394,102.86521,0.25306,0.15266,0.13205,0.076,0.07192,2021-22 Men's Basketball,True,0.2574,0.0919,0.5959,0.3014,0.4022,0.1535,0.3577,0.2286,0.4549,0.5306,0.31646,0.30756,0.3552,0.1457,0.5034,0.5173,0.35096,0.30929
33533,103405,California,Golden Bears,0.25342,0.69628,0.46526,63.014,91.82158,110.37288,0.31523,0.17775,0.14078,0.07477,0.09149,2022-23 Men's Basketball,True,0.2695,0.0922,0.5574,0.3188,0.3439,0.1854,0.307,0.1865,0.5041,0.4789,0.30933,0.29771,0.3874,0.1253,0.4915,0.5603,0.38318,0.33432
30629,104424,Washington,Huskies,0.29309,0.64536,0.40955,68.814,101.44359,103.86747,0.34733,0.14627,0.1892,0.11867,0.10518,2021-22 Men's Basketball,True,0.2387,0.1849,0.6049,0.2768,0.3841,0.2551,0.3197,0.1395,0.5319,0.499,0.32867,0.3123,0.3915,0.1477,0.5118,0.5287,0.34051,0.33488
33533,104424,Washington,Huskies,0.26433,0.65381,0.46819,67.636,100.67448,102.3577,0.31651,0.17743,0.15632,0.10056,0.13054,2022-23 Men's Basketball,True,0.2407,0.1661,0.6567,0.2924,0.3608,0.2128,0.3718,0.1284,0.5052,0.532,0.36643,0.31287,0.3297,0.1377,0.4918,0.5304,0.37057,0.2961
36046,104290,Stanford,Cardinal,0.23199,0.72688,0.5839,69.564,108.05739,108.23431,0.28632,0.16183,0.13754,0.07791,0.07851,2023-24 Men's Basketball,True,0.2168,0.1666,0.6465,0.2715,0.4688,0.2036,0.3935,0.1145,0.4751,0.5703,0.41039,0.36951,0.3579,0.1411,0.4832,0.5533,0.37574,0.35705
36046,104424,Washington,Huskies,0.27068,0.7107,0.51772,70.468,112.17894,107.35076,0.32121,0.142,0.13917,0.08023,0.09042,2023-24 Men's Basketball,True,0.2544,0.1878,0.6878,0.3106,0.3995,0.196,0.3815,0.1258,0.5066,0.5763,0.36768,0.3544,0.3967,0.1498,0.5022,0.5288,0.34798,0.33716
36046,103405,California,Golden Bears,0.28607,0.7331,0.46459,68.187,105.99562,110.38412,0.29192,0.14207,0.13078,0.08631,0.06677,2023-24 Men's Basketball,True,0.2472,0.1343,0.5702,0.2914,0.4196,0.1444,0.3601,0.1444,0.4359,0.5203,0.4197,0.33815,0.3594,0.1642,0.4746,0.547,0.36121,0.35795
36046,104056,Oregon St.,Beavers,0.26803,0.69196,0.45984,64.755,103.92614,109.67886,0.36103,0.16341,0.14903,0.0902,0.10503,2023-24 Men's Basketball,True,0.2796,0.127,0.5818,0.2837,0.4248,0.1943,0.4586,0.1799,0.4779,0.518,0.34212,0.32831,0.3396,0.1157,0.5027,0.557,0.38155,0.33047
33533,104290,Stanford,Cardinal,0.31148,0.73611,0.58473,64.956,108.27857,105.24621,0.29412,0.16482,0.16338,0.08779,0.09842,2022-23 Men's Basketball,True,0.2599,0.1195,0.6362,0.2774,0.447,0.2137,0.3237,0.1117,0.4911,0.5538,0.39719,0.36277,0.3789,0.1407,0.4513,0.5432,0.40792,0.35445
36046,104360,UCLA,Bruins,0.30431,0.72186,0.48294,63.229,104.33468,103.51994,0.35385,0.14545,0.16126,0.09222,0.10911,2023-24 Men's Basketball,True,0.2919,0.1116,0.6225,0.2198,0.4225,0.2445,0.3349,0.233,0.4643,0.5172,0.30275,0.33212,0.4156,0.1391,0.4327,0.5172,0.42816,0.33289
27693,104360,UCLA,Bruins,0.30451,0.7493,0.51051,63.731,111.27004,103.73835,0.3159,0.13791,0.15628,0.07452,0.0789,2020-21 Men's Basketball,True,0.2435,0.1115,0.6039,0.2749,0.4194,0.1941,0.4486,0.2151,0.469,0.5276,0.3159,0.37201,0.4066,0.1331,0.4898,0.5299,0.37714,0.33675
33533,104240,Southern California,Trojans,0.2881,0.67297,0.52047,66.78,108.08775,100.53834,0.33227,0.16,0.15343,0.10309,0.13424,2022-23 Men's Basketball,True,0.2569,0.1627,0.6296,0.2875,0.4268,0.1709,0.4131,0.2114,0.4585,0.554,0.33014,0.34516,0.3278,0.1528,0.4765,0.4586,0.37076,0.33424
27693,104056,Oregon St.,Beavers,0.3027,0.7037,0.59776,64.603,108.23814,103.90861,0.34835,0.15268,0.15947,0.08883,0.10479,2020-21 Men's Basketball,True,0.2885,0.129,0.5981,0.2794,0.4233,0.2051,0.3443,0.1655,0.4845,0.5241,0.34997,0.35659,0.3391,0.129,0.4839,0.5423,0.38704,0.30043
30629,103484,Colorado,Buffaloes,0.29991,0.75571,0.53978,66.991,105.27789,99.84564,0.34651,0.17355,0.15624,0.08097,0.08656,2021-22 Men's Basketball,True,0.2316,0.1693,0.5993,0.3216,0.3995,0.2019,0.3269,0.1408,0.5236,0.5222,0.33568,0.36613,0.3135,0.1312,0.5003,0.514,0.36856,0.33051
27693,104240,Southern California,Trojans,0.34919,0.71727,0.50664,66.123,111.64205,96.97013,0.36255,0.15509,0.14726,0.07118,0.12943,2020-21 Men's Basketball,True,0.2249,0.1306,0.6439,0.3208,0.4353,0.2217,0.3852,0.1476,0.5425,0.5587,0.30986,0.36027,0.3581,0.1885,0.4605,0.4463,0.351,0.33333
36046,104240,Southern California,Trojans,0.28959,0.6775,0.5906,68.09,107.23375,107.49679,0.33592,0.1586,0.16256,0.10829,0.1418,2023-24 Men's Basketball,True,0.2455,0.16,0.6436,0.2992,0.4071,0.1894,0.3548,0.1444,0.4886,0.5519,0.36698,0.35543,0.3514,0.1393,0.473,0.5101,0.38768,0.36458
33533,104427,Washington St.,Cougars,0.31538,0.73866,0.49569,63.505,107.23948,103.13263,0.28244,0.15903,0.14785,0.07672,0.07311,2022-23 Men's Basketball,True,0.2511,0.1159,0.6011,0.2757,0.3209,0.1673,0.3475,0.123,0.4429,0.4953,0.43408,0.37215,0.3851,0.1579,0.5205,0.541,0.3216,0.32172
30629,104240,Southern California,Trojans,0.33473,0.73252,0.53407,66.193,108.55308,98.93725,0.30919,0.15431,0.12596,0.0752,0.11119,2021-22 Men's Basketball,True,0.2343,0.1563,0.5948,0.3427,0.4363,0.2118,0.3522,0.1234,0.5544,0.5342,0.32218,0.35659,0.343,0.1834,0.4736,0.4505,0.34301,0.33145
33533,103296,Arizona,Wildcats,0.30716,0.73913,0.64712,71.416,114.6608,99.61807,0.35811,0.16327,0.14885,0.08496,0.081,2022-23 Men's Basketball,True,0.2372,0.1958,0.7048,0.3335,0.4139,0.1737,0.3849,0.1153,0.5072,0.6051,0.37741,0.37724,0.3423,0.2004,0.4125,0.5208,0.38718,0.32284
33533,103484,Colorado,Buffaloes,0.30843,0.74938,0.50783,68.278,102.31346,98.2544,0.29917,0.16577,0.17241,0.10895,0.09801,2022-23 Men's Basketball,True,0.2355,0.1688,0.5671,0.317,0.4644,0.2253,0.3468,0.1112,0.5423,0.5245,0.34652,0.3237,0.3625,0.1244,0.5332,0.5044,0.34249,0.3177
30629,104055,Oregon,Ducks,0.30008,0.69046,0.45513,67.123,107.01263,103.12433,0.29157,0.14934,0.1673,0.10043,0.09435,2021-22 Men's Basketball,True,0.246,0.1539,0.6543,0.2733,0.4601,0.2535,0.3162,0.1128,0.5267,0.5608,0.36048,0.33289,0.3652,0.1737,0.4571,0.5464,0.36927,0.32232
36046,104427,Washington St.,Cougars,0.32885,0.7498,0.45886,65.165,112.05642,101.6518,0.31574,0.14116,0.13904,0.07893,0.12619,2023-24 Men's Basketball,True,0.2534,0.1278,0.6242,0.3187,0.4641,0.2043,0.3899,0.1554,0.523,0.5617,0.3216,0.33891,0.3793,0.1612,0.5275,0.4914,0.31127,0.32468
30629,104360,UCLA,Bruins,0.31394,0.74726,0.50259,65.087,113.81233,97.29467,0.29423,0.11427,0.17356,0.10516,0.09619,2021-22 Men's Basketball,True,0.2389,0.127,0.6442,0.2421,0.4047,0.2174,0.4196,0.2286,0.4595,0.5309,0.31192,0.35373,0.3624,0.1473,0.4723,0.5076,0.38039,0.32119
33533,104055,Oregon,Ducks,0.32568,0.73615,0.52074,65.253,107.83687,101.21903,0.31963,0.15883,0.14431,0.08506,0.13138,2022-23 Men's Basketball,True,0.2244,0.1307,0.6492,0.2903,0.4626,0.2222,0.3299,0.0964,0.5125,0.5683,0.39109,0.3204,0.3352,0.1689,0.4597,0.4938,0.3714,0.33672
33533,103297,Arizona St.,Sun Devils,0.29173,0.68503,0.56593,67.643,104.00242,99.45054,0.31207,0.14643,0.17355,0.10378,0.13302,2022-23 Men's Basketball,True,0.2732,0.1739,0.632,0.2657,0.3827,0.1708,0.3665,0.1679,0.4365,0.5344,0.39552,0.32449,0.3254,0.1243,0.4803,0.4661,0.39546,0.3404
36046,104055,Oregon,Ducks,0.28606,0.7275,0.50611,66.901,111.81304,106.92302,0.32028,0.1301,0.15822,0.10586,0.10069,2023-24 Men's Basketball,True,0.2429,0.1516,0.6508,0.303,0.4317,0.1911,0.3876,0.1431,0.4942,0.566,0.3627,0.33805,0.3832,0.1622,0.4701,0.5527,0.36765,0.35007
36046,103296,Arizona,Wildcats,0.35601,0.76679,0.59164,72.023,118.92307,98.33805,0.36364,0.13772,0.16146,0.11351,0.09507,2023-24 Men's Basketball,True,0.2236,0.1994,0.6358,0.4235,0.4074,0.1396,0.3487,0.1025,0.5631,0.5792,0.33434,0.36598,0.36,0.1665,0.4547,0.5205,0.37877,0.32943
33533,104360,UCLA,Bruins,0.33017,0.71751,0.52081,65.789,112.68703,92.22836,0.27439,0.12851,0.20621,0.12736,0.11639,2022-23 Men's Basketball,True,0.2353,0.1492,0.6838,0.2606,0.4064,0.2379,0.3979,0.2116,0.4984,0.5514,0.28998,0.34869,0.3927,0.1521,0.4598,0.4945,0.38805,0.31048
30629,104427,Washington St.,Cougars,0.33309,0.70502,0.45815,65.953,107.98396,98.01872,0.29835,0.14107,0.17928,0.09677,0.12259,2021-22 Men's Basketball,True,0.263,0.1244,0.592,0.2671,0.3474,0.1697,0.3346,0.1215,0.4368,0.4969,0.44172,0.33468,0.356,0.1562,0.4947,0.5112,0.34913,0.30609
30629,103296,Arizona,Wildcats,0.34681,0.71419,0.64996,71.253,117.06075,94.86932,0.34949,0.15955,0.151,0.09387,0.13401,2021-22 Men's Basketball,True,0.2332,0.2036,0.6847,0.3997,0.4153,0.1613,0.3149,0.0798,0.561,0.6072,0.35919,0.35215,0.3128,0.1758,0.4767,0.4572,0.3475,0.32734
36046,104389,Utah,Utes,0.27571,0.74167,0.60444,69.791,111.75336,103.81753,0.27068,0.14153,0.12542,0.08366,0.10322,2023-24 Men's Basketball,True,0.2249,0.1461,0.6616,0.3149,0.432,0.1784,0.3277,0.1031,0.4933,0.5786,0.40364,0.37017,0.3604,0.1419,0.4938,0.5134,0.36429,0.33567
36046,103484,Colorado,Buffaloes,0.31861,0.75169,0.57197,67.666,116.05319,104.94213,0.35078,0.16019,0.13543,0.08708,0.05529,2023-24 Men's Basketball,True,0.2167,0.1562,0.6429,0.3711,0.459,0.2126,0.3489,0.1108,0.5837,0.5759,0.30552,0.39198,0.3405,0.1249,0.5228,0.5454,0.35228,0.3202
30629,103520,Dartmouth,Big Green,0.23977,0.7354,0.42928,65.603,102.6632,102.42291,0.24058,0.15102,0.17352,0.09992,0.09644,2021-22 Men's Basketball,True,0.2427,0.1454,0.5651,0.3226,0.4202,0.1339,0.2791,0.0919,0.4566,0.5226,0.45157,0.33754,0.3129,0.1098,0.5183,0.5432,0.37192,0.35743
30629,103682,Harvard,Crimson,0.25367,0.76779,0.43639,68.476,102.87618,99.49865,0.26279,0.15538,0.194,0.10977,0.07365,2021-22 Men's Basketball,True,0.2398,0.1389,0.5972,0.3287,0.3165,0.1231,0.5,0.1277,0.4517,0.5207,0.42056,0.34074,0.3333,0.1179,0.4632,0.5572,0.4188,0.39184
30629,103489,Columbia,Lions,0.27386,0.72075,0.4808,69.864,95.99029,112.26262,0.26257,0.18822,0.14808,0.0846,0.05755,2021-22 Men's Basketball,True,0.2367,0.1576,0.5961,0.2743,0.4042,0.1939,0.3466,0.1696,0.4682,0.5166,0.36216,0.35075,0.3939,0.1066,0.4664,0.5665,0.427,0.37973
30629,103378,Brown,Bears,0.29372,0.72791,0.47903,68.506,103.5898,101.42539,0.30801,0.16536,0.1805,0.09771,0.11188,2021-22 Men's Basketball,True,0.262,0.1726,0.6591,0.2696,0.4429,0.213,0.3382,0.126,0.4827,0.5637,0.39136,0.30171,0.328,0.1214,0.4997,0.5527,0.37893,0.33898
30629,103506,Cornell,Big Red,0.28043,0.727,0.61224,72.337,108.95299,102.70896,0.3033,0.1712,0.16347,0.10814,0.08297,2021-22 Men's Basketball,True,0.2602,0.2775,0.6602,0.3549,0.3989,0.1261,0.3333,0.0558,0.481,0.5917,0.46313,0.3497,0.375,0.1015,0.4626,0.5411,0.43591,0.31394
30629,104074,Penn,Quakers,0.25203,0.72,0.4746,67.857,105.21807,110.22597,0.2415,0.1514,0.13568,0.08044,0.06006,2021-22 Men's Basketball,True,0.2483,0.1216,0.6036,0.3218,0.4513,0.1974,0.3415,0.0788,0.5192,0.5457,0.40192,0.33971,0.3781,0.1271,0.4943,0.5537,0.37863,0.34725
30629,104110,Princeton,Tigers,0.25844,0.76953,0.51319,67.817,116.26613,102.09088,0.20793,0.13025,0.15032,0.09038,0.04415,2021-22 Men's Basketball,True,0.2104,0.1539,0.6703,0.3284,0.4644,0.1746,0.2933,0.0444,0.503,0.5988,0.45266,0.38562,0.3688,0.1633,0.5208,0.5554,0.31595,0.32613
30629,104510,Yale,Bulldogs,0.25899,0.7361,0.46792,68.996,103.65554,99.79058,0.32056,0.16301,0.16594,0.09007,0.09298,2021-22 Men's Basketball,True,0.2583,0.137,0.6083,0.3372,0.3624,0.1394,0.412,0.1625,0.4766,0.5364,0.36093,0.32715,0.3562,0.1347,0.4533,0.5536,0.41205,0.30448
33533,103520,Dartmouth,Big Green,0.2418,0.74522,0.5007,69.526,101.2779,102.7479,0.29213,0.18044,0.15484,0.07805,0.10376,2022-23 Men's Basketball,True,0.2413,0.1317,0.6316,0.2688,0.4665,0.2202,0.3333,0.0886,0.4889,0.5572,0.42251,0.33188,0.4124,0.1162,0.5362,0.5184,0.34751,0.33103
33533,103682,Harvard,Crimson,0.31049,0.75052,0.53143,66.463,101.94032,98.95774,0.30948,0.1739,0.1664,0.1122,0.10841,2022-23 Men's Basketball,True,0.2167,0.1508,0.6061,0.387,0.4146,0.1603,0.304,0.0814,0.5472,0.55,0.37134,0.30877,0.3176,0.0957,0.5136,0.5277,0.39069,0.32119
33533,103378,Brown,Bears,0.25315,0.76279,0.54545,68.773,100.67187,100.35023,0.29801,0.17011,0.17834,0.10406,0.08969,2022-23 Men's Basketball,True,0.2349,0.1827,0.6082,0.3147,0.3808,0.167,0.373,0.1188,0.4817,0.5293,0.39949,0.34727,0.3161,0.1006,0.5289,0.5399,0.37054,0.35026
33533,104074,Penn,Quakers,0.30309,0.72344,0.5468,66.663,110.61307,106.23576,0.29388,0.16206,0.13048,0.08162,0.09496,2022-23 Men's Basketball,True,0.267,0.1155,0.63,0.3276,0.4083,0.1933,0.4313,0.0915,0.5209,0.5477,0.38765,0.35988,0.3389,0.0994,0.4583,0.5253,0.4423,0.32459
33533,104510,Yale,Bulldogs,0.29681,0.76888,0.522,66.362,113.22809,94.49789,0.29989,0.14367,0.16684,0.09562,0.1259,2022-23 Men's Basketball,True,0.2596,0.1305,0.6418,0.3577,0.4407,0.1865,0.3641,0.1043,0.5442,0.5729,0.35147,0.36129,0.3208,0.1285,0.4636,0.4824,0.40788,0.32095
33533,103506,Cornell,Big Red,0.29543,0.71368,0.59926,71.284,114.07292,106.19206,0.28193,0.1512,0.19349,0.13471,0.06344,2022-23 Men's Basketball,True,0.2325,0.2365,0.6964,0.29,0.4774,0.1651,0.2917,0.0552,0.4551,0.6169,0.48964,0.35253,0.3631,0.1089,0.4954,0.5872,0.39562,0.35538
33533,103489,Columbia,Lions,0.26983,0.67113,0.48851,69.3,96.98932,108.38532,0.28183,0.17113,0.15854,0.09664,0.05009,2022-23 Men's Basketball,True,0.2394,0.1783,0.5948,0.2656,0.3911,0.2338,0.2532,0.0891,0.4994,0.4994,0.41146,0.31786,0.3462,0.1161,0.5301,0.5653,0.35379,0.33123
33533,104110,Princeton,Tigers,0.29096,0.77825,0.50288,67.829,110.0194,99.81892,0.3022,0.15131,0.13576,0.0711,0.08497,2022-23 Men's Basketball,True,0.2331,0.1385,0.6065,0.3694,0.4226,0.1626,0.3854,0.0504,0.532,0.5503,0.41763,0.34171,0.3815,0.1308,0.5378,0.499,0.33141,0.3233
36046,103520,Dartmouth,Big Green,0.21786,0.76035,0.55892,65.199,94.86634,110.20401,0.29164,0.17403,0.12624,0.06819,0.10428,2023-24 Men's Basketball,True,0.2123,0.1106,0.5778,0.2619,0.4331,0.217,0.375,0.0885,0.4789,0.5123,0.43262,0.30511,0.3602,0.1016,0.4735,0.5547,0.42487,0.36404
36046,103682,Harvard,Crimson,0.26795,0.68825,0.52782,66.455,104.92084,106.96403,0.34763,0.15801,0.13882,0.09277,0.11902,2023-24 Men's Basketball,True,0.2209,0.1439,0.5825,0.3997,0.3497,0.1075,0.3642,0.0996,0.5073,0.5332,0.39314,0.33557,0.3197,0.0882,0.5015,0.5167,0.41032,0.33772
36046,103489,Columbia,Lions,0.2951,0.72211,0.62884,68.629,112.14411,105.56009,0.29869,0.15443,0.15679,0.11261,0.06732,2023-24 Men's Basketball,True,0.2358,0.193,0.6405,0.3187,0.4406,0.2004,0.3355,0.0952,0.5191,0.5633,0.38572,0.375,0.4074,0.0835,0.4864,0.5445,0.43007,0.32518
36046,104074,Penn,Quakers,0.3,0.73386,0.54802,65.343,112.0027,111.89895,0.27193,0.14356,0.13068,0.08983,0.06886,2023-24 Men's Basketball,True,0.2235,0.1097,0.603,0.3498,0.38,0.1453,0.4034,0.0691,0.4951,0.5376,0.43579,0.36667,0.392,0.1156,0.4497,0.5633,0.43463,0.35829
36046,103378,Brown,Bears,0.31913,0.73073,0.53325,66.646,105.36658,106.08109,0.33168,0.15598,0.1526,0.09297,0.11802,2023-24 Men's Basketball,True,0.2472,0.1502,0.5847,0.2662,0.4129,0.1958,0.4206,0.1282,0.462,0.5119,0.40979,0.34094,0.3581,0.1196,0.4981,0.5564,0.3823,0.32897
36046,103506,Cornell,Big Red,0.28444,0.69101,0.60782,70.708,116.11054,105.64504,0.27342,0.15106,0.16161,0.11759,0.07397,2023-24 Men's Basketball,True,0.2628,0.2399,0.6987,0.316,0.5109,0.1612,0.375,0.0327,0.4772,0.6353,0.49007,0.35161,0.3408,0.1046,0.4807,0.548,0.41472,0.34225
36046,104510,Yale,Bulldogs,0.28875,0.76302,0.53863,64.941,113.30554,102.31973,0.2773,0.12514,0.14789,0.09392,0.09642,2023-24 Men's Basketball,True,0.2292,0.1257,0.6123,0.3956,0.4137,0.1559,0.3776,0.0995,0.5515,0.5562,0.34891,0.3508,0.3498,0.1297,0.4517,0.5177,0.41858,0.33801
36046,104110,Princeton,Tigers,0.25711,0.76402,0.54311,64.45,119.57928,103.36786,0.27611,0.11086,0.15182,0.09244,0.05572,2023-24 Men's Basketball,True,0.2098,0.116,0.6504,0.2785,0.4711,0.1428,0.4094,0.0749,0.4212,0.5896,0.50383,0.35597,0.4231,0.1126,0.4981,0.5416,0.38923,0.32591
38409,103489,Columbia,Lions,0.27466,0.73542,0.6096,69.885,112.19465,111.77067,0.29003,0.1365,0.15019,0.11102,0.05925,2024-25 Men's Basketball,True,0.22,0.1733,0.6509,0.3444,0.4271,0.1782,0.3969,0.0792,0.5227,0.5746,0.39819,0.33687,0.4389,0.1088,0.4725,0.5512,0.41873,0.38095
38409,103682,Harvard,Crimson,0.25112,0.69307,0.54345,65.497,104.01837,109.47821,0.24935,0.15924,0.15245,0.11207,0.07723,2024-25 Men's Basketball,True,0.2156,0.1277,0.627,0.3185,0.3824,0.1332,0.4279,0.1495,0.4517,0.5549,0.39883,0.32242,0.2979,0.0888,0.5394,0.5713,0.37177,0.33559
38409,104110,Princeton,Tigers,0.2712,0.75786,0.57522,67.121,109.70317,107.36906,0.24013,0.13435,0.16019,0.10969,0.06468,2024-25 Men's Basketball,True,0.2314,0.1356,0.5956,0.2982,0.3763,0.1617,0.4167,0.0526,0.46,0.5185,0.48739,0.35546,0.4157,0.0988,0.4994,0.5447,0.40179,0.35556
38409,103506,Cornell,Big Red,0.27505,0.71214,0.62528,70.802,120.15023,109.48428,0.27684,0.14876,0.13804,0.08911,0.08491,2024-25 Men's Basketball,True,0.2304,0.1968,0.7085,0.3605,0.4192,0.1119,0.3768,0.039,0.4723,0.64,0.4887,0.37572,0.335,0.112,0.4989,0.5586,0.38907,0.34043
38409,104510,Yale,Bulldogs,0.32999,0.74389,0.54911,67.563,120.33169,103.7053,0.31311,0.12667,0.14559,0.08554,0.11663,2024-25 Men's Basketball,True,0.2413,0.1386,0.6084,0.3781,0.4639,0.1743,0.4279,0.1251,0.5525,0.5628,0.3224,0.38814,0.3542,0.1087,0.4156,0.5177,0.47565,0.32738
38409,103378,Brown,Bears,0.30801,0.69481,0.55048,66.152,107.68007,106.74132,0.27774,0.14783,0.1389,0.08845,0.1399,2024-25 Men's Basketball,True,0.2343,0.1635,0.6293,0.3094,0.4474,0.1885,0.3444,0.0936,0.4978,0.5604,0.40856,0.33536,0.378,0.1285,0.4957,0.5186,0.37577,0.32897
38409,103520,Dartmouth,Big Green,0.24679,0.75959,0.58957,70.486,109.26041,101.54257,0.30409,0.14243,0.12935,0.07277,0.07755,2024-25 Men's Basketball,True,0.2102,0.1854,0.6167,0.3082,0.3784,0.1515,0.3445,0.0696,0.4596,0.5382,0.47076,0.3528,0.3713,0.0936,0.5283,0.5345,0.37815,0.2963
38409,104074,Penn,Quakers,0.26824,0.70253,0.55706,66.146,104.66998,116.43003,0.28897,0.14433,0.11746,0.07431,0.04653,2024-25 Men's Basketball,True,0.2301,0.1163,0.5866,0.3511,0.3694,0.1407,0.3039,0.0646,0.4918,0.5245,0.4436,0.32571,0.3476,0.1127,0.4964,0.5437,0.39096,0.37596
41097,103378,Brown,Bears,0.30312,0.71742,0.5949,66.061,104.58628,104.14592,0.27718,0.16275,0.17484,0.1196,0.12089,2025-26 Men's Basketball,True,0.2658,0.1587,0.6004,0.3256,0.4631,0.2131,0.3517,0.0911,0.5387,0.5461,0.37021,0.31749,0.3797,0.1261,0.4484,0.5459,0.42549,0.32805
41097,103489,Columbia,Lions,0.37474,0.74074,0.55444,66.383,114.43345,107.02141,0.28198,0.16189,0.13237,0.08776,0.081,2025-26 Men's Basketball,True,0.2453,0.1347,0.6483,0.3772,0.3943,0.166,0.3916,0.0851,0.5431,0.5706,0.3718,0.3552,0.4041,0.1186,0.5187,0.5071,0.36263,0.33898
41097,104110,Princeton,Tigers,0.28045,0.71888,0.55291,63.311,107.40592,112.69791,0.34134,0.14956,0.12641,0.07423,0.0659,2025-26 Men's Basketball,True,0.2583,0.0753,0.5714,0.2876,0.4202,0.1625,0.378,0.1037,0.4501,0.5169,0.44627,0.34136,0.3882,0.0927,0.4905,0.5808,0.41672,0.31186
41097,103520,Dartmouth,Big Green,0.25785,0.71859,0.55473,68.32,110.45911,111.75418,0.37027,0.15571,0.12132,0.07286,0.09792,2025-26 Men's Basketball,True,0.2334,0.182,0.6304,0.2875,0.3822,0.1467,0.3478,0.075,0.4342,0.5465,0.49087,0.36122,0.3694,0.0936,0.5092,0.5468,0.39714,0.33784
41097,103506,Cornell,Big Red,0.31217,0.7048,0.687,70.702,124.01584,116.90633,0.28962,0.1419,0.1373,0.08375,0.07425,2025-26 Men's Basketball,True,0.2684,0.1891,0.69,0.3255,0.4352,0.11,0.4265,0.0388,0.4356,0.6257,0.52566,0.39262,0.4099,0.0932,0.5226,0.5659,0.38426,0.37199
41097,103682,Harvard,Crimson,0.26867,0.7217,0.5536,62.724,110.28375,104.96495,0.26508,0.15376,0.15066,0.11261,0.10628,2025-26 Men's Basketball,True,0.2143,0.1195,0.6793,0.2977,0.4077,0.1803,0.399,0.1212,0.478,0.5769,0.40075,0.34639,0.3506,0.0949,0.5139,0.542,0.39125,0.31654
41097,104510,Yale,Bulldogs,0.3397,0.70887,0.56696,64.622,124.29096,108.36002,0.34284,0.1207,0.14453,0.08469,0.1013,2025-26 Men's Basketball,True,0.2394,0.1217,0.6364,0.3922,0.432,0.1371,0.3608,0.1064,0.5293,0.5834,0.36423,0.39608,0.3756,0.1166,0.4294,0.5332,0.454,0.34861
41097,104074,Penn,Quakers,0.3086,0.69094,0.52513,68.028,110.65006,108.41471,0.35307,0.13363,0.15148,0.09587,0.08553,2025-26 Men's Basketball,True,0.2448,0.1626,0.5666,0.3282,0.3953,0.1638,0.3546,0.1561,0.492,0.5096,0.35196,0.38208,0.3871,0.0678,0.5334,0.559,0.3988,0.32236
27693,104196,Samford,Bulldogs,0.30411,0.74965,0.52311,73.76,102.16242,105.66114,0.27176,0.18474,0.16841,0.0909,0.08076,2020-21 Men's Basketball,True,0.2811,0.2159,0.6479,0.3523,0.3917,0.1869,0.3056,0.062,0.5392,0.5591,0.39879,0.31102,0.4234,0.126,0.3882,0.545,0.48574,0.34659
27693,104503,Wofford,Terriers,0.27621,0.73918,0.54334,66.525,111.15833,101.3759,0.254,0.16689,0.17002,0.09966,0.06053,2020-21 Men's Basketball,True,0.2423,0.1242,0.6849,0.3326,0.367,0.0828,0.4078,0.0782,0.4153,0.6216,0.50645,0.35382,0.3375,0.1222,0.4652,0.5517,0.41253,0.33889
27693,104327,The Citadel,Bulldogs,0.25402,0.74973,0.54944,73.501,109.87583,106.61058,0.31609,0.1452,0.13432,0.07386,0.1015,2020-21 Men's Basketball,True,0.2229,0.2101,0.6652,0.3081,0.3485,0.1317,0.3813,0.0925,0.4398,0.5703,0.46773,0.35846,0.3043,0.1318,0.5277,0.5633,0.34055,0.31215
27693,103551,ETSU,Buccaneers,0.3,0.73793,0.47581,66.284,104.2394,99.31565,0.29873,0.17464,0.18079,0.1107,0.08367,2020-21 Men's Basketball,True,0.256,0.1561,0.619,0.3168,0.4041,0.1224,0.328,0.1559,0.4392,0.5592,0.40486,0.37474,0.3239,0.1232,0.4128,0.5378,0.46401,0.34206
27693,103633,Furman,Paladins,0.27195,0.74208,0.56986,69.741,113.56917,98.3315,0.26551,0.15751,0.18536,0.11667,0.09535,2020-21 Men's Basketball,True,0.2462,0.1446,0.6525,0.3602,0.4314,0.1419,0.24,0.0348,0.5021,0.59,0.46314,0.33634,0.3571,0.0815,0.4978,0.5585,0.42067,0.36678
27693,104394,VMI,Keydets,0.23875,0.74926,0.55666,71.022,111.58142,105.78209,0.27225,0.15601,0.12445,0.07454,0.08047,2020-21 Men's Basketball,True,0.201,0.168,0.6719,0.3064,0.385,0.1368,0.3481,0.0923,0.4432,0.5833,0.46443,0.3785,0.3282,0.123,0.4464,0.5339,0.43064,0.33382
27693,103449,Chattanooga,Mocs,0.23872,0.7554,0.47826,67.476,106.59225,101.68043,0.28187,0.14409,0.17128,0.10004,0.04933,2020-21 Men's Basketball,True,0.2089,0.1259,0.5882,0.2569,0.4298,0.2247,0.3956,0.1196,0.4816,0.5143,0.39882,0.35914,0.399,0.1377,0.5066,0.5582,0.35563,0.33147
27693,104450,Western Caro.,Catamounts,0.22801,0.75474,0.5014,70.816,104.22836,108.82893,0.33291,0.17405,0.1448,0.06856,0.07375,2020-21 Men's Basketball,True,0.2333,0.1824,0.6204,0.3539,0.4154,0.1782,0.3239,0.0465,0.5321,0.5517,0.42136,0.34059,0.3314,0.1044,0.5034,0.573,0.39222,0.35906
27693,103892,Mercer,Bears,0.26168,0.75424,0.57572,68.923,109.43185,102.39871,0.24914,0.16207,0.15118,0.09823,0.07926,2020-21 Men's Basketball,True,0.2204,0.1639,0.6744,0.3319,0.3798,0.1532,0.3962,0.1259,0.4852,0.5814,0.38895,0.37099,0.3519,0.1266,0.4894,0.5497,0.38394,0.3145
27693,104371,UNC Greensboro,Spartans,0.32146,0.74291,0.45012,68.957,105.37578,97.24032,0.23746,0.13228,0.1886,0.10793,0.11868,2020-21 Men's Basketball,True,0.2637,0.1761,0.619,0.3133,0.3636,0.1398,0.3879,0.1552,0.453,0.5402,0.39171,0.31171,0.3368,0.1231,0.464,0.5196,0.41283,0.31083
38409,104327,The Citadel,Bulldogs,0.28804,0.69795,0.52125,65.307,100.67123,113.47568,0.3454,0.16227,0.14182,0.09113,0.06143,2024-25 Men's Basketball,True,0.2435,0.1298,0.6352,0.3335,0.3551,0.1454,0.3214,0.0665,0.4789,0.5502,0.4546,0.29504,0.322,0.1026,0.473,0.5931,0.42435,0.34563
38409,104450,Western Caro.,Catamounts,0.26957,0.7166,0.50278,70.135,98.10626,111.29662,0.27735,0.16997,0.12279,0.0742,0.08741,2024-25 Men's Basketball,True,0.239,0.1453,0.5554,0.3359,0.3125,0.105,0.3615,0.0711,0.4409,0.4975,0.48796,0.30493,0.3356,0.078,0.4791,0.5443,0.44293,0.32388
41097,104450,Western Caro.,Catamounts,0.36675,0.7464,0.45528,67.698,114.95775,113.30334,0.29832,0.13795,0.13827,0.09011,0.08458,2025-26 Men's Basketball,True,0.279,0.136,0.6181,0.3432,0.3846,0.1392,0.3905,0.1071,0.4824,0.5507,0.4105,0.33416,0.3934,0.1037,0.4663,0.5662,0.43003,0.36232
30629,104327,The Citadel,Bulldogs,0.25612,0.72408,0.59666,69.664,108.07455,108.11994,0.29459,0.15116,0.12503,0.06613,0.09098,2021-22 Men's Basketball,True,0.2144,0.1732,0.6452,0.3068,0.3734,0.1281,0.322,0.0649,0.4349,0.5651,0.50027,0.35275,0.3765,0.1273,0.475,0.5434,0.39773,0.32513
33533,104327,The Citadel,Bulldogs,0.21767,0.69361,0.47341,66.921,100.77243,110.85901,0.28779,0.1634,0.14455,0.08245,0.07841,2022-23 Men's Basketball,True,0.2517,0.128,0.6211,0.3236,0.361,0.2156,0.3719,0.0677,0.5392,0.5171,0.39306,0.32479,0.3333,0.1048,0.4772,0.5698,0.41805,0.33419
38409,104371,UNC Greensboro,Spartans,0.31818,0.71034,0.50856,63.832,114.16667,102.4171,0.29568,0.1313,0.14524,0.09358,0.087,2024-25 Men's Basketball,True,0.2541,0.1234,0.6155,0.2643,0.4065,0.1822,0.3675,0.1265,0.4465,0.5303,0.42703,0.37215,0.3435,0.146,0.437,0.5128,0.41695,0.3008
38409,103551,ETSU,Buccaneers,0.35222,0.70769,0.5092,64.895,110.8041,102.47332,0.32181,0.13918,0.16819,0.12322,0.11557,2024-25 Men's Basketball,True,0.2508,0.1541,0.5791,0.3362,0.4,0.141,0.3512,0.109,0.4771,0.5262,0.41383,0.34833,0.4154,0.1105,0.4847,0.5006,0.40476,0.33754
41097,103892,Mercer,Bears,0.33705,0.67471,0.48087,69.508,118.96073,108.62023,0.37462,0.12628,0.15377,0.11328,0.09483,2025-26 Men's Basketball,True,0.2222,0.1871,0.6408,0.3322,0.4514,0.1456,0.3636,0.1168,0.4778,0.5831,0.40546,0.34913,0.4,0.1082,0.4761,0.518,0.4157,0.34019
41097,104394,VMI,Keydets,0.26509,0.65283,0.51933,67.292,106.94929,118.88415,0.29193,0.12834,0.13753,0.10436,0.07223,2025-26 Men's Basketball,True,0.2485,0.1419,0.564,0.2386,0.3925,0.1517,0.4328,0.0694,0.3903,0.4973,0.54037,0.32854,0.3835,0.1064,0.444,0.5977,0.44966,0.35132
41097,103449,Chattanooga,Mocs,0.24085,0.69741,0.5681,66.467,115.37656,113.21384,0.27828,0.1279,0.11982,0.07968,0.0797,2025-26 Men's Basketball,True,0.2849,0.1457,0.6541,0.2558,0.4735,0.1416,0.4641,0.0971,0.3973,0.5897,0.50563,0.35843,0.3048,0.0997,0.4624,0.5467,0.43787,0.32765
30629,103551,ETSU,Buccaneers,0.3125,0.69043,0.49238,65.343,109.85476,111.28392,0.22905,0.14548,0.147,0.10294,0.08743,2021-22 Men's Basketball,True,0.2264,0.177,0.6722,0.2827,0.3448,0.1661,0.3774,0.1338,0.4487,0.551,0.41749,0.35037,0.4118,0.099,0.4391,0.5718,0.46186,0.33945
30629,104503,Wofford,Terriers,0.28422,0.7844,0.51956,64.03,112.88412,103.06388,0.28726,0.15851,0.18454,0.10741,0.05234,2021-22 Men's Basketball,True,0.236,0.1151,0.6751,0.3379,0.3923,0.1189,0.3107,0.0586,0.4568,0.6015,0.48464,0.35563,0.3822,0.1147,0.4246,0.5644,0.46066,0.35854
33533,103551,ETSU,Buccaneers,0.31468,0.70947,0.47503,65.583,104.94327,104.80088,0.30099,0.16975,0.15963,0.09305,0.09438,2022-23 Men's Basketball,True,0.233,0.1683,0.6462,0.3225,0.4122,0.1538,0.3943,0.1748,0.4763,0.5706,0.34895,0.3207,0.3333,0.1292,0.4427,0.5739,0.42803,0.32357
36046,104394,VMI,Keydets,0.25168,0.70698,0.40954,73.371,93.50681,112.17423,0.26718,0.18992,0.1367,0.07565,0.06452,2023-24 Men's Basketball,True,0.2287,0.1985,0.5793,0.3292,0.4195,0.1798,0.3357,0.1432,0.509,0.5228,0.3478,0.31204,0.3491,0.1013,0.5062,0.5685,0.39245,0.35688
36046,104327,The Citadel,Bulldogs,0.2849,0.7386,0.43834,65.829,106.86821,108.23953,0.33782,0.15831,0.14647,0.08462,0.0744,2023-24 Men's Basketball,True,0.2113,0.135,0.6227,0.3911,0.4094,0.1672,0.3529,0.1049,0.5584,0.5588,0.3367,0.32833,0.3797,0.1262,0.475,0.5684,0.39883,0.35113
41097,104503,Wofford,Terriers,0.30965,0.71455,0.51784,66.689,117.62568,115.19849,0.3633,0.1191,0.13792,0.08646,0.08642,2025-26 Men's Basketball,True,0.2586,0.1507,0.6056,0.3738,0.4378,0.1302,0.3009,0.0591,0.5039,0.5622,0.43701,0.35048,0.3812,0.0871,0.5308,0.5549,0.38214,0.36325
30629,104196,Samford,Bulldogs,0.30548,0.71339,0.48014,69.094,107.25747,106.04578,0.28289,0.16908,0.16931,0.10743,0.09243,2021-22 Men's Basketball,True,0.253,0.1926,0.6435,0.3297,0.3559,0.1154,0.3826,0.1196,0.4451,0.5689,0.43526,0.33572,0.3333,0.1059,0.4393,0.5676,0.45479,0.34353
33533,104371,UNC Greensboro,Spartans,0.30247,0.73657,0.56985,65.957,108.41019,97.03323,0.32059,0.15252,0.17244,0.1065,0.07838,2022-23 Men's Basketball,True,0.2516,0.1406,0.6332,0.3157,0.4025,0.1764,0.3099,0.1163,0.4921,0.5505,0.39159,0.35425,0.3556,0.1751,0.4141,0.5101,0.41078,0.31935
33533,104394,VMI,Keydets,0.30401,0.7329,0.45625,66.179,104.0164,115.12085,0.21113,0.16357,0.13867,0.08047,0.03903,2022-23 Men's Basketball,True,0.2268,0.1232,0.6366,0.2418,0.3411,0.1784,0.3333,0.1217,0.4202,0.5111,0.45814,0.35074,0.3592,0.1094,0.3941,0.6226,0.49655,0.36684
36046,104371,UNC Greensboro,Spartans,0.29757,0.71154,0.54682,65.517,114.62821,105.68324,0.26997,0.14244,0.14981,0.10526,0.07918,2023-24 Men's Basketball,True,0.2598,0.1275,0.6175,0.3216,0.3529,0.1358,0.3865,0.1102,0.4574,0.539,0.43237,0.39655,0.3734,0.1687,0.3916,0.5147,0.43976,0.33126
30629,104450,Western Caro.,Catamounts,0.29801,0.72087,0.52351,67.826,102.96658,112.57558,0.27806,0.15288,0.1284,0.07121,0.0707,2021-22 Men's Basketball,True,0.2458,0.1609,0.6206,0.2552,0.3579,0.1673,0.2833,0.0672,0.4225,0.5166,0.51035,0.3125,0.2733,0.0912,0.4499,0.5718,0.45892,0.35926
30629,104371,UNC Greensboro,Spartans,0.33333,0.74927,0.51467,61.86,104.00921,103.80948,0.278,0.17518,0.16654,0.10203,0.05795,2021-22 Men's Basketball,True,0.2433,0.1099,0.6181,0.3138,0.3799,0.1827,0.3089,0.1133,0.4964,0.5305,0.39027,0.34043,0.4063,0.136,0.377,0.5137,0.48695,0.34788
30629,104394,VMI,Keydets,0.2456,0.71656,0.58333,67.93,114.99381,107.99142,0.24948,0.14909,0.12746,0.06999,0.08011,2021-22 Men's Basketball,True,0.2165,0.159,0.6547,0.2704,0.4038,0.1123,0.4173,0.0685,0.3826,0.5811,0.54884,0.3825,0.3785,0.1275,0.404,0.5132,0.4685,0.33514
36046,104450,Western Caro.,Catamounts,0.29464,0.75383,0.40687,67.353,112.76922,100.79981,0.28171,0.13011,0.12406,0.06464,0.07791,2023-24 Men's Basketball,True,0.2458,0.1509,0.5938,0.3449,0.446,0.1793,0.3694,0.1131,0.5242,0.5432,0.36271,0.36657,0.3831,0.1525,0.531,0.4625,0.31644,0.32843
41097,104196,Samford,Bulldogs,0.25682,0.7485,0.55976,67.383,115.74505,110.42765,0.40924,0.11837,0.11823,0.06741,0.07183,2025-26 Men's Basketball,True,0.2351,0.136,0.6375,0.3319,0.3762,0.1128,0.3647,0.0913,0.4447,0.5713,0.46402,0.3588,0.3759,0.1417,0.4997,0.5207,0.35851,0.35931
33533,104196,Samford,Bulldogs,0.29293,0.73429,0.44952,68.481,113.18176,102.89251,0.41244,0.15755,0.18434,0.11688,0.08292,2022-23 Men's Basketball,True,0.2682,0.179,0.6452,0.2959,0.4437,0.1595,0.3609,0.0949,0.4554,0.5746,0.44975,0.35456,0.3862,0.1422,0.4162,0.5222,0.44162,0.36649
36046,104503,Wofford,Terriers,0.30197,0.7542,0.56522,66.217,110.77813,109.75585,0.27927,0.14848,0.12446,0.06616,0.08,2023-24 Men's Basketball,True,0.2425,0.1258,0.6101,0.3218,0.4693,0.1622,0.374,0.0688,0.484,0.5629,0.44724,0.35915,0.3775,0.1328,0.4405,0.5303,0.42667,0.35
36046,103892,Mercer,Bears,0.31213,0.68953,0.49318,66.273,107.36048,108.41214,0.28812,0.14244,0.15827,0.10499,0.097,2023-24 Men's Basketball,True,0.2887,0.1337,0.617,0.2942,0.4286,0.2106,0.3774,0.1851,0.5048,0.5384,0.31005,0.34539,0.3892,0.1111,0.5265,0.5322,0.36234,0.33686
30629,103892,Mercer,Bears,0.25509,0.73052,0.57126,64.866,107.79817,107.93726,0.28769,0.16665,0.14827,0.09422,0.08925,2021-22 Men's Basketball,True,0.2328,0.1263,0.646,0.2855,0.4345,0.1601,0.4132,0.1336,0.4456,0.57,0.42076,0.35171,0.2885,0.1107,0.4737,0.5719,0.41565,0.34571
38409,104196,Samford,Bulldogs,0.35386,0.66814,0.55979,70.461,116.78175,106.367,0.28904,0.1527,0.19463,0.13946,0.11583,2024-25 Men's Basketball,True,0.2762,0.204,0.6252,0.3318,0.4029,0.1637,0.4471,0.0403,0.4955,0.5517,0.46417,0.36401,0.3472,0.0773,0.4788,0.5617,0.44391,0.34341
33533,103892,Mercer,Bears,0.3095,0.72645,0.49589,64.21,105.83174,103.17195,0.28435,0.15364,0.15835,0.08628,0.05971,2022-23 Men's Basketball,True,0.2763,0.1227,0.645,0.2615,0.4386,0.2334,0.3934,0.1942,0.495,0.5477,0.31088,0.33447,0.3577,0.1368,0.5245,0.5143,0.33871,0.33005
36046,103449,Chattanooga,Mocs,0.28241,0.71622,0.50112,67.1,115.2505,105.4714,0.31384,0.15277,0.1308,0.09287,0.10263,2023-24 Men's Basketball,True,0.234,0.1628,0.6728,0.2569,0.4902,0.1598,0.4247,0.0762,0.4167,0.6028,0.50705,0.35942,0.2727,0.0971,0.4816,0.5143,0.42128,0.33993
38409,103892,Mercer,Bears,0.29669,0.72073,0.47443,71.094,105.82559,104.72982,0.28916,0.14317,0.15497,0.11734,0.07761,2024-25 Men's Basketball,True,0.2304,0.1997,0.5919,0.3374,0.4052,0.1647,0.4089,0.0961,0.5021,0.5306,0.4018,0.32155,0.3211,0.107,0.4438,0.5221,0.44919,0.33989
33533,104503,Wofford,Terriers,0.29771,0.73001,0.45475,64.942,113.35043,109.949,0.2881,0.14326,0.14806,0.08644,0.06143,2022-23 Men's Basketball,True,0.2152,0.1239,0.6576,0.346,0.4667,0.1644,0.4,0.0992,0.5104,0.5961,0.3904,0.33021,0.4387,0.1111,0.4691,0.5665,0.41981,0.34707
36046,103633,Furman,Paladins,0.29944,0.73552,0.58727,70.012,111.83539,106.84693,0.32181,0.14292,0.14812,0.1001,0.07159,2023-24 Men's Basketball,True,0.2252,0.1876,0.6377,0.3252,0.4203,0.1344,0.4016,0.0594,0.4596,0.5742,0.48101,0.32389,0.3395,0.1056,0.5462,0.5612,0.34823,0.34274
41097,104327,The Citadel,Bulldogs,0.2875,0.69281,0.51652,63.958,107.97034,118.94407,0.28808,0.13624,0.13326,0.08519,0.07591,2025-26 Men's Basketball,True,0.2499,0.1212,0.6052,0.2979,0.4,0.1451,0.3644,0.0611,0.443,0.538,0.49585,0.32811,0.4052,0.0809,0.4839,0.6109,0.43522,0.36452
38409,104394,VMI,Keydets,0.28297,0.69275,0.51261,67.489,108.20388,107.98677,0.35159,0.15314,0.15809,0.11651,0.08173,2024-25 Men's Basketball,True,0.2384,0.1354,0.6066,0.324,0.4021,0.1438,0.3056,0.0553,0.4678,0.5438,0.47697,0.32511,0.3817,0.0922,0.4477,0.5637,0.46009,0.33944
41097,103551,ETSU,Buccaneers,0.29352,0.71589,0.50738,65.551,117.49831,104.93784,0.33934,0.13421,0.16687,0.13195,0.11258,2025-26 Men's Basketball,True,0.2481,0.1409,0.669,0.3718,0.4797,0.1524,0.3757,0.0973,0.5242,0.6139,0.37848,0.34286,0.3103,0.0922,0.4306,0.5621,0.47722,0.32297
41097,104371,UNC Greensboro,Spartans,0.28643,0.72074,0.47965,67.637,114.96592,117.67556,0.40797,0.12887,0.11981,0.08123,0.0561,2025-26 Men's Basketball,True,0.2361,0.1651,0.6211,0.3394,0.4042,0.1447,0.3866,0.12,0.4841,0.5563,0.39586,0.36051,0.3538,0.1012,0.4351,0.5851,0.46371,0.37178
33533,104450,Western Caro.,Catamounts,0.2728,0.75678,0.49139,66.995,108.33217,103.67643,0.33449,0.13637,0.13939,0.07875,0.06368,2022-23 Men's Basketball,True,0.2529,0.153,0.6304,0.3089,0.3394,0.1952,0.3333,0.0734,0.5041,0.5177,0.42253,0.34499,0.3396,0.1659,0.5328,0.5364,0.30129,0.32419
30629,103633,Furman,Paladins,0.27783,0.72089,0.62751,64.884,117.08835,103.60545,0.2262,0.13775,0.17064,0.12467,0.09675,2021-22 Men's Basketball,True,0.22,0.1499,0.662,0.2468,0.469,0.182,0.3394,0.0535,0.4289,0.5801,0.51766,0.38009,0.3714,0.1262,0.507,0.56,0.36682,0.33146
36046,104196,Samford,Bulldogs,0.30611,0.68031,0.58729,73.083,117.75272,101.91944,0.35548,0.15457,0.19471,0.13542,0.10514,2023-24 Men's Basketball,True,0.2608,0.2368,0.6296,0.3927,0.4204,0.1459,0.375,0.0483,0.5386,0.5729,0.4131,0.39483,0.354,0.1093,0.4932,0.5284,0.39749,0.3382
33533,103449,Chattanooga,Mocs,0.2801,0.74224,0.58009,67.444,114.05815,106.50212,0.31293,0.14908,0.13537,0.08444,0.10033,2022-23 Men's Basketball,True,0.233,0.136,0.6525,0.2762,0.3972,0.1381,0.3333,0.0676,0.4143,0.5674,0.51812,0.37618,0.3555,0.122,0.4526,0.5253,0.42544,0.33371
36046,103551,ETSU,Buccaneers,0.35116,0.7082,0.46074,67.583,105.39855,102.57613,0.34256,0.15008,0.17063,0.11365,0.13449,2023-24 Men's Basketball,True,0.269,0.167,0.5621,0.3247,0.3824,0.1436,0.3424,0.1206,0.4683,0.507,0.41107,0.3105,0.371,0.1127,0.5054,0.5267,0.38195,0.3271
30629,103449,Chattanooga,Mocs,0.32756,0.73772,0.46967,64.657,113.90244,98.85292,0.26566,0.14309,0.16359,0.11038,0.06405,2021-22 Men's Basketball,True,0.24,0.1193,0.6522,0.3142,0.4332,0.1816,0.4034,0.1156,0.4959,0.572,0.38854,0.345,0.3144,0.1165,0.4794,0.5541,0.40407,0.29723
38409,103633,Furman,Paladins,0.30898,0.70556,0.6397,65.977,116.18078,105.04428,0.33646,0.14403,0.14444,0.09842,0.09005,2024-25 Men's Basketball,True,0.2245,0.1336,0.656,0.293,0.3852,0.1206,0.4267,0.0741,0.4135,0.5771,0.51235,0.36644,0.393,0.0968,0.513,0.507,0.39017,0.31852
38409,104503,Wofford,Terriers,0.36889,0.74536,0.56043,63.984,116.29623,108.67025,0.30271,0.14048,0.138,0.09261,0.0856,2024-25 Men's Basketball,True,0.2625,0.1202,0.6402,0.2984,0.4815,0.1697,0.287,0.0522,0.4681,0.5826,0.47969,0.34274,0.3613,0.0992,0.4348,0.5568,0.46597,0.33891
41097,103633,Furman,Paladins,0.32186,0.72925,0.57173,65.533,115.21692,106.93476,0.32289,0.15373,0.1256,0.07176,0.09536,2025-26 Men's Basketball,True,0.2277,0.1404,0.6647,0.3323,0.5162,0.1378,0.4831,0.0587,0.4701,0.6212,0.47114,0.32841,0.3755,0.1136,0.4655,0.5355,0.4209,0.32118
33533,103633,Furman,Paladins,0.28841,0.72938,0.59055,68.1,117.51398,103.46559,0.34147,0.1395,0.16542,0.09593,0.0845,2022-23 Men's Basketball,True,0.244,0.1827,0.7229,0.2644,0.4924,0.2165,0.359,0.055,0.481,0.6191,0.46407,0.34413,0.3655,0.1137,0.5358,0.5419,0.35053,0.3297
38409,103449,Chattanooga,Mocs,0.2595,0.72079,0.60728,66.13,118.24153,108.17344,0.29924,0.13041,0.14348,0.10148,0.08187,2024-25 Men's Basketball,True,0.2397,0.1386,0.654,0.3046,0.5199,0.1572,0.4034,0.0786,0.4618,0.6083,0.45958,0.36152,0.3721,0.1166,0.4742,0.5367,0.40913,0.34586
27693,103735,Iowa St.,Cyclones,0.24321,0.6699,0.47039,69.268,94.68057,110.74138,0.19604,0.18913,0.16046,0.09415,0.08099,2020-21 Men's Basketball,True,0.2689,0.1495,0.6366,0.2357,0.3571,0.1684,0.402,0.2095,0.4041,0.5201,0.38641,0.32051,0.3548,0.1541,0.5036,0.5867,0.34233,0.32988
27693,104306,TCU,Horned Frogs,0.29025,0.70678,0.544,66.495,100.04647,106.60878,0.32423,0.18525,0.14896,0.09025,0.09045,2020-21 Men's Basketball,True,0.2342,0.1588,0.669,0.2983,0.3926,0.1891,0.2757,0.1499,0.4874,0.5618,0.36275,0.33784,0.3772,0.1497,0.5056,0.5468,0.34471,0.33714
27693,104047,Oklahoma,Sooners,0.26963,0.72279,0.49861,67.705,108.55652,101.75825,0.29325,0.13856,0.16264,0.10424,0.0978,2020-21 Men's Basketball,True,0.2148,0.167,0.6424,0.3037,0.4048,0.1288,0.3531,0.1859,0.4325,0.5716,0.3816,0.34084,0.3049,0.1512,0.4653,0.5139,0.38353,0.35737
27693,104319,Texas,Longhorns,0.31123,0.72541,0.50855,68.266,107.44905,98.56631,0.33872,0.18106,0.15648,0.09415,0.10427,2020-21 Men's Basketball,True,0.2841,0.1667,0.6355,0.3245,0.3915,0.1222,0.3775,0.1319,0.4467,0.5687,0.42146,0.35583,0.3321,0.1755,0.493,0.4961,0.33143,0.3174
27693,103758,Kansas St.,Wildcats,0.29749,0.71961,0.58089,65.358,94.54498,107.47105,0.28916,0.19514,0.17793,0.08493,0.04731,2020-21 Men's Basketball,True,0.2596,0.127,0.6465,0.3139,0.3237,0.1313,0.3087,0.1458,0.4451,0.5513,0.409,0.29612,0.3591,0.1654,0.4278,0.5896,0.40677,0.36421
27693,104324,Texas Tech,Red Raiders,0.333,0.69979,0.51771,65.464,109.82769,95.72713,0.37919,0.13825,0.20744,0.10752,0.12236,2020-21 Men's Basketball,True,0.2621,0.1432,0.6289,0.3062,0.37,0.1633,0.3452,0.2183,0.4695,0.5389,0.3122,0.35441,0.3207,0.2237,0.3953,0.5297,0.38095,0.34247
27693,104448,West Virginia,Mountaineers,0.36058,0.68719,0.52926,68.88,110.85625,103.24508,0.37925,0.14261,0.18338,0.10844,0.07678,2020-21 Men's Basketball,True,0.2338,0.1595,0.6189,0.2839,0.344,0.1394,0.3447,0.246,0.4233,0.5283,0.33073,0.36425,0.2822,0.1174,0.5032,0.5693,0.37943,0.33538
27693,103757,Kansas,Jayhawks,0.30952,0.73458,0.52598,68.172,106.68628,97.87285,0.29795,0.14926,0.17587,0.10041,0.10938,2020-21 Men's Basketball,True,0.224,0.1426,0.6234,0.298,0.3995,0.22,0.319,0.1161,0.518,0.5283,0.36595,0.3429,0.3069,0.1732,0.4494,0.5216,0.37736,0.33636
27693,103331,Baylor,Bears,0.37293,0.69392,0.55289,68.0,121.40518,95.87445,0.26511,0.14076,0.21445,0.13007,0.10287,2020-21 Men's Basketball,True,0.2504,0.1622,0.6515,0.2906,0.4548,0.1994,0.3782,0.1262,0.4899,0.5714,0.38388,0.41298,0.2924,0.1687,0.4884,0.5549,0.34287,0.3286
27693,104048,Oklahoma St.,Cowboys,0.31421,0.69803,0.47181,71.48,104.92981,99.63078,0.37584,0.18376,0.17142,0.10239,0.11272,2020-21 Men's Basketball,True,0.2356,0.2199,0.6635,0.3539,0.3882,0.2287,0.2941,0.0955,0.5826,0.5554,0.32191,0.33159,0.3309,0.1487,0.4778,0.5073,0.37346,0.31948
30629,104048,Oklahoma St.,Cowboys,0.32279,0.68577,0.50398,67.532,98.7664,94.86583,0.32988,0.18549,0.1968,0.12346,0.15734,2021-22 Men's Basketball,True,0.2515,0.1993,0.6618,0.3149,0.3643,0.2228,0.3502,0.148,0.5377,0.5385,0.31434,0.29487,0.3211,0.1422,0.4566,0.4722,0.40116,0.32421
36046,104359,UCF,Knights,0.32903,0.73053,0.459,67.896,105.19925,99.68585,0.37172,0.15433,0.18165,0.12767,0.15165,2023-24 Men's Basketball,True,0.2679,0.1645,0.6294,0.2952,0.3308,0.2144,0.3487,0.1308,0.5096,0.5038,0.35954,0.32569,0.3318,0.1274,0.4738,0.4925,0.39881,0.33731
30629,103758,Kansas St.,Wildcats,0.25253,0.717,0.51604,66.139,103.49055,101.16818,0.29551,0.15037,0.17496,0.10987,0.04947,2021-22 Men's Basketball,True,0.2565,0.1322,0.6133,0.2702,0.375,0.1708,0.3237,0.1354,0.441,0.521,0.4236,0.34615,0.3774,0.1845,0.4136,0.5891,0.40197,0.30159
41097,103758,Kansas St.,Wildcats,0.29211,0.66054,0.57696,72.095,110.35802,113.52225,0.26851,0.15388,0.14794,0.09777,0.0915,2025-26 Men's Basketball,True,0.2662,0.1893,0.6721,0.3327,0.3373,0.1654,0.3245,0.0928,0.498,0.561,0.40918,0.36429,0.3739,0.1144,0.5,0.5741,0.38557,0.33677
41097,104389,Utah,Utes,0.29342,0.68421,0.51651,66.753,110.93754,118.0256,0.31655,0.14681,0.11608,0.07993,0.08404,2025-26 Men's Basketball,True,0.2411,0.1292,0.6038,0.3407,0.4182,0.1703,0.3944,0.1141,0.511,0.5419,0.37493,0.35286,0.4072,0.0991,0.5638,0.5697,0.33708,0.35152
38409,104306,TCU,Horned Frogs,0.33019,0.70367,0.49872,65.554,102.66333,104.42029,0.33547,0.1474,0.17268,0.11571,0.10659,2024-25 Men's Basketball,True,0.238,0.1595,0.5744,0.3333,0.413,0.2053,0.3116,0.1147,0.5387,0.5129,0.34667,0.3,0.3353,0.0948,0.4805,0.5731,0.42475,0.31627
33533,104047,Oklahoma,Sooners,0.23746,0.72816,0.53325,65.106,103.11129,102.92078,0.30053,0.1813,0.13712,0.08739,0.0759,2022-23 Men's Basketball,True,0.2467,0.1347,0.6626,0.3351,0.379,0.1839,0.3297,0.1066,0.519,0.5621,0.37434,0.35055,0.366,0.1436,0.5491,0.5163,0.30732,0.31217
33533,104324,Texas Tech,Red Raiders,0.32054,0.69876,0.49699,67.359,108.04063,101.64197,0.34807,0.17443,0.17379,0.10747,0.08692,2022-23 Men's Basketball,True,0.2273,0.1658,0.6741,0.3492,0.3818,0.1519,0.2954,0.1309,0.5011,0.5854,0.36796,0.34535,0.3354,0.1704,0.4017,0.5559,0.42788,0.32459
36046,104448,West Virginia,Mountaineers,0.26709,0.69646,0.54368,67.147,103.16301,113.55319,0.37108,0.16329,0.13049,0.06412,0.10151,2023-24 Men's Basketball,True,0.2249,0.1443,0.6364,0.2713,0.3794,0.1906,0.3311,0.1642,0.4619,0.5303,0.37388,0.34933,0.4018,0.1138,0.4566,0.5473,0.42966,0.34988
36046,104047,Oklahoma,Sooners,0.30126,0.73779,0.51138,66.757,112.03347,102.23286,0.37674,0.15999,0.14717,0.08794,0.08718,2023-24 Men's Basketball,True,0.2393,0.1735,0.664,0.3478,0.3994,0.1881,0.3239,0.079,0.5359,0.5711,0.38509,0.34538,0.3438,0.138,0.5051,0.5293,0.35687,0.29909
36046,104048,Oklahoma St.,Cowboys,0.27502,0.71533,0.53972,66.666,105.26703,107.81531,0.33963,0.16648,0.14821,0.09275,0.07256,2023-24 Men's Basketball,True,0.2369,0.1633,0.6319,0.2613,0.4398,0.2123,0.4024,0.0939,0.4736,0.5458,0.43246,0.33419,0.3834,0.1338,0.5368,0.5478,0.32946,0.34029
38409,104448,West Virginia,Mountaineers,0.25876,0.69162,0.56522,63.92,104.98721,99.83653,0.25624,0.14371,0.1682,0.11671,0.11583,2024-25 Men's Basketball,True,0.2562,0.1406,0.666,0.2747,0.3675,0.1536,0.3137,0.1107,0.4283,0.5589,0.46091,0.32627,0.3156,0.1264,0.509,0.5121,0.36461,0.29738
41097,103297,Arizona St.,Sun Devils,0.29849,0.65094,0.52989,68.977,110.66476,113.56427,0.39497,0.15083,0.15846,0.10126,0.12753,2025-26 Men's Basketball,True,0.2491,0.1734,0.6412,0.3153,0.3953,0.1802,0.3739,0.1205,0.4955,0.5518,0.38397,0.33424,0.352,0.0902,0.5066,0.5532,0.40323,0.35
30629,104448,West Virginia,Mountaineers,0.29933,0.66324,0.44416,66.994,102.17942,102.94837,0.36127,0.15834,0.19581,0.11642,0.131,2021-22 Men's Basketball,True,0.2601,0.1389,0.5939,0.2599,0.3462,0.1793,0.3863,0.2239,0.4393,0.4928,0.33687,0.32756,0.318,0.1196,0.5116,0.5636,0.3688,0.32436
38409,103758,Kansas St.,Wildcats,0.29402,0.68333,0.58995,66.466,106.14646,104.32966,0.27638,0.15475,0.15767,0.11149,0.09179,2024-25 Men's Basketball,True,0.2339,0.1606,0.664,0.3248,0.3902,0.1781,0.2595,0.0952,0.5028,0.567,0.40196,0.32522,0.287,0.1119,0.5318,0.5433,0.35629,0.31541
41097,103460,Cincinnati,Bearcats,0.30634,0.72666,0.63679,67.679,107.63428,99.47138,0.29403,0.14736,0.16083,0.09245,0.12121,2025-26 Men's Basketball,True,0.2352,0.1742,0.6298,0.2494,0.4006,0.1616,0.4007,0.1515,0.4109,0.5397,0.43753,0.33945,0.3688,0.1467,0.4542,0.5143,0.39906,0.3103
38409,104389,Utah,Utes,0.34434,0.7183,0.656,68.075,110.55574,106.25413,0.36767,0.1522,0.13651,0.09371,0.10178,2024-25 Men's Basketball,True,0.271,0.1528,0.6432,0.3473,0.3946,0.1525,0.3115,0.0622,0.4997,0.5673,0.43804,0.32712,0.3966,0.12,0.4775,0.4952,0.40253,0.34088
30629,104306,TCU,Horned Frogs,0.37896,0.73873,0.53828,65.916,103.11791,97.75826,0.31431,0.18045,0.16495,0.09691,0.11182,2021-22 Men's Basketball,True,0.2337,0.1551,0.6205,0.3526,0.4167,0.1637,0.3387,0.1642,0.5163,0.5559,0.31952,0.30378,0.331,0.1541,0.4952,0.5258,0.35069,0.30758
41097,104359,UCF,Knights,0.35025,0.71231,0.53671,69.122,115.82424,112.51747,0.30541,0.13663,0.13838,0.08007,0.0814,2025-26 Men's Basketball,True,0.2511,0.1587,0.6706,0.3255,0.375,0.2145,0.3404,0.1125,0.54,0.5532,0.34753,0.36226,0.4167,0.1329,0.4733,0.5606,0.39376,0.33887
33533,103735,Iowa St.,Cyclones,0.33898,0.73467,0.54796,64.368,104.24008,96.57743,0.27896,0.16811,0.22461,0.13541,0.11281,2022-23 Men's Basketball,True,0.2958,0.1045,0.6527,0.3167,0.3786,0.2035,0.3346,0.1413,0.5202,0.5455,0.33847,0.33124,0.3383,0.1665,0.3648,0.5643,0.46871,0.33645
41097,103484,Colorado,Buffaloes,0.29024,0.70364,0.55195,68.614,115.5025,114.93482,0.36653,0.12959,0.13422,0.09098,0.08696,2025-26 Men's Basketball,True,0.2546,0.1843,0.616,0.3291,0.4447,0.2058,0.435,0.1127,0.5349,0.5501,0.35238,0.35151,0.4156,0.1161,0.5199,0.5368,0.364,0.36326
38409,103297,Arizona St.,Sun Devils,0.25065,0.69732,0.51084,68.628,106.70423,110.58994,0.36205,0.15781,0.14065,0.07603,0.12076,2024-25 Men's Basketball,True,0.2454,0.1457,0.6,0.2907,0.4175,0.157,0.3724,0.1263,0.4477,0.536,0.426,0.35608,0.4148,0.087,0.5104,0.5344,0.40267,0.32883
36046,103320,BYU,Cougars,0.32794,0.75402,0.63407,68.65,118.58898,101.88028,0.25383,0.1319,0.14291,0.08638,0.0764,2023-24 Men's Basketball,True,0.2579,0.1728,0.7081,0.2988,0.3633,0.1239,0.3885,0.0729,0.4227,0.607,0.50441,0.34775,0.3678,0.1643,0.4958,0.5206,0.33999,0.32012
41097,103331,Baylor,Bears,0.37153,0.69302,0.52882,68.16,119.87427,112.15019,0.34264,0.13898,0.13945,0.09487,0.10224,2025-26 Men's Basketball,True,0.2374,0.1603,0.6949,0.3186,0.4394,0.1906,0.3828,0.1006,0.5091,0.5992,0.39028,0.33909,0.3534,0.1372,0.5124,0.5629,0.35046,0.34578
33533,103331,Baylor,Bears,0.34419,0.6914,0.54886,66.207,115.92055,105.74043,0.36791,0.15371,0.17532,0.09879,0.06937,2022-23 Men's Basketball,True,0.2611,0.1384,0.6599,0.2253,0.4428,0.1742,0.3872,0.1518,0.3996,0.5652,0.44865,0.36788,0.3418,0.1661,0.4553,0.6028,0.37855,0.325
36046,103757,Kansas,Jayhawks,0.25712,0.73717,0.67396,68.563,109.79972,101.55085,0.32028,0.15031,0.14604,0.10383,0.11028,2023-24 Men's Basketball,True,0.2146,0.1623,0.6983,0.3589,0.4316,0.1932,0.3673,0.1495,0.5521,0.605,0.29842,0.3322,0.3447,0.1426,0.4443,0.4951,0.41314,0.3404
33533,104448,West Virginia,Mountaineers,0.34014,0.7068,0.50113,67.84,111.575,104.14531,0.39375,0.16109,0.18584,0.09788,0.08631,2022-23 Men's Basketball,True,0.2729,0.1593,0.6259,0.2847,0.4313,0.1639,0.4011,0.1889,0.4485,0.5548,0.36252,0.35028,0.3696,0.1384,0.5105,0.5454,0.3511,0.34049
36046,104319,Texas,Longhorns,0.29868,0.69884,0.54936,66.909,112.25141,102.5723,0.30181,0.14858,0.16414,0.10688,0.11435,2023-24 Men's Basketball,True,0.2571,0.1593,0.6766,0.3204,0.4286,0.1303,0.3616,0.2017,0.4507,0.6049,0.34759,0.35456,0.3441,0.1603,0.5113,0.5091,0.32835,0.33595
36046,104324,Texas Tech,Red Raiders,0.3026,0.69729,0.57127,65.743,114.15222,105.54958,0.34174,0.14465,0.14745,0.09085,0.06975,2023-24 Men's Basketball,True,0.2266,0.1414,0.6327,0.3026,0.3643,0.1441,0.4207,0.1395,0.4467,0.5461,0.41379,0.35945,0.3738,0.1598,0.454,0.5417,0.38626,0.32216
41097,104324,Texas Tech,Red Raiders,0.33248,0.69386,0.54959,66.583,120.10593,109.36725,0.27673,0.13633,0.12818,0.08929,0.09734,2025-26 Men's Basketball,True,0.2433,0.1236,0.6378,0.2458,0.4808,0.1761,0.4009,0.1026,0.4219,0.5722,0.47557,0.39064,0.3679,0.1551,0.4868,0.5481,0.35805,0.32153
30629,103331,Baylor,Bears,0.36326,0.7117,0.56341,67.377,113.49124,94.38103,0.28997,0.152,0.20278,0.12926,0.09693,2021-22 Men's Basketball,True,0.2373,0.1822,0.6974,0.2967,0.4077,0.1613,0.3636,0.1584,0.458,0.5954,0.38358,0.34293,0.3511,0.1686,0.4693,0.5428,0.36205,0.30219
30629,104319,Texas,Longhorns,0.3164,0.7029,0.54087,63.167,108.11325,95.30976,0.31972,0.15413,0.20176,0.12058,0.10132,2021-22 Men's Basketball,True,0.2809,0.1302,0.6479,0.2831,0.3859,0.158,0.3914,0.1978,0.4411,0.5541,0.36108,0.3304,0.3172,0.1938,0.4707,0.5274,0.33548,0.31937
38409,103757,Kansas,Jayhawks,0.30501,0.7243,0.61179,67.851,110.91751,101.39927,0.24415,0.1478,0.13636,0.09066,0.12872,2024-25 Men's Basketball,True,0.2085,0.1465,0.6539,0.3368,0.3966,0.1964,0.4053,0.1261,0.5332,0.5591,0.34066,0.35484,0.33,0.1449,0.4495,0.5064,0.40555,0.30778
36046,104306,TCU,Horned Frogs,0.35874,0.71613,0.59647,69.14,112.64625,102.24942,0.35041,0.15373,0.18328,0.128,0.10207,2023-24 Men's Basketball,True,0.2486,0.1993,0.6174,0.3629,0.4045,0.1704,0.3732,0.1642,0.5333,0.5494,0.30254,0.35443,0.3362,0.1201,0.529,0.5528,0.35093,0.33038
36046,103758,Kansas St.,Wildcats,0.32419,0.69481,0.5675,66.899,105.18173,103.59586,0.38301,0.18322,0.13886,0.08686,0.10619,2023-24 Men's Basketball,True,0.2554,0.1628,0.652,0.3564,0.3401,0.1532,0.2614,0.0797,0.5096,0.5583,0.41063,0.31853,0.3264,0.1393,0.4937,0.5073,0.36702,0.31225
38409,104048,Oklahoma St.,Cowboys,0.31106,0.70411,0.51445,70.401,103.73244,108.39959,0.4101,0.16735,0.17853,0.12767,0.08856,2024-25 Men's Basketball,True,0.276,0.2004,0.5804,0.3388,0.3614,0.1823,0.3872,0.1317,0.5211,0.5038,0.3472,0.33096,0.4096,0.0927,0.4815,0.5533,0.42575,0.35342
38409,103460,Cincinnati,Bearcats,0.32192,0.70523,0.50999,65.211,109.1409,101.56106,0.23113,0.13387,0.17127,0.1157,0.11128,2024-25 Men's Basketball,True,0.2173,0.1451,0.6698,0.2972,0.3978,0.1755,0.3831,0.1453,0.4726,0.5689,0.38208,0.32469,0.3776,0.1435,0.5103,0.5133,0.34621,0.33043
41097,103320,BYU,Cougars,0.3432,0.7035,0.44971,69.069,120.5252,108.81892,0.34376,0.13066,0.14327,0.10361,0.11823,2025-26 Men's Basketball,True,0.2288,0.1882,0.6558,0.3382,0.4756,0.179,0.369,0.0861,0.5173,0.5934,0.39669,0.34571,0.406,0.1238,0.4863,0.5254,0.38995,0.35322
33533,104306,TCU,Horned Frogs,0.32186,0.69494,0.58549,69.392,108.06696,98.26134,0.3407,0.1453,0.18934,0.1151,0.12538,2022-23 Men's Basketball,True,0.2372,0.2151,0.6144,0.4107,0.4092,0.1527,0.3356,0.1372,0.5634,0.5588,0.29934,0.30926,0.3368,0.1428,0.5069,0.5353,0.35034,0.30812
38409,103484,Colorado,Buffaloes,0.29221,0.71727,0.58422,66.756,103.73268,106.87738,0.35826,0.18547,0.14311,0.10389,0.10993,2024-25 Men's Basketball,True,0.246,0.1543,0.6121,0.329,0.4392,0.1893,0.3671,0.1083,0.5183,0.5489,0.37343,0.32073,0.335,0.0986,0.5069,0.5214,0.39448,0.34125
30629,103735,Iowa St.,Cyclones,0.28391,0.71712,0.60424,65.943,98.77397,94.17083,0.2707,0.18009,0.21871,0.12871,0.09829,2021-22 Men's Basketball,True,0.275,0.1318,0.6238,0.3118,0.3292,0.1219,0.4102,0.1894,0.4337,0.541,0.37684,0.31536,0.3779,0.1922,0.4274,0.566,0.38045,0.28928
41097,103757,Kansas,Jayhawks,0.29246,0.70124,0.52304,66.894,111.49216,102.50154,0.32221,0.13742,0.11802,0.08003,0.15635,2025-26 Men's Basketball,True,0.2129,0.1481,0.6543,0.3261,0.3782,0.1867,0.3369,0.135,0.5128,0.5538,0.3522,0.34615,0.3377,0.1027,0.4791,0.4671,0.41828,0.30571
41097,104048,Oklahoma St.,Cowboys,0.30775,0.6965,0.50395,72.468,114.4896,113.59241,0.39391,0.13787,0.13651,0.09657,0.07193,2025-26 Men's Basketball,True,0.2313,0.173,0.6264,0.3235,0.4517,0.2303,0.3582,0.0913,0.5538,0.5537,0.35484,0.33931,0.3874,0.0979,0.4724,0.5518,0.42964,0.36037
41097,104306,TCU,Horned Frogs,0.33987,0.70912,0.57264,67.822,112.87058,105.15971,0.37482,0.13165,0.17312,0.11224,0.1256,2025-26 Men's Basketball,True,0.2375,0.185,0.6166,0.3405,0.4113,0.1907,0.3209,0.101,0.5312,0.5429,0.36778,0.33206,0.359,0.1155,0.5015,0.5541,0.38302,0.33505
38409,103735,Iowa St.,Cyclones,0.32203,0.72062,0.5336,67.87,116.71089,99.27896,0.37856,0.15039,0.19109,0.13434,0.10144,2024-25 Men's Basketball,True,0.2349,0.1755,0.6824,0.3343,0.4308,0.2168,0.3636,0.0811,0.5511,0.5834,0.36775,0.35829,0.3014,0.1409,0.4503,0.5339,0.4088,0.33619
30629,104047,Oklahoma,Sooners,0.25698,0.73822,0.5548,65.022,104.70933,98.60092,0.27434,0.19851,0.18185,0.11191,0.05226,2021-22 Men's Basketball,True,0.2348,0.1521,0.6884,0.3626,0.3745,0.1307,0.3657,0.0941,0.4933,0.6052,0.41259,0.34681,0.3671,0.164,0.4914,0.548,0.34458,0.31777
41097,104448,West Virginia,Mountaineers,0.30504,0.71393,0.51908,62.89,110.33399,102.70166,0.35082,0.14611,0.15613,0.09945,0.09,2025-26 Men's Basketball,True,0.2415,0.1162,0.677,0.2819,0.3898,0.2124,0.3851,0.0761,0.4943,0.5536,0.42953,0.33054,0.2824,0.1312,0.4861,0.5175,0.38272,0.34274
38409,103331,Baylor,Bears,0.36554,0.69679,0.53277,64.312,116.27491,106.62898,0.30118,0.13575,0.16527,0.11557,0.08596,2024-25 Men's Basketball,True,0.2488,0.1449,0.6598,0.2725,0.4094,0.2414,0.3209,0.088,0.5139,0.5421,0.39812,0.34752,0.2962,0.1342,0.4541,0.5602,0.41176,0.35464
36046,103331,Baylor,Bears,0.35817,0.72935,0.53154,65.324,120.49593,106.57938,0.3953,0.15198,0.15527,0.10135,0.086,2023-24 Men's Basketball,True,0.247,0.1266,0.7097,0.2979,0.4144,0.2014,0.3319,0.1144,0.4993,0.5906,0.38631,0.38939,0.3931,0.16,0.4836,0.563,0.35632,0.33616
33533,104048,Oklahoma St.,Cowboys,0.32643,0.71813,0.51657,66.532,101.91615,98.26741,0.32454,0.1782,0.16465,0.08451,0.13722,2022-23 Men's Basketball,True,0.2534,0.1546,0.6578,0.2586,0.4116,0.2185,0.3516,0.1334,0.477,0.5451,0.38954,0.30991,0.3564,0.1392,0.4716,0.4719,0.38921,0.31559
33533,103757,Kansas,Jayhawks,0.28723,0.71288,0.58882,68.868,108.75308,98.13813,0.29832,0.15486,0.17723,0.12671,0.10213,2022-23 Men's Basketball,True,0.2392,0.1624,0.6714,0.3282,0.4112,0.1839,0.3645,0.1499,0.5121,0.5779,0.338,0.34669,0.3212,0.1436,0.5036,0.5156,0.35283,0.30997
38409,103320,BYU,Cougars,0.33665,0.73602,0.59597,66.824,119.75835,106.72426,0.30449,0.15046,0.15018,0.10534,0.09965,2024-25 Men's Basketball,True,0.2398,0.1626,0.6737,0.329,0.4525,0.1411,0.4017,0.0541,0.4702,0.6073,0.47571,0.3677,0.428,0.1185,0.4192,0.5147,0.4623,0.35692
33533,103758,Kansas St.,Wildcats,0.29882,0.69688,0.6358,68.907,108.64924,99.65458,0.36054,0.17105,0.18392,0.11447,0.07657,2022-23 Men's Basketball,True,0.2552,0.1846,0.6472,0.3783,0.3836,0.1527,0.3142,0.1085,0.531,0.5714,0.36054,0.34354,0.3312,0.1502,0.4807,0.5427,0.36908,0.30759
36046,103735,Iowa St.,Cyclones,0.31116,0.7069,0.58084,66.525,113.22649,92.5069,0.35351,0.13402,0.22417,0.15574,0.10803,2023-24 Men's Basketball,True,0.2477,0.1523,0.6817,0.3064,0.3609,0.2292,0.3931,0.147,0.5356,0.5444,0.31747,0.35808,0.3127,0.1524,0.3955,0.5364,0.45207,0.31518
41097,103735,Iowa St.,Cyclones,0.35152,0.71405,0.58991,67.133,122.10584,97.74909,0.34541,0.12802,0.20043,0.13445,0.08319,2025-26 Men's Basketball,True,0.238,0.1613,0.679,0.3387,0.4082,0.1852,0.3807,0.0881,0.5239,0.5833,0.38792,0.38293,0.354,0.1349,0.4392,0.5594,0.4259,0.32023
41097,103704,Houston,Cougars,0.35671,0.6972,0.5258,63.418,120.79588,97.9449,0.26297,0.10745,0.17947,0.11873,0.12467,2025-26 Men's Basketball,True,0.282,0.1261,0.7206,0.1967,0.4447,0.1971,0.3882,0.1989,0.3938,0.5825,0.40733,0.3469,0.2816,0.1267,0.4581,0.5,0.4152,0.31631
38409,103296,Arizona,Wildcats,0.36019,0.72119,0.55576,68.871,118.96509,105.67312,0.35847,0.13818,0.14179,0.1083,0.12135,2024-25 Men's Basketball,True,0.2436,0.1754,0.6606,0.3611,0.4458,0.179,0.3438,0.1129,0.5401,0.5894,0.347,0.33799,0.3719,0.1253,0.4617,0.5029,0.41293,0.33972
30629,104324,Texas Tech,Red Raiders,0.33107,0.74129,0.52219,66.034,108.06264,90.92335,0.35134,0.17377,0.20604,0.11945,0.12048,2021-22 Men's Basketball,True,0.2422,0.1413,0.6983,0.3533,0.397,0.1606,0.3545,0.1455,0.5139,0.6042,0.34063,0.32143,0.3604,0.1866,0.3591,0.4887,0.45422,0.31514
36046,103704,Houston,Cougars,0.36815,0.68784,0.49337,62.864,115.76683,90.74076,0.30766,0.11517,0.21119,0.15375,0.15964,2023-24 Men's Basketball,True,0.2801,0.1219,0.6932,0.2306,0.4106,0.2279,0.3325,0.1738,0.4586,0.5527,0.36767,0.34836,0.3069,0.1488,0.4501,0.4726,0.40118,0.3012
36046,103460,Cincinnati,Bearcats,0.36283,0.74691,0.52786,66.88,110.24751,100.55849,0.27619,0.14659,0.15514,0.09579,0.11706,2023-24 Men's Basketball,True,0.2213,0.157,0.6123,0.3104,0.4055,0.2061,0.4142,0.116,0.5165,0.5298,0.36753,0.3298,0.3265,0.1583,0.4939,0.5071,0.34777,0.33601
38409,104324,Texas Tech,Red Raiders,0.34165,0.71659,0.57224,65.127,122.14335,103.3709,0.29156,0.12185,0.15008,0.0947,0.08339,2024-25 Men's Basketball,True,0.237,0.1278,0.6704,0.2735,0.4613,0.1763,0.3598,0.1051,0.4499,0.5885,0.44503,0.3666,0.3521,0.1603,0.4938,0.5207,0.34583,0.32373
38409,104359,UCF,Knights,0.31946,0.65778,0.52069,70.828,110.73642,111.5995,0.35555,0.14386,0.15126,0.10496,0.1094,2024-25 Men's Basketball,True,0.2395,0.1909,0.6024,0.2855,0.3602,0.1707,0.4082,0.1264,0.4561,0.5118,0.41745,0.3378,0.3884,0.1017,0.5246,0.5473,0.37369,0.32846
33533,104319,Texas,Longhorns,0.28306,0.70992,0.56694,68.748,112.31137,97.7181,0.30537,0.14462,0.19551,0.11351,0.09777,2022-23 Men's Basketball,True,0.2512,0.1883,0.6868,0.2971,0.4351,0.1346,0.407,0.2232,0.4316,0.6083,0.34513,0.34684,0.3582,0.1886,0.4644,0.5273,0.34709,0.32432
41097,103296,Arizona,Wildcats,0.38362,0.73089,0.54015,69.935,122.79829,98.89648,0.43929,0.12948,0.14192,0.10434,0.10749,2025-26 Men's Basketball,True,0.2262,0.1768,0.6475,0.4043,0.4437,0.1948,0.3926,0.1374,0.5991,0.5813,0.26349,0.3664,0.391,0.1623,0.4626,0.46,0.3751,0.31453
30629,103757,Kansas,Jayhawks,0.32858,0.71561,0.53584,68.077,113.83914,97.86746,0.32344,0.15042,0.15785,0.09128,0.10935,2021-22 Men's Basketball,True,0.2318,0.1742,0.6572,0.3097,0.4677,0.2261,0.3699,0.1333,0.5357,0.5772,0.33097,0.36111,0.3246,0.175,0.4774,0.5152,0.34757,0.29833
38409,103704,Houston,Cougars,0.36861,0.71386,0.4514,61.062,118.7587,94.5716,0.27223,0.11883,0.1829,0.1252,0.15835,2024-25 Men's Basketball,True,0.2624,0.0996,0.6562,0.2001,0.4232,0.2676,0.3651,0.185,0.4677,0.5229,0.34732,0.39372,0.2953,0.1237,0.4421,0.4868,0.43427,0.30157
27693,103850,Maine,Black Bears,0.23826,0.69508,0.62791,64.215,82.7086,100.53074,0.27212,0.22507,0.18036,0.08808,0.13468,2020-21 Men's Basketball,True,0.2784,0.0978,0.5784,0.2257,0.3516,0.2013,0.3036,0.1239,0.427,0.4715,0.44912,0.31527,0.3478,0.1414,0.4672,0.5482,0.39139,0.3089
27693,104401,Vermont,Catamounts,0.26638,0.76834,0.55091,65.075,110.33967,95.82925,0.32971,0.16179,0.17124,0.07565,0.08025,2020-21 Men's Basketball,True,0.268,0.1444,0.6775,0.3333,0.3798,0.1558,0.3647,0.1027,0.4891,0.5827,0.40821,0.3432,0.3496,0.1519,0.4469,0.5138,0.40123,0.31077
27693,103273,UAlbany,Great Danes,0.22312,0.72692,0.47342,67.998,102.02529,101.01423,0.34088,0.16524,0.18756,0.09007,0.05142,2020-21 Men's Basketball,True,0.2618,0.1798,0.5882,0.3658,0.4277,0.1801,0.3571,0.111,0.5459,0.5353,0.34315,0.33663,0.396,0.113,0.5179,0.5356,0.36913,0.34545
27693,103351,Binghamton,Bearcats,0.29224,0.72347,0.46279,65.089,98.49418,108.86199,0.23195,0.17921,0.14431,0.07518,0.08296,2020-21 Men's Basketball,True,0.2567,0.1261,0.5993,0.2618,0.4406,0.1376,0.3158,0.1463,0.3994,0.5446,0.45428,0.33051,0.3173,0.1003,0.5391,0.5295,0.36066,0.36631
27693,103981,New Hampshire,Wildcats,0.28044,0.78281,0.47124,66.498,100.4889,99.54534,0.31822,0.14013,0.16716,0.082,0.08384,2020-21 Men's Basketball,True,0.2704,0.1567,0.6268,0.2524,0.3556,0.24,0.297,0.1467,0.4924,0.4946,0.36089,0.31773,0.3275,0.1691,0.4797,0.5278,0.35114,0.34366
27693,103967,NJIT,Highlanders,0.24143,0.70813,0.41136,66.683,97.84687,103.84544,0.34191,0.14484,0.18555,0.09877,0.06158,2020-21 Men's Basketball,True,0.2617,0.1415,0.5858,0.284,0.3719,0.2224,0.3401,0.1351,0.5064,0.4918,0.35846,0.30513,0.3841,0.154,0.4864,0.5869,0.35962,0.33159
27693,104364,UMBC,Retrievers,0.25959,0.75749,0.45342,67.434,103.13835,96.24269,0.36545,0.16863,0.15872,0.0771,0.05095,2020-21 Men's Basketball,True,0.2511,0.1618,0.5945,0.2795,0.4268,0.2363,0.4,0.1105,0.5159,0.5177,0.37368,0.34961,0.2899,0.1525,0.4422,0.5,0.40523,0.3363
27693,104369,UMass Lowell,River Hawks,0.2698,0.73391,0.47679,67.807,100.98978,104.58053,0.37177,0.18797,0.1452,0.07386,0.10723,2020-21 Men's Basketball,True,0.3006,0.122,0.6247,0.3266,0.4152,0.1806,0.3616,0.1427,0.5073,0.5501,0.35,0.34562,0.3311,0.1135,0.523,0.5235,0.3635,0.31646
27693,104298,Stony Brook,Seawolves,0.30787,0.72976,0.51197,66.637,98.23787,97.39878,0.32929,0.17451,0.17108,0.08359,0.14485,2020-21 Men's Basketball,True,0.2498,0.1148,0.6136,0.3005,0.4024,0.1866,0.3005,0.154,0.4871,0.5327,0.35888,0.29598,0.3782,0.1476,0.4541,0.4832,0.39832,0.33205
27693,103680,Hartford,Hawks,0.24684,0.70975,0.46975,65.733,99.51821,97.23626,0.28582,0.17656,0.17458,0.10491,0.06642,2020-21 Men's Basketball,True,0.2446,0.1204,0.6376,0.2897,0.3737,0.1456,0.3901,0.1395,0.4352,0.5493,0.42529,0.32252,0.3497,0.1331,0.4575,0.5517,0.40945,0.28952
30629,103981,New Hampshire,Wildcats,0.28926,0.78548,0.48159,62.448,110.09238,104.03015,0.25218,0.12462,0.13456,0.07413,0.08602,2021-22 Men's Basketball,True,0.215,0.0988,0.6192,0.2403,0.4624,0.2316,0.2834,0.1164,0.472,0.5422,0.41158,0.36611,0.4043,0.1498,0.456,0.5186,0.39414,0.3405
36046,103967,NJIT,Highlanders,0.29888,0.68025,0.44344,67.182,101.11161,111.69058,0.31469,0.13979,0.15015,0.10668,0.08932,2023-24 Men's Basketball,True,0.2845,0.1373,0.5653,0.2641,0.3639,0.2076,0.3784,0.1321,0.4717,0.4767,0.39619,0.3018,0.3846,0.1058,0.5388,0.5482,0.35544,0.34859
30629,103850,Maine,Black Bears,0.25341,0.70748,0.5635,65.411,95.47036,108.75503,0.20859,0.16929,0.17202,0.10967,0.07859,2021-22 Men's Basketball,True,0.2664,0.1321,0.6157,0.2612,0.3787,0.182,0.3838,0.1717,0.4432,0.5184,0.38513,0.30769,0.3385,0.1237,0.5219,0.5626,0.35447,0.37388
30629,103351,Binghamton,Bearcats,0.27362,0.72909,0.44772,66.291,101.62005,102.70772,0.22991,0.16419,0.14486,0.0852,0.10047,2021-22 Men's Basketball,True,0.2506,0.1393,0.5976,0.2996,0.4025,0.1909,0.3846,0.1537,0.4905,0.5217,0.35579,0.35382,0.341,0.1292,0.4988,0.5263,0.37202,0.3296
30629,103967,NJIT,Highlanders,0.23188,0.72387,0.44665,66.052,94.11044,104.62443,0.31067,0.16954,0.14913,0.09066,0.10433,2021-22 Men's Basketball,True,0.2361,0.1409,0.568,0.3394,0.3561,0.1647,0.2965,0.141,0.5041,0.4988,0.35496,0.32689,0.3529,0.1192,0.4743,0.5369,0.40654,0.33477
33533,103379,Bryant,Bulldogs,0.30142,0.75197,0.47524,71.614,110.3657,101.6514,0.33059,0.16158,0.1505,0.09239,0.09381,2022-23 Men's Basketball,True,0.24,0.2287,0.6496,0.3745,0.3941,0.1867,0.3294,0.0467,0.5612,0.5646,0.39209,0.34034,0.364,0.1531,0.4581,0.5171,0.38886,0.32962
33533,103981,New Hampshire,Wildcats,0.26977,0.73603,0.50287,64.564,101.99441,102.96724,0.29045,0.13086,0.14608,0.08211,0.06696,2022-23 Men's Basketball,True,0.2313,0.1274,0.5711,0.2333,0.3799,0.2047,0.305,0.1481,0.438,0.4817,0.41395,0.34254,0.3487,0.1399,0.5273,0.5373,0.33275,0.31095
36046,103351,Binghamton,Bearcats,0.30183,0.75403,0.54307,67.301,106.24508,106.44156,0.34235,0.1547,0.12068,0.07381,0.10282,2023-24 Men's Basketball,True,0.2448,0.1495,0.5953,0.4649,0.4279,0.1237,0.3575,0.103,0.5886,0.5601,0.3084,0.30597,0.3415,0.1145,0.4994,0.5045,0.38603,0.33719
33533,103850,Maine,Black Bears,0.23625,0.71267,0.52934,65.945,102.54165,104.3888,0.23144,0.16443,0.18214,0.14199,0.05855,2022-23 Men's Basketball,True,0.2227,0.1576,0.6358,0.2648,0.5126,0.2326,0.3534,0.1555,0.4974,0.5781,0.34717,0.33333,0.3415,0.1227,0.5111,0.5773,0.36625,0.34314
33533,103967,NJIT,Highlanders,0.24324,0.71321,0.45161,65.503,100.50799,109.21734,0.28143,0.14632,0.13111,0.0804,0.07741,2022-23 Men's Basketball,True,0.2357,0.134,0.5786,0.2641,0.441,0.2393,0.3344,0.1724,0.5035,0.5132,0.32411,0.34875,0.3575,0.1079,0.5064,0.5596,0.38569,0.33623
41097,103981,New Hampshire,Wildcats,0.26983,0.74063,0.45087,66.487,101.54133,109.46507,0.28689,0.1411,0.14573,0.09125,0.06072,2025-26 Men's Basketball,True,0.2583,0.1662,0.579,0.3309,0.3703,0.1889,0.2892,0.0457,0.5198,0.5032,0.43447,0.30925,0.3537,0.0859,0.5491,0.5585,0.36507,0.3376
30629,104298,Stony Brook,Seawolves,0.27256,0.70663,0.42577,67.372,107.82306,108.10919,0.26935,0.13655,0.15442,0.09861,0.08094,2021-22 Men's Basketball,True,0.2111,0.1481,0.627,0.2349,0.4641,0.2097,0.3732,0.1527,0.4446,0.5502,0.40269,0.33912,0.3721,0.1374,0.4547,0.5855,0.40788,0.33812
30629,103273,UAlbany,Great Danes,0.2614,0.72848,0.40896,64.52,95.459,101.6835,0.25043,0.16538,0.18442,0.10423,0.0754,2021-22 Men's Basketball,True,0.2778,0.1389,0.5701,0.2499,0.4146,0.2286,0.3459,0.1976,0.4785,0.4958,0.32395,0.3227,0.3775,0.1517,0.4625,0.5283,0.38574,0.35545
33533,103273,UAlbany,Great Danes,0.28792,0.73663,0.5,66.625,100.59364,112.45655,0.31339,0.17171,0.15521,0.08577,0.04501,2022-23 Men's Basketball,True,0.2749,0.1463,0.5746,0.2971,0.4127,0.1914,0.2893,0.0966,0.4885,0.5112,0.41495,0.3265,0.3909,0.1231,0.535,0.5993,0.34187,0.36197
36046,103981,New Hampshire,Wildcats,0.2373,0.75172,0.45568,71.935,102.63643,102.59177,0.29214,0.14562,0.14939,0.10118,0.05415,2023-24 Men's Basketball,True,0.2109,0.2198,0.571,0.3097,0.3984,0.196,0.3056,0.0558,0.5057,0.5041,0.43847,0.32429,0.4064,0.1135,0.499,0.5514,0.38756,0.29813
38409,103967,NJIT,Highlanders,0.29083,0.68605,0.42975,65.752,98.85006,110.87039,0.27052,0.15586,0.12004,0.07235,0.0958,2024-25 Men's Basketball,True,0.2786,0.131,0.6213,0.2634,0.3343,0.1862,0.3344,0.1713,0.4496,0.5025,0.37906,0.30814,0.36,0.0961,0.5574,0.5369,0.34651,0.30586
30629,104369,UMass Lowell,River Hawks,0.29982,0.71872,0.43562,67.402,104.02033,96.85143,0.26406,0.15594,0.17818,0.10831,0.11083,2021-22 Men's Basketball,True,0.235,0.1592,0.6309,0.2844,0.4394,0.2475,0.3986,0.1478,0.5319,0.5418,0.3203,0.30602,0.3162,0.1543,0.5111,0.4728,0.33466,0.35763
41097,103379,Bryant,Bulldogs,0.28478,0.6937,0.54493,63.667,100.62387,112.43842,0.30176,0.17447,0.12906,0.09193,0.11354,2025-26 Men's Basketball,True,0.2539,0.1044,0.5974,0.3171,0.3744,0.1241,0.3043,0.0812,0.4412,0.5347,0.47765,0.30419,0.2722,0.0951,0.5492,0.5482,0.35566,0.35443
33533,103351,Binghamton,Bearcats,0.28998,0.72018,0.45466,65.75,102.98779,107.04357,0.29665,0.16854,0.13961,0.06968,0.0839,2022-23 Men's Basketball,True,0.2696,0.1362,0.6155,0.329,0.4063,0.1787,0.409,0.19,0.5077,0.5419,0.30233,0.3227,0.32,0.112,0.542,0.531,0.34602,0.32848
41097,103351,Binghamton,Bearcats,0.21812,0.71549,0.49793,63.866,104.22085,114.91524,0.41709,0.16963,0.11975,0.07947,0.08456,2025-26 Men's Basketball,True,0.2571,0.1243,0.6062,0.4051,0.3851,0.1873,0.4155,0.0899,0.5924,0.5363,0.31772,0.32669,0.4015,0.0738,0.5344,0.5492,0.39184,0.35663
38409,103981,New Hampshire,Wildcats,0.27885,0.69538,0.46503,67.85,97.82583,112.84053,0.26816,0.16846,0.1465,0.08326,0.06708,2024-25 Men's Basketball,True,0.2436,0.1457,0.5883,0.3114,0.3605,0.1838,0.3111,0.0962,0.4952,0.5038,0.40865,0.32549,0.377,0.1011,0.4987,0.5924,0.40021,0.33598
41097,103273,UAlbany,Great Danes,0.33835,0.69094,0.50396,65.253,110.29142,111.68024,0.24231,0.1571,0.14144,0.10617,0.11626,2025-26 Men's Basketball,True,0.2578,0.1417,0.6272,0.3669,0.4464,0.1782,0.4103,0.0827,0.5451,0.5681,0.37222,0.33476,0.3939,0.0907,0.5143,0.531,0.39505,0.35049
41097,103850,Maine,Black Bears,0.19687,0.66034,0.55197,64.307,97.23856,106.42302,0.37625,0.17552,0.16998,0.12107,0.09148,2025-26 Men's Basketball,True,0.2581,0.1526,0.629,0.2712,0.4714,0.24,0.3661,0.1144,0.5112,0.555,0.37438,0.31886,0.3873,0.098,0.5334,0.5679,0.36863,0.29647
30629,103680,Hartford,Hawks,0.23755,0.71532,0.48811,65.85,105.6056,109.151,0.27615,0.16359,0.14494,0.09124,0.08813,2021-22 Men's Basketball,True,0.227,0.1236,0.6494,0.2711,0.4101,0.1564,0.3488,0.1209,0.4274,0.5618,0.45163,0.36986,0.3591,0.1394,0.4774,0.5468,0.38321,0.35674
30629,104364,UMBC,Retrievers,0.22026,0.71833,0.48708,67.522,108.75318,106.35591,0.30568,0.14448,0.14664,0.07046,0.0528,2021-22 Men's Basketball,True,0.1983,0.1429,0.6174,0.2491,0.4066,0.1942,0.37,0.1327,0.4433,0.5251,0.42398,0.38345,0.3462,0.1685,0.4627,0.5776,0.36879,0.34553
33533,104364,UMBC,Retrievers,0.26471,0.73432,0.52474,67.091,110.33279,108.01292,0.26463,0.1303,0.15008,0.0836,0.06983,2022-23 Men's Basketball,True,0.2166,0.1548,0.645,0.2553,0.4375,0.1989,0.42,0.1554,0.4542,0.5542,0.39047,0.34085,0.3064,0.1249,0.4918,0.5481,0.38331,0.37725
36046,103273,UAlbany,Great Danes,0.30511,0.70953,0.44771,72.893,107.48609,107.65691,0.28849,0.15481,0.15448,0.11395,0.07383,2023-24 Men's Basketball,True,0.2652,0.203,0.5743,0.4085,0.4228,0.1574,0.3504,0.0665,0.5658,0.5322,0.36765,0.33025,0.3925,0.1101,0.5936,0.5685,0.2963,0.28993
36046,104364,UMBC,Retrievers,0.25785,0.69444,0.43665,73.441,106.68428,109.48172,0.24597,0.15546,0.13174,0.06931,0.09251,2023-24 Men's Basketball,True,0.2147,0.2188,0.6642,0.2732,0.4638,0.2087,0.3761,0.1689,0.4819,0.5774,0.34929,0.35786,0.3702,0.0877,0.5487,0.5442,0.36355,0.312
36046,103850,Maine,Black Bears,0.23352,0.72719,0.49563,66.786,100.47185,100.23971,0.29547,0.14996,0.17092,0.12496,0.08714,2023-24 Men's Basketball,True,0.2423,0.1522,0.5984,0.272,0.4768,0.2474,0.3891,0.16,0.5194,0.5405,0.32059,0.29472,0.3508,0.1065,0.5652,0.5276,0.32832,0.31749
36046,104369,UMass Lowell,River Hawks,0.33394,0.73858,0.44469,71.156,111.60075,98.52764,0.38773,0.15875,0.14206,0.09638,0.11595,2023-24 Men's Basketball,True,0.2091,0.1563,0.6425,0.3446,0.4644,0.2843,0.3176,0.0769,0.6289,0.562,0.29418,0.32862,0.3223,0.1178,0.5411,0.5144,0.34112,0.28673
38409,104369,UMass Lowell,River Hawks,0.27482,0.72162,0.53712,68.934,114.38865,106.65178,0.34075,0.15911,0.12893,0.08455,0.10402,2024-25 Men's Basketball,True,0.192,0.1362,0.7023,0.2789,0.5099,0.2746,0.3859,0.0998,0.5534,0.6069,0.34672,0.35368,0.3402,0.1181,0.5275,0.5307,0.35441,0.33887
38409,103351,Binghamton,Bearcats,0.276,0.73743,0.51875,65.604,105.13475,107.6772,0.33602,0.17791,0.11773,0.07201,0.08355,2024-25 Men's Basketball,True,0.2471,0.1153,0.5938,0.4484,0.396,0.1164,0.252,0.0709,0.5648,0.5531,0.36427,0.35918,0.3791,0.096,0.5105,0.5258,0.39346,0.30965
38409,104364,UMBC,Retrievers,0.21996,0.67149,0.50484,70.345,111.932,110.3136,0.31195,0.14308,0.15198,0.10286,0.06401,2024-25 Men's Basketball,True,0.2142,0.2006,0.6751,0.3307,0.4068,0.1847,0.3723,0.0981,0.5154,0.5789,0.38654,0.38731,0.362,0.1087,0.5447,0.5569,0.34661,0.34752
38409,104401,Vermont,Catamounts,0.26771,0.73936,0.51289,63.223,105.39935,100.9418,0.30352,0.15465,0.14687,0.08822,0.1302,2024-25 Men's Basketball,True,0.2167,0.1238,0.5847,0.3298,0.4509,0.1537,0.3423,0.0833,0.4835,0.5422,0.4332,0.33032,0.3318,0.1216,0.494,0.5155,0.38441,0.31773
41097,104369,UMass Lowell,River Hawks,0.3479,0.71737,0.45727,68.146,109.87975,111.96973,0.3635,0.15083,0.12662,0.07699,0.07799,2025-26 Men's Basketball,True,0.2156,0.1431,0.6413,0.3093,0.4497,0.2945,0.3471,0.0869,0.6038,0.5478,0.3093,0.32231,0.4486,0.0911,0.5468,0.5486,0.36207,0.33741
41097,103967,NJIT,Highlanders,0.27083,0.68262,0.46224,66.899,100.19561,109.48137,0.33122,0.14975,0.14422,0.0993,0.09282,2025-26 Men's Basketball,True,0.2725,0.1524,0.5785,0.2256,0.4295,0.2509,0.3801,0.1167,0.4765,0.5,0.40676,0.3026,0.3121,0.09,0.5042,0.5418,0.40583,0.32564
36046,103379,Bryant,Bulldogs,0.20972,0.69901,0.51048,74.469,104.92269,100.48024,0.29851,0.1427,0.14178,0.09284,0.14885,2023-24 Men's Basketball,True,0.2249,0.2028,0.6259,0.3292,0.4497,0.1907,0.3692,0.0934,0.5199,0.5613,0.38668,0.33829,0.3401,0.1334,0.5159,0.4679,0.35073,0.31307
41097,104364,UMBC,Retrievers,0.25401,0.74585,0.44944,65.713,115.4264,102.0622,0.33192,0.12773,0.13386,0.07623,0.06763,2025-26 Men's Basketball,True,0.2033,0.1498,0.642,0.2804,0.5011,0.231,0.3591,0.0961,0.5114,0.5784,0.39246,0.36265,0.3365,0.1074,0.5249,0.5209,0.36762,0.3144
38409,103273,UAlbany,Great Danes,0.32858,0.72211,0.45949,67.16,109.88373,108.72377,0.28914,0.13416,0.18034,0.12147,0.06525,2024-25 Men's Basketball,True,0.2567,0.1823,0.6047,0.3503,0.4112,0.1928,0.3383,0.0983,0.5431,0.536,0.35861,0.32469,0.3048,0.1035,0.5498,0.6002,0.34662,0.35144
30629,104401,Vermont,Catamounts,0.24266,0.81347,0.55021,64.077,116.34405,94.43807,0.26498,0.13307,0.1559,0.07884,0.07223,2021-22 Men's Basketball,True,0.2173,0.1459,0.715,0.3302,0.4577,0.1493,0.343,0.0904,0.4795,0.6349,0.43007,0.3643,0.2896,0.1592,0.4633,0.5069,0.37748,0.34233
33533,104369,UMass Lowell,River Hawks,0.36413,0.73941,0.50363,68.332,113.77365,96.19084,0.33183,0.16931,0.17544,0.10132,0.12557,2022-23 Men's Basketball,True,0.2454,0.143,0.6661,0.2972,0.4567,0.2952,0.3351,0.0972,0.5925,0.5618,0.31028,0.38126,0.3306,0.1263,0.5469,0.4684,0.3268,0.33438
38409,103850,Maine,Black Bears,0.23063,0.68218,0.56439,65.819,107.25334,100.08531,0.28097,0.13971,0.19187,0.13689,0.10256,2024-25 Men's Basketball,True,0.2275,0.1619,0.6301,0.2691,0.4906,0.2473,0.3579,0.155,0.5163,0.5633,0.32867,0.35489,0.2667,0.1109,0.5275,0.5385,0.36167,0.32847
33533,104401,Vermont,Catamounts,0.20333,0.77808,0.51609,64.39,111.63746,102.82754,0.28459,0.12942,0.15726,0.09054,0.08312,2022-23 Men's Basketball,True,0.2276,0.1186,0.6583,0.314,0.5167,0.1578,0.3262,0.0984,0.4719,0.6109,0.42977,0.35741,0.3168,0.1404,0.492,0.5512,0.36763,0.3586
41097,104401,Vermont,Catamounts,0.27059,0.77612,0.48758,63.396,114.53573,106.91837,0.31593,0.12794,0.13344,0.07158,0.09294,2025-26 Men's Basketball,True,0.2635,0.1138,0.6697,0.2893,0.4702,0.1666,0.3989,0.0956,0.4559,0.5968,0.44856,0.33993,0.3415,0.1339,0.4518,0.5217,0.41426,0.35217
36046,104401,Vermont,Catamounts,0.23064,0.76561,0.53111,64.178,111.16803,97.81544,0.28636,0.1262,0.13699,0.09171,0.10692,2023-24 Men's Basketball,True,0.2166,0.124,0.6431,0.3354,0.3986,0.1444,0.3882,0.0768,0.4798,0.5695,0.44343,0.34169,0.2545,0.111,0.5308,0.5,0.35822,0.31408
38409,103379,Bryant,Bulldogs,0.34496,0.7094,0.49526,71.927,113.28238,102.83286,0.2934,0.13758,0.1433,0.09228,0.14423,2024-25 Men's Basketball,True,0.2168,0.1733,0.6612,0.3177,0.4416,0.2192,0.2992,0.1102,0.5369,0.5715,0.35286,0.33333,0.3731,0.1192,0.5285,0.4865,0.35231,0.32576
27693,103399,Cal St. Fullerton,Titans,0.24955,0.70956,0.50698,71.269,107.20346,109.37885,0.3428,0.15776,0.16794,0.09295,0.04977,2020-21 Men's Basketball,True,0.236,0.1823,0.6162,0.285,0.3863,0.245,0.3962,0.1115,0.53,0.5099,0.35857,0.38416,0.3401,0.1497,0.5051,0.5726,0.34521,0.39233
27693,104355,UC San Diego,Tritons,0.1775,0.69686,0.65772,68.883,102.91371,103.93098,0.21274,0.17454,0.17461,0.09844,0.05386,2020-21 Men's Basketball,True,0.1966,0.1331,0.6389,0.185,0.5463,0.222,0.3377,0.0791,0.407,0.5884,0.51387,0.376,0.3846,0.1384,0.5266,0.5423,0.33495,0.35549
27693,104352,UC Davis,Aggies,0.26789,0.7231,0.4343,69.019,102.11154,101.63844,0.36863,0.17931,0.21343,0.10624,0.08,2020-21 Men's Basketball,True,0.2831,0.1527,0.6624,0.2294,0.4524,0.2882,0.3333,0.1735,0.5176,0.5455,0.30882,0.32381,0.3758,0.1549,0.4948,0.5756,0.35031,0.35015
27693,103825,Long Beach St.,Beach,0.23077,0.68511,0.45064,72.671,98.77928,106.36625,0.37727,0.19088,0.15334,0.08363,0.07232,2020-21 Men's Basketball,True,0.2597,0.2309,0.6395,0.2464,0.4315,0.2789,0.3333,0.1375,0.5253,0.5291,0.33715,0.35977,0.309,0.1537,0.4672,0.5379,0.3791,0.34396
27693,103685,Hawaii,Rainbow Warriors,0.30265,0.75458,0.46067,66.986,104.97156,101.40965,0.31126,0.17483,0.15636,0.08307,0.03765,2020-21 Men's Basketball,True,0.2445,0.1524,0.6068,0.2906,0.4444,0.1565,0.3443,0.1755,0.447,0.55,0.37748,0.35965,0.3155,0.1533,0.5434,0.5445,0.30328,0.32703
27693,103390,CSUN,Matadors,0.25335,0.71214,0.52321,69.437,103.23527,111.24154,0.30763,0.14804,0.1642,0.09135,0.06104,2020-21 Men's Basketball,True,0.2495,0.193,0.6542,0.1618,0.4845,0.2434,0.331,0.2147,0.4051,0.5522,0.3802,0.33797,0.3631,0.1223,0.4774,0.5873,0.40031,0.35798
27693,104354,UC Riverside,Highlanders,0.26243,0.76316,0.53846,65.461,106.00682,96.12017,0.22031,0.15827,0.14699,0.07972,0.06235,2020-21 Men's Basketball,True,0.2636,0.102,0.604,0.2328,0.4416,0.2141,0.4217,0.1297,0.4469,0.5262,0.42344,0.37085,0.3369,0.2218,0.4285,0.5046,0.34976,0.31818
27693,103395,Cal Poly,Mustangs,0.22078,0.71205,0.57418,67.181,91.0076,104.89012,0.29506,0.1831,0.16381,0.09162,0.09313,2020-21 Men's Basketball,True,0.2758,0.1777,0.5942,0.2099,0.3831,0.2243,0.336,0.1924,0.4342,0.4851,0.37338,0.31976,0.3319,0.173,0.4912,0.5367,0.33579,0.35307
30629,104352,UC Davis,Aggies,0.26252,0.71362,0.45258,66.605,101.3162,99.13803,0.29063,0.16298,0.17187,0.08979,0.07814,2021-22 Men's Basketball,True,0.2758,0.1402,0.6085,0.3104,0.4269,0.1903,0.3525,0.1786,0.5007,0.5395,0.32064,0.33333,0.3532,0.1764,0.4865,0.4861,0.33709,0.34298
30629,104353,UC Irvine,Anteaters,0.3092,0.73051,0.44828,64.638,102.47845,93.25786,0.2963,0.17841,0.15674,0.0933,0.09418,2021-22 Men's Basketball,True,0.2785,0.1189,0.5833,0.3137,0.4216,0.2084,0.4059,0.1968,0.5221,0.5188,0.28105,0.32558,0.3368,0.2047,0.4741,0.5,0.32112,0.26174
27693,103389,CSU Bakersfield,Roadrunners,0.39322,0.74512,0.53363,64.247,107.89695,99.19846,0.27172,0.16471,0.19395,0.09953,0.10143,2020-21 Men's Basketball,True,0.2973,0.1537,0.632,0.2573,0.4423,0.2378,0.3565,0.2345,0.4951,0.5409,0.27041,0.35266,0.3118,0.1427,0.4474,0.5403,0.40982,0.3427
30629,103389,CSU Bakersfield,Roadrunners,0.33229,0.74515,0.41422,63.873,100.25633,104.2573,0.30519,0.15319,0.18903,0.09288,0.07712,2021-22 Men's Basketball,True,0.3242,0.1154,0.5678,0.2584,0.4421,0.2188,0.3812,0.2896,0.4773,0.5102,0.23312,0.28412,0.3676,0.1417,0.4441,0.5466,0.41424,0.3512
27693,104353,UC Irvine,Anteaters,0.32721,0.76219,0.43759,67.709,105.68724,92.78798,0.2935,0.16103,0.16997,0.11052,0.11551,2020-21 Men's Basketball,True,0.2442,0.1194,0.6226,0.298,0.4063,0.2657,0.3688,0.1946,0.5637,0.5206,0.24176,0.3369,0.3594,0.1694,0.4335,0.4504,0.39709,0.32833
27693,104356,UC Santa Barbara,Gauchos,0.30035,0.76906,0.59269,65.683,114.58947,94.75561,0.34029,0.14288,0.18411,0.11065,0.07463,2020-21 Men's Basketball,True,0.2396,0.149,0.6583,0.2595,0.521,0.264,0.4048,0.1369,0.5235,0.589,0.33963,0.34741,0.34,0.1689,0.5101,0.5046,0.32095,0.33053
30629,103685,Hawaii,Rainbow Warriors,0.29458,0.75495,0.51574,64.564,106.64875,99.34707,0.32497,0.17379,0.14287,0.05476,0.0554,2021-22 Men's Basketball,True,0.2606,0.1129,0.616,0.2649,0.3986,0.1856,0.4082,0.1295,0.4505,0.5264,0.42008,0.35849,0.3195,0.1546,0.5401,0.5071,0.30532,0.31092
30629,103395,Cal Poly,Mustangs,0.27879,0.73469,0.49747,64.261,94.38427,103.37847,0.36759,0.19652,0.1559,0.07224,0.06967,2021-22 Men's Basketball,True,0.2982,0.1281,0.6113,0.2448,0.4444,0.2607,0.2919,0.1441,0.5055,0.5252,0.35034,0.28937,0.3368,0.1863,0.4516,0.4906,0.36209,0.35921
30629,104354,UC Riverside,Highlanders,0.24216,0.77756,0.54612,64.915,101.25111,96.85361,0.26813,0.16698,0.14495,0.0794,0.03304,2021-22 Men's Basketball,True,0.2438,0.1225,0.6634,0.2636,0.4545,0.1924,0.3632,0.1373,0.456,0.5753,0.40674,0.32006,0.3518,0.26,0.4417,0.5362,0.29825,0.29622
30629,104356,UC Santa Barbara,Gauchos,0.29698,0.73873,0.58013,65.623,109.98361,98.00572,0.37394,0.17262,0.16876,0.09329,0.07743,2021-22 Men's Basketball,True,0.2573,0.1377,0.6864,0.2881,0.529,0.2823,0.3668,0.1303,0.5704,0.6085,0.29928,0.3326,0.3125,0.1517,0.5177,0.5165,0.33059,0.31931
30629,104355,UC San Diego,Tritons,0.18595,0.72709,0.56671,67.265,103.92506,104.4355,0.32081,0.16877,0.15662,0.0854,0.04585,2021-22 Men's Basketball,True,0.2164,0.1394,0.6319,0.2438,0.4332,0.2381,0.2887,0.0617,0.4819,0.5337,0.4564,0.3696,0.3964,0.1622,0.5075,0.5776,0.33024,0.3193
30629,103390,CSUN,Matadors,0.26965,0.67454,0.4056,64.491,94.28686,109.09097,0.29335,0.16179,0.1719,0.11023,0.07466,2021-22 Men's Basketball,True,0.286,0.1354,0.6357,0.1597,0.4379,0.2821,0.3356,0.2565,0.4418,0.5094,0.30166,0.30315,0.32,0.1362,0.48,0.5839,0.38378,0.33281
33533,104355,UC San Diego,Tritons,0.23669,0.71496,0.48514,65.827,101.62092,108.14205,0.27442,0.1581,0.14662,0.08589,0.05836,2022-23 Men's Basketball,True,0.2381,0.1334,0.6106,0.2523,0.4533,0.2488,0.3252,0.0948,0.5012,0.5325,0.40407,0.32806,0.3719,0.179,0.4631,0.5423,0.35794,0.36406
36046,104356,UC Santa Barbara,Gauchos,0.26443,0.73952,0.50484,67.752,110.37868,107.68652,0.40202,0.16968,0.12785,0.07178,0.08016,2023-24 Men's Basketball,True,0.2413,0.1667,0.702,0.2969,0.4712,0.2268,0.3816,0.1681,0.5238,0.602,0.30819,0.36031,0.3659,0.1475,0.5126,0.562,0.33993,0.32704
38409,103685,Hawaii,Rainbow Warriors,0.31333,0.75499,0.49396,65.133,106.76042,108.47999,0.39204,0.17697,0.1189,0.0539,0.06028,2024-25 Men's Basketball,True,0.2693,0.111,0.6195,0.3534,0.4741,0.1628,0.3036,0.1013,0.5163,0.5736,0.38239,0.32019,0.3643,0.1499,0.5251,0.5085,0.32497,0.35163
30629,103399,Cal St. Fullerton,Titans,0.29714,0.72536,0.45455,65.797,106.33954,101.11518,0.35093,0.15876,0.18376,0.11061,0.05691,2021-22 Men's Basketball,True,0.2404,0.1548,0.6019,0.347,0.4093,0.2044,0.3598,0.1482,0.5514,0.5305,0.30039,0.32897,0.3297,0.1541,0.4707,0.5276,0.37528,0.37594
38409,103399,Cal St. Fullerton,Titans,0.27248,0.70203,0.42167,67.341,93.92497,114.8539,0.398,0.19168,0.14508,0.07867,0.06055,2024-25 Men's Basketball,True,0.2637,0.1654,0.5502,0.3921,0.3415,0.1687,0.3605,0.1011,0.5608,0.4874,0.33804,0.2713,0.3839,0.1129,0.435,0.5892,0.45211,0.3503
41097,104354,UC Riverside,Highlanders,0.28947,0.7036,0.50247,69.35,105.17342,112.29313,0.34455,0.16241,0.1392,0.07705,0.10185,2025-26 Men's Basketball,True,0.2749,0.1359,0.5835,0.3296,0.4557,0.1747,0.3284,0.1074,0.5043,0.5392,0.38835,0.32325,0.4053,0.1009,0.5879,0.5528,0.31121,0.33788
41097,103389,CSU Bakersfield,Roadrunners,0.3073,0.65043,0.44654,71.441,102.31327,114.99854,0.42517,0.16202,0.1584,0.10674,0.13305,2025-26 Men's Basketball,True,0.281,0.1632,0.6023,0.3205,0.3484,0.1988,0.3863,0.193,0.5193,0.5051,0.28768,0.29044,0.4057,0.0914,0.5248,0.5542,0.38381,0.35646
33533,103390,CSUN,Matadors,0.28021,0.70047,0.4518,64.256,98.24538,106.28716,0.35274,0.16637,0.15925,0.09755,0.09226,2022-23 Men's Basketball,True,0.2932,0.1042,0.6078,0.1925,0.3826,0.3043,0.3557,0.1718,0.4968,0.4698,0.33141,0.32,0.3682,0.1492,0.4714,0.5166,0.37941,0.33689
36046,103399,Cal St. Fullerton,Titans,0.24793,0.70818,0.38378,66.136,102.2294,104.11208,0.39895,0.16298,0.16295,0.10073,0.08885,2023-24 Men's Basketball,True,0.2709,0.153,0.5342,0.3337,0.4212,0.1684,0.422,0.1345,0.5022,0.4963,0.36336,0.33107,0.3575,0.1323,0.4853,0.5364,0.38241,0.31925
38409,104352,UC Davis,Aggies,0.28875,0.67249,0.48033,67.151,100.82329,104.2536,0.37556,0.16941,0.18962,0.11656,0.10388,2024-25 Men's Basketball,True,0.2675,0.1614,0.561,0.3077,0.3738,0.12,0.3687,0.222,0.4277,0.5085,0.35034,0.3248,0.3038,0.1342,0.4926,0.5241,0.37316,0.34901
33533,104352,UC Davis,Aggies,0.33721,0.72361,0.48084,69.573,106.19736,100.95853,0.43407,0.1785,0.18255,0.10033,0.06907,2022-23 Men's Basketball,True,0.2664,0.2114,0.5788,0.3209,0.4424,0.1813,0.4022,0.1516,0.5022,0.5295,0.34615,0.33968,0.3505,0.1778,0.522,0.5237,0.30021,0.36673
36046,103395,Cal Poly,Mustangs,0.24502,0.66574,0.43672,65.557,95.97519,111.71191,0.32002,0.16644,0.1529,0.08192,0.09474,2023-24 Men's Basketball,True,0.2892,0.1252,0.5742,0.2312,0.3861,0.2025,0.357,0.23,0.4336,0.4864,0.33633,0.3311,0.3004,0.1254,0.5692,0.5524,0.3054,0.35175
36046,103389,CSU Bakersfield,Roadrunners,0.33895,0.69106,0.41512,64.885,104.68161,105.39567,0.32348,0.15468,0.17303,0.10512,0.10724,2023-24 Men's Basketball,True,0.3104,0.1332,0.5816,0.3031,0.4053,0.2042,0.3968,0.237,0.5073,0.5106,0.25578,0.31513,0.3719,0.1445,0.4901,0.5164,0.36537,0.33987
38409,103825,Long Beach St.,Beach,0.29688,0.65901,0.49457,64.583,102.92362,113.54121,0.35984,0.18955,0.15082,0.08729,0.08481,2024-25 Men's Basketball,True,0.2799,0.1463,0.6247,0.2338,0.3868,0.2238,0.4155,0.1743,0.4576,0.5084,0.36808,0.3488,0.3648,0.1281,0.4942,0.5362,0.37768,0.37555
41097,103825,Long Beach St.,Beach,0.26971,0.73269,0.47608,69.822,105.99523,110.1094,0.30229,0.15812,0.16303,0.09872,0.08024,2025-26 Men's Basketball,True,0.2864,0.1472,0.6586,0.2789,0.4447,0.2258,0.3878,0.153,0.5047,0.5629,0.34235,0.33131,0.3333,0.0942,0.5578,0.5716,0.34802,0.34494
41097,104356,UC Santa Barbara,Gauchos,0.32218,0.75287,0.54167,66.181,115.44115,108.2348,0.3757,0.1643,0.15583,0.09508,0.06762,2025-26 Men's Basketball,True,0.2794,0.1336,0.6267,0.2837,0.4708,0.2001,0.4172,0.0842,0.4838,0.5622,0.432,0.3729,0.4037,0.1251,0.5201,0.5618,0.35476,0.33657
38409,103390,CSUN,Matadors,0.35576,0.76316,0.56618,71.253,112.27597,101.93811,0.35725,0.16103,0.18252,0.10616,0.10451,2024-25 Men's Basketball,True,0.2877,0.1749,0.6239,0.2757,0.4842,0.2963,0.384,0.1165,0.572,0.5515,0.31155,0.34543,0.321,0.1328,0.3645,0.5082,0.50273,0.35109
41097,103395,Cal Poly,Mustangs,0.30202,0.69866,0.50561,74.719,109.49255,113.33085,0.35015,0.17392,0.14341,0.08763,0.05798,2025-26 Men's Basketball,True,0.2578,0.2445,0.6379,0.2866,0.4269,0.1693,0.1905,0.0204,0.4559,0.5596,0.52376,0.33148,0.4198,0.0984,0.4861,0.5673,0.41551,0.34413
33533,103395,Cal Poly,Mustangs,0.25827,0.75306,0.47692,63.808,94.55098,102.4695,0.30641,0.18856,0.1698,0.08529,0.076,2022-23 Men's Basketball,True,0.3077,0.1394,0.6133,0.2343,0.4604,0.2406,0.3153,0.1702,0.4749,0.5358,0.35488,0.29431,0.3404,0.167,0.4719,0.537,0.36116,0.34098
36046,104352,UC Davis,Aggies,0.2962,0.69632,0.51439,66.707,105.99572,101.26175,0.38662,0.17347,0.18608,0.11555,0.09651,2023-24 Men's Basketball,True,0.2854,0.1822,0.6286,0.271,0.4549,0.1471,0.3804,0.2035,0.4181,0.5675,0.37832,0.33626,0.3614,0.1841,0.4825,0.5345,0.33333,0.31947
38409,103389,CSU Bakersfield,Roadrunners,0.36742,0.70727,0.39248,66.05,110.82992,110.64778,0.34259,0.1568,0.17069,0.10248,0.08993,2024-25 Men's Basketball,True,0.3056,0.1325,0.5709,0.2793,0.3704,0.1667,0.3996,0.2613,0.446,0.496,0.2927,0.38313,0.3944,0.1029,0.484,0.5632,0.41314,0.34578
41097,104352,UC Davis,Aggies,0.26597,0.70115,0.60306,70.306,109.59662,106.00329,0.40568,0.15868,0.18206,0.11322,0.07692,2025-26 Men's Basketball,True,0.2645,0.1742,0.6212,0.2927,0.4579,0.1561,0.3581,0.1203,0.4488,0.5644,0.4309,0.34756,0.3077,0.1037,0.5117,0.5603,0.38457,0.3361
41097,103685,Hawaii,Rainbow Warriors,0.32105,0.74355,0.51011,70.591,111.88013,99.18391,0.41929,0.1617,0.14884,0.09244,0.09829,2025-26 Men's Basketball,True,0.2489,0.14,0.6283,0.3677,0.4636,0.1702,0.3675,0.0603,0.5379,0.5762,0.40175,0.31579,0.3407,0.1372,0.5377,0.5047,0.32513,0.29985
30629,103825,Long Beach St.,Beach,0.27935,0.73468,0.4887,70.12,104.13358,102.93714,0.38577,0.16246,0.17867,0.09895,0.08571,2021-22 Men's Basketball,True,0.2316,0.224,0.6422,0.2264,0.4319,0.244,0.358,0.2103,0.4704,0.5331,0.31931,0.34634,0.3975,0.1617,0.4452,0.5498,0.39317,0.34501
33533,103685,Hawaii,Rainbow Warriors,0.29548,0.73735,0.47539,63.41,104.3334,96.34774,0.33018,0.16292,0.14468,0.07124,0.09032,2022-23 Men's Basketball,True,0.2496,0.1115,0.6033,0.2718,0.3984,0.2079,0.4015,0.1495,0.4797,0.5145,0.37076,0.32984,0.2945,0.1646,0.5727,0.4874,0.26265,0.29412
36046,104355,UC San Diego,Tritons,0.28103,0.72552,0.48529,65.608,115.54243,104.58188,0.32281,0.1266,0.15064,0.09351,0.07471,2023-24 Men's Basketball,True,0.243,0.1183,0.6161,0.2763,0.5079,0.2281,0.2714,0.0724,0.5044,0.5672,0.42318,0.35819,0.3863,0.168,0.4694,0.5373,0.36264,0.33333
33533,103389,CSU Bakersfield,Roadrunners,0.28558,0.72023,0.48497,62.121,95.86453,102.54381,0.28927,0.17526,0.18624,0.09853,0.10593,2022-23 Men's Basketball,True,0.2985,0.102,0.5822,0.2542,0.3623,0.1887,0.377,0.3102,0.4429,0.4885,0.24689,0.32494,0.3259,0.1367,0.4393,0.5403,0.42404,0.34245
33533,103825,Long Beach St.,Beach,0.34963,0.72266,0.52055,71.138,104.73893,101.87562,0.33941,0.16274,0.16613,0.10167,0.08738,2022-23 Men's Basketball,True,0.2337,0.2494,0.6369,0.3327,0.4505,0.2565,0.3306,0.174,0.5892,0.5557,0.23682,0.29555,0.3152,0.1342,0.4669,0.525,0.39883,0.33659
33533,103399,Cal St. Fullerton,Titans,0.26862,0.7105,0.43646,64.194,104.60081,98.41548,0.37583,0.15624,0.18361,0.09787,0.07678,2022-23 Men's Basketball,True,0.2704,0.1133,0.5632,0.3146,0.4125,0.1766,0.3106,0.1297,0.4912,0.509,0.37914,0.36827,0.3298,0.1556,0.4553,0.5345,0.38907,0.31206
38409,104356,UC Santa Barbara,Gauchos,0.27697,0.71851,0.58057,65.659,113.19694,104.82028,0.30249,0.16258,0.15032,0.09192,0.08689,2024-25 Men's Basketball,True,0.2553,0.1476,0.6641,0.2062,0.4961,0.2025,0.3805,0.1195,0.4088,0.5809,0.47171,0.38117,0.3469,0.152,0.4788,0.5421,0.36918,0.31092
41097,103399,Cal St. Fullerton,Titans,0.25388,0.71957,0.56965,74.715,111.08862,109.35655,0.38115,0.13568,0.17546,0.10865,0.08584,2025-26 Men's Basketball,True,0.2523,0.2479,0.6257,0.3432,0.417,0.1271,0.3585,0.0994,0.4702,0.5693,0.43038,0.34314,0.3636,0.0948,0.4464,0.6009,0.45881,0.3382
41097,104355,UC San Diego,Tritons,0.27311,0.7336,0.55713,68.628,110.27009,102.42733,0.32321,0.14501,0.1514,0.11124,0.07793,2025-26 Men's Basketball,True,0.2332,0.1747,0.6242,0.367,0.4565,0.1604,0.3077,0.0453,0.5274,0.5732,0.42729,0.331,0.3722,0.1101,0.4536,0.5212,0.43633,0.32014
36046,103390,CSUN,Matadors,0.32263,0.73676,0.50213,72.039,103.76978,101.81724,0.36659,0.16707,0.16088,0.103,0.10097,2023-24 Men's Basketball,True,0.2875,0.2078,0.6263,0.3201,0.4451,0.3482,0.277,0.0717,0.6683,0.5319,0.26005,0.30726,0.3704,0.1325,0.4212,0.5023,0.44624,0.32343
36046,104354,UC Riverside,Highlanders,0.31111,0.74978,0.52969,66.346,106.18054,108.12395,0.28464,0.12013,0.14699,0.08434,0.03783,2023-24 Men's Basketball,True,0.2589,0.1172,0.5826,0.2224,0.3945,0.2234,0.3419,0.1282,0.4458,0.4884,0.42601,0.31748,0.3808,0.181,0.4866,0.5632,0.33246,0.35601
41097,103390,CSUN,Matadors,0.33333,0.737,0.56719,74.07,109.46952,107.33314,0.33662,0.14875,0.15061,0.09308,0.08942,2025-26 Men's Basketball,True,0.2437,0.1613,0.6166,0.281,0.4675,0.2967,0.3936,0.0844,0.5776,0.54,0.33797,0.32271,0.3713,0.0947,0.4193,0.538,0.48593,0.33784
36046,104353,UC Irvine,Anteaters,0.31662,0.72992,0.54705,68.273,112.85659,99.25735,0.3317,0.14422,0.15563,0.09357,0.08182,2023-24 Men's Basketball,True,0.2669,0.1748,0.6291,0.3405,0.4615,0.23,0.3819,0.1518,0.5705,0.5616,0.27764,0.34867,0.3906,0.1935,0.5025,0.4674,0.30393,0.33333
36046,103685,Hawaii,Rainbow Warriors,0.26403,0.75217,0.4911,66.045,108.26804,102.93833,0.38349,0.16429,0.14342,0.06898,0.06115,2023-24 Men's Basketball,True,0.2616,0.1135,0.636,0.3134,0.4325,0.1771,0.4321,0.088,0.4905,0.5626,0.42151,0.34149,0.3477,0.168,0.5757,0.5323,0.25633,0.31048
33533,104354,UC Riverside,Highlanders,0.3202,0.77498,0.49669,66.195,107.85079,102.99027,0.25696,0.15471,0.15899,0.07662,0.04653,2022-23 Men's Basketball,True,0.2755,0.1154,0.6136,0.2086,0.4547,0.2482,0.3921,0.1607,0.4568,0.5273,0.38251,0.36271,0.372,0.2008,0.5087,0.5564,0.29058,0.3352
38409,104354,UC Riverside,Highlanders,0.33202,0.71721,0.49723,66.57,110.68172,111.03005,0.26852,0.13821,0.14187,0.08091,0.06699,2024-25 Men's Basketball,True,0.2669,0.1292,0.6118,0.2407,0.4203,0.1718,0.3905,0.1595,0.4125,0.532,0.42803,0.33738,0.3589,0.1242,0.4892,0.5496,0.38658,0.35104
38409,104355,UC San Diego,Tritons,0.26717,0.72583,0.57652,66.119,120.00077,93.46837,0.32167,0.11491,0.20866,0.14896,0.07088,2024-25 Men's Basketball,True,0.2489,0.1602,0.6498,0.3081,0.4504,0.137,0.3738,0.052,0.4451,0.5884,0.50292,0.36232,0.3165,0.1265,0.4314,0.4889,0.44207,0.32971
33533,104356,UC Santa Barbara,Gauchos,0.26673,0.74199,0.53571,64.296,111.14113,102.06387,0.34347,0.15536,0.16717,0.09829,0.06677,2022-23 Men's Basketball,True,0.2489,0.1465,0.6673,0.2869,0.527,0.2571,0.39,0.16,0.544,0.601,0.296,0.34955,0.3618,0.1598,0.5252,0.5295,0.31493,0.34391
33533,104353,UC Irvine,Anteaters,0.28631,0.74031,0.53457,68.595,108.61689,97.61824,0.28818,0.1552,0.16049,0.1018,0.06723,2022-23 Men's Basketball,True,0.2764,0.1845,0.6458,0.3146,0.4193,0.2142,0.3446,0.1561,0.5288,0.554,0.31508,0.37652,0.3599,0.1935,0.4502,0.4707,0.35622,0.32263
41097,104353,UC Irvine,Anteaters,0.32534,0.69604,0.56667,70.164,108.94153,96.77424,0.35327,0.15223,0.16292,0.11259,0.14989,2025-26 Men's Basketball,True,0.2228,0.2022,0.6053,0.3706,0.4225,0.2322,0.387,0.122,0.6028,0.5349,0.27523,0.33786,0.3435,0.1043,0.5129,0.4377,0.38277,0.33412
38409,103395,Cal Poly,Mustangs,0.28048,0.67417,0.52918,73.554,110.02785,111.10017,0.26749,0.18368,0.16398,0.1056,0.05572,2024-25 Men's Basketball,True,0.2412,0.241,0.6442,0.2917,0.4589,0.1614,0.4268,0.0375,0.4531,0.5782,0.50937,0.36176,0.378,0.1299,0.4708,0.5829,0.39938,0.33966
36046,103825,Long Beach St.,Beach,0.33333,0.70927,0.55388,71.353,107.71116,105.73942,0.38187,0.1482,0.16371,0.1104,0.12197,2023-24 Men's Basketball,True,0.2394,0.2204,0.6411,0.2849,0.4385,0.2251,0.3674,0.2054,0.51,0.5517,0.2845,0.30455,0.3542,0.1229,0.4385,0.5377,0.43855,0.34643
38409,104353,UC Irvine,Anteaters,0.27833,0.73398,0.60177,68.3,109.4453,96.54982,0.36595,0.16002,0.15358,0.09426,0.08793,2024-25 Men's Basketball,True,0.225,0.164,0.6229,0.3199,0.457,0.1975,0.3054,0.1332,0.5174,0.5596,0.34942,0.3555,0.3687,0.1549,0.4712,0.4455,0.37387,0.33736
27693,104311,Temple,Owls,0.25919,0.7188,0.61494,66.95,98.30137,102.78235,0.3894,0.17321,0.13994,0.06259,0.06667,2020-21 Men's Basketball,True,0.2625,0.1435,0.5952,0.2419,0.3713,0.1924,0.2968,0.1786,0.4343,0.496,0.3871,0.34226,0.2956,0.1684,0.4513,0.5047,0.3803,0.34262
27693,104161,SMU,Mustangs,0.30085,0.70774,0.57018,69.468,107.45533,98.05616,0.31231,0.17318,0.17733,0.08852,0.12941,2020-21 Men's Basketball,True,0.2525,0.2182,0.6236,0.3644,0.3816,0.1522,0.3661,0.1121,0.5165,0.5523,0.37137,0.3504,0.2952,0.1701,0.4395,0.4942,0.39037,0.35171
27693,103553,East Carolina,Pirates,0.27155,0.72727,0.67483,67.502,98.29754,100.00167,0.3309,0.16072,0.1872,0.09066,0.09949,2020-21 Men's Basketball,True,0.2516,0.1646,0.5497,0.3126,0.3964,0.1015,0.383,0.2578,0.4141,0.5121,0.32815,0.30362,0.3267,0.1453,0.4293,0.5576,0.42539,0.32118
27693,104234,South Fla.,Bulls,0.33976,0.7379,0.48643,66.785,98.06308,106.3196,0.34299,0.17326,0.15775,0.07882,0.08623,2020-21 Men's Basketball,True,0.2558,0.178,0.5512,0.2984,0.3423,0.1738,0.3651,0.1973,0.4722,0.4743,0.33046,0.32701,0.4107,0.1357,0.4451,0.5535,0.41922,0.34489
27693,104471,Wichita St.,Shockers,0.3076,0.67414,0.53659,67.004,105.44439,98.5355,0.36598,0.13859,0.1611,0.09098,0.1,2020-21 Men's Basketball,True,0.2293,0.1704,0.5751,0.3538,0.2432,0.1124,0.2948,0.1314,0.4662,0.4951,0.40243,0.33585,0.3438,0.1448,0.4736,0.5048,0.3816,0.29644
27693,104347,Tulsa,Golden Hurricane,0.26913,0.69565,0.57774,66.88,102.25961,98.09901,0.32964,0.17522,0.18736,0.09471,0.06284,2020-21 Men's Basketball,True,0.2464,0.132,0.7064,0.332,0.3663,0.1601,0.2701,0.1086,0.4921,0.5958,0.39937,0.31548,0.3691,0.1832,0.3923,0.507,0.42453,0.33519
27693,104346,Tulane,Green Wave,0.22902,0.69431,0.5535,66.45,96.18221,100.04258,0.36643,0.149,0.19175,0.11201,0.09726,2020-21 Men's Basketball,True,0.2363,0.145,0.5836,0.2876,0.2983,0.1426,0.3148,0.1702,0.4303,0.489,0.39953,0.29783,0.3249,0.1538,0.4161,0.5197,0.43013,0.35753
27693,103460,Cincinnati,Bearcats,0.29251,0.74682,0.60777,69.856,98.65058,103.25635,0.3301,0.17973,0.16745,0.09666,0.10308,2020-21 Men's Basketball,True,0.2708,0.209,0.6137,0.3383,0.362,0.165,0.3191,0.1053,0.5034,0.5312,0.39134,0.31107,0.3179,0.1331,0.5162,0.5365,0.35077,0.33553
27693,104359,UCF,Knights,0.28235,0.68539,0.52583,66.634,100.33054,103.64028,0.30666,0.19184,0.16946,0.10178,0.09789,2020-21 Men's Basketball,True,0.2524,0.1724,0.6536,0.2631,0.3704,0.1498,0.3191,0.1862,0.4128,0.5509,0.40095,0.35573,0.3296,0.1365,0.479,0.5414,0.38444,0.32738
27693,103891,Memphis,Tigers,0.33564,0.7627,0.60651,70.777,102.28363,88.60881,0.32691,0.187,0.19835,0.12524,0.14407,2020-21 Men's Basketball,True,0.2681,0.204,0.6085,0.3384,0.3567,0.189,0.3514,0.1114,0.5274,0.5183,0.36123,0.36333,0.3574,0.1509,0.4554,0.4965,0.39371,0.27732
30629,104471,Wichita St.,Shockers,0.32299,0.71719,0.51064,66.316,101.87447,98.73906,0.31701,0.16202,0.17568,0.11108,0.12636,2021-22 Men's Basketball,True,0.237,0.1493,0.542,0.3421,0.3768,0.1267,0.3455,0.1169,0.4688,0.4974,0.41432,0.31167,0.3319,0.1429,0.4894,0.5128,0.36767,0.31579
30629,104311,Temple,Owls,0.32721,0.70718,0.52696,65.74,100.68216,100.21412,0.39659,0.15861,0.1493,0.1018,0.125,2021-22 Men's Basketball,True,0.2772,0.1443,0.5416,0.2853,0.367,0.1624,0.3643,0.1703,0.4477,0.4783,0.382,0.31051,0.3485,0.1562,0.4781,0.5,0.36568,0.2945
30629,104346,Tulane,Green Wave,0.20142,0.67196,0.53406,67.847,106.42255,104.36535,0.33353,0.13802,0.17445,0.1151,0.09969,2021-22 Men's Basketball,True,0.2338,0.118,0.6687,0.289,0.3275,0.1728,0.336,0.1523,0.4618,0.5411,0.38591,0.36505,0.3251,0.1396,0.4078,0.5366,0.45261,0.34137
41097,104382,UTSA,Roadrunners,0.30962,0.63061,0.43876,68.788,100.98693,117.36581,0.28954,0.14584,0.13005,0.09616,0.1215,2025-26 Men's Basketball,True,0.2467,0.1718,0.5633,0.2836,0.4056,0.2102,0.3262,0.1003,0.4938,0.4962,0.4059,0.29723,0.3642,0.0913,0.4734,0.5619,0.43536,0.33818
30629,104359,UCF,Knights,0.30826,0.69179,0.58784,66.738,104.20381,101.81633,0.28547,0.16578,0.17955,0.10423,0.11045,2021-22 Men's Basketball,True,0.2343,0.2047,0.6164,0.2729,0.3509,0.1516,0.3532,0.1442,0.4245,0.5216,0.43135,0.35013,0.3376,0.1384,0.4483,0.5508,0.41331,0.31215
30629,103553,East Carolina,Pirates,0.27624,0.71523,0.63143,67.398,101.18711,104.37526,0.33527,0.16432,0.16329,0.0997,0.08984,2021-22 Men's Basketball,True,0.2387,0.1707,0.5805,0.3097,0.3203,0.134,0.3216,0.1642,0.4437,0.502,0.39211,0.33284,0.3131,0.1233,0.466,0.5352,0.41071,0.35203
33533,104347,Tulsa,Golden Hurricane,0.24817,0.66959,0.48671,67.53,95.89801,113.71673,0.26717,0.17011,0.14794,0.08036,0.04091,2022-23 Men's Basketball,True,0.2273,0.1292,0.6322,0.2291,0.4171,0.2089,0.3473,0.1379,0.438,0.5296,0.42412,0.31293,0.4237,0.1295,0.4742,0.6227,0.39627,0.31302
30629,104234,South Fla.,Bulls,0.2989,0.72963,0.50597,64.488,89.0882,100.64315,0.25419,0.1635,0.16772,0.09672,0.1191,2021-22 Men's Basketball,True,0.2647,0.1623,0.5567,0.276,0.3333,0.1542,0.3481,0.2648,0.4302,0.4766,0.30503,0.25275,0.2936,0.1306,0.453,0.5159,0.41642,0.33813
30629,104347,Tulsa,Golden Hurricane,0.26705,0.69876,0.48993,66.11,101.93145,105.73741,0.31043,0.16904,0.17623,0.10345,0.07165,2021-22 Men's Basketball,True,0.242,0.1306,0.6276,0.2487,0.4292,0.2469,0.336,0.1439,0.4956,0.5288,0.36051,0.34249,0.366,0.1522,0.4009,0.5573,0.44687,0.36247
36046,103447,Charlotte,49ers,0.26667,0.7098,0.54412,61.743,110.44405,105.4168,0.34804,0.13623,0.13775,0.08699,0.09669,2023-24 Men's Basketball,True,0.2465,0.1132,0.6654,0.337,0.3981,0.14,0.39,0.1296,0.477,0.587,0.39339,0.31796,0.3333,0.1201,0.5109,0.5361,0.36898,0.31864
38409,104382,UTSA,Roadrunners,0.28794,0.65272,0.48162,68.807,110.59377,110.7798,0.28668,0.13499,0.18573,0.13648,0.09991,2024-25 Men's Basketball,True,0.2621,0.1938,0.5692,0.2359,0.4119,0.1825,0.3866,0.1395,0.4184,0.5006,0.4422,0.36108,0.3744,0.1214,0.4948,0.5663,0.38377,0.35682
36046,104347,Tulsa,Golden Hurricane,0.24816,0.69694,0.50321,69.965,105.91503,104.32061,0.40394,0.16162,0.15679,0.11096,0.09123,2023-24 Men's Basketball,True,0.2473,0.1926,0.6802,0.2501,0.4173,0.2282,0.3538,0.1099,0.4783,0.5548,0.41183,0.32695,0.3229,0.1191,0.4957,0.5334,0.38515,0.32316
41097,103553,East Carolina,Pirates,0.33798,0.67727,0.47341,67.684,104.39847,113.06302,0.39272,0.14932,0.14086,0.09365,0.10572,2025-26 Men's Basketball,True,0.2345,0.1472,0.5827,0.3384,0.4066,0.1657,0.3501,0.1831,0.5041,0.5248,0.31287,0.28819,0.4014,0.153,0.4579,0.5584,0.38909,0.3483
33533,104346,Tulane,Green Wave,0.19322,0.69529,0.5633,72.465,108.55811,104.79056,0.35398,0.13952,0.16822,0.11464,0.11384,2022-23 Men's Basketball,True,0.2238,0.1495,0.6893,0.3145,0.372,0.1794,0.3787,0.1255,0.4939,0.5741,0.38067,0.33801,0.3865,0.1432,0.4368,0.5128,0.42001,0.35671
36046,104346,Tulane,Green Wave,0.20647,0.67694,0.51402,71.82,112.27329,109.66536,0.45217,0.13865,0.14971,0.1074,0.11714,2023-24 Men's Basketball,True,0.2342,0.177,0.6431,0.3382,0.4602,0.1885,0.3838,0.1101,0.5267,0.5776,0.36318,0.35681,0.3891,0.1286,0.4522,0.5277,0.41921,0.34845
41097,104135,Rice,Owls,0.35983,0.66845,0.4828,65.975,110.23918,111.20155,0.33957,0.14889,0.14091,0.0998,0.10522,2025-26 Men's Basketball,True,0.2757,0.1564,0.5583,0.2797,0.4226,0.1417,0.3654,0.139,0.4214,0.5127,0.43957,0.34793,0.3281,0.1416,0.4945,0.5481,0.36394,0.33131
27693,103704,Houston,Cougars,0.39983,0.72624,0.52225,64.49,117.94531,90.27614,0.30342,0.13301,0.18939,0.12373,0.14651,2020-21 Men's Basketball,True,0.2786,0.1454,0.6553,0.2545,0.4286,0.1428,0.3231,0.1831,0.3972,0.5738,0.41968,0.35358,0.312,0.162,0.4574,0.4754,0.38063,0.2896
33533,104234,South Fla.,Bulls,0.33016,0.72212,0.50829,68.345,104.89313,104.89313,0.30729,0.16892,0.16502,0.09417,0.08781,2022-23 Men's Basketball,True,0.2537,0.1843,0.6184,0.342,0.4312,0.1552,0.3305,0.1344,0.4972,0.56,0.36839,0.3374,0.3548,0.1268,0.4889,0.5173,0.38435,0.35258
41097,104311,Temple,Owls,0.2986,0.7026,0.49189,64.115,114.87143,109.91924,0.4077,0.11987,0.13633,0.08822,0.11218,2025-26 Men's Basketball,True,0.2687,0.1197,0.5918,0.3553,0.4204,0.1751,0.3756,0.1099,0.5304,0.5352,0.35973,0.33798,0.3757,0.1008,0.5348,0.5396,0.36435,0.32416
36046,103891,Memphis,Tigers,0.33421,0.66391,0.48829,70.487,113.32023,106.63363,0.36322,0.15617,0.16378,0.12075,0.12642,2023-24 Men's Basketball,True,0.2424,0.1982,0.6524,0.3361,0.413,0.1737,0.3182,0.1014,0.5097,0.5709,0.38883,0.35046,0.3786,0.1214,0.4518,0.5232,0.42679,0.33958
38409,104135,Rice,Owls,0.33704,0.70794,0.50668,64.672,107.83091,107.83091,0.4342,0.15112,0.1225,0.07167,0.08447,2024-25 Men's Basketball,True,0.2737,0.132,0.6116,0.2722,0.3878,0.1929,0.3498,0.1479,0.4651,0.5187,0.38695,0.32994,0.3404,0.1543,0.4802,0.5186,0.36546,0.32296
38409,104234,South Fla.,Bulls,0.28265,0.67011,0.54632,68.352,108.01313,108.19458,0.34439,0.13967,0.16069,0.11976,0.0956,2024-25 Men's Basketball,True,0.2485,0.1897,0.6176,0.3649,0.4052,0.1611,0.3386,0.0995,0.5261,0.5526,0.37441,0.31786,0.364,0.1201,0.5026,0.5252,0.37724,0.3324
41097,103891,Memphis,Tigers,0.35269,0.64352,0.49824,69.632,107.18563,109.27857,0.3469,0.16105,0.15868,0.12067,0.12742,2025-26 Men's Basketball,True,0.2886,0.1889,0.5997,0.3418,0.3994,0.1719,0.3605,0.1495,0.5137,0.5327,0.33672,0.31571,0.3619,0.1101,0.4575,0.5452,0.43239,0.30545
36046,104135,Rice,Owls,0.29101,0.7065,0.55342,66.301,107.33701,112.78772,0.29628,0.14897,0.1312,0.08301,0.09807,2023-24 Men's Basketball,True,0.2157,0.1045,0.6761,0.3186,0.2912,0.1388,0.3659,0.1468,0.4574,0.5593,0.39574,0.33737,0.2839,0.1216,0.493,0.5507,0.38537,0.37567
41097,104351,UAB,Blazers,0.33014,0.7275,0.50164,69.393,112.83735,105.0923,0.36289,0.1064,0.14575,0.11242,0.09488,2025-26 Men's Basketball,True,0.2035,0.1768,0.5937,0.4317,0.4,0.1357,0.3674,0.1279,0.5673,0.5474,0.30475,0.2814,0.3386,0.0956,0.5071,0.5344,0.39737,0.32316
33533,104161,SMU,Mustangs,0.2808,0.69538,0.53827,69.202,99.95318,107.51192,0.33038,0.15818,0.16392,0.10064,0.09,2022-23 Men's Basketball,True,0.2473,0.1523,0.632,0.3257,0.3551,0.1834,0.3007,0.1542,0.5091,0.5322,0.33663,0.31115,0.3647,0.1336,0.4953,0.5545,0.37107,0.34887
33533,104471,Wichita St.,Shockers,0.29104,0.71814,0.51511,66.31,105.42617,101.66758,0.30832,0.16108,0.14776,0.09405,0.11286,2022-23 Men's Basketball,True,0.2219,0.1612,0.6161,0.3839,0.3966,0.1289,0.4076,0.1147,0.5128,0.561,0.37249,0.30949,0.326,0.1414,0.4511,0.4937,0.40756,0.33672
36046,104382,UTSA,Roadrunners,0.3243,0.71429,0.53047,69.753,109.52969,114.29377,0.34363,0.13292,0.11466,0.07089,0.10464,2023-24 Men's Basketball,True,0.2529,0.1669,0.5823,0.2324,0.4112,0.2098,0.341,0.1064,0.4422,0.5011,0.45147,0.33768,0.3922,0.1393,0.4862,0.5233,0.37451,0.36794
33533,104311,Temple,Owls,0.28637,0.70993,0.58488,65.686,103.91871,104.85197,0.34555,0.17516,0.14391,0.07411,0.10265,2022-23 Men's Basketball,True,0.251,0.1132,0.6285,0.2655,0.3763,0.1573,0.392,0.1409,0.4228,0.5347,0.4363,0.32946,0.3467,0.1457,0.5173,0.5159,0.33705,0.33596
38409,104311,Temple,Owls,0.31911,0.68596,0.4131,67.771,113.53876,112.05194,0.45227,0.13505,0.13358,0.09204,0.09535,2024-25 Men's Basketball,True,0.259,0.1301,0.5819,0.3648,0.3764,0.1403,0.3825,0.1771,0.5051,0.5248,0.31787,0.36242,0.307,0.1097,0.5273,0.5499,0.36294,0.33755
30629,103460,Cincinnati,Bearcats,0.29968,0.70795,0.53325,67.03,103.57261,98.37363,0.29573,0.13207,0.15852,0.094,0.09658,2021-22 Men's Basketball,True,0.2608,0.1826,0.5672,0.2515,0.3994,0.1779,0.3844,0.1461,0.4294,0.4977,0.42445,0.31499,0.3112,0.1982,0.495,0.4952,0.3068,0.31271
30629,103891,Memphis,Tigers,0.37376,0.69139,0.58718,69.646,107.90443,98.11471,0.37784,0.19254,0.17725,0.12093,0.16231,2021-22 Men's Basketball,True,0.2704,0.199,0.6632,0.3541,0.3884,0.1821,0.3477,0.1594,0.5361,0.5699,0.30449,0.35529,0.3194,0.1113,0.4603,0.4882,0.42835,0.3201
33533,103553,East Carolina,Pirates,0.32952,0.71119,0.56307,67.158,102.47195,104.99878,0.37131,0.16473,0.15225,0.09652,0.06971,2022-23 Men's Basketball,True,0.2629,0.1608,0.5893,0.3339,0.3057,0.1398,0.3128,0.1113,0.4736,0.5056,0.41508,0.31639,0.2977,0.1375,0.5176,0.5436,0.34488,0.32877
36046,104234,South Fla.,Bulls,0.28203,0.69492,0.58662,67.695,111.86572,102.42048,0.37842,0.13839,0.1593,0.102,0.0938,2023-24 Men's Basketball,True,0.2543,0.1734,0.593,0.3168,0.3396,0.1395,0.4148,0.1205,0.4563,0.5156,0.42316,0.36692,0.3131,0.1029,0.5177,0.5161,0.37942,0.31507
30629,104161,SMU,Mustangs,0.2765,0.69783,0.5526,68.086,108.01016,98.21121,0.35623,0.15779,0.14467,0.09123,0.10373,2021-22 Men's Basketball,True,0.2225,0.205,0.6024,0.3562,0.3719,0.1289,0.3103,0.0927,0.4851,0.5412,0.42226,0.35309,0.3177,0.1851,0.4749,0.4944,0.33992,0.29787
36046,104161,SMU,Mustangs,0.38462,0.68812,0.55353,67.312,113.69128,101.85124,0.29009,0.13638,0.16251,0.12414,0.13033,2023-24 Men's Basketball,True,0.253,0.1835,0.638,0.3174,0.3723,0.1762,0.3808,0.1546,0.4935,0.5432,0.35184,0.3415,0.3255,0.1327,0.5023,0.5057,0.36491,0.31669
36046,103553,East Carolina,Pirates,0.32887,0.69182,0.5056,64.486,106.66178,108.15421,0.35155,0.1401,0.16545,0.12111,0.08787,2023-24 Men's Basketball,True,0.2405,0.1327,0.5966,0.34,0.375,0.164,0.3306,0.1303,0.5039,0.5245,0.36574,0.31322,0.3571,0.1373,0.4332,0.5811,0.42943,0.32741
41097,104346,Tulane,Green Wave,0.23178,0.64606,0.55497,66.647,107.8058,112.4989,0.43355,0.14134,0.14734,0.11456,0.1265,2025-26 Men's Basketball,True,0.2635,0.1356,0.6239,0.3195,0.3457,0.1346,0.343,0.0952,0.454,0.5415,0.45072,0.32064,0.3395,0.0832,0.518,0.5278,0.39877,0.34278
41097,103609,Fla. Atlantic,Owls,0.32943,0.72186,0.46781,69.073,112.60928,106.40623,0.32954,0.14926,0.1407,0.08431,0.14014,2025-26 Men's Basketball,True,0.2522,0.1686,0.6264,0.3602,0.4258,0.1534,0.4187,0.1004,0.5136,0.5665,0.38595,0.33205,0.3508,0.0966,0.5422,0.5056,0.36115,0.33613
38409,104347,Tulsa,Golden Hurricane,0.27319,0.70074,0.54282,66.405,105.72851,109.23481,0.3377,0.14665,0.12721,0.09099,0.06886,2024-25 Men's Basketball,True,0.231,0.1366,0.6481,0.2827,0.3866,0.1869,0.393,0.1052,0.4696,0.544,0.42513,0.32266,0.3244,0.1504,0.507,0.5466,0.34256,0.3348
38409,103447,Charlotte,49ers,0.25707,0.71156,0.53219,63.963,108.24034,114.37768,0.42478,0.13293,0.12923,0.07831,0.05945,2024-25 Men's Basketball,True,0.2665,0.1248,0.5901,0.3468,0.4014,0.1626,0.2937,0.0791,0.5094,0.5299,0.4115,0.31048,0.4048,0.1136,0.5422,0.5928,0.34416,0.33176
38409,103553,East Carolina,Pirates,0.34865,0.69411,0.49829,66.514,111.86996,108.82953,0.3598,0.13331,0.15035,0.11152,0.11769,2024-25 Men's Basketball,True,0.2307,0.1762,0.6113,0.3345,0.3979,0.1921,0.3625,0.1246,0.5266,0.5335,0.34888,0.31579,0.3506,0.1285,0.5197,0.5074,0.35177,0.37846
41097,104005,North Texas,Mean Green,0.33445,0.67673,0.51108,65.182,106.4137,101.14075,0.39948,0.14342,0.19294,0.1399,0.13458,2025-26 Men's Basketball,True,0.2917,0.1717,0.5877,0.367,0.4019,0.2188,0.2706,0.089,0.5859,0.5183,0.32513,0.29952,0.3533,0.1056,0.5083,0.5237,0.38612,0.30609
38409,104346,Tulane,Green Wave,0.27265,0.68985,0.57208,66.651,111.36726,105.21194,0.35744,0.14141,0.1507,0.1098,0.13108,2024-25 Men's Basketball,True,0.2555,0.1409,0.6429,0.3471,0.3916,0.1596,0.3175,0.0976,0.5067,0.5637,0.39566,0.34073,0.2913,0.1148,0.4608,0.5276,0.42436,0.31765
36046,104471,Wichita St.,Shockers,0.32169,0.71711,0.44171,68.179,105.98932,106.37474,0.26399,0.1522,0.1273,0.09113,0.10782,2023-24 Men's Basketball,True,0.2235,0.1283,0.5745,0.3979,0.3978,0.1755,0.3922,0.111,0.5734,0.5204,0.31564,0.33333,0.3522,0.1496,0.4699,0.5195,0.38053,0.32633
36046,104005,North Texas,Mean Green,0.34061,0.68908,0.45763,61.906,110.97556,102.29749,0.2968,0.14917,0.16777,0.11351,0.08829,2023-24 Men's Basketball,True,0.2693,0.1122,0.6083,0.2784,0.375,0.1972,0.3158,0.1295,0.4756,0.5116,0.39486,0.37716,0.3146,0.1496,0.4919,0.5057,0.35854,0.33125
38409,104471,Wichita St.,Shockers,0.32355,0.71073,0.44224,68.144,107.80049,106.47226,0.3513,0.14325,0.13628,0.09795,0.11678,2024-25 Men's Basketball,True,0.2225,0.1562,0.5772,0.4346,0.3921,0.1975,0.3621,0.0853,0.632,0.5194,0.2827,0.30503,0.3667,0.143,0.4733,0.5327,0.3837,0.3354
38409,103609,Fla. Atlantic,Owls,0.31106,0.69328,0.57442,68.448,113.77487,109.18477,0.32977,0.14193,0.14285,0.09052,0.11061,2024-25 Men's Basketball,True,0.2492,0.1627,0.6399,0.3575,0.3924,0.1671,0.3741,0.0675,0.5245,0.5611,0.40797,0.35238,0.3551,0.1185,0.5244,0.4935,0.35704,0.36992
41097,103447,Charlotte,49ers,0.34182,0.67684,0.52052,63.051,114.14751,115.88812,0.36558,0.15749,0.1178,0.0713,0.09864,2025-26 Men's Basketball,True,0.2625,0.131,0.623,0.302,0.4811,0.1555,0.3892,0.0893,0.4575,0.5748,0.45323,0.34906,0.3611,0.0909,0.5028,0.5432,0.40636,0.33789
41097,104234,South Fla.,Bulls,0.3803,0.68456,0.58925,71.707,119.78124,103.71106,0.40355,0.12432,0.16831,0.12791,0.11058,2025-26 Men's Basketball,True,0.2683,0.2045,0.593,0.3956,0.3734,0.1401,0.2857,0.0248,0.5357,0.5356,0.43947,0.32593,0.3465,0.1094,0.4935,0.4888,0.39712,0.3442
36046,103609,Fla. Atlantic,Owls,0.33418,0.7082,0.50907,67.825,118.33249,105.85857,0.34908,0.13954,0.14371,0.10387,0.07836,2023-24 Men's Basketball,True,0.2317,0.1879,0.6323,0.3973,0.4345,0.1398,0.4067,0.0723,0.5371,0.5808,0.39055,0.35062,0.4057,0.1517,0.4881,0.5161,0.36021,0.33775
33533,104359,UCF,Knights,0.3359,0.69304,0.55307,64.624,107.90803,98.85653,0.28889,0.16843,0.1915,0.11581,0.11366,2022-23 Men's Basketball,True,0.2511,0.1452,0.5977,0.2687,0.4103,0.1773,0.3473,0.1323,0.446,0.5232,0.42172,0.35329,0.3191,0.1267,0.4852,0.5367,0.38814,0.30694
33533,103891,Memphis,Tigers,0.31218,0.67372,0.54382,70.519,111.35948,100.69655,0.35448,0.1616,0.1791,0.1207,0.1309,2022-23 Men's Basketball,True,0.2555,0.2153,0.6662,0.3502,0.4172,0.2161,0.37,0.1431,0.5663,0.5712,0.29055,0.35304,0.3106,0.1112,0.4598,0.5103,0.42904,0.30761
38409,103891,Memphis,Tigers,0.35318,0.67685,0.51478,69.715,113.3336,104.12905,0.39269,0.16627,0.16389,0.11032,0.1328,2024-25 Men's Basketball,True,0.2531,0.2022,0.6366,0.3417,0.43,0.1959,0.3494,0.1295,0.5375,0.5613,0.33301,0.37572,0.3379,0.1034,0.4868,0.517,0.40982,0.32373
36046,104351,UAB,Blazers,0.3554,0.68863,0.5048,67.355,113.37789,109.86489,0.4,0.14206,0.14325,0.09857,0.11839,2023-24 Men's Basketball,True,0.2323,0.1451,0.5837,0.3894,0.4,0.1607,0.4071,0.1343,0.5501,0.5301,0.31559,0.32675,0.3803,0.1103,0.5226,0.5284,0.36711,0.34403
38409,104005,North Texas,Mean Green,0.33035,0.72509,0.44537,60.076,113.14298,100.10402,0.3551,0.14486,0.17512,0.1247,0.08243,2024-25 Men's Basketball,True,0.2478,0.1015,0.5587,0.2983,0.4448,0.1921,0.4343,0.1454,0.4904,0.5141,0.36412,0.36152,0.3384,0.1473,0.4711,0.5196,0.38151,0.31131
33533,103460,Cincinnati,Bearcats,0.30905,0.72939,0.54697,68.367,112.0124,100.67397,0.25954,0.13126,0.15363,0.09146,0.0964,2022-23 Men's Basketball,True,0.2301,0.1585,0.651,0.2525,0.4671,0.1868,0.3481,0.1688,0.4393,0.5729,0.39193,0.35123,0.376,0.1751,0.5126,0.5146,0.31232,0.31241
36046,104311,Temple,Owls,0.28352,0.70597,0.4589,66.567,104.2786,107.26266,0.32023,0.12383,0.15126,0.10843,0.08216,2023-24 Men's Basketball,True,0.2494,0.141,0.5443,0.3311,0.3502,0.1341,0.3043,0.1143,0.4652,0.4883,0.42051,0.31794,0.359,0.1122,0.5007,0.545,0.38705,0.32094
41097,104471,Wichita St.,Shockers,0.38512,0.71167,0.41508,66.332,115.31434,104.48439,0.3579,0.12548,0.13673,0.08835,0.09765,2025-26 Men's Basketball,True,0.2552,0.1137,0.5525,0.385,0.4232,0.1647,0.3968,0.1097,0.5497,0.5137,0.34059,0.34029,0.3952,0.1353,0.5172,0.4928,0.34744,0.31727
33533,103704,Houston,Cougars,0.37118,0.72326,0.53861,63.598,117.7159,90.34801,0.2887,0.1297,0.18447,0.12454,0.16651,2022-23 Men's Basketball,True,0.2627,0.1398,0.6799,0.2864,0.4303,0.1888,0.3676,0.1457,0.4753,0.5807,0.37903,0.34012,0.2245,0.1267,0.4387,0.4941,0.43456,0.27857
38409,104351,UAB,Blazers,0.37907,0.69779,0.53645,68.967,118.33302,109.8473,0.30899,0.11733,0.13593,0.09651,0.10258,2024-25 Men's Basketball,True,0.2238,0.1734,0.619,0.4157,0.311,0.1227,0.3636,0.167,0.5384,0.5488,0.29462,0.33844,0.3629,0.1074,0.5472,0.5277,0.34545,0.34586
30629,103704,Houston,Cougars,0.37677,0.7203,0.58539,63.966,115.85961,90.96854,0.28981,0.14199,0.18981,0.12471,0.17073,2021-22 Men's Basketball,True,0.2656,0.1287,0.7025,0.3039,0.4232,0.1751,0.3467,0.1323,0.479,0.6004,0.38862,0.33825,0.3144,0.1493,0.4234,0.4764,0.42736,0.28738
41097,104347,Tulsa,Golden Hurricane,0.34107,0.71709,0.55303,67.524,123.9591,107.31875,0.40992,0.13355,0.13349,0.0937,0.07107,2025-26 Men's Basketball,True,0.2358,0.1585,0.6563,0.3258,0.3924,0.1625,0.2857,0.0465,0.4883,0.5684,0.46525,0.37964,0.27,0.1131,0.4798,0.5502,0.40714,0.3189
27693,103285,American,Eagles,0.24149,0.70056,0.51613,66.291,99.27359,105.73858,0.2675,0.20242,0.15479,0.10468,0.11408,2020-21 Men's Basketball,True,0.2561,0.1415,0.5923,0.4,0.3,0.0923,0.2581,0.0954,0.4923,0.5375,0.41231,0.39552,0.4545,0.129,0.5543,0.5873,0.31672,0.2963
27693,103382,Bucknell,Bison,0.19847,0.71681,0.46302,71.475,104.81466,108.19578,0.3631,0.161,0.13812,0.08138,0.0814,2020-21 Men's Basketball,True,0.2405,0.1931,0.6743,0.28,0.4545,0.2112,0.4177,0.1264,0.4912,0.5798,0.3824,0.32636,0.3158,0.1622,0.5107,0.5125,0.32717,0.36957
27693,103805,Lehigh,Mountain Hawks,0.24909,0.76285,0.49227,70.029,96.77261,108.47974,0.27858,0.16233,0.15323,0.08509,0.05556,2020-21 Men's Basketball,True,0.2472,0.1402,0.607,0.2891,0.4,0.2652,0.3268,0.1932,0.5543,0.508,0.25253,0.325,0.3652,0.1503,0.502,0.5677,0.34771,0.36842
27693,103786,Lafayette,Leopards,0.23708,0.71533,0.6,68.914,109.06483,107.66056,0.3028,0.1342,0.14153,0.08821,0.07944,2020-21 Men's Basketball,True,0.259,0.1534,0.7519,0.1697,0.4121,0.2395,0.3725,0.2013,0.4092,0.5531,0.38947,0.35473,0.3675,0.1579,0.5425,0.5423,0.2996,0.33333
27693,103698,Holy Cross,Crusaders,0.26631,0.68508,0.45626,68.659,102.06609,109.92428,0.2605,0.16257,0.16295,0.0993,0.1008,2020-21 Men's Basketball,True,0.2755,0.1385,0.5416,0.3918,0.4221,0.1618,0.4018,0.1176,0.5536,0.5066,0.32878,0.35463,0.3836,0.0782,0.591,0.5399,0.33084,0.35599
27693,103481,Colgate,Raiders,0.28237,0.74806,0.5697,71.337,118.48928,96.84304,0.30945,0.13157,0.14421,0.09806,0.08488,2020-21 Men's Basketball,True,0.2252,0.1822,0.6091,0.392,0.4911,0.1682,0.32,0.0746,0.5602,0.5737,0.36517,0.40327,0.4048,0.124,0.5138,0.5153,0.3622,0.26359
27693,103834,Loyola Maryland,Greyhounds,0.31311,0.74419,0.47939,67.392,102.49063,100.81868,0.35383,0.17608,0.17214,0.09724,0.08738,2020-21 Men's Basketball,True,0.2377,0.1119,0.7069,0.2673,0.4029,0.3203,0.4524,0.0968,0.5876,0.5412,0.31567,0.31387,0.3385,0.1526,0.4742,0.505,0.37324,0.35849
27693,103364,Boston U.,Terriers,0.28732,0.73829,0.42129,66.757,103.94293,110.76704,0.28599,0.16184,0.13481,0.08054,0.08223,2020-21 Men's Basketball,True,0.2538,0.1434,0.6329,0.3053,0.4195,0.228,0.3,0.087,0.5333,0.5417,0.37971,0.31807,0.4476,0.1,0.5495,0.5477,0.35048,0.3587
27693,103972,Navy,Midshipmen,0.32227,0.75044,0.47639,66.173,106.56963,99.86245,0.33013,0.15745,0.20206,0.12135,0.07401,2020-21 Men's Basketball,True,0.2326,0.1412,0.6043,0.3441,0.5147,0.1683,0.3088,0.1683,0.5124,0.5749,0.31931,0.29457,0.3846,0.1071,0.5082,0.5568,0.38462,0.34286
27693,103305,Army West Point,Black Knights,0.23446,0.75916,0.54003,68.921,103.48448,100.27108,0.28305,0.15978,0.17664,0.09088,0.04222,2020-21 Men's Basketball,True,0.2179,0.1857,0.6088,0.3695,0.4066,0.1557,0.5333,0.0642,0.5252,0.5489,0.41061,0.33125,0.3333,0.0942,0.4939,0.5353,0.41187,0.35805
33533,103805,Lehigh,Mountain Hawks,0.20139,0.74214,0.49202,68.469,101.94342,101.35921,0.30389,0.15496,0.15001,0.09101,0.06131,2022-23 Men's Basketball,True,0.244,0.1757,0.6551,0.2544,0.4032,0.2585,0.358,0.1431,0.513,0.5281,0.34393,0.35103,0.4304,0.1333,0.518,0.5071,0.34871,0.32258
30629,103834,Loyola Maryland,Greyhounds,0.25176,0.7363,0.60107,64.978,100.93746,100.2252,0.24512,0.16285,0.18806,0.12002,0.081,2021-22 Men's Basketball,True,0.2342,0.1242,0.6792,0.2842,0.4187,0.1966,0.3289,0.135,0.4808,0.5727,0.38425,0.31895,0.3846,0.1295,0.4932,0.5341,0.37733,0.33993
38409,103805,Lehigh,Mountain Hawks,0.22222,0.72338,0.52902,65.9,105.84547,107.50087,0.31153,0.14372,0.14172,0.08726,0.05701,2024-25 Men's Basketball,True,0.2438,0.1549,0.6055,0.2396,0.4575,0.2586,0.3816,0.1231,0.4982,0.5286,0.37872,0.37049,0.4185,0.1317,0.5093,0.5433,0.35905,0.31341
30629,103786,Lafayette,Leopards,0.23172,0.6962,0.64069,64.851,102.41405,110.01706,0.21486,0.1481,0.14966,0.09471,0.0901,2021-22 Men's Basketball,True,0.2175,0.1376,0.6759,0.268,0.3857,0.16,0.3467,0.1137,0.428,0.5674,0.45829,0.32793,0.4097,0.1288,0.5071,0.5403,0.36415,0.37072
30629,103698,Holy Cross,Crusaders,0.28203,0.71722,0.42453,66.55,98.00969,106.24987,0.28109,0.16113,0.16139,0.08925,0.09949,2021-22 Men's Basketball,True,0.2518,0.1469,0.5714,0.3147,0.3505,0.2121,0.3344,0.1741,0.5268,0.4825,0.29914,0.34489,0.3177,0.1136,0.5615,0.5595,0.32485,0.36248
38409,103834,Loyola Maryland,Greyhounds,0.29301,0.72618,0.54968,65.68,104.92573,107.86072,0.29511,0.15617,0.15742,0.10919,0.07904,2024-25 Men's Basketball,True,0.2325,0.1162,0.5975,0.3603,0.4132,0.1782,0.2735,0.0658,0.5385,0.5365,0.39573,0.32528,0.3589,0.1198,0.5258,0.5649,0.35436,0.34466
30629,103305,Army West Point,Black Knights,0.30366,0.7314,0.48383,68.73,101.63788,101.59132,0.31593,0.16303,0.17433,0.11289,0.05254,2021-22 Men's Basketball,True,0.2142,0.207,0.624,0.3442,0.3571,0.1903,0.3676,0.1109,0.5345,0.529,0.35454,0.32055,0.3248,0.1262,0.4693,0.5483,0.40453,0.35467
33533,103972,Navy,Midshipmen,0.30097,0.72328,0.56807,63.896,107.77576,100.81441,0.23526,0.15299,0.17443,0.10733,0.08228,2022-23 Men's Basketball,True,0.2474,0.1277,0.6238,0.3403,0.3784,0.187,0.3282,0.1095,0.5272,0.5367,0.36328,0.37094,0.2956,0.1205,0.4929,0.5434,0.38658,0.34101
36046,103972,Navy,Midshipmen,0.32355,0.69912,0.52514,64.137,102.77982,103.12907,0.34881,0.13188,0.17979,0.10306,0.06448,2023-24 Men's Basketball,True,0.279,0.1384,0.5683,0.3239,0.3295,0.1929,0.321,0.1498,0.5169,0.4791,0.33333,0.30017,0.3115,0.1102,0.4783,0.5504,0.41145,0.32357
41097,103285,American,Eagles,0.28297,0.71127,0.50771,66.07,112.90169,107.98264,0.29318,0.13762,0.17483,0.11722,0.0452,2025-26 Men's Basketball,True,0.2809,0.1612,0.6436,0.2692,0.4837,0.2127,0.3426,0.0576,0.4819,0.573,0.46055,0.33333,0.3934,0.1083,0.5204,0.57,0.37123,0.33971
30629,103805,Lehigh,Mountain Hawks,0.21818,0.73362,0.5691,67.279,101.32578,105.67492,0.25589,0.1772,0.13065,0.06523,0.08091,2021-22 Men's Basketball,True,0.25,0.1191,0.5795,0.2789,0.4232,0.2228,0.3865,0.1162,0.5017,0.5101,0.38215,0.38179,0.3204,0.1496,0.5924,0.5102,0.25803,0.3551
33533,103698,Holy Cross,Crusaders,0.2229,0.69469,0.49015,68.074,97.67353,106.27027,0.25295,0.15756,0.15406,0.09283,0.07097,2022-23 Men's Basketball,True,0.2352,0.1454,0.5917,0.2841,0.4253,0.2084,0.3324,0.1858,0.4925,0.5213,0.3217,0.36561,0.318,0.1127,0.5384,0.567,0.34891,0.32589
41097,103786,Lafayette,Leopards,0.26076,0.71549,0.554,65.906,104.94842,112.45823,0.32463,0.13642,0.13988,0.08403,0.06573,2025-26 Men's Basketball,True,0.2466,0.1323,0.6342,0.3018,0.3865,0.2181,0.2973,0.0805,0.5198,0.5303,0.39967,0.32109,0.3596,0.1093,0.5051,0.564,0.38557,0.35615
30629,103285,American,Eagles,0.25073,0.70955,0.49936,64.543,97.57312,109.05514,0.25561,0.18167,0.15395,0.10068,0.08305,2021-22 Men's Basketball,True,0.2291,0.0982,0.6185,0.3548,0.4113,0.2194,0.336,0.1527,0.5742,0.5393,0.27318,0.33484,0.3925,0.1278,0.5352,0.5725,0.33692,0.33333
30629,103972,Navy,Midshipmen,0.34075,0.75372,0.50909,63.518,101.49157,93.92486,0.30246,0.16868,0.18536,0.11031,0.10378,2021-22 Men's Basketball,True,0.2495,0.1112,0.6155,0.3019,0.401,0.2282,0.3201,0.1551,0.5301,0.5232,0.31473,0.32624,0.2765,0.1301,0.488,0.5025,0.38189,0.3281
33533,103382,Bucknell,Bison,0.25794,0.75182,0.53827,65.195,102.78054,104.25495,0.26472,0.17943,0.1383,0.08355,0.10254,2022-23 Men's Basketball,True,0.2323,0.1298,0.6183,0.3039,0.4053,0.2042,0.3842,0.1148,0.5082,0.5327,0.37704,0.35897,0.3125,0.1208,0.5209,0.5373,0.3583,0.36143
36046,103285,American,Eagles,0.28388,0.74777,0.57417,61.954,110.10958,108.90839,0.28276,0.15064,0.15168,0.09285,0.0555,2023-24 Men's Basketball,True,0.2639,0.1293,0.6603,0.2402,0.4863,0.2103,0.3025,0.0931,0.4506,0.5791,0.45632,0.35139,0.351,0.1219,0.4484,0.5634,0.42966,0.37108
38409,103698,Holy Cross,Crusaders,0.23363,0.73333,0.48301,65.061,106.13794,109.95071,0.22038,0.16165,0.1242,0.07065,0.07836,2024-25 Men's Basketball,True,0.2102,0.1112,0.6309,0.2115,0.452,0.2364,0.4033,0.1346,0.448,0.5365,0.4175,0.38727,0.3704,0.0994,0.5179,0.5685,0.38275,0.33242
36046,103834,Loyola Maryland,Greyhounds,0.2955,0.74228,0.55631,64.486,98.14495,110.21548,0.30334,0.17877,0.13967,0.0907,0.06128,2023-24 Men's Basketball,True,0.248,0.1084,0.5679,0.3209,0.3679,0.18,0.3452,0.1115,0.5008,0.496,0.38766,0.33577,0.3661,0.1255,0.5053,0.5687,0.36919,0.35812
36046,103305,Army West Point,Black Knights,0.27305,0.7457,0.56719,62.024,96.11474,102.53899,0.25701,0.1667,0.15187,0.0918,0.12197,2023-24 Men's Basketball,True,0.2521,0.1262,0.5877,0.2707,0.3742,0.1866,0.3438,0.0916,0.4574,0.5006,0.45106,0.3198,0.3093,0.1133,0.4901,0.5399,0.39661,0.32548
33533,103364,Boston U.,Terriers,0.28621,0.75726,0.44021,64.959,101.69734,101.88681,0.28401,0.15613,0.16584,0.09689,0.07531,2022-23 Men's Basketball,True,0.2656,0.1566,0.6089,0.2786,0.3514,0.2298,0.3297,0.1003,0.5084,0.4925,0.39133,0.32964,0.3713,0.1374,0.4707,0.5345,0.39188,0.3358
33533,103285,American,Eagles,0.28306,0.7211,0.55541,61.551,104.62899,105.47882,0.27914,0.19665,0.17031,0.11919,0.11413,2022-23 Men's Basketball,True,0.241,0.0948,0.6971,0.2957,0.4933,0.2288,0.328,0.1141,0.5245,0.6082,0.36135,0.34635,0.3602,0.1417,0.5213,0.5219,0.33694,0.38503
36046,103786,Lafayette,Leopards,0.24474,0.70848,0.56586,64.016,96.61052,103.53187,0.24026,0.1558,0.15518,0.10128,0.12534,2023-24 Men's Basketball,True,0.2489,0.1016,0.6362,0.2578,0.3601,0.2117,0.3305,0.1311,0.4696,0.5117,0.39934,0.31181,0.3496,0.1477,0.4681,0.5006,0.38423,0.34249
38409,103364,Boston U.,Terriers,0.32801,0.76809,0.49609,62.898,105.07805,107.18157,0.31164,0.17514,0.15248,0.09508,0.0821,2024-25 Men's Basketball,True,0.252,0.1062,0.6364,0.2574,0.4083,0.2209,0.4195,0.0993,0.4783,0.531,0.42237,0.33784,0.3965,0.1331,0.4596,0.5408,0.40739,0.36259
41097,103834,Loyola Maryland,Greyhounds,0.2927,0.72018,0.50118,67.16,110.277,112.9801,0.30334,0.13701,0.13663,0.09086,0.0987,2025-26 Men's Basketball,True,0.2458,0.1368,0.5896,0.3069,0.4317,0.1656,0.4286,0.0576,0.4725,0.5343,0.46992,0.3337,0.4241,0.1185,0.4923,0.5994,0.38921,0.32337
41097,103305,Army West Point,Black Knights,0.31074,0.72701,0.59677,66.133,107.01688,114.52521,0.256,0.14892,0.14298,0.08659,0.0482,2025-26 Men's Basketball,True,0.2782,0.139,0.6089,0.2534,0.4521,0.1548,0.2478,0.0577,0.4083,0.5494,0.53398,0.3244,0.3418,0.1085,0.477,0.5986,0.4145,0.34846
30629,103382,Bucknell,Bison,0.21875,0.70018,0.57579,66.825,104.04271,116.10563,0.28324,0.17601,0.12002,0.06784,0.07949,2021-22 Men's Basketball,True,0.2239,0.1306,0.6367,0.2799,0.4229,0.2101,0.3625,0.1341,0.4899,0.545,0.37598,0.37593,0.3899,0.1359,0.4814,0.5617,0.38273,0.37308
36046,103805,Lehigh,Mountain Hawks,0.2285,0.76937,0.50905,68.695,103.38887,100.98861,0.31585,0.15225,0.16218,0.10281,0.0616,2023-24 Men's Basketball,True,0.2364,0.1667,0.5959,0.2819,0.457,0.2528,0.3902,0.0869,0.5347,0.5302,0.37838,0.32213,0.3412,0.1356,0.4947,0.5387,0.36968,0.34532
41097,103698,Holy Cross,Crusaders,0.23014,0.73146,0.44975,64.797,105.27121,113.08121,0.31873,0.1386,0.13222,0.08847,0.05069,2025-26 Men's Basketball,True,0.2408,0.1204,0.6186,0.2125,0.4612,0.2755,0.4167,0.138,0.488,0.5297,0.37404,0.32064,0.3929,0.1034,0.5105,0.6002,0.38608,0.3306
33533,103834,Loyola Maryland,Greyhounds,0.27413,0.72031,0.55839,65.806,101.9345,106.93489,0.27952,0.17905,0.18191,0.11319,0.06806,2022-23 Men's Basketball,True,0.2341,0.1352,0.6126,0.3318,0.4103,0.1325,0.3905,0.1552,0.4643,0.5549,0.38052,0.35417,0.4149,0.1377,0.4949,0.5808,0.36743,0.36703
36046,103698,Holy Cross,Crusaders,0.24117,0.72158,0.44785,64.318,102.9783,115.55723,0.25633,0.14977,0.11335,0.06278,0.09364,2023-24 Men's Basketball,True,0.2497,0.1034,0.6166,0.2725,0.4286,0.2186,0.332,0.1298,0.4911,0.5329,0.37911,0.35369,0.3333,0.1124,0.4932,0.5443,0.39438,0.38259
33533,103305,Army West Point,Black Knights,0.27451,0.76481,0.48814,66.741,108.69081,104.63518,0.30761,0.16872,0.14228,0.07586,0.05952,2022-23 Men's Basketball,True,0.2396,0.1379,0.6689,0.3243,0.4327,0.2245,0.4322,0.0637,0.5488,0.5723,0.38748,0.35097,0.3715,0.1325,0.4835,0.558,0.38397,0.33151
38409,103481,Colgate,Raiders,0.23993,0.7366,0.5259,65.752,108.81561,109.22727,0.22826,0.15125,0.14539,0.09637,0.06885,2024-25 Men's Basketball,True,0.225,0.1412,0.6523,0.282,0.487,0.1624,0.4113,0.1307,0.4444,0.5919,0.42488,0.35608,0.345,0.1344,0.4708,0.5575,0.39479,0.37335
36046,103382,Bucknell,Bison,0.25843,0.71352,0.52639,62.827,102.67776,105.72995,0.2904,0.16867,0.1448,0.09652,0.1067,2023-24 Men's Basketball,True,0.2668,0.0972,0.628,0.287,0.3903,0.1751,0.3121,0.0887,0.4621,0.5379,0.44915,0.33836,0.3276,0.1267,0.4517,0.5502,0.42163,0.32383
36046,103364,Boston U.,Terriers,0.26753,0.77228,0.55599,64.57,101.76201,101.99402,0.3028,0.15439,0.15472,0.10015,0.09632,2023-24 Men's Basketball,True,0.2648,0.1295,0.5803,0.2953,0.3906,0.2069,0.2857,0.0867,0.5022,0.5021,0.4111,0.3329,0.3971,0.1176,0.4783,0.5035,0.40405,0.34401
38409,103786,Lafayette,Leopards,0.25022,0.72198,0.60074,64.697,104.71222,105.31428,0.30421,0.14691,0.1519,0.08903,0.09804,2024-25 Men's Basketball,True,0.2371,0.1191,0.626,0.2783,0.4294,0.1947,0.3304,0.1208,0.473,0.545,0.40615,0.3413,0.3568,0.1276,0.4934,0.5172,0.37904,0.35335
41097,103382,Bucknell,Bison,0.26957,0.68727,0.53985,65.459,101.75323,115.25624,0.29757,0.16813,0.15752,0.10916,0.05865,2025-26 Men's Basketball,True,0.2683,0.1212,0.6233,0.3105,0.4006,0.1682,0.2931,0.0938,0.4787,0.545,0.42749,0.30643,0.3988,0.0934,0.4498,0.5702,0.4568,0.36998
38409,103305,Army West Point,Black Knights,0.27273,0.71156,0.52242,66.582,107.51356,110.0501,0.25612,0.12716,0.14726,0.09832,0.06239,2024-25 Men's Basketball,True,0.2287,0.1539,0.6373,0.3173,0.4,0.1787,0.3585,0.0779,0.4961,0.5518,0.42605,0.31724,0.4123,0.1062,0.4748,0.5716,0.41893,0.34135
41097,103481,Colgate,Raiders,0.27087,0.71014,0.5194,65.59,113.9282,111.21778,0.29184,0.13261,0.13444,0.0886,0.08651,2025-26 Men's Basketball,True,0.2538,0.144,0.6592,0.3213,0.4332,0.1896,0.4296,0.1395,0.5108,0.5753,0.34969,0.35894,0.3282,0.0996,0.4908,0.5473,0.4096,0.34165
38409,103972,Navy,Midshipmen,0.31393,0.73134,0.54002,65.499,107.68901,107.06265,0.33401,0.13918,0.15845,0.09895,0.08169,2024-25 Men's Basketball,True,0.2492,0.1338,0.5798,0.3007,0.3836,0.1976,0.3633,0.1294,0.4982,0.502,0.37241,0.33786,0.4053,0.1203,0.4701,0.5457,0.40964,0.34541
41097,103972,Navy,Midshipmen,0.33119,0.73372,0.61964,64.011,115.29925,99.39277,0.39475,0.14878,0.16539,0.11708,0.10459,2025-26 Men's Basketball,True,0.2223,0.1381,0.6445,0.354,0.4329,0.1757,0.3715,0.1355,0.5297,0.5743,0.33476,0.3584,0.3468,0.1164,0.4198,0.5456,0.46384,0.29718
38409,103382,Bucknell,Bison,0.25994,0.72007,0.51972,65.993,107.30167,106.02793,0.36703,0.16772,0.15019,0.09632,0.09233,2024-25 Men's Basketball,True,0.2577,0.1386,0.692,0.3124,0.4083,0.2092,0.2857,0.0681,0.5216,0.5782,0.41027,0.3531,0.3411,0.1334,0.4602,0.5337,0.40641,0.34733
33533,103786,Lafayette,Leopards,0.23766,0.74389,0.6884,62.451,97.68783,102.84869,0.24455,0.15972,0.16347,0.09063,0.09413,2022-23 Men's Basketball,True,0.241,0.0838,0.6331,0.2536,0.3507,0.1531,0.322,0.109,0.4067,0.5268,0.48432,0.32711,0.3855,0.098,0.4896,0.5302,0.41238,0.3413
41097,103364,Boston U.,Terriers,0.28116,0.72316,0.53348,62.495,117.733,115.34714,0.31488,0.15782,0.11718,0.07504,0.09577,2025-26 Men's Basketball,True,0.2534,0.1088,0.6882,0.2856,0.4441,0.1895,0.4808,0.0847,0.475,0.5909,0.44028,0.39334,0.4648,0.109,0.4841,0.537,0.40686,0.36478
33533,103481,Colgate,Raiders,0.25479,0.75821,0.61132,67.222,116.16039,103.112,0.26938,0.1354,0.16189,0.10497,0.07675,2022-23 Men's Basketball,True,0.1862,0.1673,0.6811,0.3739,0.4217,0.1943,0.4094,0.0839,0.5682,0.5924,0.34789,0.40339,0.3944,0.1727,0.4606,0.5565,0.36673,0.35809
36046,103481,Colgate,Raiders,0.2531,0.75452,0.5662,65.345,109.22293,98.02955,0.27287,0.14238,0.14963,0.09889,0.10099,2023-24 Men's Basketball,True,0.2047,0.153,0.6792,0.3214,0.3952,0.1688,0.369,0.1273,0.4901,0.5814,0.38252,0.35931,0.3186,0.1119,0.4861,0.5224,0.40198,0.30665
30629,103481,Colgate,Raiders,0.26718,0.74843,0.62033,66.528,113.23129,100.52166,0.26143,0.14859,0.14193,0.09161,0.09347,2021-22 Men's Basketball,True,0.2187,0.1453,0.619,0.3578,0.3697,0.1439,0.3716,0.075,0.5018,0.5475,0.42321,0.4024,0.368,0.1776,0.4763,0.5141,0.34613,0.32853
30629,103364,Boston U.,Terriers,0.31381,0.75372,0.43337,64.036,109.03775,104.57912,0.28978,0.1605,0.15141,0.0867,0.06554,2021-22 Men's Basketball,True,0.2408,0.133,0.6044,0.2909,0.4721,0.2027,0.4033,0.1306,0.4935,0.5501,0.37581,0.35765,0.3551,0.1751,0.5003,0.5562,0.3246,0.33109
38409,103285,American,Eagles,0.24457,0.72736,0.525,63.044,107.50409,105.89555,0.299,0.15369,0.16303,0.10208,0.0545,2024-25 Men's Basketball,True,0.2792,0.1354,0.624,0.2599,0.4749,0.2002,0.3313,0.0861,0.4601,0.5591,0.45378,0.34808,0.3202,0.1224,0.5276,0.5727,0.34997,0.33129
41097,103805,Lehigh,Mountain Hawks,0.23934,0.69143,0.54906,65.655,107.30375,108.86377,0.31978,0.16019,0.14185,0.09838,0.07978,2025-26 Men's Basketball,True,0.2336,0.146,0.659,0.243,0.4811,0.2283,0.3773,0.1388,0.4713,0.5728,0.38993,0.35593,0.4035,0.136,0.5461,0.5271,0.3179,0.32583
27693,104202,San Jose St.,Spartans,0.20644,0.66385,0.43205,71.142,92.43773,114.32559,0.28958,0.15754,0.12077,0.06648,0.06746,2020-21 Men's Basketball,True,0.2343,0.1696,0.6137,0.2316,0.4216,0.1839,0.2778,0.1789,0.4155,0.5287,0.40557,0.32843,0.3916,0.1487,0.4543,0.5957,0.39695,0.30248
27693,103984,New Mexico,Lobos,0.34316,0.71916,0.51487,68.12,94.74302,104.11176,0.32694,0.18037,0.1727,0.0834,0.11967,2020-21 Men's Basketball,True,0.2604,0.1763,0.6764,0.2625,0.3639,0.2591,0.3333,0.181,0.5217,0.5212,0.29737,0.28286,0.3175,0.1093,0.4805,0.565,0.41023,0.34461
27693,103631,Fresno St.,Bulldogs,0.31001,0.74687,0.45109,65.707,100.3673,102.07058,0.37626,0.18631,0.17223,0.09951,0.08663,2020-21 Men's Basketball,True,0.2833,0.1725,0.6175,0.298,0.3535,0.1612,0.3407,0.1482,0.4593,0.5248,0.39251,0.3361,0.3717,0.1794,0.4016,0.5889,0.41905,0.36364
27693,103265,Air Force,Falcons,0.15342,0.64463,0.59004,62.979,93.237,114.19627,0.30855,0.21363,0.1885,0.11203,0.07959,2020-21 Men's Basketball,True,0.2635,0.0999,0.6667,0.2923,0.432,0.1444,0.3561,0.1128,0.4368,0.589,0.45043,0.33017,0.3484,0.1184,0.4767,0.6506,0.40489,0.36604
27693,104508,Wyoming,Cowboys,0.22912,0.72203,0.54083,68.862,110.13545,108.58263,0.35298,0.14477,0.16135,0.08313,0.05395,2020-21 Men's Basketball,True,0.2703,0.1075,0.6276,0.3067,0.4824,0.1557,0.2787,0.0477,0.4624,0.5787,0.48983,0.35942,0.3707,0.1608,0.5278,0.5914,0.31137,0.33249
27693,103979,Nevada,Wolf Pack,0.24232,0.75581,0.57895,68.73,107.21947,101.39962,0.38754,0.16367,0.15976,0.08141,0.0963,2020-21 Men's Basketball,True,0.2906,0.1407,0.6163,0.2575,0.4651,0.1931,0.4057,0.1587,0.4506,0.5515,0.39072,0.34483,0.3191,0.1416,0.4104,0.5193,0.44804,0.33109
27693,104375,UNLV,Rebels,0.30323,0.75272,0.50425,65.51,106.00614,103.0097,0.21172,0.16266,0.1622,0.09745,0.09124,2020-21 Men's Basketball,True,0.2758,0.1329,0.664,0.2325,0.4243,0.1916,0.3891,0.1733,0.4241,0.5557,0.40265,0.35211,0.349,0.1306,0.4361,0.4977,0.43333,0.36421
27693,103487,Colorado St.,Rams,0.24173,0.73249,0.57063,68.32,108.31369,97.80642,0.33464,0.17662,0.175,0.08548,0.08143,2020-21 Men's Basketball,True,0.2378,0.1464,0.6427,0.3494,0.4049,0.1137,0.4238,0.1053,0.463,0.5843,0.43166,0.35057,0.3594,0.1437,0.4192,0.5592,0.43709,0.30758
27693,103362,Boise St.,Broncos,0.27138,0.76715,0.50875,68.769,109.71393,96.58135,0.34639,0.14835,0.18384,0.0944,0.07715,2020-21 Men's Basketball,True,0.2474,0.1745,0.7007,0.2576,0.4508,0.1928,0.327,0.161,0.4504,0.5938,0.38862,0.34646,0.3547,0.1864,0.4666,0.5358,0.34698,0.33031
27693,104199,San Diego St.,Aztecs,0.29524,0.75971,0.5452,65.462,111.99723,93.04134,0.33459,0.14479,0.20176,0.12448,0.09861,2020-21 Men's Basketball,True,0.2802,0.1512,0.6504,0.2509,0.4409,0.1826,0.3578,0.1467,0.4335,0.5622,0.41984,0.36986,0.3384,0.1581,0.3722,0.485,0.46965,0.33673
27693,104390,Utah St.,Aggies,0.35651,0.78462,0.60673,68.061,106.64952,91.60206,0.29908,0.17055,0.17853,0.09791,0.14857,2020-21 Men's Basketball,True,0.2091,0.142,0.6811,0.287,0.4,0.226,0.3758,0.1684,0.513,0.5573,0.31864,0.31915,0.3285,0.1587,0.4531,0.4757,0.38818,0.34328
30629,103265,Air Force,Falcons,0.19568,0.70602,0.57735,62.329,94.71357,105.94421,0.26792,0.19736,0.18061,0.08784,0.09129,2021-22 Men's Basketball,True,0.2894,0.0992,0.6435,0.3006,0.4049,0.1719,0.3083,0.0926,0.4725,0.5567,0.43493,0.3328,0.3824,0.0941,0.5737,0.5633,0.33218,0.3125
30629,103979,Nevada,Wolf Pack,0.24667,0.74771,0.56484,69.868,103.83661,105.45256,0.32083,0.16714,0.16353,0.09136,0.10049,2021-22 Men's Basketball,True,0.2516,0.1589,0.6203,0.3096,0.4074,0.1814,0.4253,0.1461,0.491,0.5416,0.36282,0.33333,0.4008,0.135,0.4254,0.5411,0.43958,0.35697
33533,103631,Fresno St.,Bulldogs,0.2495,0.72176,0.53056,62.768,101.44853,104.63486,0.25105,0.16195,0.17956,0.10072,0.10259,2022-23 Men's Basketball,True,0.2567,0.1284,0.6876,0.2564,0.376,0.2289,0.3944,0.1076,0.4854,0.5406,0.40705,0.30837,0.3671,0.1475,0.4773,0.5176,0.37523,0.37645
30629,104202,San Jose St.,Spartans,0.22433,0.70435,0.55041,65.256,98.12418,110.38355,0.22306,0.17825,0.13999,0.08024,0.08235,2021-22 Men's Basketball,True,0.2491,0.0923,0.5805,0.311,0.3732,0.1607,0.3636,0.0769,0.4718,0.5099,0.45137,0.35226,0.3756,0.1093,0.5511,0.5519,0.33962,0.35458
33533,104508,Wyoming,Cowboys,0.24141,0.74875,0.46622,65.19,105.66561,110.1012,0.33155,0.16158,0.1505,0.07449,0.07531,2022-23 Men's Basketball,True,0.2425,0.1023,0.5989,0.2219,0.5084,0.259,0.2421,0.0587,0.4808,0.5501,0.46044,0.34362,0.3991,0.1398,0.4655,0.5541,0.39472,0.3617
30629,103487,Colorado St.,Rams,0.22057,0.75146,0.53837,64.695,112.52817,101.25062,0.29649,0.13935,0.16688,0.09766,0.09754,2021-22 Men's Basketball,True,0.2311,0.1437,0.6837,0.2977,0.4858,0.1649,0.3893,0.1427,0.4626,0.6131,0.39474,0.35704,0.36,0.1447,0.419,0.5608,0.43634,0.32759
36046,103265,Air Force,Falcons,0.23835,0.68538,0.62036,62.202,105.51402,115.39149,0.29613,0.17025,0.15403,0.10384,0.1181,2023-24 Men's Basketball,True,0.2784,0.092,0.6353,0.3248,0.4272,0.1328,0.2832,0.0704,0.4576,0.5749,0.47195,0.36063,0.3548,0.076,0.5573,0.5622,0.36665,0.36622
38409,104199,San Diego St.,Aztecs,0.29567,0.68855,0.51204,64.906,108.16833,98.80097,0.3167,0.1433,0.1718,0.11724,0.18612,2024-25 Men's Basketball,True,0.2816,0.151,0.6123,0.3268,0.4524,0.1648,0.3158,0.1065,0.4916,0.5587,0.40191,0.33333,0.3061,0.086,0.4459,0.4724,0.46811,0.31125
30629,104375,UNLV,Rebels,0.27177,0.74363,0.56522,65.696,106.3618,99.845,0.30076,0.1465,0.15265,0.09373,0.08596,2021-22 Men's Basketball,True,0.2716,0.1382,0.5906,0.2427,0.4498,0.2269,0.3472,0.1048,0.4696,0.5225,0.42562,0.33546,0.3566,0.1359,0.4465,0.515,0.41759,0.31333
41097,103265,Air Force,Falcons,0.21429,0.68744,0.55891,66.217,92.92393,120.62649,0.35064,0.19987,0.13242,0.08511,0.06774,2025-26 Men's Basketball,True,0.269,0.1196,0.6094,0.3629,0.3668,0.1582,0.3,0.0611,0.5211,0.5358,0.41784,0.30556,0.4425,0.0949,0.5169,0.5854,0.38822,0.3764
41097,103631,Fresno St.,Bulldogs,0.28269,0.69702,0.50308,68.091,106.98051,106.93461,0.34319,0.16149,0.15935,0.09763,0.06623,2025-26 Men's Basketball,True,0.2446,0.1538,0.6602,0.2819,0.4282,0.2326,0.3681,0.0788,0.5145,0.5553,0.40668,0.32032,0.3772,0.0878,0.4679,0.5865,0.44427,0.30178
38409,104508,Wyoming,Cowboys,0.3072,0.72753,0.47882,64.586,103.57504,109.74424,0.30034,0.1699,0.14057,0.06797,0.08233,2024-25 Men's Basketball,True,0.2974,0.0796,0.63,0.266,0.4227,0.2182,0.3575,0.1164,0.4843,0.5366,0.39933,0.34225,0.4118,0.1078,0.5156,0.5358,0.37659,0.33231
41097,103659,Grand Canyon,Lopes,0.31339,0.74662,0.49577,67.275,111.97371,101.65548,0.39494,0.15486,0.15551,0.09775,0.10455,2025-26 Men's Basketball,True,0.2742,0.1409,0.639,0.3779,0.3779,0.1194,0.3913,0.1139,0.4972,0.5763,0.38889,0.31825,0.4268,0.1382,0.4798,0.4848,0.38202,0.31912
30629,103984,New Mexico,Lobos,0.24144,0.71581,0.45084,70.075,105.13656,106.68529,0.31875,0.14624,0.16233,0.08847,0.11174,2021-22 Men's Basketball,True,0.2596,0.1531,0.6136,0.275,0.4104,0.1599,0.374,0.188,0.4349,0.5389,0.37708,0.34392,0.3171,0.1083,0.5489,0.565,0.34284,0.32512
36046,104202,San Jose St.,Spartans,0.23077,0.70509,0.52043,65.308,105.78353,114.09238,0.22791,0.14129,0.14118,0.07842,0.09091,2023-24 Men's Basketball,True,0.2598,0.1119,0.636,0.3109,0.3961,0.1918,0.3931,0.0781,0.5027,0.5445,0.41918,0.34319,0.3073,0.1064,0.5399,0.5626,0.35366,0.38715
36046,104508,Wyoming,Cowboys,0.29127,0.71199,0.47282,66.608,108.5143,110.93504,0.39088,0.16553,0.14386,0.07642,0.06975,2023-24 Men's Basketball,True,0.2329,0.1085,0.5874,0.2803,0.4588,0.2422,0.3474,0.1083,0.5225,0.5278,0.36923,0.37191,0.3574,0.1301,0.4692,0.5757,0.40073,0.34159
38409,103265,Air Force,Falcons,0.22736,0.71006,0.62941,63.582,96.65822,114.94623,0.35396,0.18821,0.13861,0.08825,0.08118,2024-25 Men's Basketball,True,0.2787,0.112,0.566,0.3236,0.4314,0.1262,0.3491,0.0656,0.4499,0.5282,0.48453,0.33078,0.3242,0.1035,0.5341,0.5911,0.36234,0.36264
30629,104199,San Diego St.,Aztecs,0.29494,0.72678,0.50197,63.991,101.02733,89.78062,0.31119,0.16963,0.19313,0.11547,0.14353,2021-22 Men's Basketball,True,0.2699,0.1467,0.6215,0.243,0.4055,0.2465,0.3567,0.2022,0.4895,0.5128,0.30835,0.35359,0.3216,0.1498,0.4724,0.4714,0.37779,0.30016
33533,103265,Air Force,Falcons,0.2228,0.71442,0.64947,62.42,105.99503,106.19296,0.31235,0.17364,0.1507,0.09109,0.11024,2022-23 Men's Basketball,True,0.2693,0.0764,0.6692,0.3178,0.402,0.1247,0.3652,0.1088,0.4425,0.5939,0.44866,0.35559,0.3418,0.1141,0.5565,0.5554,0.32945,0.29329
33533,104375,UNLV,Rebels,0.28535,0.6946,0.50183,68.329,106.58437,100.52844,0.34723,0.1528,0.21748,0.13021,0.12336,2022-23 Men's Basketball,True,0.2453,0.1755,0.6087,0.267,0.4216,0.2053,0.3414,0.1314,0.4723,0.5274,0.39631,0.34887,0.3921,0.1275,0.4273,0.5348,0.44526,0.35687
41097,103362,Boise St.,Broncos,0.33725,0.77143,0.50548,65.275,117.03791,109.97447,0.41676,0.14804,0.1303,0.06855,0.05959,2025-26 Men's Basketball,True,0.2544,0.1437,0.6303,0.3131,0.4348,0.1902,0.379,0.0684,0.5033,0.5564,0.42834,0.34234,0.4304,0.1249,0.5041,0.555,0.37099,0.347
38409,103631,Fresno St.,Bulldogs,0.27018,0.65957,0.4399,69.449,99.07481,113.0907,0.36378,0.15562,0.15485,0.10624,0.08744,2024-25 Men's Basketball,True,0.2162,0.1868,0.5709,0.2927,0.3831,0.2885,0.2677,0.0659,0.5812,0.4777,0.35288,0.31324,0.3736,0.0841,0.4855,0.5926,0.43037,0.34157
38409,104375,UNLV,Rebels,0.27273,0.70207,0.49564,64.81,106.83941,105.1094,0.35816,0.14276,0.1552,0.10111,0.1145,2024-25 Men's Basketball,True,0.2459,0.1328,0.6262,0.2886,0.4224,0.2541,0.3284,0.1117,0.5427,0.5308,0.34556,0.33281,0.348,0.1102,0.4565,0.542,0.43328,0.3192
41097,104508,Wyoming,Cowboys,0.34525,0.72119,0.53022,66.299,115.95696,110.10655,0.3563,0.13893,0.14982,0.09885,0.06989,2025-26 Men's Basketball,True,0.3157,0.1217,0.6143,0.3532,0.4444,0.1527,0.3696,0.071,0.5059,0.563,0.42314,0.3305,0.3413,0.0946,0.5377,0.5701,0.36771,0.32666
41097,104202,San Jose St.,Spartans,0.29982,0.64646,0.42805,64.443,111.3052,121.37701,0.33439,0.13296,0.15047,0.08911,0.06584,2025-26 Men's Basketball,True,0.2725,0.1218,0.5939,0.2784,0.3876,0.2044,0.4102,0.1352,0.4828,0.5066,0.38193,0.35823,0.4112,0.0579,0.55,0.5998,0.3921,0.35724
36046,103362,Boise St.,Broncos,0.34103,0.77778,0.47086,65.45,113.91366,102.05818,0.3586,0.14181,0.15386,0.08654,0.068,2023-24 Men's Basketball,True,0.2528,0.1236,0.6376,0.3116,0.3971,0.2133,0.3867,0.0784,0.5248,0.5398,0.39676,0.33992,0.3444,0.1485,0.4824,0.5644,0.36909,0.30999
38409,103979,Nevada,Wolf Pack,0.27421,0.73502,0.58817,63.596,112.83615,106.31,0.37311,0.13883,0.16676,0.09676,0.12435,2024-25 Men's Basketball,True,0.2735,0.1154,0.6705,0.2924,0.4444,0.1613,0.4498,0.1731,0.4538,0.5901,0.37311,0.34234,0.3333,0.0936,0.4601,0.5276,0.44624,0.35751
33533,103487,Colorado St.,Rams,0.19939,0.73012,0.62428,65.243,109.8063,108.15301,0.29553,0.15393,0.15994,0.08574,0.07714,2022-23 Men's Basketball,True,0.2466,0.148,0.7346,0.2715,0.4676,0.2067,0.3755,0.1369,0.4782,0.6192,0.38492,0.3643,0.3194,0.1549,0.4099,0.5774,0.43518,0.36465
36046,103631,Fresno St.,Bulldogs,0.24299,0.69476,0.50616,64.869,102.75592,112.23542,0.30936,0.16917,0.13687,0.09353,0.06585,2023-24 Men's Basketball,True,0.2392,0.1577,0.6453,0.3049,0.4307,0.2291,0.363,0.0814,0.534,0.5532,0.38462,0.33188,0.3849,0.1624,0.4677,0.5586,0.36988,0.37258
33533,103979,Nevada,Wolf Pack,0.22854,0.75352,0.59324,65.047,109.59112,102.32162,0.39465,0.13868,0.16501,0.08948,0.09461,2022-23 Men's Basketball,True,0.2707,0.1179,0.6067,0.2848,0.4219,0.1678,0.4092,0.1689,0.4526,0.5382,0.37848,0.35052,0.3796,0.1176,0.4581,0.5279,0.42429,0.32734
41097,104199,San Diego St.,Aztecs,0.30699,0.69403,0.54226,67.851,113.08392,102.65215,0.38261,0.15094,0.17605,0.11049,0.15191,2025-26 Men's Basketball,True,0.2737,0.1839,0.6751,0.3285,0.4254,0.164,0.3846,0.176,0.4925,0.592,0.3316,0.34694,0.2601,0.0915,0.4344,0.5006,0.47407,0.33482
38409,104390,Utah St.,Aggies,0.34925,0.69449,0.61175,66.018,121.0005,106.07591,0.36853,0.13718,0.17969,0.12963,0.09004,2024-25 Men's Basketball,True,0.2749,0.1702,0.6548,0.3558,0.4687,0.1701,0.3978,0.0472,0.5259,0.5946,0.4269,0.35672,0.366,0.1045,0.4585,0.5523,0.43696,0.34155
41097,103487,Colorado St.,Rams,0.3003,0.71011,0.62881,63.371,119.46435,112.13126,0.39274,0.16285,0.1377,0.08425,0.06629,2025-26 Men's Basketball,True,0.2649,0.128,0.6885,0.286,0.4491,0.1504,0.4264,0.0732,0.4364,0.606,0.49035,0.38542,0.3821,0.1127,0.4567,0.5763,0.43062,0.33827
36046,103979,Nevada,Wolf Pack,0.2758,0.73181,0.58002,65.56,115.4097,101.73217,0.44301,0.13336,0.15746,0.09589,0.1097,2023-24 Men's Basketball,True,0.2677,0.1277,0.6606,0.293,0.4626,0.1581,0.398,0.2134,0.4511,0.5912,0.33548,0.36378,0.4063,0.1188,0.4661,0.5085,0.41516,0.32056
33533,103984,New Mexico,Lobos,0.28112,0.72956,0.47406,70.681,113.14291,103.92356,0.39158,0.13756,0.15464,0.09412,0.10388,2022-23 Men's Basketball,True,0.2362,0.1859,0.6483,0.3465,0.455,0.1796,0.3901,0.207,0.5262,0.5823,0.26676,0.35229,0.3417,0.1324,0.4814,0.544,0.38619,0.33416
33533,103362,Boise St.,Broncos,0.27435,0.76174,0.4385,65.418,108.99387,97.74317,0.30289,0.14717,0.15625,0.07577,0.07977,2022-23 Men's Basketball,True,0.2469,0.1213,0.6554,0.259,0.4455,0.2224,0.3382,0.1404,0.4814,0.5584,0.37822,0.36153,0.3228,0.1474,0.4816,0.5231,0.37093,0.31102
30629,104390,Utah St.,Aggies,0.26403,0.77458,0.6663,66.193,109.3421,99.53328,0.2866,0.16352,0.16369,0.0916,0.06255,2021-22 Men's Basketball,True,0.2457,0.1564,0.6897,0.3313,0.4313,0.1625,0.3869,0.1033,0.4938,0.6046,0.40291,0.34149,0.3417,0.1459,0.4664,0.5309,0.38772,0.33965
30629,104508,Wyoming,Cowboys,0.25545,0.75753,0.44666,65.023,109.92711,99.27319,0.35871,0.15132,0.14176,0.05923,0.05443,2021-22 Men's Basketball,True,0.23,0.083,0.6744,0.1861,0.5157,0.3067,0.3451,0.0761,0.4928,0.5756,0.4311,0.34204,0.3789,0.1431,0.4749,0.5148,0.38203,0.30223
36046,104375,UNLV,Rebels,0.3081,0.69218,0.49669,64.83,111.81911,104.66554,0.32312,0.14387,0.16009,0.09318,0.12865,2023-24 Men's Basketball,True,0.2414,0.1444,0.6592,0.2981,0.4584,0.2272,0.3525,0.1246,0.5253,0.5724,0.35018,0.33673,0.3462,0.1331,0.4795,0.5358,0.38741,0.321
33533,104390,Utah St.,Aggies,0.27273,0.75682,0.61774,67.708,115.04322,102.84931,0.34329,0.15782,0.14278,0.0734,0.08597,2022-23 Men's Basketball,True,0.2478,0.1506,0.7067,0.278,0.4223,0.2086,0.3448,0.0881,0.4866,0.5848,0.42532,0.3869,0.3701,0.1499,0.5124,0.4891,0.33771,0.34726
38409,103984,New Mexico,Lobos,0.3167,0.7429,0.51584,71.486,111.87045,98.09995,0.36715,0.13545,0.18367,0.12135,0.13854,2024-25 Men's Basketball,True,0.2437,0.2007,0.606,0.3972,0.4318,0.1833,0.2883,0.101,0.5805,0.5509,0.31847,0.34714,0.3452,0.0969,0.5214,0.5094,0.3817,0.33892
30629,103362,Boise St.,Broncos,0.30624,0.77919,0.46996,63.734,105.96093,94.47333,0.34974,0.16103,0.18245,0.09306,0.09631,2021-22 Men's Basketball,True,0.2331,0.14,0.659,0.2733,0.3925,0.2094,0.3699,0.1288,0.4827,0.5434,0.38848,0.34636,0.3463,0.1806,0.4911,0.5247,0.3283,0.32677
33533,104202,San Jose St.,Spartans,0.35368,0.75622,0.49252,61.955,107.77282,105.76519,0.26503,0.15729,0.11608,0.06495,0.11417,2022-23 Men's Basketball,True,0.2483,0.0787,0.6445,0.3374,0.3805,0.1807,0.2424,0.0704,0.5181,0.5525,0.41151,0.32513,0.354,0.1479,0.4949,0.4962,0.35726,0.34441
38409,104202,San Jose St.,Spartans,0.28007,0.68946,0.5073,65.917,108.28447,110.12852,0.30662,0.14989,0.14102,0.08927,0.07922,2024-25 Men's Basketball,True,0.2345,0.1426,0.6125,0.3186,0.4043,0.1872,0.358,0.0876,0.5057,0.5354,0.40667,0.34761,0.3827,0.0931,0.5427,0.5591,0.3642,0.32334
41097,104375,UNLV,Rebels,0.30876,0.68245,0.51287,69.257,112.69522,111.9197,0.39903,0.1493,0.15622,0.10834,0.13255,2025-26 Men's Basketball,True,0.3032,0.1551,0.647,0.3121,0.4551,0.2485,0.3924,0.0767,0.5607,0.5619,0.36262,0.34806,0.3988,0.0859,0.5474,0.5327,0.36662,0.35095
36046,104390,Utah St.,Aggies,0.28645,0.73642,0.57257,68.009,115.47688,103.42388,0.38458,0.13921,0.15076,0.09866,0.11255,2023-24 Men's Basketball,True,0.2459,0.1678,0.6716,0.3679,0.4637,0.1896,0.4081,0.1095,0.5575,0.6009,0.33301,0.33333,0.4453,0.1193,0.5159,0.5384,0.36473,0.29272
36046,103984,New Mexico,Lobos,0.33382,0.73202,0.4911,71.071,113.9709,99.47049,0.3312,0.11854,0.17152,0.12195,0.13175,2023-24 Men's Basketball,True,0.247,0.1818,0.6077,0.3764,0.4351,0.1874,0.3441,0.1327,0.5638,0.5503,0.30346,0.32771,0.3262,0.1329,0.5038,0.5332,0.36334,0.3035
41097,104390,Utah St.,Aggies,0.32881,0.67701,0.60594,67.044,122.13291,105.12183,0.37982,0.13203,0.17624,0.12877,0.08718,2025-26 Men's Basketball,True,0.2811,0.1724,0.7181,0.3241,0.459,0.2147,0.4272,0.049,0.5388,0.6148,0.41218,0.34988,0.2996,0.1181,0.4763,0.522,0.40558,0.34398
36046,103487,Colorado St.,Rams,0.25044,0.73424,0.66122,65.456,114.08583,102.07458,0.31719,0.14017,0.15228,0.09542,0.08395,2023-24 Men's Basketball,True,0.2584,0.163,0.744,0.2875,0.4337,0.1789,0.4214,0.1477,0.4664,0.625,0.38587,0.33803,0.3805,0.202,0.4611,0.5224,0.33695,0.32164
38409,103487,Colorado St.,Rams,0.27037,0.74204,0.62329,65.076,114.35823,102.36054,0.31613,0.15404,0.14796,0.07794,0.07882,2024-25 Men's Basketball,True,0.2619,0.1279,0.7145,0.2826,0.4441,0.1568,0.3826,0.1323,0.4394,0.618,0.42836,0.36257,0.3033,0.1644,0.4558,0.5395,0.37975,0.3316
30629,103631,Fresno St.,Bulldogs,0.2786,0.77191,0.50409,61.275,106.23018,95.31307,0.31106,0.1558,0.17655,0.09785,0.09361,2021-22 Men's Basketball,True,0.2467,0.1072,0.6419,0.2667,0.4548,0.2077,0.3609,0.1388,0.4744,0.56,0.38674,0.33738,0.3446,0.1586,0.4196,0.5198,0.42176,0.32402
41097,103984,New Mexico,Lobos,0.30769,0.72583,0.53816,69.231,117.27272,102.43796,0.35851,0.12959,0.1699,0.11594,0.09507,2025-26 Men's Basketball,True,0.2484,0.175,0.601,0.3741,0.4195,0.1324,0.4041,0.0649,0.5064,0.5535,0.4287,0.35751,0.3992,0.1183,0.4032,0.5638,0.47848,0.30205
38409,103362,Boise St.,Broncos,0.32994,0.77496,0.56054,64.812,116.5352,102.94497,0.37711,0.14333,0.14932,0.08686,0.07578,2024-25 Men's Basketball,True,0.2465,0.1383,0.6782,0.3211,0.4726,0.1849,0.3311,0.0715,0.506,0.6031,0.4225,0.31657,0.3203,0.1379,0.4902,0.5365,0.37193,0.3496
41097,103979,Nevada,Wolf Pack,0.3222,0.73095,0.57589,65.304,114.86832,108.08974,0.44788,0.12855,0.15139,0.09904,0.1182,2025-26 Men's Basketball,True,0.2696,0.1603,0.5712,0.3308,0.4179,0.1856,0.3739,0.1604,0.5164,0.5161,0.32318,0.35788,0.4426,0.0897,0.487,0.5287,0.42325,0.3372
36046,104199,San Diego St.,Aztecs,0.33231,0.71929,0.50419,65.558,111.16438,100.01551,0.36179,0.1412,0.15991,0.11129,0.1192,2023-24 Men's Basketball,True,0.2622,0.1534,0.626,0.2986,0.3994,0.1606,0.4314,0.1615,0.4592,0.5467,0.37933,0.31509,0.3613,0.1124,0.478,0.496,0.40954,0.31027
33533,104199,San Diego St.,Aztecs,0.31886,0.74157,0.51116,65.195,108.44545,96.72161,0.32741,0.14931,0.17182,0.10268,0.11715,2022-23 Men's Basketball,True,0.2479,0.1532,0.6551,0.2434,0.4238,0.2012,0.3475,0.2097,0.4447,0.5504,0.34562,0.34833,0.3679,0.1305,0.4702,0.5273,0.39935,0.28355
27693,103777,LIU,Sharks,0.32922,0.71538,0.61169,73.153,101.1581,99.71515,0.31169,0.16472,0.1852,0.11571,0.09705,2020-21 Men's Basketball,True,0.2391,0.2315,0.6294,0.2944,0.3934,0.1827,0.3504,0.1186,0.4771,0.539,0.40433,0.28694,0.4245,0.1269,0.5224,0.5297,0.35068,0.32031
27693,103896,Merrimack,Warriors,0.2084,0.68354,0.4977,66.893,98.39679,98.97414,0.31024,0.18229,0.18916,0.11884,0.10149,2020-21 Men's Basketball,True,0.2517,0.1631,0.6478,0.3113,0.4367,0.1634,0.4,0.1138,0.4747,0.5752,0.41158,0.31658,0.38,0.149,0.5164,0.4846,0.33466,0.34421
27693,104175,Sacred Heart,Pioneers,0.29607,0.6823,0.55916,66.661,103.2743,110.21368,0.33556,0.16255,0.13209,0.07182,0.0508,2020-21 Men's Basketball,True,0.2442,0.137,0.5636,0.3308,0.3444,0.1444,0.3565,0.1099,0.4751,0.497,0.41491,0.32949,0.3168,0.1439,0.5246,0.5673,0.33155,0.32884
27693,104268,St. Francis Brooklyn,Terriers,0.3021,0.69719,0.5,72.173,106.93194,109.46759,0.307,0.1424,0.17515,0.11047,0.08895,2020-21 Men's Basketball,True,0.2775,0.1947,0.592,0.3712,0.4419,0.177,0.3212,0.1588,0.5481,0.5435,0.293,0.33146,0.4057,0.0942,0.5653,0.5204,0.34044,0.3812
27693,104412,Wagner,Seahawks,0.34789,0.71914,0.48405,65.353,107.01622,103.18617,0.27967,0.15382,0.1866,0.11074,0.0816,2020-21 Men's Basketball,True,0.3048,0.1615,0.5812,0.3627,0.4427,0.21,0.3425,0.1212,0.5726,0.5304,0.30622,0.31707,0.371,0.1197,0.4817,0.5251,0.39865,0.34383
27693,103434,Central Conn. St.,Blue Devils,0.23729,0.67131,0.51724,70.693,96.93157,109.4606,0.28374,0.17722,0.17499,0.09789,0.07059,2020-21 Men's Basketball,True,0.2418,0.1829,0.5836,0.2675,0.413,0.2008,0.4084,0.1553,0.4683,0.5104,0.37642,0.32397,0.3462,0.1032,0.504,0.5874,0.39286,0.35152
27693,103379,Bryant,Bulldogs,0.28625,0.69635,0.52665,75.659,110.72426,99.97025,0.34402,0.1741,0.15467,0.09157,0.08571,2020-21 Men's Basketball,True,0.2192,0.2556,0.6172,0.3732,0.3959,0.1436,0.3077,0.0853,0.5168,0.5557,0.39796,0.38095,0.3149,0.1223,0.4926,0.5322,0.38514,0.28772
27693,104179,Saint Francis,The Red Flash,0.28788,0.71189,0.52126,68.557,99.31881,105.80895,0.33649,0.17673,0.16416,0.08324,0.05985,2020-21 Men's Basketball,True,0.2479,0.1504,0.6029,0.3223,0.4125,0.203,0.3243,0.1461,0.5253,0.5293,0.32859,0.3101,0.3878,0.1128,0.5027,0.5756,0.3845,0.31337
27693,103958,Mount St. Mary's,Mountaineers,0.3133,0.75123,0.50474,62.529,100.01322,98.43117,0.29815,0.17462,0.14107,0.06708,0.11162,2020-21 Men's Basketball,True,0.2344,0.1039,0.5393,0.3746,0.4,0.1389,0.3611,0.1212,0.5135,0.5016,0.36532,0.34101,0.3545,0.1514,0.5248,0.4763,0.32372,0.31188
27693,103596,FDU,Knights,0.28839,0.66784,0.44496,70.617,105.17005,110.36724,0.31075,0.17278,0.16726,0.10595,0.10356,2020-21 Men's Basketball,True,0.2563,0.1854,0.579,0.3666,0.3939,0.1844,0.3413,0.088,0.551,0.5171,0.36103,0.37524,0.3712,0.0904,0.5247,0.5783,0.38493,0.33452
30629,103596,FDU,Knights,0.27806,0.65816,0.48576,69.071,96.40908,113.5068,0.27781,0.17023,0.15731,0.09256,0.07586,2021-22 Men's Basketball,True,0.262,0.1662,0.5484,0.3518,0.348,0.1608,0.3206,0.1344,0.5125,0.4856,0.35305,0.32423,0.3758,0.1003,0.5482,0.5758,0.35144,0.35091
30629,104412,Wagner,Seahawks,0.34079,0.73134,0.5261,67.02,109.05761,94.78788,0.323,0.15503,0.19895,0.12266,0.08736,2021-22 Men's Basketball,True,0.2905,0.1996,0.6619,0.3484,0.4318,0.2226,0.3923,0.1296,0.571,0.5722,0.29944,0.28571,0.2931,0.121,0.4854,0.5458,0.3936,0.29682
33533,104412,Wagner,Seahawks,0.35191,0.76151,0.51756,62.154,100.57849,98.35734,0.2477,0.15659,0.19117,0.10772,0.05799,2022-23 Men's Basketball,True,0.3075,0.1369,0.562,0.2975,0.3794,0.209,0.3318,0.1352,0.5065,0.4867,0.35833,0.31046,0.2874,0.1314,0.5068,0.5469,0.36178,0.31524
33533,103777,LIU,Sharks,0.26066,0.70463,0.58333,72.386,92.17767,110.47029,0.31788,0.19846,0.15362,0.09165,0.08505,2022-23 Men's Basketball,True,0.2434,0.1847,0.5703,0.3084,0.3959,0.2911,0.3465,0.1509,0.5995,0.4856,0.24955,0.3381,0.3367,0.1092,0.5393,0.5785,0.35153,0.36133
36046,103777,LIU,Sharks,0.25421,0.71278,0.51416,70.001,94.21167,108.76588,0.31461,0.1798,0.14029,0.09179,0.07822,2023-24 Men's Basketball,True,0.2719,0.1366,0.5755,0.2703,0.4109,0.2389,0.3704,0.1916,0.5092,0.4983,0.29923,0.31028,0.3878,0.1144,0.5429,0.5591,0.34267,0.31175
33533,104268,St. Francis Brooklyn,Terriers,0.3155,0.68426,0.53634,65.751,98.24524,102.68798,0.30805,0.1765,0.17682,0.11269,0.11774,2022-23 Men's Basketball,True,0.2321,0.1706,0.5755,0.2922,0.2956,0.2128,0.3434,0.1558,0.505,0.4575,0.33921,0.35355,0.3475,0.1407,0.5891,0.496,0.27013,0.39073
36046,104179,Saint Francis,The Red Flash,0.33271,0.68857,0.51473,65.487,99.09774,110.55354,0.32759,0.17634,0.15442,0.09007,0.10239,2023-24 Men's Basketball,True,0.2697,0.1288,0.5532,0.3407,0.4136,0.1926,0.3301,0.1243,0.5333,0.5028,0.34245,0.33507,0.3726,0.1258,0.4944,0.5618,0.37982,0.34687
41097,103434,Central Conn. St.,Blue Devils,0.28482,0.71201,0.51557,64.61,113.8005,109.27931,0.29754,0.14126,0.12384,0.08644,0.11245,2025-26 Men's Basketball,True,0.2112,0.1185,0.6509,0.311,0.4595,0.1813,0.3593,0.1585,0.4924,0.5805,0.34918,0.36807,0.4094,0.0953,0.5045,0.5138,0.40022,0.32869
30629,103896,Merrimack,Warriors,0.22244,0.63996,0.51412,62.946,96.79027,101.41184,0.26188,0.16555,0.19604,0.14209,0.11374,2021-22 Men's Basketball,True,0.2511,0.1462,0.6723,0.2575,0.3654,0.2275,0.2768,0.1106,0.485,0.5284,0.40437,0.33076,0.351,0.1531,0.5062,0.5198,0.34063,0.33028
30629,104268,St. Francis Brooklyn,Terriers,0.30142,0.70676,0.47855,66.954,99.58782,104.47587,0.24301,0.1553,0.16814,0.09868,0.06627,2021-22 Men's Basketball,True,0.2454,0.1482,0.5859,0.2809,0.391,0.1711,0.3455,0.181,0.452,0.5121,0.36698,0.3139,0.3153,0.1305,0.5614,0.5665,0.30805,0.32634
30629,104175,Sacred Heart,Pioneers,0.31925,0.69759,0.54027,68.086,105.84526,109.43817,0.24669,0.17191,0.14093,0.07933,0.05734,2021-22 Men's Basketball,True,0.2277,0.1627,0.6093,0.3206,0.4563,0.1705,0.3241,0.1192,0.4912,0.5562,0.38962,0.34278,0.4286,0.1321,0.4898,0.5518,0.3781,0.34807
30629,103958,Mount St. Mary's,Mountaineers,0.31574,0.71555,0.53067,64.103,102.31514,100.97432,0.26285,0.17041,0.16409,0.08824,0.10756,2021-22 Men's Basketball,True,0.2435,0.1022,0.5796,0.3302,0.4219,0.189,0.3805,0.1754,0.5192,0.5222,0.30538,0.34429,0.3564,0.1713,0.495,0.5198,0.33373,0.33037
30629,103777,LIU,Sharks,0.30465,0.70518,0.62562,71.846,103.29648,101.40999,0.29678,0.15983,0.16169,0.10644,0.13376,2021-22 Men's Basketball,True,0.2338,0.2123,0.6385,0.3179,0.4024,0.1755,0.2709,0.107,0.4934,0.5545,0.39958,0.31398,0.3624,0.1157,0.4676,0.5108,0.41667,0.31592
30629,104179,Saint Francis,The Red Flash,0.31212,0.68484,0.50916,67.711,100.06266,107.20999,0.30144,0.15582,0.16017,0.09572,0.07345,2021-22 Men's Basketball,True,0.215,0.1396,0.5494,0.3413,0.4118,0.2257,0.3604,0.1228,0.5669,0.4946,0.31029,0.31551,0.3165,0.1192,0.4986,0.5504,0.38218,0.35765
38409,104412,Wagner,Seahawks,0.32598,0.77753,0.57014,60.59,101.82459,98.7818,0.29541,0.16042,0.18361,0.1153,0.05795,2024-25 Men's Basketball,True,0.2781,0.1222,0.5313,0.2832,0.4066,0.1865,0.3482,0.1511,0.4697,0.4818,0.3792,0.33387,0.3229,0.133,0.4287,0.546,0.43837,0.33175
41097,103982,New Haven,Chargers,0.23988,0.74037,0.51511,63.132,102.85667,105.00271,0.30727,0.15478,0.15817,0.10383,0.06827,2025-26 Men's Basketball,True,0.2203,0.1264,0.643,0.3497,0.4218,0.1279,0.3046,0.1194,0.4776,0.5838,0.40303,0.31278,0.3598,0.1277,0.4934,0.549,0.37888,0.33858
33533,104179,Saint Francis,The Red Flash,0.25904,0.71747,0.52891,67.824,107.19904,108.28855,0.32045,0.16297,0.13484,0.06499,0.05298,2022-23 Men's Basketball,True,0.2416,0.1482,0.5966,0.3,0.481,0.2386,0.3128,0.1017,0.5386,0.5454,0.35966,0.37915,0.3629,0.1387,0.508,0.5595,0.35332,0.3303
36046,104297,Stonehill,Skyhawks,0.22926,0.68801,0.51261,67.832,93.16646,111.78081,0.2321,0.17603,0.1478,0.09379,0.07639,2023-24 Men's Basketball,True,0.226,0.1257,0.572,0.2679,0.4167,0.1812,0.3444,0.0845,0.4491,0.5093,0.46644,0.30336,0.3724,0.1045,0.4331,0.548,0.4624,0.35525
41097,104179,Saint Francis,The Red Flash,0.28673,0.68186,0.52459,69.031,103.13712,116.82047,0.30548,0.16093,0.15957,0.10697,0.0597,2025-26 Men's Basketball,True,0.2634,0.1586,0.6059,0.2588,0.4226,0.2453,0.3491,0.115,0.5041,0.5167,0.3809,0.34046,0.3292,0.0894,0.5058,0.6202,0.40478,0.36763
36046,103434,Central Conn. St.,Blue Devils,0.28462,0.72915,0.54815,66.698,107.32478,98.88081,0.32091,0.14536,0.16407,0.11091,0.12766,2023-24 Men's Basketball,True,0.203,0.1654,0.6455,0.3326,0.4383,0.1713,0.3279,0.1374,0.5039,0.5751,0.35873,0.32248,0.3455,0.1216,0.5279,0.4953,0.35047,0.33912
33533,104297,Stonehill,Skyhawks,0.19857,0.69093,0.52778,66.277,99.83439,103.72966,0.32088,0.18285,0.17047,0.10462,0.08096,2022-23 Men's Basketball,True,0.2251,0.1407,0.6044,0.3313,0.3825,0.1745,0.3462,0.0796,0.5058,0.5278,0.41457,0.35303,0.3273,0.1207,0.4759,0.5236,0.4034,0.34422
38409,103895,Mercyhurst,Lakers,0.23761,0.6777,0.57007,63.797,105.1649,108.26239,0.30828,0.14764,0.1913,0.11342,0.06893,2024-25 Men's Basketball,True,0.2592,0.1216,0.578,0.2824,0.446,0.212,0.3267,0.1474,0.4944,0.5214,0.35819,0.35082,0.3492,0.0785,0.5271,0.5721,0.39439,0.35071
41097,104412,Wagner,Seahawks,0.33824,0.71611,0.49491,64.9,107.67473,108.25939,0.31146,0.16227,0.13498,0.08377,0.06952,2025-26 Men's Basketball,True,0.2804,0.1288,0.5462,0.337,0.4306,0.1963,0.4,0.1029,0.5334,0.5036,0.36374,0.35015,0.3256,0.1215,0.5124,0.527,0.3661,0.33333
36046,104175,Sacred Heart,Pioneers,0.27149,0.67097,0.50926,69.028,107.38428,104.71325,0.30875,0.1475,0.17764,0.12609,0.14414,2023-24 Men's Basketball,True,0.2444,0.1911,0.5929,0.3546,0.4179,0.1765,0.3667,0.1264,0.5311,0.5347,0.34247,0.36462,0.3188,0.1096,0.482,0.5308,0.40837,0.35279
38409,104297,Stonehill,Skyhawks,0.27455,0.71548,0.60738,64.911,105.8175,107.93578,0.31922,0.16292,0.14708,0.09877,0.07,2024-25 Men's Basketball,True,0.2551,0.1297,0.6136,0.3272,0.345,0.1476,0.305,0.0807,0.4748,0.5301,0.44451,0.35521,0.2992,0.1353,0.5302,0.5429,0.33444,0.34826
41097,103799,Le Moyne,Dolphins,0.25455,0.71059,0.56522,68.058,107.26084,107.49042,0.38549,0.17051,0.1357,0.08566,0.09091,2025-26 Men's Basketball,True,0.2553,0.1683,0.6318,0.3661,0.4206,0.1439,0.3557,0.0851,0.51,0.5722,0.40491,0.33992,0.2785,0.1231,0.4826,0.5048,0.39429,0.35837
36046,103799,Le Moyne,Dolphins,0.23684,0.69864,0.61118,67.963,106.16873,102.82519,0.24607,0.14802,0.16585,0.1174,0.09476,2023-24 Men's Basketball,True,0.224,0.1666,0.6171,0.3001,0.3864,0.1154,0.3431,0.107,0.4155,0.553,0.47744,0.34615,0.4183,0.1086,0.4588,0.5131,0.43267,0.32931
38409,103434,Central Conn. St.,Blue Devils,0.2703,0.7487,0.52414,65.419,110.01221,95.73727,0.25506,0.15085,0.16271,0.11493,0.12226,2024-25 Men's Basketball,True,0.1713,0.1586,0.6576,0.3404,0.4786,0.1533,0.3727,0.1483,0.4937,0.602,0.35796,0.34557,0.4074,0.101,0.4848,0.5006,0.41422,0.30839
41097,103596,FDU,Knights,0.33566,0.73982,0.51882,63.287,105.74969,110.42235,0.32058,0.15487,0.15123,0.0791,0.04856,2025-26 Men's Basketball,True,0.272,0.0875,0.5947,0.2696,0.4282,0.193,0.349,0.0826,0.4626,0.5252,0.4548,0.30976,0.3918,0.1145,0.4814,0.5576,0.40413,0.36496
41097,103454,Chicago St.,Cougars,0.29432,0.65795,0.49867,64.537,101.53092,117.39964,0.3021,0.13736,0.17525,0.12559,0.04785,2025-26 Men's Basketball,True,0.2893,0.1268,0.5522,0.2838,0.4066,0.196,0.3325,0.2073,0.4798,0.4927,0.31287,0.31842,0.3932,0.0677,0.4163,0.6314,0.51592,0.3569
30629,103379,Bryant,Bulldogs,0.33115,0.68816,0.50512,71.665,108.03981,101.5929,0.3224,0.16189,0.14181,0.0897,0.10149,2021-22 Men's Basketball,True,0.2354,0.2215,0.6541,0.3159,0.4301,0.1848,0.2847,0.0681,0.5007,0.5714,0.4312,0.30415,0.3681,0.1447,0.5196,0.49,0.33569,0.31742
36046,103596,FDU,Knights,0.28482,0.69613,0.57414,72.331,104.17261,106.40182,0.33797,0.15004,0.17144,0.1129,0.06824,2023-24 Men's Basketball,True,0.2448,0.1913,0.5749,0.332,0.3836,0.1451,0.3292,0.1193,0.4771,0.5167,0.40358,0.33005,0.2941,0.1037,0.4997,0.5575,0.39654,0.35513
38409,103454,Chicago St.,Cougars,0.22581,0.66354,0.48519,67.716,91.62722,115.30102,0.26803,0.16552,0.15843,0.10799,0.10188,2024-25 Men's Basketball,True,0.2778,0.1504,0.5373,0.2885,0.3477,0.1625,0.3206,0.141,0.451,0.469,0.40797,0.30607,0.3816,0.0823,0.5238,0.5843,0.39382,0.35763
30629,103434,Central Conn. St.,Blue Devils,0.26264,0.68238,0.49275,65.001,93.94595,109.67488,0.29117,0.18217,0.16397,0.09442,0.06306,2021-22 Men's Basketball,True,0.2448,0.1187,0.5313,0.2638,0.3576,0.188,0.3309,0.1567,0.4519,0.459,0.39145,0.34207,0.3112,0.1072,0.5,0.581,0.39278,0.34819
33533,103434,Central Conn. St.,Blue Devils,0.28471,0.71776,0.52212,64.438,101.19009,107.61334,0.23319,0.15534,0.14587,0.08633,0.10581,2022-23 Men's Basketball,True,0.2161,0.1105,0.6163,0.2684,0.4063,0.222,0.324,0.1531,0.4904,0.5212,0.35646,0.32784,0.3961,0.1127,0.5147,0.5259,0.37255,0.3538
38409,103799,Le Moyne,Dolphins,0.26927,0.68068,0.54964,67.65,106.61067,115.37873,0.36737,0.17499,0.14552,0.10007,0.06139,2024-25 Men's Basketball,True,0.2758,0.1661,0.6098,0.374,0.4378,0.1382,0.3985,0.0738,0.5122,0.5634,0.41398,0.33914,0.3636,0.1036,0.4843,0.5659,0.41213,0.36548
33533,104175,Sacred Heart,Pioneers,0.28772,0.69656,0.51389,69.183,101.37717,102.20314,0.27622,0.16323,0.17337,0.11311,0.08682,2022-23 Men's Basketball,True,0.2184,0.2009,0.6047,0.3172,0.4125,0.1998,0.3644,0.1179,0.517,0.5304,0.36513,0.31327,0.3289,0.1156,0.516,0.5354,0.36847,0.33838
36046,103896,Merrimack,Warriors,0.23508,0.65593,0.51447,67.402,101.86895,96.33599,0.34179,0.17282,0.20109,0.14505,0.09446,2023-24 Men's Basketball,True,0.2372,0.1691,0.6225,0.3286,0.412,0.1472,0.4244,0.0948,0.4757,0.5574,0.42944,0.30937,0.3035,0.1372,0.5473,0.5054,0.31554,0.31472
36046,104412,Wagner,Seahawks,0.29976,0.7307,0.55541,61.907,101.78385,100.81586,0.25928,0.13267,0.15394,0.09442,0.07177,2023-24 Men's Basketball,True,0.2453,0.1456,0.6,0.264,0.3228,0.2154,0.3123,0.1406,0.4794,0.4755,0.38003,0.32737,0.3805,0.1265,0.4664,0.539,0.40705,0.29986
38409,103596,FDU,Knights,0.27226,0.68291,0.52886,67.709,107.17449,106.4691,0.33094,0.14792,0.15715,0.10108,0.07069,2024-25 Men's Basketball,True,0.2334,0.1653,0.6199,0.3623,0.3367,0.1511,0.2969,0.0658,0.5134,0.5365,0.42086,0.33578,0.4,0.1207,0.5123,0.5505,0.36702,0.30137
41097,104297,Stonehill,Skyhawks,0.28242,0.73782,0.5229,65.765,99.44988,102.71797,0.28534,0.1677,0.12178,0.07275,0.09871,2025-26 Men's Basketball,True,0.2423,0.153,0.5453,0.355,0.3973,0.154,0.3416,0.0849,0.509,0.5005,0.40612,0.32208,0.3156,0.143,0.5248,0.4995,0.33215,0.3313
38409,103777,LIU,Sharks,0.33597,0.72878,0.46691,64.034,103.80246,100.13338,0.2712,0.16745,0.1791,0.12529,0.11459,2024-25 Men's Basketball,True,0.2901,0.1433,0.5903,0.345,0.4,0.2173,0.3989,0.0984,0.5623,0.5168,0.33927,0.31019,0.2465,0.0834,0.5161,0.5142,0.40047,0.30938
33533,103896,Merrimack,Warriors,0.20762,0.65206,0.58607,65.98,94.85953,94.45834,0.34327,0.19256,0.22282,0.16903,0.11201,2022-23 Men's Basketball,True,0.2147,0.1575,0.5874,0.3639,0.3419,0.1341,0.2593,0.0619,0.498,0.5213,0.44011,0.32682,0.349,0.1369,0.5295,0.5132,0.33351,0.31562
41097,103895,Mercyhurst,Lakers,0.26713,0.70973,0.55457,63.831,107.07562,104.03318,0.24899,0.12761,0.16883,0.11125,0.10904,2025-26 Men's Basketball,True,0.2816,0.1434,0.6031,0.2641,0.5051,0.2465,0.3775,0.1749,0.5106,0.5558,0.31452,0.32692,0.3149,0.1009,0.5585,0.5349,0.34058,0.32242
38409,104179,Saint Francis,The Red Flash,0.26056,0.71429,0.53659,65.851,105.91751,106.70695,0.23258,0.16977,0.14162,0.09301,0.07309,2024-25 Men's Basketball,True,0.2262,0.1388,0.6374,0.3094,0.4618,0.1542,0.4311,0.1153,0.4636,0.579,0.42111,0.34185,0.3745,0.1271,0.4438,0.5675,0.42906,0.30892
41097,103777,LIU,Sharks,0.33901,0.6702,0.50157,67.102,109.33536,106.49272,0.34047,0.16395,0.16168,0.11522,0.13834,2025-26 Men's Basketball,True,0.2634,0.2038,0.6359,0.3773,0.3961,0.2325,0.3949,0.0971,0.6098,0.5445,0.29318,0.35823,0.375,0.0949,0.5766,0.5313,0.32856,0.3218
33533,103596,FDU,Knights,0.31889,0.71044,0.52153,68.512,111.80818,107.1609,0.27033,0.1411,0.19341,0.11494,0.05963,2022-23 Men's Basketball,True,0.2718,0.1674,0.5977,0.3408,0.4507,0.1535,0.3823,0.1267,0.4944,0.5521,0.37889,0.34475,0.4058,0.1004,0.5022,0.5807,0.39738,0.35043
27693,104313,Tennessee St.,Tigers,0.25504,0.69174,0.47183,71.236,94.97403,102.76274,0.32638,0.187,0.19557,0.10281,0.08924,2020-21 Men's Basketball,True,0.2813,0.193,0.6243,0.2916,0.4275,0.2321,0.3538,0.1122,0.5237,0.5371,0.36411,0.27962,0.3824,0.121,0.5044,0.5414,0.37456,0.33967
27693,104379,UT Martin,Skyhawks,0.29246,0.6671,0.51978,67.524,95.94083,112.79612,0.29361,0.17902,0.18288,0.10505,0.07959,2020-21 Men's Basketball,True,0.2638,0.1412,0.5799,0.2615,0.3333,0.2115,0.3333,0.1623,0.473,0.4697,0.36475,0.34157,0.4094,0.1282,0.4621,0.6071,0.40964,0.35924
27693,104160,SIUE,Cougars,0.2704,0.68427,0.54443,68.469,96.00056,106.56119,0.33001,0.20566,0.17152,0.08581,0.13067,2020-21 Men's Basketball,True,0.2417,0.1457,0.6481,0.2908,0.444,0.2062,0.3096,0.1515,0.4969,0.5635,0.35154,0.3151,0.3861,0.1143,0.5036,0.5661,0.38205,0.3428
27693,103960,Murray St.,Racers,0.28844,0.74785,0.57464,68.138,111.56634,97.69077,0.25427,0.17016,0.17212,0.09873,0.10412,2020-21 Men's Basketball,True,0.245,0.1812,0.7047,0.3424,0.4729,0.2044,0.3645,0.079,0.5469,0.6181,0.37417,0.35897,0.3655,0.1099,0.4776,0.5063,0.41243,0.31985
27693,104314,Tennessee Tech,Golden Eagles,0.26544,0.72331,0.58232,69.133,95.82805,110.65287,0.27027,0.20212,0.16049,0.09342,0.06231,2020-21 Men's Basketball,True,0.2285,0.191,0.6633,0.2915,0.3874,0.1867,0.3556,0.0996,0.4782,0.5556,0.42214,0.31294,0.375,0.1275,0.4941,0.6143,0.37838,0.35165
27693,103315,Austin Peay,Governors,0.35933,0.70322,0.48704,67.857,108.53922,102.21182,0.28571,0.17905,0.20733,0.0995,0.05895,2020-21 Men's Basketball,True,0.2488,0.177,0.7069,0.2646,0.4247,0.207,0.3668,0.1591,0.4716,0.5831,0.3693,0.32684,0.358,0.1474,0.4704,0.6035,0.38217,0.35952
27693,103561,Eastern Ill.,Panthers,0.28844,0.70438,0.50919,68.91,99.34139,107.23993,0.25693,0.17493,0.16554,0.10251,0.08765,2020-21 Men's Basketball,True,0.2292,0.1496,0.6411,0.2686,0.4607,0.2367,0.3453,0.1483,0.5053,0.5566,0.34641,0.32821,0.3245,0.1017,0.5219,0.5342,0.37643,0.36852
27693,103744,Jacksonville St.,Gamecocks,0.32435,0.72174,0.52974,66.844,109.57109,101.04586,0.31633,0.16774,0.14451,0.07391,0.09833,2020-21 Men's Basketball,True,0.2199,0.1465,0.6697,0.3157,0.4087,0.1825,0.3605,0.1064,0.4982,0.5741,0.39537,0.37729,0.3333,0.0951,0.481,0.5086,0.42385,0.33333
27693,104235,Southeast Mo. St.,Redhawks,0.27623,0.76354,0.59365,67.647,99.29727,103.13279,0.40531,0.19349,0.17884,0.09835,0.06737,2020-21 Men's Basketball,True,0.2883,0.128,0.6486,0.2298,0.3697,0.2562,0.3151,0.1134,0.486,0.5016,0.40062,0.35659,0.369,0.131,0.5351,0.586,0.33385,0.30841
30629,103315,Austin Peay,Governors,0.29701,0.69848,0.58595,64.959,98.26215,105.02258,0.26602,0.18077,0.18812,0.09753,0.06133,2021-22 Men's Basketball,True,0.2512,0.1535,0.5902,0.1999,0.4497,0.1953,0.3866,0.156,0.3952,0.5207,0.44889,0.31825,0.3408,0.124,0.5087,0.5886,0.36729,0.32075
27693,103562,Eastern Ky.,Colonels,0.26812,0.70349,0.52928,74.756,107.55835,96.90227,0.2554,0.14665,0.21935,0.13577,0.09229,2020-21 Men's Basketball,True,0.2564,0.1978,0.6614,0.2705,0.3543,0.1864,0.3399,0.1629,0.4569,0.5361,0.38019,0.36415,0.3766,0.0914,0.5475,0.5423,0.36105,0.30921
30629,104379,UT Martin,Skyhawks,0.30876,0.69429,0.46325,69.159,99.62594,106.32551,0.26293,0.16296,0.15945,0.0954,0.12163,2021-22 Men's Basketball,True,0.2621,0.1659,0.6186,0.329,0.3574,0.1882,0.3005,0.1091,0.5172,0.5235,0.37366,0.30257,0.3632,0.1111,0.5012,0.5298,0.38772,0.32127
27693,103335,Belmont,Bruins,0.26113,0.72401,0.61186,70.719,114.48452,97.35174,0.28157,0.14938,0.17992,0.10912,0.07546,2020-21 Men's Basketball,True,0.1989,0.1977,0.7104,0.3441,0.4913,0.1788,0.3684,0.047,0.5229,0.6355,0.43007,0.3482,0.2879,0.1221,0.5012,0.5154,0.3767,0.33879
41097,104243,Southern Ind.,Screaming Eagles,0.32166,0.66728,0.44286,67.493,100.94766,108.24568,0.36534,0.1458,0.14179,0.09359,0.09769,2025-26 Men's Basketball,True,0.2507,0.1656,0.5576,0.3068,0.2796,0.154,0.3484,0.1347,0.4608,0.4647,0.40453,0.30969,0.3733,0.1212,0.6047,0.5005,0.27415,0.34012
38409,104243,Southern Ind.,Screaming Eagles,0.28952,0.69154,0.44778,67.239,104.97473,107.91246,0.30262,0.14745,0.14693,0.09836,0.07617,2024-25 Men's Basketball,True,0.2526,0.1553,0.6272,0.2875,0.3484,0.1971,0.3377,0.172,0.4846,0.5138,0.34338,0.35122,0.352,0.1102,0.5253,0.5203,0.36445,0.3534
30629,103561,Eastern Ill.,Panthers,0.21884,0.66667,0.58909,65.402,86.11699,108.756,0.31525,0.2182,0.16251,0.09735,0.09154,2021-22 Men's Basketball,True,0.2219,0.1134,0.5897,0.2567,0.3795,0.2567,0.2541,0.1218,0.5135,0.4846,0.36471,0.3213,0.373,0.1054,0.4558,0.5825,0.43875,0.34026
41097,104314,Tennessee Tech,Golden Eagles,0.32099,0.70063,0.47843,68.02,107.74848,109.45576,0.35939,0.16672,0.13834,0.08714,0.07712,2025-26 Men's Basketball,True,0.238,0.166,0.6288,0.3363,0.3911,0.2013,0.3987,0.0861,0.5377,0.5397,0.37627,0.3154,0.3258,0.1419,0.492,0.5421,0.3661,0.34543
33533,103561,Eastern Ill.,Panthers,0.2583,0.68705,0.56336,69.591,98.52169,103.18462,0.32944,0.16896,0.18151,0.12076,0.10135,2022-23 Men's Basketball,True,0.258,0.1702,0.6192,0.3706,0.3354,0.1756,0.3591,0.1794,0.5461,0.528,0.27444,0.32794,0.3529,0.113,0.4601,0.5475,0.42691,0.33593
36046,103819,Lindenwood,Lions,0.24505,0.71673,0.35776,66.656,97.31716,109.22273,0.37833,0.15631,0.16436,0.09276,0.07375,2023-24 Men's Basketball,True,0.2608,0.1405,0.5747,0.3065,0.3906,0.1854,0.3371,0.2028,0.4919,0.5053,0.30533,0.28273,0.3333,0.1206,0.4967,0.5619,0.38261,0.37249
36046,104235,Southeast Mo. St.,Redhawks,0.24822,0.71939,0.50131,68.687,97.19918,106.55425,0.27706,0.15178,0.16008,0.08318,0.06441,2023-24 Men's Basketball,True,0.2833,0.1563,0.5988,0.2711,0.399,0.217,0.3556,0.1705,0.4881,0.51,0.34145,0.30428,0.3658,0.1483,0.5511,0.5738,0.30063,0.3071
41097,104452,Western Ill.,Leathernecks,0.28893,0.66434,0.37179,65.565,98.54435,116.67534,0.36682,0.15284,0.1337,0.07891,0.05223,2025-26 Men's Basketball,True,0.2445,0.1457,0.5637,0.3381,0.3333,0.1998,0.32,0.1292,0.5379,0.4781,0.33295,0.31379,0.335,0.1081,0.5329,0.5839,0.35895,0.35321
33533,103822,Little Rock,Trojans,0.29711,0.70459,0.54438,71.652,104.37107,109.90894,0.33141,0.16058,0.17171,0.09338,0.06316,2022-23 Men's Basketball,True,0.2719,0.1847,0.6405,0.2743,0.3734,0.2092,0.4211,0.2192,0.4835,0.5249,0.29733,0.32628,0.3693,0.0962,0.5271,0.555,0.37671,0.39187
27693,103947,Morehead St.,Eagles,0.31932,0.75315,0.51963,65.97,103.41677,96.33476,0.35373,0.2,0.15821,0.06587,0.14554,2020-21 Men's Basketball,True,0.2084,0.1437,0.6417,0.3049,0.3918,0.2329,0.3457,0.0972,0.5378,0.5335,0.36495,0.36513,0.431,0.1226,0.4767,0.5299,0.40063,0.31662
36046,104314,Tennessee Tech,Golden Eagles,0.18799,0.72676,0.5,66.359,100.73711,110.38164,0.30851,0.16109,0.13584,0.07553,0.07647,2023-24 Men's Basketball,True,0.2031,0.1282,0.6141,0.3446,0.3889,0.1915,0.4068,0.1046,0.5361,0.5336,0.35934,0.33224,0.369,0.18,0.4505,0.5826,0.36958,0.35217
38409,104452,Western Ill.,Leathernecks,0.30219,0.69716,0.40956,64.192,106.18081,110.21867,0.27459,0.15909,0.12496,0.08378,0.09847,2024-25 Men's Basketball,True,0.2208,0.1142,0.6375,0.2274,0.388,0.2359,0.3887,0.1609,0.4633,0.5104,0.37578,0.37519,0.3321,0.1448,0.4989,0.5345,0.35628,0.34202
38409,103561,Eastern Ill.,Panthers,0.30942,0.69369,0.4717,66.636,99.02101,102.76671,0.33759,0.1576,0.19122,0.13339,0.09052,2024-25 Men's Basketball,True,0.2772,0.149,0.5253,0.3848,0.3333,0.1632,0.3878,0.1632,0.548,0.4681,0.28873,0.31923,0.3115,0.1089,0.4506,0.5284,0.44048,0.3473
33533,104313,Tennessee St.,Tigers,0.2845,0.7321,0.49194,71.406,109.36527,105.07644,0.35866,0.15246,0.16732,0.08205,0.08974,2022-23 Men's Basketball,True,0.2864,0.1784,0.6459,0.3065,0.4188,0.1974,0.2803,0.0811,0.5039,0.5569,0.41499,0.34994,0.3574,0.1577,0.4764,0.537,0.36585,0.34519
36046,103561,Eastern Ill.,Panthers,0.28963,0.73704,0.50243,66.973,102.83964,101.3465,0.26704,0.13181,0.18597,0.12024,0.08764,2023-24 Men's Basketball,True,0.2645,0.1601,0.5845,0.3578,0.319,0.143,0.3527,0.2122,0.5008,0.5087,0.28703,0.31964,0.3233,0.1348,0.4951,0.5376,0.37013,0.35165
41097,103822,Little Rock,Trojans,0.32181,0.64057,0.53081,67.211,104.94026,110.28723,0.28262,0.16119,0.16207,0.11739,0.12644,2025-26 Men's Basketball,True,0.2333,0.1669,0.6853,0.3022,0.376,0.2066,0.2812,0.1823,0.5087,0.5597,0.30903,0.35556,0.3352,0.0932,0.5058,0.5466,0.40095,0.3461
30629,104313,Tennessee St.,Tigers,0.30347,0.71872,0.47636,68.375,103.89093,102.25198,0.31821,0.17383,0.17941,0.09838,0.09657,2021-22 Men's Basketball,True,0.2769,0.1463,0.6105,0.2986,0.4343,0.212,0.3897,0.1647,0.5106,0.5374,0.32465,0.35261,0.3242,0.138,0.477,0.5509,0.385,0.32242
36046,104243,Southern Ind.,Screaming Eagles,0.27643,0.71993,0.49118,68.116,100.30927,106.70712,0.37493,0.16701,0.15187,0.09321,0.08363,2023-24 Men's Basketball,True,0.3068,0.1287,0.5927,0.3037,0.3508,0.1795,0.3015,0.1502,0.4832,0.5029,0.36665,0.3238,0.3578,0.1303,0.5008,0.5146,0.36889,0.32725
30629,104235,Southeast Mo. St.,Redhawks,0.25827,0.70852,0.53912,70.844,106.2447,108.66135,0.36558,0.16236,0.16453,0.09046,0.07344,2021-22 Men's Basketball,True,0.2783,0.1604,0.6218,0.2834,0.4122,0.1611,0.4064,0.1229,0.4444,0.5459,0.43261,0.33739,0.3883,0.1254,0.491,0.5639,0.38359,0.34957
38409,103947,Morehead St.,Eagles,0.31919,0.76128,0.49663,64.395,102.28718,106.29939,0.36987,0.15416,0.13613,0.08636,0.06991,2024-25 Men's Basketball,True,0.2446,0.1053,0.5937,0.249,0.3985,0.2934,0.4,0.1124,0.5424,0.4881,0.34514,0.30945,0.3808,0.1819,0.4792,0.5276,0.33896,0.34219
30629,104314,Tennessee Tech,Golden Eagles,0.31548,0.70224,0.57079,69.4,104.01477,105.31048,0.23473,0.16132,0.161,0.10365,0.09975,2021-22 Men's Basketball,True,0.2058,0.1848,0.6418,0.3046,0.4073,0.2678,0.3422,0.0967,0.5724,0.5321,0.33092,0.34063,0.3694,0.1152,0.4811,0.5609,0.40374,0.32391
36046,104379,UT Martin,Skyhawks,0.27106,0.74179,0.45705,72.99,110.83599,104.29374,0.32616,0.13533,0.12456,0.08433,0.06931,2023-24 Men's Basketball,True,0.1932,0.1722,0.6341,0.31,0.3657,0.1912,0.3485,0.1178,0.5012,0.5317,0.38093,0.35815,0.3558,0.1774,0.4143,0.5328,0.40829,0.32506
38409,104314,Tennessee Tech,Golden Eagles,0.24192,0.68447,0.6,67.723,105.67423,108.55875,0.28975,0.1497,0.12782,0.0931,0.06523,2024-25 Men's Basketball,True,0.1941,0.1577,0.6138,0.2791,0.3686,0.1665,0.4037,0.0859,0.4456,0.5222,0.46852,0.35194,0.3445,0.1588,0.4944,0.5485,0.34673,0.32402
41097,104160,SIUE,Cougars,0.31532,0.69628,0.5109,65.209,107.98866,98.43088,0.30695,0.15104,0.15837,0.11605,0.1126,2025-26 Men's Basketball,True,0.2453,0.1455,0.6409,0.2924,0.4211,0.1944,0.3309,0.1497,0.4868,0.5531,0.36349,0.34667,0.354,0.1602,0.4562,0.491,0.3836,0.29842
30629,104160,SIUE,Cougars,0.32079,0.70215,0.5285,68.329,97.68701,101.16776,0.3364,0.18536,0.17327,0.10257,0.11041,2021-22 Men's Basketball,True,0.2611,0.1817,0.62,0.3339,0.3774,0.1788,0.3266,0.143,0.5127,0.5354,0.34429,0.29146,0.3382,0.117,0.4819,0.5048,0.40103,0.3133
33533,103819,Lindenwood,Lions,0.25043,0.70277,0.46766,67.984,100.36223,106.49397,0.27763,0.16787,0.15964,0.09155,0.09383,2022-23 Men's Basketball,True,0.2317,0.1615,0.5799,0.3406,0.3365,0.1666,0.3475,0.1383,0.5072,0.5,0.35451,0.35994,0.3492,0.0985,0.4849,0.5462,0.41658,0.34168
33533,104160,SIUE,Cougars,0.31366,0.70423,0.48801,69.326,107.66066,102.85243,0.4001,0.15735,0.16915,0.09938,0.11399,2022-23 Men's Basketball,True,0.2518,0.1655,0.6371,0.2645,0.4071,0.2191,0.3824,0.1419,0.4836,0.5329,0.37454,0.32869,0.3942,0.1415,0.4974,0.4984,0.36105,0.33619
36046,104160,SIUE,Cougars,0.31146,0.71365,0.44952,66.271,107.91242,105.80904,0.32112,0.13566,0.16124,0.10357,0.12028,2023-24 Men's Basketball,True,0.2515,0.1467,0.615,0.2723,0.3912,0.1847,0.3506,0.1771,0.457,0.5245,0.3659,0.33241,0.3358,0.1482,0.4746,0.5276,0.37726,0.36087
41097,103819,Lindenwood,Lions,0.33897,0.68873,0.51616,72.392,107.41204,100.37961,0.37079,0.15777,0.16694,0.12274,0.10996,2025-26 Men's Basketball,True,0.2357,0.229,0.6694,0.362,0.3814,0.2203,0.292,0.1104,0.5823,0.5604,0.30728,0.30843,0.3243,0.1282,0.5426,0.5192,0.32921,0.30526
36046,104313,Tennessee St.,Tigers,0.28989,0.68713,0.47596,68.327,106.03844,103.52003,0.36523,0.16646,0.16695,0.09733,0.09347,2023-24 Men's Basketball,True,0.2844,0.1845,0.6097,0.361,0.3858,0.1722,0.3602,0.1122,0.5332,0.5374,0.3546,0.32534,0.342,0.1639,0.4981,0.5113,0.33796,0.32859
41097,104379,UT Martin,Skyhawks,0.38552,0.69781,0.56853,65.756,105.73169,95.72322,0.36412,0.17938,0.17695,0.13376,0.13,2025-26 Men's Basketball,True,0.2535,0.1544,0.6321,0.2931,0.4043,0.1981,0.3171,0.0438,0.4912,0.5402,0.46503,0.30425,0.2989,0.1418,0.456,0.5042,0.40217,0.29189
41097,104235,Southeast Mo. St.,Redhawks,0.29656,0.72298,0.47405,68.547,108.34003,102.65878,0.38278,0.14693,0.16755,0.09882,0.09951,2025-26 Men's Basketball,True,0.2883,0.1654,0.6481,0.3994,0.341,0.1354,0.3367,0.1032,0.5348,0.5703,0.36203,0.30372,0.4063,0.1236,0.5488,0.4905,0.32763,0.32323
41097,104313,Tennessee St.,Tigers,0.35284,0.7092,0.45702,70.711,113.17944,104.81159,0.33654,0.14531,0.17783,0.13142,0.10443,2025-26 Men's Basketball,True,0.2561,0.1988,0.6676,0.3284,0.3857,0.2019,0.3735,0.1635,0.5303,0.5603,0.30625,0.3281,0.3874,0.1008,0.5314,0.5372,0.36781,0.33286
30629,103335,Belmont,Bruins,0.24784,0.72246,0.62173,68.971,112.63289,98.72275,0.26582,0.15121,0.1866,0.13033,0.11007,2021-22 Men's Basketball,True,0.197,0.1959,0.7002,0.3249,0.538,0.1869,0.3465,0.0532,0.5118,0.6409,0.43497,0.33172,0.3532,0.1155,0.4849,0.5235,0.39958,0.33687
36046,104452,Western Ill.,Leathernecks,0.38345,0.72561,0.50969,65.909,103.67432,98.88304,0.35692,0.16293,0.13042,0.079,0.1329,2023-24 Men's Basketball,True,0.2145,0.1365,0.6248,0.2794,0.386,0.2355,0.3567,0.1694,0.515,0.5155,0.3156,0.31915,0.3429,0.1734,0.5168,0.4919,0.30971,0.2976
38409,103822,Little Rock,Trojans,0.30563,0.64869,0.53025,66.58,103.30662,100.23497,0.28933,0.17662,0.18583,0.13545,0.16428,2024-25 Men's Basketball,True,0.2542,0.1437,0.7004,0.2661,0.3601,0.2038,0.323,0.2223,0.4699,0.5528,0.30781,0.36878,0.3224,0.099,0.4675,0.4861,0.43344,0.31586
38409,104235,Southeast Mo. St.,Redhawks,0.25158,0.73029,0.49723,67.97,108.05249,97.87556,0.27913,0.13705,0.17384,0.1189,0.09636,2024-25 Men's Basketball,True,0.2634,0.1498,0.6673,0.2741,0.4286,0.1738,0.4148,0.1844,0.4478,0.5747,0.36778,0.33333,0.3769,0.1427,0.5351,0.5036,0.32217,0.28279
41097,103947,Morehead St.,Eagles,0.36355,0.65772,0.5017,65.934,113.30477,112.48372,0.37271,0.14839,0.13739,0.09822,0.08361,2025-26 Men's Basketball,True,0.259,0.1401,0.6381,0.3048,0.4271,0.2509,0.4189,0.1385,0.5557,0.5428,0.3058,0.33333,0.3559,0.1193,0.4912,0.5257,0.38959,0.3463
33533,104379,UT Martin,Skyhawks,0.28571,0.72401,0.47619,72.145,110.38987,103.3711,0.34548,0.1425,0.1521,0.10291,0.09208,2022-23 Men's Basketball,True,0.2503,0.1919,0.6462,0.3557,0.3539,0.173,0.4573,0.0967,0.5287,0.5506,0.37464,0.33074,0.3323,0.1493,0.447,0.5431,0.40366,0.3222
33533,104243,Southern Ind.,Screaming Eagles,0.32633,0.73684,0.48387,69.211,108.22825,105.93381,0.33117,0.16116,0.15818,0.10255,0.06743,2022-23 Men's Basketball,True,0.2611,0.1699,0.6124,0.3061,0.3205,0.133,0.3346,0.1335,0.4391,0.524,0.42732,0.3774,0.383,0.1278,0.4687,0.5255,0.40348,0.34636
41097,103561,Eastern Ill.,Panthers,0.29412,0.66637,0.51075,65.17,101.79118,106.71063,0.33243,0.16235,0.17098,0.11763,0.09395,2025-26 Men's Basketball,True,0.2491,0.1618,0.654,0.3141,0.3139,0.2135,0.3365,0.1719,0.5276,0.5164,0.30054,0.32374,0.3268,0.1099,0.4665,0.5644,0.42359,0.31392
38409,103819,Lindenwood,Lions,0.30351,0.69393,0.44205,69.129,101.39019,101.64928,0.35754,0.15314,0.17836,0.11928,0.10947,2024-25 Men's Basketball,True,0.2305,0.1821,0.5923,0.4044,0.3708,0.1795,0.2568,0.0746,0.584,0.5242,0.3414,0.2836,0.3365,0.1083,0.5154,0.5149,0.37628,0.33151
38409,104379,UT Martin,Skyhawks,0.35924,0.70903,0.53469,66.756,108.96549,105.32591,0.34151,0.1586,0.16669,0.11869,0.09529,2024-25 Men's Basketball,True,0.2467,0.153,0.6108,0.2779,0.3835,0.1998,0.4043,0.0471,0.4777,0.5157,0.47521,0.32244,0.375,0.1052,0.408,0.5451,0.48686,0.33369
38409,104313,Tennessee St.,Tigers,0.36333,0.70543,0.48405,70.331,108.56547,101.86702,0.40377,0.1795,0.1549,0.09999,0.0986,2024-25 Men's Basketball,True,0.2632,0.1606,0.6626,0.2928,0.4671,0.2475,0.3565,0.1171,0.5402,0.573,0.34267,0.32541,0.325,0.1194,0.5214,0.5038,0.3592,0.32271
33533,104314,Tennessee Tech,Golden Eagles,0.26029,0.70456,0.55349,68.097,105.42848,104.95162,0.28978,0.15795,0.16237,0.08958,0.06488,2022-23 Men's Basketball,True,0.2285,0.1451,0.6093,0.272,0.3947,0.1932,0.3677,0.1134,0.4652,0.5202,0.42145,0.36429,0.3466,0.1367,0.4719,0.5565,0.39141,0.32787
30629,103960,Murray St.,Racers,0.35865,0.74876,0.51227,67.12,117.44299,93.86708,0.3249,0.14203,0.18082,0.11654,0.0949,2021-22 Men's Basketball,True,0.2293,0.1916,0.6358,0.313,0.5083,0.2115,0.3897,0.0975,0.5245,0.5844,0.378,0.35582,0.3383,0.1425,0.4531,0.5366,0.40439,0.29801
30629,103947,Morehead St.,Eagles,0.31467,0.71878,0.62903,65.36,106.66219,96.75368,0.28361,0.1765,0.15708,0.08921,0.14693,2021-22 Men's Basketball,True,0.2351,0.1196,0.64,0.2891,0.3792,0.2135,0.3583,0.1068,0.5027,0.5292,0.39057,0.34396,0.3086,0.1373,0.5449,0.5054,0.3178,0.31467
33533,103947,Morehead St.,Eagles,0.28285,0.764,0.56744,65.649,105.96962,101.14876,0.34621,0.15622,0.14971,0.08579,0.09817,2022-23 Men's Basketball,True,0.2374,0.1281,0.6688,0.2462,0.4079,0.2557,0.2891,0.1117,0.5019,0.5359,0.38645,0.34795,0.3776,0.1522,0.528,0.5304,0.31988,0.31392
36046,103822,Little Rock,Trojans,0.31893,0.69888,0.52456,68.431,112.12663,105.12938,0.32806,0.15257,0.15455,0.08656,0.12903,2023-24 Men's Basketball,True,0.2542,0.174,0.6776,0.331,0.416,0.1793,0.3729,0.1789,0.5104,0.5857,0.31077,0.34499,0.3938,0.1123,0.504,0.499,0.3837,0.32254
38409,104160,SIUE,Cougars,0.31858,0.71406,0.5286,66.493,106.96441,99.23627,0.32266,0.14337,0.16032,0.09961,0.11493,2024-25 Men's Basketball,True,0.2459,0.1578,0.6328,0.2764,0.3891,0.2266,0.3487,0.1286,0.503,0.523,0.36847,0.33289,0.362,0.1428,0.4672,0.4765,0.38997,0.32808
36046,103947,Morehead St.,Eagles,0.35299,0.7469,0.5572,64.889,116.02215,97.74921,0.29292,0.15328,0.13948,0.09042,0.11931,2023-24 Men's Basketball,True,0.2434,0.1071,0.6786,0.2494,0.4872,0.2133,0.3621,0.0861,0.4626,0.5904,0.45126,0.36075,0.3342,0.182,0.4865,0.4775,0.33151,0.30226
33533,104235,Southeast Mo. St.,Redhawks,0.26509,0.72734,0.51879,72.048,105.69353,103.60922,0.37791,0.15563,0.17523,0.09529,0.08576,2022-23 Men's Basketball,True,0.2903,0.1842,0.6596,0.3017,0.3846,0.1543,0.3344,0.1447,0.456,0.5666,0.39936,0.32686,0.3597,0.1213,0.5218,0.534,0.35683,0.34409
27693,103530,Delaware,Blue Hens,0.27459,0.73881,0.54179,66.387,101.7263,101.62588,0.37453,0.18953,0.15039,0.06936,0.09609,2020-21 Men's Basketball,True,0.2632,0.1154,0.661,0.2232,0.4346,0.2409,0.3846,0.1311,0.4641,0.5435,0.40479,0.33333,0.3967,0.1414,0.514,0.4818,0.34463,0.34237
27693,104373,UNCW,Seahawks,0.27045,0.69675,0.46606,69.054,109.67751,105.95676,0.36795,0.13923,0.17543,0.08729,0.08633,2020-21 Men's Basketball,True,0.2609,0.1986,0.5938,0.3028,0.462,0.1798,0.3034,0.1525,0.4826,0.5447,0.36488,0.34582,0.3582,0.1442,0.5608,0.5777,0.29494,0.32847
27693,104476,William & Mary,Tribe,0.28571,0.68243,0.47165,65.922,97.5271,108.4225,0.31962,0.17665,0.14678,0.0798,0.08346,2020-21 Men's Basketball,True,0.2313,0.1356,0.5659,0.3685,0.375,0.1801,0.3375,0.0948,0.5486,0.5032,0.35664,0.25249,0.4076,0.1735,0.4586,0.5687,0.36796,0.32432
27693,104335,Towson,Tigers,0.34143,0.6962,0.39171,65.443,101.64652,112.94988,0.33365,0.15622,0.13931,0.07527,0.07924,2020-21 Men's Basketball,True,0.2663,0.1176,0.6097,0.2938,0.3649,0.2104,0.3491,0.2009,0.5043,0.5075,0.29479,0.28939,0.352,0.1172,0.4742,0.5277,0.40862,0.38303
27693,103577,Elon,Phoenix,0.25,0.7801,0.4588,65.438,100.45724,99.33122,0.24539,0.15362,0.16823,0.08653,0.06724,2020-21 Men's Basketball,True,0.2887,0.1303,0.5685,0.2288,0.4467,0.1817,0.3976,0.1531,0.4105,0.5146,0.43635,0.32558,0.2951,0.1239,0.465,0.559,0.41117,0.31852
27693,104006,Northeastern,Huskies,0.2032,0.737,0.51204,67.15,99.43613,101.07134,0.25958,0.18096,0.15234,0.09248,0.05789,2020-21 Men's Basketball,True,0.2376,0.1442,0.6241,0.2793,0.4172,0.1539,0.3525,0.1244,0.4332,0.5506,0.44241,0.35714,0.3462,0.1719,0.5127,0.5212,0.31539,0.32036
27693,103478,Col. of Charleston,Cougars,0.25198,0.73768,0.41788,63.294,108.65003,107.67777,0.29174,0.14012,0.15533,0.08066,0.08426,2020-21 Men's Basketball,True,0.2626,0.1374,0.6223,0.2186,0.4537,0.2129,0.4098,0.1717,0.4315,0.5391,0.39681,0.37352,0.3595,0.1464,0.4555,0.5462,0.39809,0.36058
27693,103745,James Madison,Dukes,0.29372,0.71313,0.50829,71.238,109.6319,98.89331,0.38718,0.1474,0.19497,0.10446,0.0656,2020-21 Men's Basketball,True,0.2631,0.179,0.6077,0.259,0.5018,0.2306,0.3858,0.1057,0.4896,0.5578,0.40466,0.34156,0.3842,0.1519,0.3845,0.5402,0.46352,0.31481
27693,103546,Drexel,Dragons,0.28711,0.75909,0.57977,64.699,108.73448,104.17489,0.27273,0.17149,0.14338,0.07038,0.06375,2020-21 Men's Basketball,True,0.2304,0.1301,0.6242,0.2927,0.4615,0.1773,0.4041,0.1755,0.47,0.5629,0.35455,0.37179,0.3567,0.1521,0.5169,0.5577,0.33096,0.31989
27693,103697,Hofstra,Pride,0.29319,0.71075,0.49244,67.673,107.54351,107.28791,0.3301,0.15364,0.15244,0.09706,0.07944,2020-21 Men's Basketball,True,0.2353,0.1483,0.6494,0.2295,0.4896,0.2496,0.3314,0.1282,0.4791,0.5661,0.3927,0.33017,0.3815,0.18,0.4389,0.5684,0.38106,0.33776
30629,103546,Drexel,Dragons,0.25562,0.74226,0.45477,66.775,108.13156,104.34286,0.2532,0.142,0.14315,0.07075,0.07474,2021-22 Men's Basketball,True,0.2252,0.1531,0.6353,0.3033,0.4799,0.2026,0.3625,0.1397,0.5058,0.5731,0.35448,0.34647,0.4286,0.1511,0.528,0.5249,0.32089,0.33636
30629,103745,James Madison,Dukes,0.27,0.69163,0.48259,69.215,107.12272,104.4176,0.29303,0.15511,0.18813,0.12136,0.06524,2021-22 Men's Basketball,True,0.2341,0.1798,0.6373,0.3794,0.4118,0.1566,0.3115,0.1054,0.536,0.5714,0.35866,0.3451,0.3778,0.1305,0.4118,0.5901,0.45766,0.32826
41097,103962,N.C. A&T,Aggies,0.3194,0.71872,0.46494,68.27,109.49889,113.5346,0.45096,0.16117,0.12541,0.07756,0.10522,2025-26 Men's Basketball,True,0.2622,0.1601,0.6667,0.3319,0.4032,0.1483,0.3914,0.1956,0.4803,0.5853,0.32416,0.31734,0.3478,0.1411,0.4791,0.5565,0.37981,0.36417
33533,104006,Northeastern,Huskies,0.31735,0.73099,0.52949,65.715,98.54715,108.15538,0.27758,0.18429,0.12813,0.07497,0.09968,2022-23 Men's Basketball,True,0.252,0.1256,0.5431,0.343,0.364,0.1706,0.3717,0.1151,0.5136,0.4836,0.37131,0.32955,0.3522,0.1363,0.5655,0.5314,0.29816,0.34791
41097,104006,Northeastern,Huskies,0.27281,0.69836,0.55673,68.387,109.08874,117.92108,0.29364,0.14485,0.14975,0.10187,0.08134,2025-26 Men's Basketball,True,0.2805,0.1643,0.6531,0.3168,0.4466,0.1918,0.3602,0.1137,0.5086,0.5752,0.37769,0.33666,0.4078,0.1026,0.5456,0.6103,0.35186,0.35831
30629,104006,Northeastern,Huskies,0.26344,0.76259,0.49788,63.975,99.68867,107.14156,0.30603,0.19027,0.14158,0.07298,0.07727,2021-22 Men's Basketball,True,0.2378,0.1216,0.6284,0.3061,0.4382,0.1706,0.3676,0.1182,0.4767,0.5603,0.40511,0.32019,0.341,0.1285,0.505,0.5639,0.36649,0.33764
36046,104373,UNCW,Seahawks,0.30415,0.69631,0.43917,65.301,119.64144,107.05016,0.33565,0.11022,0.16016,0.09835,0.06714,2023-24 Men's Basketball,True,0.2561,0.1657,0.7336,0.2528,0.4154,0.1801,0.3688,0.171,0.4329,0.6012,0.39604,0.34818,0.3527,0.1464,0.4875,0.553,0.36606,0.35039
30629,103577,Elon,Phoenix,0.25795,0.71547,0.5235,65.915,101.78753,109.56264,0.25778,0.17223,0.14463,0.07376,0.07209,2021-22 Men's Basketball,True,0.3087,0.1118,0.6077,0.245,0.3953,0.1883,0.4099,0.1233,0.4333,0.5154,0.44333,0.34211,0.3651,0.1374,0.4795,0.522,0.38312,0.34673
33533,103577,Elon,Phoenix,0.25686,0.70185,0.5105,65.799,99.45043,108.80656,0.2775,0.16426,0.14921,0.09293,0.06725,2022-23 Men's Basketball,True,0.2445,0.1675,0.6189,0.2959,0.4203,0.1647,0.377,0.1362,0.4606,0.5479,0.40313,0.30194,0.3879,0.1241,0.4248,0.5466,0.45104,0.3452
36046,103577,Elon,Phoenix,0.30173,0.67597,0.50728,66.658,109.65567,113.12489,0.31818,0.15247,0.14096,0.09417,0.07443,2023-24 Men's Basketball,True,0.2356,0.1528,0.6397,0.2808,0.406,0.1986,0.3757,0.0979,0.4794,0.5429,0.42262,0.35211,0.3318,0.1127,0.481,0.5853,0.40623,0.34015
36046,104006,Northeastern,Huskies,0.31805,0.72299,0.53704,64.502,107.6029,112.15701,0.29831,0.16503,0.1505,0.09672,0.09763,2023-24 Men's Basketball,True,0.2362,0.1019,0.6234,0.4105,0.3726,0.1228,0.3403,0.1106,0.5333,0.5657,0.35611,0.31382,0.3817,0.1075,0.5084,0.5523,0.38417,0.37444
36046,103962,N.C. A&T,Aggies,0.24291,0.65995,0.44904,66.719,98.2671,116.81513,0.3401,0.12229,0.13722,0.0841,0.08581,2023-24 Men's Basketball,True,0.2286,0.1496,0.5832,0.2536,0.3824,0.1634,0.3302,0.2264,0.417,0.5045,0.35665,0.28743,0.3936,0.1289,0.4987,0.5971,0.37235,0.35188
38409,103962,N.C. A&T,Aggies,0.27346,0.6933,0.45259,68.194,101.41172,111.76828,0.31285,0.13367,0.13446,0.09035,0.08033,2024-25 Men's Basketball,True,0.221,0.1603,0.581,0.3376,0.3506,0.1296,0.3333,0.1673,0.4672,0.5171,0.36551,0.30367,0.3527,0.1236,0.4892,0.5618,0.38718,0.33113
38409,104006,Northeastern,Huskies,0.31418,0.68584,0.49701,65.867,106.41639,105.75218,0.2803,0.16122,0.15845,0.11514,0.12625,2024-25 Men's Basketball,True,0.2449,0.1566,0.6262,0.3344,0.4134,0.2186,0.3516,0.0985,0.553,0.5421,0.34848,0.33696,0.3695,0.1108,0.542,0.5166,0.34716,0.34906
38409,104298,Stony Brook,Seawolves,0.29778,0.69415,0.4885,63.733,104.34117,116.30511,0.3111,0.15639,0.13199,0.0803,0.06256,2024-25 Men's Basketball,True,0.2388,0.102,0.6174,0.2506,0.3822,0.176,0.3313,0.1811,0.4266,0.5204,0.39238,0.33714,0.2976,0.1122,0.4652,0.6271,0.42255,0.35622
38409,104476,William & Mary,Tribe,0.2692,0.70526,0.62827,69.912,111.16729,109.28992,0.34769,0.15966,0.15895,0.10341,0.05244,2024-25 Men's Basketball,True,0.2549,0.2495,0.6315,0.3315,0.4178,0.1146,0.4058,0.0371,0.4462,0.5766,0.51668,0.35,0.4159,0.1191,0.4636,0.5636,0.41728,0.33586
41097,104476,William & Mary,Tribe,0.26868,0.69129,0.64022,72.277,115.00963,107.52968,0.43723,0.14862,0.1665,0.11005,0.1171,2025-26 Men's Basketball,True,0.2425,0.2783,0.6811,0.3836,0.4032,0.1357,0.4175,0.0553,0.5193,0.6085,0.42543,0.33165,0.3391,0.0884,0.4581,0.5599,0.45353,0.32811
33533,103674,Hampton,Pirates,0.26779,0.7,0.46377,68.408,99.33574,112.89601,0.32885,0.13786,0.14051,0.06303,0.08502,2022-23 Men's Basketball,True,0.2646,0.1478,0.5318,0.2227,0.3697,0.176,0.4,0.221,0.3987,0.4603,0.38032,0.33553,0.3557,0.1218,0.5274,0.5659,0.35078,0.38462
38409,103411,Campbell,Fighting Camels,0.24581,0.721,0.54293,65.334,107.01027,103.34162,0.30322,0.14078,0.17409,0.10446,0.08829,2024-25 Men's Basketball,True,0.246,0.1531,0.6488,0.2999,0.4074,0.2095,0.3357,0.0776,0.5094,0.5495,0.41297,0.32215,0.3567,0.0973,0.5341,0.5783,0.3686,0.3071
30629,103697,Hofstra,Pride,0.23651,0.73168,0.53341,69.28,111.62357,104.41771,0.20858,0.13106,0.18404,0.11386,0.07974,2021-22 Men's Basketball,True,0.214,0.1725,0.6934,0.2425,0.4595,0.1662,0.4602,0.1442,0.4087,0.5983,0.44711,0.3404,0.3333,0.134,0.4455,0.5668,0.42052,0.36915
30629,103478,Col. of Charleston,Cougars,0.35889,0.74978,0.47151,72.864,106.47447,104.09135,0.30358,0.17814,0.17241,0.10844,0.07207,2021-22 Men's Basketball,True,0.28,0.1907,0.5926,0.3203,0.4123,0.2153,0.3702,0.0888,0.5356,0.5201,0.37567,0.33943,0.3782,0.1458,0.5016,0.5518,0.3526,0.34135
33533,103962,N.C. A&T,Aggies,0.25,0.70017,0.46526,69.351,101.22711,105.60885,0.29726,0.14989,0.15069,0.1077,0.07961,2022-23 Men's Basketball,True,0.2452,0.212,0.5988,0.2878,0.3456,0.1199,0.3604,0.184,0.4077,0.5244,0.40829,0.33288,0.2792,0.1444,0.4801,0.5721,0.37548,0.33382
41097,103478,Col. of Charleston,Cougars,0.30169,0.67755,0.52242,67.128,111.46167,108.45918,0.40907,0.13491,0.12803,0.08316,0.12533,2025-26 Men's Basketball,True,0.2471,0.16,0.7085,0.2795,0.4279,0.2434,0.3115,0.0988,0.5229,0.5779,0.37831,0.29672,0.3667,0.1182,0.4476,0.5237,0.43427,0.32313
41097,103674,Hampton,Pirates,0.33586,0.70363,0.5026,65.197,106.39241,107.67653,0.37325,0.14226,0.15257,0.09921,0.09036,2025-26 Men's Basketball,True,0.2935,0.1594,0.6119,0.2891,0.4019,0.1731,0.3533,0.1618,0.4622,0.5333,0.37594,0.29412,0.3017,0.1399,0.5254,0.5776,0.33468,0.31606
30629,104476,William & Mary,Tribe,0.27351,0.72956,0.50691,68.594,92.04242,107.17268,0.29961,0.20312,0.16058,0.09494,0.0849,2021-22 Men's Basketball,True,0.2418,0.1474,0.5599,0.3157,0.3936,0.209,0.2745,0.085,0.5247,0.4936,0.39022,0.30769,0.3981,0.1133,0.4735,0.5847,0.41321,0.33503
36046,103411,Campbell,Fighting Camels,0.24381,0.69466,0.5273,65.739,106.75124,108.39574,0.33908,0.16075,0.15085,0.09434,0.06981,2023-24 Men's Basketball,True,0.2279,0.1548,0.6501,0.3466,0.4249,0.1799,0.3245,0.0868,0.5264,0.5731,0.38678,0.34473,0.4292,0.1209,0.4512,0.5448,0.4279,0.33333
36046,103546,Drexel,Dragons,0.33915,0.75945,0.47154,64.378,112.55904,102.19555,0.29958,0.13948,0.12128,0.07731,0.10479,2023-24 Men's Basketball,True,0.2356,0.137,0.6467,0.3271,0.3791,0.2238,0.3927,0.1161,0.5509,0.538,0.33298,0.34395,0.3556,0.1756,0.4707,0.5193,0.35379,0.31523
41097,104298,Stony Brook,Seawolves,0.28326,0.68091,0.52802,65.699,107.89883,107.05256,0.28171,0.14478,0.15332,0.10194,0.10682,2025-26 Men's Basketball,True,0.2423,0.1151,0.5909,0.2791,0.3781,0.1496,0.3791,0.1115,0.4286,0.5166,0.45983,0.34943,0.3383,0.146,0.4585,0.5207,0.39555,0.35117
41097,103577,Elon,Phoenix,0.33333,0.67232,0.54472,66.66,115.39674,115.02747,0.33661,0.13482,0.14441,0.10178,0.0892,2025-26 Men's Basketball,True,0.2503,0.1548,0.6099,0.395,0.3982,0.1143,0.2783,0.0595,0.5093,0.5624,0.43123,0.34293,0.37,0.1047,0.4526,0.5676,0.4427,0.35934
33533,103546,Drexel,Dragons,0.30247,0.73148,0.48383,62.837,104.14294,97.41146,0.29376,0.15549,0.16229,0.08769,0.08028,2022-23 Men's Basketball,True,0.2263,0.1182,0.619,0.3021,0.4039,0.1766,0.3905,0.1208,0.4787,0.5397,0.40046,0.31466,0.3269,0.21,0.5061,0.5131,0.2839,0.33333
33533,103937,Monmouth,Hawks,0.30265,0.67069,0.52949,67.161,91.8642,111.26578,0.33136,0.18289,0.18329,0.12556,0.08513,2022-23 Men's Basketball,True,0.2865,0.1889,0.5504,0.3583,0.3577,0.2214,0.3153,0.1692,0.5797,0.4768,0.25108,0.28755,0.3865,0.1147,0.4257,0.5742,0.45953,0.37033
36046,103674,Hampton,Pirates,0.30146,0.6959,0.49355,69.27,103.63416,110.2398,0.29388,0.15324,0.13348,0.08439,0.09887,2023-24 Men's Basketball,True,0.2349,0.1691,0.6411,0.2979,0.3404,0.187,0.3597,0.1382,0.4848,0.5251,0.37693,0.31794,0.3682,0.1158,0.4869,0.5483,0.39729,0.31951
36046,103937,Monmouth,Hawks,0.30629,0.67657,0.50233,66.636,108.68664,108.95949,0.29279,0.13267,0.15384,0.10757,0.10459,2023-24 Men's Basketball,True,0.2543,0.1859,0.5941,0.3243,0.391,0.1677,0.3183,0.1446,0.492,0.5249,0.36336,0.34711,0.3465,0.1053,0.4627,0.5259,0.432,0.34017
41097,103546,Drexel,Dragons,0.31738,0.6949,0.5441,64.433,105.67695,104.45416,0.31158,0.16526,0.14394,0.09474,0.09927,2025-26 Men's Basketball,True,0.2592,0.1334,0.6246,0.3143,0.3603,0.1947,0.3434,0.0903,0.509,0.5235,0.40076,0.35007,0.3514,0.1393,0.5218,0.5103,0.33889,0.3
33533,104298,Stony Brook,Seawolves,0.22993,0.73226,0.53581,63.887,98.42835,107.68997,0.28702,0.17275,0.12351,0.06807,0.07622,2022-23 Men's Basketball,True,0.236,0.0699,0.6566,0.2137,0.4107,0.1315,0.351,0.1991,0.3453,0.5629,0.45567,0.32345,0.4321,0.1502,0.4093,0.5177,0.44045,0.3447
33533,104476,William & Mary,Tribe,0.29178,0.71163,0.50695,64.231,104.29341,109.04043,0.30563,0.16094,0.15183,0.09348,0.05673,2022-23 Men's Basketball,True,0.2484,0.1198,0.5759,0.3078,0.3949,0.1981,0.3299,0.1109,0.5059,0.505,0.38323,0.36858,0.3937,0.1593,0.4734,0.5838,0.36737,0.35196
36046,104476,William & Mary,Tribe,0.28135,0.71867,0.51715,65.35,106.48012,109.94477,0.32461,0.14056,0.1295,0.07247,0.04686,2023-24 Men's Basketball,True,0.2587,0.1182,0.5712,0.3126,0.3869,0.1597,0.3478,0.0482,0.4723,0.5089,0.47958,0.32314,0.3416,0.1487,0.4836,0.5624,0.36772,0.33094
36046,103530,Delaware,Blue Hens,0.27586,0.72112,0.50954,66.398,109.84608,104.52654,0.30047,0.14091,0.13043,0.08097,0.07886,2023-24 Men's Basketball,True,0.2255,0.1343,0.6707,0.2994,0.4429,0.2238,0.3787,0.1226,0.5232,0.5733,0.3542,0.33432,0.4027,0.1497,0.4872,0.5196,0.36313,0.30982
36046,103697,Hofstra,Pride,0.23628,0.70684,0.56084,65.402,113.04176,104.27168,0.21533,0.14077,0.15595,0.09435,0.10426,2023-24 Men's Basketball,True,0.2215,0.1226,0.6934,0.2211,0.4745,0.133,0.4556,0.182,0.354,0.6112,0.46403,0.37079,0.3679,0.1474,0.4339,0.4964,0.41864,0.34465
38409,103674,Hampton,Pirates,0.35251,0.72823,0.45678,65.626,109.98857,106.21648,0.3005,0.13527,0.17225,0.114,0.09132,2024-25 Men's Basketball,True,0.2769,0.1336,0.64,0.2363,0.3773,0.2189,0.3927,0.1761,0.4552,0.5137,0.36866,0.33333,0.377,0.11,0.5207,0.5608,0.36924,0.33073
38409,103577,Elon,Phoenix,0.37635,0.69374,0.49208,64.776,113.3885,107.88918,0.38234,0.15993,0.11488,0.0789,0.11709,2024-25 Men's Basketball,True,0.2083,0.1572,0.6204,0.2795,0.4746,0.1906,0.3618,0.1072,0.4701,0.5613,0.42272,0.32994,0.3333,0.1195,0.449,0.4989,0.43149,0.32545
33533,103530,Delaware,Blue Hens,0.25265,0.70414,0.47672,66.115,104.53446,106.12658,0.33136,0.14936,0.16512,0.10367,0.10607,2022-23 Men's Basketball,True,0.2444,0.1257,0.6353,0.2472,0.471,0.229,0.3559,0.1554,0.4762,0.5563,0.36836,0.32132,0.3439,0.1206,0.5328,0.5287,0.34662,0.36693
33533,104335,Towson,Tigers,0.35702,0.73333,0.53605,64.337,110.28021,102.54942,0.29761,0.15673,0.15691,0.09555,0.10199,2022-23 Men's Basketball,True,0.2507,0.1323,0.6016,0.3226,0.3989,0.1852,0.3604,0.1472,0.5078,0.5277,0.34495,0.36652,0.2983,0.129,0.4715,0.5264,0.39946,0.33243
38409,103937,Monmouth,Hawks,0.2975,0.65221,0.49617,65.748,105.77194,113.33684,0.3674,0.14106,0.14186,0.08888,0.12738,2024-25 Men's Basketball,True,0.2699,0.1608,0.5686,0.2904,0.3342,0.1976,0.3481,0.1656,0.4879,0.4737,0.34644,0.3525,0.314,0.1063,0.4869,0.5485,0.40678,0.33838
38409,104335,Towson,Tigers,0.35347,0.72089,0.41986,62.77,110.21821,105.06291,0.2832,0.12143,0.15645,0.10127,0.09901,2024-25 Men's Basketball,True,0.2522,0.1326,0.6113,0.2575,0.3766,0.2404,0.3629,0.1247,0.498,0.498,0.37726,0.33733,0.2806,0.1085,0.5066,0.5475,0.38483,0.33669
38409,103697,Hofstra,Pride,0.25664,0.72436,0.56297,63.652,103.26615,100.40546,0.25631,0.15193,0.14514,0.09181,0.11861,2024-25 Men's Basketball,True,0.2718,0.1101,0.6358,0.2789,0.3887,0.1714,0.3032,0.1188,0.4503,0.5418,0.43095,0.3404,0.297,0.1451,0.4528,0.4566,0.40207,0.33786
38409,103478,Col. of Charleston,Cougars,0.26649,0.72295,0.58857,68.852,110.51135,105.65561,0.34811,0.14283,0.14383,0.0928,0.06184,2024-25 Men's Basketball,True,0.2224,0.1651,0.656,0.2875,0.4206,0.2278,0.3432,0.0861,0.5153,0.5519,0.39857,0.35294,0.3257,0.1063,0.4932,0.5539,0.40049,0.32156
38409,103546,Drexel,Dragons,0.33487,0.70364,0.49425,62.942,109.71379,104.28008,0.2471,0.16039,0.12543,0.07617,0.11971,2024-25 Men's Basketball,True,0.2295,0.1215,0.6052,0.323,0.4589,0.186,0.3673,0.1191,0.509,0.5518,0.37197,0.35977,0.413,0.1271,0.5175,0.4881,0.35545,0.31114
41097,103411,Campbell,Fighting Camels,0.35387,0.69386,0.46608,69.298,114.21182,112.00483,0.42438,0.14972,0.15219,0.09677,0.04403,2025-26 Men's Basketball,True,0.255,0.1884,0.6009,0.4239,0.3975,0.1602,0.3093,0.0483,0.5841,0.5451,0.36766,0.33018,0.3251,0.1016,0.6028,0.5651,0.29565,0.35025
41097,104373,UNCW,Seahawks,0.35987,0.72881,0.51412,65.582,116.33471,103.73253,0.40559,0.12499,0.13403,0.08132,0.07319,2025-26 Men's Basketball,True,0.2619,0.1174,0.6259,0.3392,0.3353,0.1683,0.3514,0.1109,0.5075,0.5295,0.38162,0.35209,0.3796,0.1391,0.4365,0.5244,0.42437,0.29785
30629,104335,Towson,Tigers,0.35727,0.7348,0.52644,64.57,112.45946,99.16219,0.33865,0.15323,0.17269,0.11192,0.08534,2021-22 Men's Basketball,True,0.2681,0.1476,0.6228,0.3165,0.3921,0.1693,0.3647,0.1312,0.4858,0.5424,0.38291,0.35618,0.3148,0.1174,0.4685,0.5267,0.41413,0.31496
41097,104335,Towson,Tigers,0.36566,0.71829,0.40326,63.383,108.83289,103.93218,0.29882,0.13267,0.13412,0.09435,0.10044,2025-26 Men's Basketball,True,0.2465,0.1431,0.6106,0.2786,0.4033,0.2066,0.386,0.1622,0.4852,0.5224,0.35256,0.3035,0.3216,0.1022,0.4807,0.5278,0.41705,0.30788
33533,104373,UNCW,Seahawks,0.29006,0.71964,0.44895,64.196,106.17534,99.10605,0.38046,0.16021,0.18607,0.10403,0.08415,2022-23 Men's Basketball,True,0.2828,0.133,0.6564,0.2828,0.431,0.1938,0.3313,0.1829,0.4765,0.5647,0.34061,0.33494,0.3486,0.1593,0.4745,0.5532,0.36624,0.30475
36046,104335,Towson,Tigers,0.39919,0.7312,0.46577,62.147,107.47583,101.2969,0.34747,0.15628,0.1523,0.09843,0.12273,2023-24 Men's Basketball,True,0.2646,0.0935,0.6119,0.3118,0.3559,0.2135,0.332,0.1339,0.5253,0.5079,0.34074,0.32777,0.3268,0.1386,0.4926,0.515,0.36879,0.3284
41097,103937,Monmouth,Hawks,0.3161,0.67866,0.53829,66.204,108.57973,105.85535,0.32681,0.14487,0.17204,0.11568,0.12199,2025-26 Men's Basketball,True,0.2373,0.1772,0.5878,0.3373,0.4023,0.1722,0.3639,0.1476,0.5095,0.5251,0.34287,0.34407,0.3505,0.1092,0.5059,0.5227,0.38489,0.34085
36046,103478,Col. of Charleston,Cougars,0.33603,0.74089,0.5328,69.068,116.73451,106.14101,0.2748,0.11994,0.14483,0.09001,0.08133,2023-24 Men's Basketball,True,0.2301,0.167,0.655,0.2634,0.4159,0.227,0.3371,0.0391,0.4903,0.5443,0.47059,0.34328,0.3678,0.1236,0.5052,0.538,0.37121,0.34311
30629,103530,Delaware,Blue Hens,0.27248,0.69199,0.48405,66.348,109.80155,105.0127,0.33866,0.16485,0.16152,0.09977,0.0981,2021-22 Men's Basketball,True,0.2339,0.1289,0.6717,0.2747,0.4695,0.2196,0.393,0.118,0.4943,0.5819,0.38763,0.34707,0.3392,0.1399,0.5032,0.5092,0.35697,0.35342
33533,103478,Col. of Charleston,Cougars,0.35171,0.74642,0.49844,69.41,114.60281,96.16991,0.32834,0.14227,0.17248,0.10563,0.07709,2022-23 Men's Basketball,True,0.24,0.1892,0.6281,0.2625,0.456,0.2018,0.3443,0.057,0.4643,0.5533,0.47875,0.32878,0.3704,0.1606,0.5154,0.5308,0.32408,0.30428
41097,103697,Hofstra,Pride,0.35308,0.7012,0.48796,64.261,116.59052,103.12588,0.31051,0.1363,0.13126,0.07726,0.10587,2025-26 Men's Basketball,True,0.2635,0.1158,0.6234,0.2676,0.4,0.1639,0.3548,0.1345,0.4315,0.5385,0.43394,0.37,0.3434,0.146,0.4484,0.4715,0.4056,0.31636
33533,103697,Hofstra,Pride,0.23835,0.68835,0.5035,66.467,111.38589,98.83956,0.20393,0.14205,0.15856,0.09281,0.10996,2022-23 Men's Basketball,True,0.2124,0.1362,0.6745,0.2708,0.4349,0.1664,0.4822,0.1664,0.4372,0.5833,0.39636,0.36522,0.3649,0.1692,0.4711,0.5057,0.35975,0.30946
38409,104373,UNCW,Seahawks,0.36485,0.72427,0.55407,66.125,118.46065,105.12261,0.3701,0.13806,0.14865,0.09539,0.10292,2024-25 Men's Basketball,True,0.2502,0.1467,0.6708,0.3159,0.4574,0.1872,0.3755,0.1301,0.5031,0.5913,0.36672,0.33641,0.3031,0.1242,0.446,0.5548,0.42983,0.3322
36046,104298,Stony Brook,Seawolves,0.26859,0.71084,0.46037,66.193,108.72984,106.955,0.29224,0.13149,0.13342,0.08917,0.09062,2023-24 Men's Basketball,True,0.2248,0.1293,0.6782,0.179,0.4314,0.1942,0.393,0.258,0.3732,0.5497,0.36887,0.35742,0.2927,0.1336,0.4469,0.5323,0.41946,0.34739
38409,103530,Delaware,Blue Hens,0.22978,0.6821,0.51619,69.003,111.91067,112.83655,0.29986,0.15315,0.13533,0.09273,0.07428,2024-25 Men's Basketball,True,0.2404,0.1732,0.644,0.2821,0.4757,0.2374,0.3907,0.0726,0.5195,0.5671,0.40798,0.3722,0.3584,0.126,0.5307,0.5455,0.34327,0.35132
30629,104373,UNCW,Seahawks,0.28364,0.67915,0.42367,65.243,108.27154,103.55864,0.33568,0.12867,0.17317,0.11462,0.1067,2021-22 Men's Basketball,True,0.2669,0.1754,0.6042,0.2773,0.382,0.1999,0.3483,0.1538,0.4772,0.5111,0.36903,0.32759,0.3288,0.1633,0.5246,0.5235,0.31208,0.36201
27693,103930,Missouri St.,Bears,0.25166,0.77444,0.5102,67.372,108.97224,98.58215,0.31156,0.16762,0.13402,0.06922,0.07541,2020-21 Men's Basketball,True,0.2283,0.1522,0.6995,0.2898,0.481,0.217,0.3404,0.1059,0.5068,0.6059,0.38739,0.34884,0.2717,0.1869,0.4584,0.5308,0.35472,0.32604
27693,103732,Indiana St.,Sycamores,0.25091,0.72986,0.46034,65.524,101.45889,100.42111,0.35949,0.1631,0.19564,0.09956,0.08743,2020-21 Men's Basketball,True,0.2276,0.1601,0.6377,0.2578,0.3946,0.2481,0.3738,0.1599,0.506,0.5185,0.33408,0.33333,0.3631,0.1247,0.4944,0.5586,0.38085,0.33918
27693,104374,UNI,Panthers,0.26428,0.7852,0.5085,67.718,101.64424,104.04206,0.25873,0.16732,0.15946,0.09411,0.07729,2020-21 Men's Basketball,True,0.2224,0.1094,0.6395,0.2809,0.4448,0.2143,0.3889,0.1064,0.4952,0.5552,0.39837,0.33024,0.4167,0.1452,0.4251,0.5819,0.42965,0.32218
27693,103722,Illinois St.,Redbirds,0.24218,0.73282,0.5081,69.44,102.09775,106.12718,0.25186,0.17374,0.14801,0.08522,0.09282,2020-21 Men's Basketball,True,0.2326,0.1811,0.6835,0.2713,0.4342,0.1733,0.3983,0.1755,0.4445,0.5863,0.37994,0.338,0.3382,0.0989,0.4865,0.5755,0.41455,0.29825
27693,103591,Evansville,Purple Aces,0.19029,0.75837,0.50963,61.408,103.90005,111.66528,0.25404,0.15947,0.16718,0.07822,0.06299,2020-21 Men's Basketball,True,0.2325,0.0836,0.6246,0.2812,0.4222,0.1228,0.336,0.1137,0.404,0.5631,0.48226,0.37547,0.3333,0.1265,0.5801,0.5913,0.29335,0.41534
27693,104242,Southern Ill.,Salukis,0.16972,0.75178,0.57329,64.771,100.22137,104.10318,0.29369,0.1682,0.17035,0.09393,0.05588,2020-21 Men's Basketball,True,0.2142,0.1432,0.6126,0.33,0.4279,0.1822,0.3256,0.078,0.5122,0.5469,0.40979,0.35398,0.3841,0.119,0.4698,0.5817,0.41121,0.3522
27693,103369,Bradley,Braves,0.29278,0.74453,0.51902,65.41,105.42093,100.87505,0.24022,0.16056,0.15946,0.07833,0.11274,2020-21 Men's Basketball,True,0.2446,0.1459,0.614,0.259,0.4412,0.2048,0.3846,0.188,0.4639,0.5377,0.34819,0.30796,0.3274,0.1392,0.4323,0.4644,0.42857,0.37069
27693,104398,Valparaiso,Beacons,0.21274,0.72829,0.53939,66.75,96.56945,100.86496,0.27221,0.16392,0.16842,0.09702,0.09399,2020-21 Men's Basketball,True,0.2366,0.177,0.6163,0.3288,0.3486,0.1144,0.3534,0.1516,0.4431,0.5472,0.40523,0.29677,0.3316,0.1261,0.5199,0.5384,0.35393,0.32909
30629,103591,Evansville,Purple Aces,0.143,0.78363,0.50238,63.011,91.98216,109.96402,0.24288,0.16067,0.16317,0.09197,0.05837,2021-22 Men's Basketball,True,0.228,0.0678,0.5704,0.2517,0.4074,0.1537,0.2959,0.124,0.4054,0.5086,0.47059,0.3293,0.4172,0.1032,0.5582,0.5805,0.33861,0.38131
30629,104242,Southern Ill.,Salukis,0.22949,0.77054,0.52174,61.763,103.67405,99.33907,0.29,0.16325,0.16882,0.08903,0.06013,2021-22 Men's Basketball,True,0.2472,0.1274,0.6635,0.2656,0.4074,0.2362,0.3115,0.0762,0.5019,0.543,0.42188,0.35407,0.3371,0.166,0.5138,0.5532,0.32013,0.3222
30629,103369,Bradley,Braves,0.32437,0.76757,0.52441,66.75,105.16897,97.27528,0.27873,0.172,0.16228,0.09466,0.131,2021-22 Men's Basketball,True,0.2539,0.1607,0.618,0.3381,0.3794,0.1619,0.377,0.1051,0.5,0.5408,0.39495,0.34302,0.3053,0.1337,0.4917,0.497,0.37456,0.31122
27693,103544,Drake,Bulldogs,0.31907,0.74788,0.46586,65.385,115.20703,97.83299,0.23908,0.13358,0.1684,0.10588,0.08364,2020-21 Men's Basketball,True,0.2408,0.1565,0.6996,0.2685,0.4567,0.2865,0.382,0.1314,0.555,0.5742,0.31359,0.36691,0.3508,0.155,0.4888,0.5192,0.35625,0.31404
27693,103833,Loyola Chicago,Ramblers,0.26772,0.79218,0.60945,62.516,112.71268,88.96214,0.32156,0.16498,0.19672,0.11005,0.07016,2020-21 Men's Basketball,True,0.2593,0.1125,0.6791,0.3558,0.3793,0.1743,0.3605,0.1034,0.53,0.5805,0.36659,0.37049,0.3311,0.1833,0.5049,0.5,0.31189,0.31518
38409,104362,UIC,Flames,0.30455,0.72903,0.5728,67.726,110.48244,107.15437,0.33881,0.15155,0.14502,0.09805,0.08179,2024-25 Men's Basketball,True,0.2569,0.171,0.6398,0.3191,0.4088,0.1981,0.3614,0.0909,0.5172,0.5513,0.3919,0.34916,0.375,0.1341,0.507,0.5437,0.35892,0.33584
30629,103732,Indiana St.,Sycamores,0.18969,0.77477,0.5232,68.082,101.43498,103.57143,0.26435,0.17204,0.14566,0.0864,0.05063,2021-22 Men's Basketball,True,0.2147,0.1254,0.5996,0.3326,0.4618,0.1537,0.3226,0.0545,0.4862,0.5561,0.45924,0.3295,0.327,0.1731,0.4659,0.5413,0.36099,0.3516
33533,103591,Evansville,Purple Aces,0.20724,0.74455,0.44993,68.609,90.95897,110.77226,0.29364,0.15879,0.17049,0.10228,0.05827,2022-23 Men's Basketball,True,0.2368,0.1479,0.5712,0.298,0.3221,0.2094,0.3229,0.1566,0.5073,0.4684,0.33605,0.32201,0.3262,0.0779,0.5097,0.5835,0.41238,0.37936
36046,104398,Valparaiso,Beacons,0.25995,0.69794,0.48241,68.078,99.28888,110.90242,0.24018,0.14001,0.15732,0.09042,0.09347,2023-24 Men's Basketball,True,0.2392,0.1739,0.6087,0.2346,0.3937,0.1775,0.3356,0.2203,0.412,0.5161,0.36767,0.32455,0.3438,0.1027,0.5439,0.5831,0.35348,0.35401
36046,103722,Illinois St.,Redbirds,0.28995,0.74342,0.53836,64.096,103.75113,105.55507,0.35959,0.15068,0.14719,0.08678,0.06642,2023-24 Men's Basketball,True,0.2448,0.1092,0.6325,0.2563,0.4255,0.2374,0.3964,0.1267,0.4937,0.5329,0.37957,0.29173,0.3347,0.1355,0.4714,0.5701,0.39306,0.32621
38409,103591,Evansville,Purple Aces,0.22833,0.7134,0.52957,65.772,100.39349,107.52034,0.30415,0.15898,0.14477,0.09129,0.13807,2024-25 Men's Basketball,True,0.2503,0.1297,0.6355,0.3104,0.4441,0.1677,0.3266,0.1131,0.4781,0.5684,0.40875,0.3032,0.4085,0.0899,0.466,0.5035,0.44408,0.3358
36046,103960,Murray St.,Racers,0.26961,0.7475,0.44945,64.35,107.97068,108.21255,0.29712,0.12743,0.16213,0.09298,0.08739,2023-24 Men's Basketball,True,0.2371,0.1662,0.6298,0.3096,0.3932,0.1907,0.4275,0.1461,0.5003,0.5396,0.35361,0.32104,0.3959,0.1126,0.4629,0.5679,0.42457,0.36743
33533,104362,UIC,Flames,0.2309,0.70073,0.56359,68.021,97.96367,104.48243,0.34058,0.1658,0.17389,0.09374,0.12417,2022-23 Men's Basketball,True,0.2553,0.1443,0.601,0.3227,0.3433,0.1672,0.2908,0.0786,0.49,0.5131,0.43144,0.32946,0.3121,0.094,0.5622,0.5353,0.34383,0.33965
33533,103335,Belmont,Bruins,0.25189,0.70232,0.54343,67.808,111.89902,105.13112,0.24921,0.14744,0.15974,0.10285,0.0808,2022-23 Men's Basketball,True,0.228,0.1677,0.6387,0.2881,0.4527,0.1835,0.3879,0.1125,0.4716,0.5663,0.41588,0.38812,0.3039,0.1077,0.552,0.5354,0.34037,0.35659
33533,104374,UNI,Panthers,0.22932,0.775,0.45926,66.641,104.41179,104.13262,0.30984,0.1593,0.17047,0.09516,0.04757,2022-23 Men's Basketball,True,0.2317,0.1317,0.6294,0.255,0.4623,0.2371,0.4258,0.1169,0.4922,0.5489,0.39094,0.34049,0.3478,0.1161,0.4145,0.5846,0.46943,0.35364
41097,103591,Evansville,Purple Aces,0.23034,0.70533,0.55629,66.119,100.49965,114.75625,0.29705,0.1712,0.1384,0.07896,0.1,2025-26 Men's Basketball,True,0.2388,0.0853,0.643,0.2715,0.4063,0.1786,0.3333,0.1173,0.4501,0.5491,0.43254,0.32765,0.3672,0.0945,0.4768,0.5554,0.42872,0.36986
41097,103335,Belmont,Bruins,0.292,0.71168,0.61786,68.851,120.87703,105.69985,0.31857,0.15835,0.15276,0.08866,0.11179,2025-26 Men's Basketball,True,0.254,0.148,0.7178,0.2855,0.5039,0.2044,0.4022,0.0491,0.4899,0.6285,0.46105,0.40394,0.3622,0.0957,0.4133,0.5094,0.49095,0.33614
33533,103930,Missouri St.,Bears,0.33487,0.73385,0.48446,61.848,104.77813,100.93261,0.26971,0.16514,0.16502,0.09931,0.13449,2022-23 Men's Basketball,True,0.2482,0.1298,0.6842,0.2995,0.3528,0.1836,0.26,0.0845,0.4831,0.5583,0.43243,0.33073,0.359,0.1376,0.4744,0.5254,0.38801,0.32424
33533,103960,Murray St.,Racers,0.27589,0.72776,0.48571,65.613,106.10879,108.50965,0.33279,0.14303,0.1411,0.08156,0.07444,2022-23 Men's Basketball,True,0.2198,0.1684,0.6176,0.3427,0.3864,0.1447,0.3509,0.1875,0.4874,0.5489,0.32511,0.33221,0.3333,0.1147,0.4699,0.5753,0.4154,0.33417
38409,103732,Indiana St.,Sycamores,0.26727,0.73542,0.57241,71.044,111.4321,110.64951,0.34448,0.17115,0.14355,0.09536,0.05927,2024-25 Men's Basketball,True,0.2549,0.1674,0.6365,0.3169,0.5223,0.1667,0.2381,0.0223,0.4835,0.5971,0.49416,0.34694,0.3297,0.0957,0.5243,0.5671,0.38004,0.34966
41097,104242,Southern Ill.,Salukis,0.31164,0.72982,0.49205,68.628,105.13886,100.18797,0.31501,0.14804,0.16565,0.11561,0.10392,2025-26 Men's Basketball,True,0.2458,0.1791,0.6048,0.3407,0.4794,0.224,0.4044,0.1398,0.5647,0.5551,0.29548,0.27826,0.3744,0.1039,0.4808,0.5377,0.41525,0.30167
33533,103722,Illinois St.,Redbirds,0.28169,0.73346,0.46811,64.302,101.77933,107.90428,0.31254,0.19428,0.14928,0.08747,0.09519,2022-23 Men's Basketball,True,0.2824,0.1248,0.603,0.3143,0.4494,0.1572,0.3029,0.1224,0.4715,0.5518,0.40612,0.33623,0.3128,0.1011,0.522,0.5671,0.37684,0.33733
36046,104242,Southern Ill.,Salukis,0.2629,0.74691,0.57649,64.125,111.56111,104.74749,0.36025,0.14966,0.14614,0.08401,0.08099,2023-24 Men's Basketball,True,0.2779,0.1191,0.6244,0.244,0.4919,0.248,0.381,0.0722,0.492,0.5576,0.43585,0.34691,0.3622,0.1454,0.5472,0.5586,0.30738,0.30354
30629,104374,UNI,Panthers,0.21227,0.78072,0.45808,66.269,110.22101,105.13318,0.3246,0.14802,0.16304,0.08508,0.04767,2021-22 Men's Basketball,True,0.2054,0.1255,0.6673,0.28,0.4152,0.1907,0.4072,0.0931,0.4707,0.5652,0.43614,0.3555,0.3682,0.1196,0.394,0.5959,0.48641,0.35196
41097,103732,Indiana St.,Sycamores,0.27365,0.69712,0.64665,67.761,106.48271,107.79452,0.28165,0.17324,0.13295,0.08998,0.07923,2025-26 Men's Basketball,True,0.2325,0.1417,0.6704,0.3369,0.4646,0.1744,0.3649,0.0397,0.5113,0.6002,0.44903,0.319,0.425,0.1206,0.5327,0.5368,0.34673,0.31594
33533,104398,Valparaiso,Beacons,0.22943,0.75383,0.53563,67.324,100.05203,106.80985,0.28186,0.1632,0.14229,0.08509,0.07046,2022-23 Men's Basketball,True,0.2404,0.1605,0.6562,0.3094,0.4326,0.1523,0.3587,0.1776,0.4617,0.5825,0.36069,0.29641,0.3613,0.1456,0.4803,0.5586,0.37407,0.33949
38409,103930,Missouri St.,Bears,0.31962,0.71558,0.50258,63.433,104.29844,108.7581,0.34697,0.17933,0.17354,0.11314,0.0809,2024-25 Men's Basketball,True,0.2781,0.1114,0.6615,0.2605,0.3969,0.2628,0.3598,0.1089,0.5233,0.5286,0.36772,0.35737,0.3869,0.1175,0.4882,0.5816,0.39433,0.3503
30629,104398,Valparaiso,Beacons,0.2118,0.76239,0.47847,64.957,105.61837,105.29181,0.26209,0.1485,0.15117,0.09509,0.07997,2021-22 Men's Basketball,True,0.2011,0.1531,0.6494,0.3291,0.4401,0.156,0.3755,0.1346,0.4852,0.5821,0.38022,0.33237,0.3796,0.1464,0.4888,0.5541,0.36485,0.35432
41097,103960,Murray St.,Racers,0.3265,0.68745,0.49132,70.805,117.35146,113.28568,0.38623,0.14231,0.13727,0.0826,0.08916,2025-26 Men's Basketball,True,0.2598,0.1759,0.6661,0.2869,0.4479,0.1916,0.3605,0.0734,0.4785,0.5787,0.4481,0.34967,0.4261,0.1406,0.5855,0.5388,0.27391,0.36155
33533,104242,Southern Ill.,Salukis,0.22892,0.73087,0.59688,63.595,102.91491,96.17418,0.29895,0.17574,0.1764,0.1128,0.06034,2022-23 Men's Basketball,True,0.2558,0.1519,0.7103,0.2937,0.371,0.1807,0.3458,0.0624,0.4744,0.5811,0.46329,0.32579,0.3547,0.1498,0.5059,0.5006,0.34426,0.33005
36046,103335,Belmont,Bruins,0.21664,0.72602,0.54664,70.748,109.66404,106.37839,0.30325,0.15463,0.14705,0.10569,0.08145,2023-24 Men's Basketball,True,0.2179,0.1584,0.6798,0.261,0.4766,0.2207,0.3763,0.1001,0.4817,0.5867,0.41826,0.37115,0.3744,0.0982,0.5017,0.5487,0.4001,0.32527
38409,103335,Belmont,Bruins,0.2721,0.70998,0.60106,69.248,114.13165,110.25169,0.2607,0.14068,0.15461,0.10007,0.09187,2024-25 Men's Basketball,True,0.224,0.1579,0.6811,0.2268,0.4356,0.2484,0.3926,0.0802,0.4752,0.5528,0.44466,0.38385,0.3562,0.0731,0.4937,0.573,0.43315,0.34682
38409,104374,UNI,Panthers,0.25703,0.74932,0.52638,64.576,113.03898,103.92293,0.35156,0.14397,0.15767,0.09162,0.09218,2024-25 Men's Basketball,True,0.2262,0.1484,0.6691,0.3002,0.4717,0.2271,0.4138,0.1133,0.5273,0.5841,0.35938,0.36646,0.3818,0.1204,0.4672,0.5246,0.41247,0.35411
36046,104374,UNI,Panthers,0.23852,0.77596,0.4911,66.435,109.41777,106.20359,0.37696,0.13624,0.15145,0.09334,0.07827,2023-24 Men's Basketball,True,0.2476,0.1274,0.6242,0.2634,0.4667,0.2271,0.4167,0.1363,0.4905,0.5513,0.37317,0.34493,0.4346,0.1401,0.445,0.5412,0.41487,0.34545
38409,104242,Southern Ill.,Salukis,0.3026,0.72357,0.53371,67.116,107.76959,110.14456,0.33808,0.15907,0.13886,0.09285,0.0852,2024-25 Men's Basketball,True,0.2501,0.1671,0.6116,0.4088,0.4071,0.1788,0.2733,0.0791,0.5876,0.5494,0.33333,0.35127,0.3523,0.1001,0.5026,0.5356,0.3973,0.3577
30629,103833,Loyola Chicago,Ramblers,0.25293,0.76246,0.57544,64.458,111.28443,93.96425,0.31327,0.16453,0.18295,0.10688,0.07339,2021-22 Men's Basketball,True,0.2667,0.1327,0.6257,0.3543,0.4066,0.1664,0.2899,0.0477,0.5207,0.5557,0.43163,0.3664,0.3581,0.1501,0.486,0.5057,0.36383,0.29559
36046,103930,Missouri St.,Bears,0.29055,0.75335,0.47052,67.01,104.72858,104.77313,0.31486,0.15296,0.11601,0.06297,0.11779,2023-24 Men's Basketball,True,0.2245,0.1521,0.6942,0.2879,0.3741,0.2242,0.3333,0.1196,0.5122,0.5541,0.3682,0.31364,0.324,0.1553,0.4567,0.5191,0.388,0.33042
36046,104362,UIC,Flames,0.23423,0.71771,0.54384,67.3,102.47655,104.33253,0.25947,0.15969,0.15329,0.08973,0.14058,2023-24 Men's Basketball,True,0.2576,0.1391,0.6287,0.2823,0.3935,0.2071,0.299,0.1007,0.4894,0.5292,0.40996,0.36329,0.3362,0.1208,0.5313,0.5176,0.34792,0.31737
41097,104398,Valparaiso,Beacons,0.32729,0.70123,0.49381,64.912,108.85749,108.03282,0.38274,0.13411,0.14975,0.08994,0.09648,2025-26 Men's Basketball,True,0.2689,0.1209,0.5616,0.2954,0.3711,0.1654,0.3946,0.1726,0.4607,0.4932,0.36661,0.34043,0.3405,0.0983,0.5351,0.5482,0.36663,0.32029
38409,103960,Murray St.,Racers,0.29422,0.73488,0.49683,64.448,109.00582,104.91408,0.41196,0.14865,0.16206,0.10109,0.08143,2024-25 Men's Basketball,True,0.2634,0.1399,0.59,0.3385,0.3772,0.1832,0.3357,0.0784,0.5217,0.5152,0.39989,0.34431,0.3792,0.1333,0.5489,0.5516,0.31778,0.31643
30629,103722,Illinois St.,Redbirds,0.28926,0.70598,0.4672,67.698,106.70387,107.53238,0.3136,0.17191,0.15309,0.09777,0.1254,2021-22 Men's Basketball,True,0.2498,0.1657,0.6018,0.2908,0.4832,0.1859,0.3289,0.1578,0.4766,0.5556,0.36552,0.3679,0.3537,0.1152,0.5113,0.5315,0.37343,0.34367
30629,103930,Missouri St.,Bears,0.25733,0.76119,0.43291,66.558,115.28264,102.73666,0.27677,0.14014,0.14014,0.07937,0.0918,2021-22 Men's Basketball,True,0.2291,0.1473,0.7029,0.2414,0.4894,0.2136,0.3963,0.1631,0.4551,0.6027,0.38182,0.37434,0.3278,0.1808,0.4375,0.5362,0.38172,0.33158
41097,103544,Drake,Bulldogs,0.27054,0.70989,0.51986,66.751,111.6246,111.27468,0.33451,0.13222,0.13229,0.08128,0.09235,2025-26 Men's Basketball,True,0.2499,0.1282,0.6355,0.2577,0.4469,0.1843,0.398,0.101,0.442,0.5568,0.45706,0.34176,0.3115,0.1197,0.438,0.5543,0.44237,0.36031
38409,104398,Valparaiso,Beacons,0.27419,0.72918,0.4685,67.086,110.09971,108.97226,0.32828,0.12396,0.1521,0.08606,0.1025,2024-25 Men's Basketball,True,0.2415,0.1368,0.6007,0.2745,0.4293,0.1937,0.3388,0.1487,0.4682,0.5298,0.38307,0.33589,0.3333,0.1076,0.5274,0.5685,0.36494,0.34551
33533,103369,Bradley,Braves,0.29245,0.76122,0.50709,64.767,108.70646,96.48632,0.27451,0.15503,0.17149,0.1049,0.11826,2022-23 Men's Basketball,True,0.2484,0.1415,0.6403,0.2991,0.4777,0.1916,0.3291,0.1192,0.4907,0.5768,0.39015,0.35567,0.3224,0.1141,0.4992,0.4915,0.38667,0.31862
41097,103369,Bradley,Braves,0.27742,0.72159,0.50897,66.274,112.80608,107.47937,0.36645,0.12264,0.17338,0.11356,0.09364,2025-26 Men's Basketball,True,0.2719,0.1397,0.6195,0.2922,0.3883,0.1938,0.344,0.1072,0.486,0.5273,0.40679,0.35792,0.4072,0.1168,0.4815,0.5379,0.40169,0.36447
36046,103591,Evansville,Purple Aces,0.22538,0.74062,0.4929,68.282,103.07687,106.44214,0.28243,0.15021,0.15446,0.09434,0.09191,2023-24 Men's Basketball,True,0.2223,0.1511,0.6521,0.28,0.4416,0.2139,0.3404,0.161,0.4939,0.561,0.34508,0.33617,0.375,0.1003,0.4662,0.5367,0.43346,0.35039
36046,103369,Bradley,Braves,0.28496,0.72182,0.49099,65.662,111.58909,101.08456,0.27514,0.15878,0.16248,0.1075,0.1194,2023-24 Men's Basketball,True,0.2487,0.1468,0.6679,0.2756,0.4491,0.1671,0.4265,0.1396,0.4427,0.5853,0.41771,0.36647,0.3391,0.1176,0.4992,0.4928,0.38312,0.3271
41097,104362,UIC,Flames,0.36807,0.68855,0.54623,65.82,112.98446,105.70895,0.36112,0.14973,0.17552,0.1183,0.11842,2025-26 Men's Basketball,True,0.2504,0.152,0.6311,0.3364,0.4366,0.2332,0.3562,0.1062,0.5696,0.5515,0.32429,0.32138,0.3548,0.0944,0.4455,0.5387,0.46017,0.33517
38409,103544,Drake,Bulldogs,0.35471,0.74897,0.56028,58.876,116.52209,98.30955,0.42297,0.15681,0.20128,0.14927,0.08466,2024-25 Men's Basketball,True,0.2637,0.0939,0.6946,0.3388,0.4153,0.2013,0.3212,0.0938,0.5401,0.5905,0.36612,0.36025,0.267,0.1076,0.5064,0.5845,0.38593,0.30428
33533,103544,Drake,Bulldogs,0.24258,0.7776,0.5021,65.758,111.32169,95.11475,0.27904,0.1389,0.15827,0.0794,0.07413,2022-23 Men's Basketball,True,0.222,0.1363,0.6634,0.2544,0.4454,0.2254,0.415,0.1506,0.4798,0.561,0.36959,0.37017,0.35,0.1799,0.4403,0.5131,0.37981,0.30658
36046,103544,Drake,Bulldogs,0.24174,0.77064,0.56351,67.063,116.25586,102.37333,0.32756,0.1241,0.15946,0.09399,0.04571,2023-24 Men's Basketball,True,0.2369,0.1538,0.6708,0.2718,0.4764,0.1938,0.4144,0.1405,0.4656,0.5899,0.39394,0.3663,0.4251,0.167,0.4455,0.5455,0.3875,0.33161
38409,103722,Illinois St.,Redbirds,0.2491,0.75512,0.54289,64.887,116.33768,110.27976,0.31134,0.14313,0.14521,0.08499,0.05541,2024-25 Men's Basketball,True,0.2564,0.098,0.6886,0.2751,0.4652,0.1592,0.4332,0.0942,0.4343,0.6067,0.47154,0.37607,0.3689,0.1125,0.4655,0.5639,0.422,0.35308
41097,103722,Illinois St.,Redbirds,0.28691,0.74463,0.5125,66.056,112.64465,103.34141,0.31202,0.14838,0.14249,0.084,0.06425,2025-26 Men's Basketball,True,0.2507,0.1065,0.6528,0.314,0.4343,0.1584,0.407,0.0964,0.4724,0.5795,0.4312,0.35281,0.3186,0.144,0.5017,0.5467,0.35432,0.32507
33533,103732,Indiana St.,Sycamores,0.21938,0.7757,0.56548,69.725,112.95566,99.18734,0.30987,0.15463,0.15819,0.09297,0.05055,2022-23 Men's Basketball,True,0.2348,0.168,0.6648,0.3707,0.428,0.1268,0.4444,0.0411,0.4975,0.6045,0.46146,0.35385,0.3675,0.1925,0.4502,0.5331,0.35725,0.32107
41097,104374,UNI,Panthers,0.21867,0.73671,0.5693,62.555,110.24735,98.03194,0.2543,0.1315,0.16231,0.10237,0.09849,2025-26 Men's Basketball,True,0.2435,0.1012,0.6699,0.2573,0.4909,0.2513,0.4084,0.0966,0.5086,0.5815,0.39484,0.35211,0.402,0.1025,0.4781,0.5162,0.41937,0.28747
30629,103544,Drake,Bulldogs,0.29934,0.74622,0.43616,64.911,111.50745,100.23095,0.27987,0.14009,0.17538,0.10564,0.09465,2021-22 Men's Basketball,True,0.2576,0.1429,0.6737,0.2504,0.4482,0.2426,0.3867,0.16,0.493,0.5627,0.34703,0.34262,0.3434,0.1566,0.4607,0.54,0.38271,0.32782
38409,103369,Bradley,Braves,0.26522,0.71938,0.53776,65.081,115.67059,103.86997,0.31518,0.15426,0.14396,0.09875,0.1177,2024-25 Men's Basketball,True,0.2533,0.1402,0.6829,0.2393,0.4785,0.1921,0.4078,0.1372,0.4314,0.5919,0.43142,0.39797,0.3184,0.095,0.4799,0.4966,0.42506,0.32036
36046,103732,Indiana St.,Sycamores,0.23524,0.7656,0.61174,70.086,120.67391,104.08079,0.33392,0.1486,0.14017,0.08643,0.04537,2023-24 Men's Basketball,True,0.2326,0.1648,0.6957,0.3361,0.5232,0.1337,0.359,0.0345,0.4699,0.6466,0.49557,0.38159,0.3711,0.2016,0.458,0.5381,0.3404,0.34432
27693,103715,IU Indy,Jaguars,0.25416,0.74703,0.52876,71.273,99.85131,106.32099,0.30496,0.17095,0.17075,0.09656,0.059,2020-21 Men's Basketball,True,0.2651,0.1686,0.6183,0.2451,0.3636,0.1646,0.386,0.2011,0.4097,0.516,0.38915,0.34375,0.3649,0.1424,0.5101,0.6208,0.34745,0.30471
27693,104142,Robert Morris,Colonials,0.29487,0.66616,0.57722,67.433,103.169,112.17939,0.25577,0.16339,0.1678,0.09349,0.08097,2020-21 Men's Basketball,True,0.2673,0.1313,0.5905,0.3264,0.4108,0.1682,0.3855,0.1627,0.4945,0.5294,0.34273,0.35279,0.3492,0.119,0.5109,0.5582,0.37016,0.3852
27693,103536,Detroit Mercy,Titans,0.2716,0.70788,0.52676,66.889,113.72217,109.93819,0.25271,0.15002,0.16227,0.10084,0.07162,2020-21 Men's Basketball,True,0.2122,0.1363,0.6761,0.2465,0.4151,0.1233,0.3866,0.1845,0.3698,0.5891,0.44574,0.3913,0.3758,0.1259,0.4493,0.5772,0.42487,0.36804
27693,104362,UIC,Flames,0.23688,0.72354,0.53226,68.207,98.11535,104.83649,0.22752,0.16897,0.12558,0.05353,0.0696,2020-21 Men's Basketball,True,0.2693,0.1429,0.6348,0.2736,0.4172,0.2414,0.2644,0.0669,0.515,0.5328,0.41814,0.32721,0.3662,0.1598,0.5724,0.5269,0.26782,0.29972
27693,103917,Milwaukee,Panthers,0.24268,0.73205,0.48469,69.699,105.98015,107.00042,0.3316,0.13641,0.16653,0.08573,0.06018,2020-21 Men's Basketball,True,0.2585,0.16,0.6394,0.2634,0.4188,0.1736,0.3782,0.204,0.4369,0.5518,0.35905,0.32851,0.3175,0.1638,0.4418,0.5677,0.39441,0.37795
27693,104115,Purdue Fort Wayne,Mastodons,0.26183,0.69211,0.52139,68.023,106.40045,111.38797,0.30183,0.21603,0.15029,0.09629,0.07451,2020-21 Men's Basketball,True,0.2545,0.1743,0.6841,0.274,0.4983,0.2407,0.396,0.0802,0.5147,0.5972,0.40508,0.4,0.4057,0.1236,0.4831,0.5731,0.39336,0.33573
27693,104506,Wright St.,Raiders,0.34173,0.74974,0.51972,70.932,114.94664,94.55194,0.34534,0.15675,0.14714,0.08297,0.08447,2020-21 Men's Basketball,True,0.1917,0.1429,0.6303,0.4174,0.4178,0.153,0.3378,0.1006,0.5704,0.5733,0.32903,0.36983,0.3223,0.178,0.4935,0.4927,0.32855,0.30556
27693,104011,Northern Ky.,Norse,0.35011,0.67301,0.44833,64.947,108.2499,108.06786,0.27759,0.15842,0.16329,0.09758,0.04602,2020-21 Men's Basketball,True,0.253,0.1458,0.7291,0.2424,0.4296,0.1923,0.3825,0.1699,0.4347,0.5966,0.3954,0.30651,0.3777,0.164,0.4631,0.5547,0.37298,0.35472
27693,103661,Green Bay,Phoenix,0.25959,0.70708,0.53659,66.251,104.92543,112.13539,0.27273,0.13747,0.14983,0.0808,0.09326,2020-21 Men's Basketball,True,0.2374,0.1182,0.6458,0.2867,0.3459,0.1938,0.3897,0.1805,0.4804,0.5249,0.33908,0.33268,0.3387,0.1267,0.5307,0.5777,0.34264,0.36183
27693,104515,Youngstown St.,Penguins,0.33689,0.71476,0.48675,67.785,108.32029,105.08685,0.32117,0.13975,0.18034,0.0877,0.04646,2020-21 Men's Basketball,True,0.2376,0.1588,0.6091,0.3427,0.4059,0.1621,0.3243,0.1328,0.5048,0.5438,0.36244,0.30693,0.3581,0.137,0.4665,0.5765,0.39643,0.35209
27693,103471,Cleveland St.,Vikings,0.30753,0.675,0.52924,66.205,104.65212,105.08954,0.32542,0.16424,0.17281,0.10279,0.07814,2020-21 Men's Basketball,True,0.2865,0.1783,0.6154,0.3338,0.4498,0.2112,0.3526,0.111,0.5449,0.5512,0.34403,0.3209,0.3971,0.1332,0.4432,0.5464,0.42363,0.30663
30629,103715,IU Indy,Jaguars,0.31056,0.68263,0.54399,62.252,84.25123,107.84822,0.2638,0.22707,0.18127,0.0917,0.08419,2021-22 Men's Basketball,True,0.2843,0.1362,0.5134,0.2297,0.4054,0.2522,0.3414,0.1697,0.4819,0.4569,0.34833,0.29159,0.3651,0.1265,0.4618,0.5507,0.41165,0.35285
30629,103661,Green Bay,Phoenix,0.27586,0.71769,0.48204,63.41,97.35578,108.71045,0.31638,0.17614,0.16347,0.07915,0.07943,2021-22 Men's Basketball,True,0.2429,0.0941,0.6154,0.3264,0.3968,0.1946,0.3286,0.1318,0.521,0.5337,0.34714,0.2821,0.4354,0.1308,0.5232,0.5574,0.34606,0.34539
30629,103536,Detroit Mercy,Titans,0.27912,0.70601,0.48271,64.569,109.5476,109.18623,0.22915,0.15564,0.16897,0.09065,0.05967,2021-22 Men's Basketball,True,0.239,0.1185,0.6366,0.2006,0.4132,0.1411,0.411,0.1703,0.3417,0.5444,0.48805,0.37395,0.375,0.1266,0.4644,0.5937,0.40901,0.3497
30629,104362,UIC,Flames,0.24669,0.73366,0.55263,68.091,104.38636,105.78849,0.2281,0.15309,0.15377,0.08384,0.09407,2021-22 Men's Basketball,True,0.2482,0.1468,0.6444,0.2809,0.4091,0.1249,0.4426,0.1334,0.4058,0.572,0.46084,0.32143,0.3084,0.135,0.5927,0.5346,0.27229,0.36245
27693,104032,Oakland,Golden Grizzlies,0.29957,0.66417,0.57439,69.203,104.41509,113.55141,0.33208,0.15501,0.16217,0.11556,0.0505,2020-21 Men's Basketball,True,0.2056,0.1639,0.6344,0.2728,0.3737,0.2005,0.2714,0.1073,0.4733,0.5239,0.41941,0.3329,0.3876,0.1079,0.4646,0.5878,0.42747,0.37319
30629,103471,Cleveland St.,Vikings,0.34022,0.68658,0.60141,67.276,109.79546,101.89921,0.36175,0.16889,0.19133,0.12566,0.10469,2021-22 Men's Basketball,True,0.266,0.1974,0.6685,0.4044,0.3725,0.1671,0.3889,0.0909,0.5715,0.5819,0.33763,0.32724,0.3879,0.1317,0.4376,0.5318,0.43076,0.31884
30629,103917,Milwaukee,Panthers,0.26111,0.7,0.48031,66.539,97.3588,106.32914,0.27036,0.17317,0.12915,0.07382,0.10384,2021-22 Men's Basketball,True,0.2542,0.1304,0.6366,0.2332,0.4005,0.2061,0.3802,0.2127,0.4393,0.5259,0.34792,0.31688,0.3787,0.1395,0.4477,0.4696,0.41282,0.33416
41097,104115,Purdue Fort Wayne,Mastodons,0.23643,0.67233,0.49162,68.768,113.56168,112.10751,0.29948,0.12766,0.17209,0.12452,0.09466,2025-26 Men's Basketball,True,0.2268,0.1674,0.6387,0.3474,0.4218,0.1531,0.4245,0.0552,0.5005,0.5723,0.44427,0.3517,0.3176,0.0896,0.4726,0.5886,0.43783,0.36462
41097,103917,Milwaukee,Panthers,0.33556,0.71456,0.48409,68.152,111.88297,116.83517,0.3219,0.12829,0.14271,0.09876,0.0853,2025-26 Men's Basketball,True,0.2756,0.1673,0.6347,0.3315,0.3914,0.1766,0.3723,0.1165,0.5081,0.5501,0.37538,0.32258,0.3955,0.0723,0.5221,0.5816,0.40561,0.36436
41097,104032,Oakland,Golden Grizzlies,0.31551,0.65948,0.54369,69.939,118.04889,116.7978,0.37966,0.12792,0.13528,0.10919,0.09579,2025-26 Men's Basketball,True,0.2176,0.2014,0.6023,0.3572,0.4847,0.2499,0.3619,0.0537,0.6071,0.5539,0.33929,0.34789,0.4393,0.0835,0.5007,0.5867,0.41582,0.33991
41097,103536,Detroit Mercy,Titans,0.34057,0.69974,0.48046,68.448,112.81447,112.99709,0.34338,0.13845,0.12892,0.08726,0.0929,2025-26 Men's Basketball,True,0.2836,0.1578,0.5927,0.2785,0.4447,0.2126,0.3868,0.2008,0.4911,0.5286,0.30812,0.34826,0.3375,0.0837,0.4906,0.5629,0.42573,0.32678
30629,104032,Oakland,Golden Grizzlies,0.31603,0.6652,0.52184,67.444,109.89443,101.2635,0.33422,0.1541,0.18252,0.13317,0.06851,2021-22 Men's Basketball,True,0.2018,0.1467,0.6636,0.2916,0.4322,0.169,0.3803,0.1247,0.4606,0.5787,0.41471,0.30206,0.4338,0.1406,0.4405,0.5493,0.41882,0.30494
33533,103661,Green Bay,Phoenix,0.21699,0.67608,0.53354,64.857,91.09488,117.44424,0.31471,0.19082,0.14084,0.07789,0.06344,2022-23 Men's Basketball,True,0.2597,0.11,0.5803,0.2505,0.3549,0.176,0.3966,0.1393,0.4264,0.4873,0.43423,0.30152,0.4067,0.1141,0.5398,0.5925,0.34607,0.35016
33533,104115,Purdue Fort Wayne,Mastodons,0.27628,0.74977,0.5,69.113,106.47352,100.61837,0.28594,0.16402,0.16471,0.10625,0.06407,2022-23 Men's Basketball,True,0.2103,0.1525,0.6667,0.2455,0.4065,0.2104,0.363,0.0766,0.4559,0.5466,0.46747,0.34568,0.4043,0.1477,0.4573,0.5785,0.39497,0.30239
33533,103715,IU Indy,Jaguars,0.29261,0.67935,0.45547,66.474,97.82326,115.00906,0.31257,0.20567,0.14981,0.0871,0.07239,2022-23 Men's Basketball,True,0.2671,0.1533,0.6453,0.3265,0.4199,0.2218,0.4155,0.1653,0.5483,0.5541,0.28638,0.29675,0.3297,0.1009,0.5101,0.5807,0.38898,0.35905
36046,103715,IU Indy,Jaguars,0.30297,0.65078,0.42839,67.315,97.47946,118.10367,0.34446,0.1869,0.17086,0.11258,0.05862,2023-24 Men's Basketball,True,0.2581,0.1748,0.6512,0.3422,0.363,0.2415,0.3973,0.1652,0.5837,0.532,0.25113,0.24775,0.4158,0.1105,0.5148,0.6217,0.37473,0.37664
38409,103661,Green Bay,Phoenix,0.19071,0.68559,0.60243,67.594,103.01834,118.35366,0.36713,0.16749,0.12594,0.07226,0.05527,2024-25 Men's Basketball,True,0.2684,0.1408,0.5857,0.2855,0.451,0.208,0.4321,0.0472,0.4936,0.5289,0.45921,0.32868,0.3425,0.0941,0.5081,0.5752,0.39782,0.37255
38409,103715,IU Indy,Jaguars,0.31882,0.69043,0.54296,65.322,114.46482,117.13344,0.33743,0.13266,0.14499,0.09444,0.06055,2024-25 Men's Basketball,True,0.2668,0.1357,0.5897,0.2499,0.385,0.2066,0.3546,0.0753,0.4565,0.4971,0.46823,0.374,0.3892,0.0917,0.4885,0.5966,0.41987,0.35294
41097,103715,IU Indy,Jaguars,0.29412,0.65347,0.63968,74.557,111.60121,117.94741,0.21143,0.13748,0.17946,0.11879,0.08354,2025-26 Men's Basketball,True,0.295,0.1905,0.6799,0.2963,0.4727,0.191,0.337,0.0835,0.4873,0.5987,0.42922,0.32558,0.3143,0.0556,0.5914,0.6004,0.35294,0.38589
41097,104515,Youngstown St.,Penguins,0.3213,0.69761,0.542,67.619,114.8574,107.6299,0.31613,0.15911,0.15968,0.10644,0.09431,2025-26 Men's Basketball,True,0.2551,0.156,0.6326,0.3592,0.4664,0.1187,0.3175,0.0335,0.4779,0.5913,0.48856,0.34641,0.3094,0.1205,0.544,0.5452,0.33549,0.34783
30629,104142,Robert Morris,Colonials,0.286,0.68202,0.4921,66.414,103.64928,111.58638,0.28306,0.18579,0.14799,0.08966,0.10099,2021-22 Men's Basketball,True,0.2316,0.1235,0.6524,0.3157,0.4249,0.2212,0.3828,0.1441,0.5369,0.5587,0.31908,0.33862,0.368,0.1412,0.4929,0.5559,0.36588,0.36298
36046,104515,Youngstown St.,Penguins,0.34957,0.72139,0.52632,69.124,116.54211,101.7837,0.28537,0.13191,0.14769,0.0888,0.1254,2023-24 Men's Basketball,True,0.2332,0.182,0.6581,0.3217,0.4232,0.1546,0.3684,0.1013,0.4763,0.5819,0.42248,0.32339,0.3636,0.1343,0.499,0.4944,0.36673,0.33287
36046,103661,Green Bay,Phoenix,0.27664,0.71837,0.52821,63.262,108.27411,108.17608,0.28932,0.16356,0.12538,0.06871,0.05933,2023-24 Men's Basketball,True,0.2705,0.085,0.6965,0.2629,0.4141,0.1871,0.3475,0.0677,0.4501,0.5791,0.4822,0.33929,0.376,0.1345,0.512,0.544,0.35353,0.29874
36046,103536,Detroit Mercy,Titans,0.26071,0.64608,0.45466,66.596,98.28951,119.56772,0.30288,0.17262,0.1507,0.10397,0.06616,2023-24 Men's Basketball,True,0.2576,0.1338,0.6285,0.2802,0.4201,0.1766,0.3861,0.175,0.4568,0.5479,0.36822,0.2812,0.4326,0.1145,0.5128,0.5909,0.37274,0.37
38409,103917,Milwaukee,Panthers,0.40526,0.74133,0.50386,68.484,113.64601,103.91139,0.38216,0.15736,0.17019,0.1115,0.09367,2024-25 Men's Basketball,True,0.2543,0.2088,0.6392,0.4131,0.397,0.2053,0.378,0.0655,0.6184,0.5588,0.31614,0.30832,0.3793,0.0953,0.5189,0.5407,0.38575,0.33807
36046,104506,Wright St.,Raiders,0.28628,0.72081,0.5121,71.377,119.74061,112.47049,0.32752,0.14534,0.14666,0.08622,0.07194,2023-24 Men's Basketball,True,0.216,0.1603,0.6901,0.3578,0.4812,0.1771,0.4985,0.173,0.5349,0.6209,0.29209,0.38313,0.3814,0.1069,0.5152,0.5763,0.37792,0.36053
38409,104115,Purdue Fort Wayne,Mastodons,0.22438,0.67978,0.47277,69.033,115.57277,106.84776,0.2844,0.12212,0.18307,0.12436,0.07869,2024-25 Men's Basketball,True,0.2251,0.1648,0.6632,0.2916,0.4425,0.2,0.3558,0.0532,0.4916,0.5734,0.45524,0.37079,0.4333,0.0954,0.504,0.5804,0.40064,0.31878
30629,104011,Northern Ky.,Norse,0.3567,0.69231,0.54658,64.137,107.31798,99.92997,0.25892,0.16761,0.18765,0.13904,0.07366,2021-22 Men's Basketball,True,0.2341,0.1751,0.6717,0.2483,0.3588,0.2019,0.347,0.1167,0.4502,0.5314,0.43314,0.3444,0.3446,0.1495,0.4586,0.5433,0.39194,0.32143
36046,104142,Robert Morris,Colonials,0.33765,0.71843,0.51741,67.227,106.45883,110.98997,0.28023,0.16989,0.13872,0.07205,0.07535,2023-24 Men's Basketball,True,0.2582,0.1245,0.6464,0.2906,0.3669,0.1853,0.3384,0.1028,0.4759,0.5376,0.42138,0.33621,0.4017,0.1282,0.5265,0.556,0.34531,0.33851
38409,103536,Detroit Mercy,Titans,0.3246,0.70162,0.4443,66.299,99.59511,112.68264,0.28993,0.16282,0.13507,0.08549,0.0798,2024-25 Men's Basketball,True,0.2807,0.1312,0.5671,0.2594,0.3784,0.2298,0.3703,0.2235,0.4892,0.4784,0.2873,0.33028,0.2877,0.0782,0.4524,0.5633,0.46949,0.32953
33533,104032,Oakland,Golden Grizzlies,0.2443,0.67268,0.46659,67.337,106.83325,111.15756,0.31924,0.13578,0.16967,0.10861,0.07119,2022-23 Men's Basketball,True,0.2039,0.1577,0.6332,0.2579,0.4678,0.2384,0.355,0.1057,0.4963,0.5538,0.39799,0.3081,0.4085,0.1206,0.4849,0.564,0.39456,0.36801
41097,103471,Cleveland St.,Vikings,0.29137,0.64935,0.58419,69.884,114.17229,122.97479,0.36629,0.15965,0.13455,0.08046,0.07826,2025-26 Men's Basketball,True,0.2733,0.1853,0.6421,0.3039,0.364,0.1301,0.3704,0.0702,0.4339,0.5588,0.49584,0.37461,0.362,0.0793,0.4803,0.612,0.44039,0.3547
33533,104142,Robert Morris,Colonials,0.29613,0.72337,0.54147,66.193,104.30351,100.56372,0.26523,0.16887,0.17311,0.10077,0.10887,2022-23 Men's Basketball,True,0.2432,0.1185,0.6376,0.313,0.4134,0.188,0.3279,0.1297,0.5011,0.5535,0.36922,0.33428,0.3546,0.154,0.5232,0.5052,0.32277,0.35364
33533,103536,Detroit Mercy,Titans,0.35934,0.70562,0.47146,66.38,114.49296,112.63533,0.28113,0.14638,0.15058,0.09124,0.05451,2022-23 Men's Basketball,True,0.2397,0.1415,0.5862,0.2292,0.4185,0.1546,0.3619,0.1843,0.3839,0.5187,0.43182,0.38673,0.3991,0.1155,0.4925,0.5542,0.39202,0.36592
41097,103661,Green Bay,Phoenix,0.25667,0.71311,0.54632,63.68,116.60802,116.65525,0.4158,0.14398,0.12066,0.07007,0.08596,2025-26 Men's Basketball,True,0.2641,0.119,0.6241,0.402,0.4607,0.1615,0.3982,0.0652,0.5634,0.5773,0.3714,0.3618,0.3107,0.0953,0.4682,0.5609,0.43649,0.36128
38409,104506,Wright St.,Raiders,0.29017,0.71724,0.52731,66.979,114.11624,112.72948,0.27023,0.15675,0.13013,0.08406,0.0824,2024-25 Men's Basketball,True,0.2488,0.1374,0.6408,0.3537,0.4824,0.1473,0.4195,0.1224,0.501,0.5942,0.37656,0.3843,0.4082,0.1004,0.5397,0.5332,0.35996,0.36558
30629,104115,Purdue Fort Wayne,Mastodons,0.23156,0.73429,0.53819,68.099,106.25493,100.73177,0.27278,0.17386,0.20092,0.1269,0.07374,2021-22 Men's Basketball,True,0.2206,0.1513,0.6245,0.2468,0.4635,0.2251,0.4114,0.0837,0.4719,0.5477,0.44439,0.37068,0.3187,0.1471,0.4515,0.5943,0.4014,0.35168
36046,104011,Northern Ky.,Norse,0.29888,0.68038,0.51701,68.392,107.80739,105.45046,0.35711,0.15381,0.17797,0.12345,0.07459,2023-24 Men's Basketball,True,0.237,0.1873,0.6483,0.2997,0.436,0.2382,0.4034,0.123,0.538,0.5543,0.33902,0.3186,0.464,0.1128,0.4731,0.5564,0.41413,0.31166
38409,104011,Northern Ky.,Norse,0.31993,0.67709,0.54812,65.987,107.25772,107.52914,0.31398,0.152,0.1764,0.11593,0.09364,2024-25 Men's Basketball,True,0.2392,0.1825,0.654,0.2436,0.4316,0.2405,0.3534,0.1192,0.4841,0.5435,0.39671,0.3342,0.3807,0.1042,0.4947,0.5316,0.40106,0.3628
41097,104142,Robert Morris,Colonials,0.38578,0.71847,0.62168,65.07,116.77434,108.7304,0.27341,0.15688,0.14693,0.08675,0.07277,2025-26 Men's Basketball,True,0.2714,0.1186,0.6698,0.3172,0.4098,0.1954,0.3684,0.0861,0.5126,0.5707,0.40131,0.37265,0.3646,0.1043,0.5304,0.5225,0.36522,0.33036
33533,104506,Wright St.,Raiders,0.27338,0.73344,0.48012,70.764,110.41449,101.83088,0.24169,0.15422,0.15838,0.08677,0.07832,2022-23 Men's Basketball,True,0.2151,0.1659,0.6469,0.3409,0.468,0.1728,0.4587,0.2099,0.5137,0.5867,0.27636,0.35714,0.3434,0.1285,0.4845,0.5445,0.387,0.32832
30629,104515,Youngstown St.,Penguins,0.30492,0.72184,0.459,66.079,109.53726,105.27995,0.30714,0.15206,0.15348,0.08086,0.06899,2021-22 Men's Basketball,True,0.2593,0.1322,0.5905,0.3321,0.4431,0.1344,0.3951,0.1508,0.4665,0.548,0.38271,0.34298,0.3578,0.1641,0.4793,0.546,0.35658,0.33971
38409,104515,Youngstown St.,Penguins,0.30933,0.6996,0.53054,68.945,110.06263,103.58338,0.35799,0.15054,0.15632,0.0997,0.13249,2024-25 Men's Basketball,True,0.2641,0.1787,0.6156,0.3284,0.4212,0.1534,0.3761,0.0577,0.4818,0.5537,0.46055,0.32013,0.3471,0.1193,0.5468,0.4995,0.33383,0.33087
41097,104011,Northern Ky.,Norse,0.33088,0.6867,0.54582,70.308,117.39847,109.38365,0.36221,0.14166,0.16715,0.12184,0.09701,2025-26 Men's Basketball,True,0.26,0.2252,0.6507,0.3475,0.4806,0.1594,0.2626,0.0471,0.5069,0.5972,0.44598,0.34152,0.2961,0.0752,0.5371,0.5567,0.38762,0.35377
33533,104515,Youngstown St.,Penguins,0.31034,0.71083,0.51229,68.105,118.1019,104.53184,0.29502,0.13748,0.1602,0.10078,0.06876,2022-23 Men's Basketball,True,0.2332,0.1564,0.6653,0.352,0.4581,0.183,0.3596,0.1092,0.535,0.5944,0.35584,0.36474,0.3616,0.154,0.508,0.5491,0.33801,0.34097
33533,103917,Milwaukee,Panthers,0.33638,0.67865,0.5,70.84,108.4052,102.81982,0.33026,0.17903,0.15877,0.09599,0.14588,2022-23 Men's Basketball,True,0.2494,0.204,0.597,0.4101,0.4118,0.1581,0.3211,0.0563,0.5682,0.5455,0.37552,0.35213,0.3197,0.1189,0.4659,0.5209,0.4152,0.30634
38409,104032,Oakland,Golden Grizzlies,0.34772,0.67635,0.51106,63.233,109.31295,110.86026,0.31199,0.15355,0.14091,0.10193,0.08733,2024-25 Men's Basketball,True,0.248,0.1211,0.6344,0.2891,0.4663,0.2114,0.3333,0.0747,0.5005,0.5635,0.4248,0.30502,0.3478,0.1039,0.4824,0.5276,0.41365,0.35558
41097,104506,Wright St.,Raiders,0.33765,0.71416,0.48,67.524,118.81428,108.73741,0.37141,0.14013,0.154,0.10957,0.11577,2025-26 Men's Basketball,True,0.2547,0.1336,0.6149,0.4254,0.4631,0.1648,0.3517,0.0705,0.5902,0.5725,0.33933,0.3639,0.352,0.0972,0.5538,0.5542,0.34903,0.33665
33533,103471,Cleveland St.,Vikings,0.35068,0.64891,0.48539,65.208,108.13402,103.52799,0.291,0.14572,0.17561,0.10446,0.09459,2022-23 Men's Basketball,True,0.2528,0.1468,0.6314,0.375,0.4069,0.1975,0.3452,0.152,0.5725,0.5539,0.27549,0.30961,0.3244,0.1346,0.4828,0.5298,0.38264,0.31812
33533,104011,Northern Ky.,Norse,0.32216,0.67887,0.54994,62.383,106.73159,100.07212,0.27842,0.14981,0.21149,0.14784,0.08062,2022-23 Men's Basketball,True,0.2408,0.1529,0.5903,0.2799,0.4289,0.1903,0.3247,0.1157,0.4702,0.525,0.41412,0.3422,0.3682,0.1427,0.4679,0.5236,0.38938,0.36222
36046,103917,Milwaukee,Panthers,0.35888,0.68328,0.50816,69.325,112.64572,111.47149,0.34122,0.14796,0.13852,0.08421,0.11414,2023-24 Men's Basketball,True,0.2571,0.1954,0.6094,0.389,0.3735,0.151,0.3867,0.0682,0.54,0.5434,0.39172,0.32172,0.3445,0.0953,0.5237,0.5239,0.38104,0.3445
38409,104142,Robert Morris,Colonials,0.35489,0.71746,0.60171,67.427,112.15312,103.4523,0.37536,0.15702,0.16519,0.09343,0.12119,2024-25 Men's Basketball,True,0.2439,0.1607,0.6511,0.3503,0.352,0.1886,0.2944,0.0948,0.539,0.5464,0.36622,0.34691,0.3937,0.1082,0.5343,0.5234,0.35749,0.33425
30629,104506,Wright St.,Raiders,0.30958,0.70385,0.51266,68.562,110.56417,104.73008,0.31776,0.15282,0.16425,0.08595,0.0761,2021-22 Men's Basketball,True,0.2119,0.1548,0.6297,0.3584,0.4146,0.186,0.3855,0.1285,0.5444,0.5562,0.3271,0.33286,0.4128,0.1522,0.5021,0.5468,0.34574,0.33244
38409,103471,Cleveland St.,Vikings,0.35275,0.67176,0.50777,65.347,111.45248,101.45522,0.3015,0.14702,0.19775,0.13219,0.14435,2024-25 Men's Basketball,True,0.2716,0.1366,0.6491,0.3202,0.3832,0.2224,0.3789,0.1334,0.5426,0.5401,0.32397,0.33382,0.2514,0.0965,0.51,0.5284,0.39346,0.34718
36046,104115,Purdue Fort Wayne,Mastodons,0.23575,0.71277,0.4698,70.917,112.26343,100.24354,0.29314,0.12959,0.19671,0.129,0.08473,2023-24 Men's Basketball,True,0.2381,0.1764,0.643,0.3416,0.4209,0.1842,0.3448,0.052,0.5258,0.5652,0.42223,0.36093,0.37,0.1091,0.5207,0.5549,0.37019,0.31818
36046,103471,Cleveland St.,Vikings,0.33654,0.65696,0.47463,67.415,111.18038,107.29295,0.31656,0.12633,0.1729,0.12202,0.11085,2023-24 Men's Basketball,True,0.269,0.1774,0.6155,0.3451,0.4103,0.191,0.3468,0.1541,0.5361,0.5424,0.30988,0.33333,0.3948,0.1138,0.5032,0.5854,0.383,0.29847
36046,104032,Oakland,Golden Grizzlies,0.30397,0.71016,0.54037,66.502,112.94721,108.14357,0.30794,0.13868,0.14211,0.09742,0.07776,2023-24 Men's Basketball,True,0.2233,0.1261,0.6367,0.2567,0.4431,0.2313,0.3364,0.0988,0.488,0.5449,0.4132,0.35531,0.3992,0.1209,0.4703,0.5327,0.40874,0.33858
27693,103412,Canisius,Golden Griffins,0.26639,0.73227,0.51402,70.034,100.50046,101.59882,0.31552,0.14841,0.18097,0.08002,0.08738,2020-21 Men's Basketball,True,0.257,0.1575,0.5942,0.2634,0.4608,0.1298,0.3624,0.1896,0.3931,0.5502,0.4173,0.29573,0.3608,0.1299,0.5609,0.5346,0.30924,0.34199
27693,104219,Siena,Saints,0.27993,0.72937,0.52311,64.99,103.99744,96.93757,0.37248,0.17388,0.15558,0.08483,0.08358,2020-21 Men's Basketball,True,0.239,0.1352,0.605,0.3568,0.4337,0.1857,0.4,0.1063,0.5425,0.5464,0.35123,0.34395,0.3333,0.1655,0.5189,0.4843,0.31563,0.32362
27693,103733,Iona,Gaels,0.32562,0.73125,0.54933,68.249,104.43858,96.7868,0.34455,0.19514,0.17576,0.10063,0.12458,2020-21 Men's Basketball,True,0.3168,0.134,0.6367,0.2426,0.4496,0.2356,0.3493,0.1446,0.4782,0.5445,0.37723,0.34646,0.3019,0.1101,0.5151,0.498,0.37487,0.30194
27693,103991,Niagara,Purple Eagles,0.23429,0.7156,0.52679,64.244,100.63212,101.48823,0.34577,0.13582,0.17794,0.0912,0.0624,2020-21 Men's Basketball,True,0.2645,0.1515,0.573,0.3239,0.3613,0.1738,0.3287,0.1301,0.4977,0.4991,0.37216,0.31296,0.3008,0.1153,0.4705,0.5299,0.41425,0.33937
27693,103937,Monmouth,Hawks,0.25714,0.71466,0.54054,73.013,102.24187,99.88916,0.38173,0.15765,0.18432,0.11149,0.09777,2020-21 Men's Basketball,True,0.279,0.2584,0.5527,0.3173,0.4121,0.1623,0.3116,0.1754,0.4796,0.5051,0.34502,0.36407,0.3358,0.1142,0.4825,0.5164,0.40333,0.32851
27693,103855,Manhattan,Jaspers,0.3195,0.70387,0.53986,66.21,92.85379,98.49239,0.35451,0.17618,0.19858,0.11314,0.10587,2020-21 Men's Basketball,True,0.3317,0.1645,0.5361,0.333,0.367,0.1871,0.2903,0.1064,0.5202,0.4752,0.37339,0.26437,0.3049,0.1571,0.5125,0.5215,0.33046,0.33043
27693,103862,Marist,Red Foxes,0.22965,0.74581,0.48211,65.568,95.59943,95.88651,0.31536,0.19345,0.15984,0.08225,0.12444,2020-21 Men's Basketball,True,0.2656,0.1391,0.6056,0.319,0.4286,0.1447,0.3525,0.1249,0.4636,0.5504,0.4115,0.31004,0.4126,0.1218,0.4532,0.4643,0.42504,0.30862
27693,104120,Quinnipiac,Bobcats,0.21171,0.7219,0.55248,70.35,94.34117,96.43764,0.35374,0.17716,0.15097,0.07836,0.11198,2020-21 Men's Basketball,True,0.2668,0.1495,0.5423,0.3386,0.3768,0.1645,0.2596,0.0827,0.5032,0.4882,0.41415,0.32438,0.3436,0.1667,0.4883,0.4692,0.34508,0.3
27693,104137,Rider,Broncs,0.26175,0.73263,0.50355,67.268,99.83486,109.41335,0.28983,0.16375,0.15403,0.07498,0.06041,2020-21 Men's Basketball,True,0.2771,0.1492,0.5884,0.2489,0.4147,0.2269,0.3656,0.2117,0.4757,0.5056,0.31259,0.35194,0.3759,0.1024,0.4965,0.569,0.40108,0.35317
27693,104188,Saint Peter's,Peacocks,0.30353,0.72235,0.52793,66.845,94.5465,91.9734,0.32684,0.18964,0.19782,0.12007,0.16043,2020-21 Men's Basketball,True,0.2992,0.1635,0.512,0.3593,0.3804,0.1991,0.3037,0.0974,0.5584,0.4651,0.34416,0.32285,0.2872,0.1421,0.4853,0.4533,0.37264,0.33671
27693,103595,Fairfield,Stags,0.28042,0.73448,0.46724,64.079,95.52382,103.08326,0.34066,0.1729,0.14413,0.0714,0.06133,2020-21 Men's Basketball,True,0.2747,0.1227,0.5491,0.3214,0.3439,0.1738,0.3349,0.1497,0.4952,0.4771,0.35508,0.31528,0.3514,0.1463,0.5194,0.533,0.33421,0.32544
38409,104188,Saint Peter's,Peacocks,0.37738,0.69231,0.46314,63.407,103.1676,102.83264,0.34345,0.17311,0.15986,0.10616,0.10722,2024-25 Men's Basketball,True,0.2947,0.1557,0.5157,0.3422,0.3766,0.1461,0.2878,0.1297,0.4883,0.4741,0.38204,0.32947,0.3152,0.1209,0.498,0.5066,0.38108,0.31379
41097,104137,Rider,Broncs,0.32943,0.66942,0.44428,64.65,98.141,117.55585,0.30828,0.14425,0.13383,0.09339,0.09761,2025-26 Men's Basketball,True,0.2507,0.134,0.5417,0.3241,0.3841,0.1621,0.3424,0.2384,0.4862,0.4891,0.2754,0.27505,0.4031,0.077,0.5221,0.5474,0.40095,0.37351
41097,104188,Saint Peter's,Peacocks,0.37244,0.65803,0.53704,64.332,109.15567,105.43566,0.34956,0.14625,0.17813,0.13863,0.1146,2025-26 Men's Basketball,True,0.3075,0.1704,0.5413,0.3478,0.3941,0.1384,0.3589,0.1226,0.4862,0.4994,0.3912,0.31934,0.3416,0.1054,0.5403,0.5006,0.35429,0.32348
30629,104219,Siena,Saints,0.2449,0.715,0.42113,65.859,99.34795,103.6899,0.28933,0.16611,0.15214,0.09277,0.09797,2021-22 Men's Basketball,True,0.2399,0.1337,0.5517,0.2862,0.3941,0.1894,0.396,0.1838,0.4756,0.489,0.34053,0.35507,0.3409,0.1303,0.5708,0.5207,0.29899,0.33267
33533,103855,Manhattan,Jaspers,0.26889,0.66601,0.50477,65.865,99.94403,104.70327,0.30916,0.17524,0.17926,0.11286,0.09589,2022-23 Men's Basketball,True,0.2475,0.1417,0.6022,0.3356,0.375,0.1978,0.3547,0.1063,0.5334,0.518,0.36032,0.32933,0.3198,0.133,0.5039,0.5375,0.36309,0.36634
41097,103991,Niagara,Purple Eagles,0.25399,0.67516,0.59914,61.866,102.80588,114.66397,0.26117,0.16811,0.14602,0.09107,0.08969,2025-26 Men's Basketball,True,0.2442,0.1069,0.5981,0.3335,0.4,0.1919,0.4224,0.073,0.5255,0.5257,0.40151,0.33386,0.4162,0.121,0.4748,0.5602,0.40418,0.34802
38409,103862,Marist,Red Foxes,0.30572,0.74443,0.55777,62.934,103.52478,101.17075,0.22371,0.15993,0.14495,0.0904,0.09717,2024-25 Men's Basketball,True,0.2343,0.1024,0.6529,0.2827,0.4401,0.1951,0.3506,0.1466,0.4778,0.566,0.37558,0.31415,0.324,0.1523,0.4933,0.4877,0.35445,0.33677
33533,104137,Rider,Broncs,0.34036,0.72008,0.43001,63.718,108.76076,104.73067,0.28751,0.14923,0.14971,0.08359,0.07235,2022-23 Men's Basketball,True,0.2832,0.1418,0.6168,0.3408,0.4431,0.1913,0.3478,0.2108,0.5321,0.5544,0.25716,0.33408,0.3257,0.1077,0.4622,0.5113,0.43015,0.35622
30629,103991,Niagara,Purple Eagles,0.23374,0.73294,0.49796,64.197,103.6935,100.77039,0.27652,0.14841,0.15365,0.08695,0.07477,2021-22 Men's Basketball,True,0.234,0.1235,0.6034,0.3486,0.358,0.1532,0.3593,0.1377,0.5018,0.5285,0.36055,0.34545,0.3553,0.1346,0.497,0.4941,0.36836,0.33173
30629,103862,Marist,Red Foxes,0.26519,0.72719,0.35256,65.682,103.40408,102.50187,0.24986,0.16138,0.14855,0.08816,0.09815,2021-22 Men's Basketball,True,0.2341,0.1444,0.5993,0.3132,0.4123,0.1969,0.3604,0.1134,0.5101,0.5271,0.37651,0.34404,0.397,0.1533,0.4374,0.4974,0.4093,0.3338
36046,103855,Manhattan,Jaspers,0.24977,0.69523,0.58378,67.942,96.185,110.23722,0.22098,0.16975,0.14864,0.10991,0.07273,2023-24 Men's Basketball,True,0.2021,0.153,0.6074,0.2857,0.3739,0.1881,0.3387,0.1384,0.4738,0.5147,0.38783,0.31511,0.4034,0.1275,0.5348,0.5384,0.33771,0.36791
30629,103855,Manhattan,Jaspers,0.30219,0.69292,0.47397,68.067,102.82843,105.39189,0.40747,0.18156,0.18151,0.10376,0.08803,2021-22 Men's Basketball,True,0.2613,0.1528,0.5855,0.3418,0.4565,0.1941,0.3744,0.132,0.5359,0.5388,0.33213,0.30672,0.3702,0.1381,0.5294,0.5649,0.33255,0.33569
33533,103412,Canisius,Golden Griffins,0.28768,0.6999,0.56488,66.239,104.0633,106.92245,0.24765,0.15107,0.16792,0.0826,0.06622,2022-23 Men's Basketball,True,0.2313,0.1516,0.6031,0.2841,0.3349,0.1189,0.3652,0.1907,0.403,0.524,0.4063,0.34694,0.3226,0.1242,0.5587,0.5553,0.31712,0.36643
36046,103862,Marist,Red Foxes,0.22958,0.73157,0.52479,64.345,100.46683,96.65671,0.29792,0.16945,0.18117,0.10588,0.0864,2023-24 Men's Basketball,True,0.2522,0.1157,0.5738,0.3639,0.3583,0.1465,0.4175,0.1258,0.5104,0.512,0.36386,0.3557,0.3143,0.15,0.4666,0.5171,0.38334,0.31789
38409,103412,Canisius,Golden Griffins,0.1833,0.65681,0.47737,64.919,99.77726,121.09421,0.23311,0.17082,0.1433,0.09545,0.0717,2024-25 Men's Basketball,True,0.246,0.1444,0.5769,0.2642,0.4549,0.1656,0.3588,0.1566,0.4298,0.5299,0.41363,0.36705,0.4049,0.0921,0.4989,0.6206,0.40904,0.36188
41097,103412,Canisius,Golden Griffins,0.29685,0.70501,0.5503,63.211,99.16383,111.00657,0.31139,0.17013,0.14384,0.0778,0.08421,2025-26 Men's Basketball,True,0.2759,0.1408,0.5102,0.3209,0.3913,0.1637,0.3518,0.118,0.4846,0.47,0.39739,0.33134,0.3676,0.1091,0.4511,0.5817,0.43986,0.32574
41097,103862,Marist,Red Foxes,0.29423,0.71968,0.59273,65.241,106.37037,97.45692,0.25277,0.14728,0.16789,0.10679,0.08955,2025-26 Men's Basketball,True,0.2567,0.1408,0.5847,0.3037,0.4828,0.1764,0.375,0.1726,0.4801,0.5472,0.34735,0.32803,0.3459,0.1567,0.4747,0.5149,0.36867,0.28275
30629,104120,Quinnipiac,Bobcats,0.28732,0.71949,0.56527,67.786,105.50499,105.03102,0.26557,0.16436,0.154,0.09322,0.0569,2021-22 Men's Basketball,True,0.2456,0.1478,0.5847,0.3,0.4207,0.1896,0.3459,0.0727,0.4896,0.5212,0.4377,0.34457,0.3586,0.1641,0.4622,0.5164,0.37365,0.36416
33533,103991,Niagara,Purple Eagles,0.26911,0.71992,0.4606,62.082,103.9145,105.35775,0.29294,0.16452,0.14978,0.08498,0.06147,2022-23 Men's Basketball,True,0.2571,0.1107,0.6121,0.3532,0.408,0.1985,0.3133,0.1011,0.5518,0.5386,0.34714,0.34386,0.4048,0.1767,0.5174,0.4994,0.30589,0.35756
33533,103595,Fairfield,Stags,0.28801,0.70746,0.42899,63.604,100.82287,102.47653,0.37299,0.15793,0.15623,0.0851,0.0954,2022-23 Men's Basketball,True,0.2366,0.1274,0.5796,0.3325,0.407,0.1695,0.3333,0.1285,0.5021,0.5213,0.36942,0.28663,0.3487,0.1362,0.5469,0.5492,0.31693,0.29061
38409,103991,Niagara,Purple Eagles,0.23751,0.72581,0.52209,63.981,105.70882,110.29186,0.30741,0.16789,0.15228,0.09633,0.06503,2024-25 Men's Basketball,True,0.2426,0.1369,0.6058,0.3562,0.4125,0.1549,0.32,0.0603,0.5112,0.5472,0.42857,0.35302,0.3505,0.1244,0.493,0.5554,0.38256,0.36474
38409,103855,Manhattan,Jaspers,0.33124,0.68021,0.56341,66.044,113.2321,111.41273,0.31996,0.14446,0.13034,0.09419,0.06774,2024-25 Men's Basketball,True,0.2108,0.1519,0.6145,0.2873,0.4524,0.1798,0.3258,0.1182,0.4671,0.5521,0.41466,0.34323,0.3472,0.112,0.4699,0.5607,0.41805,0.32878
36046,104219,Siena,Saints,0.33156,0.68756,0.48718,65.806,91.84152,113.11608,0.30774,0.20192,0.1284,0.07784,0.10269,2023-24 Men's Basketball,True,0.2332,0.1,0.5579,0.3487,0.3872,0.1337,0.3257,0.1746,0.4824,0.5106,0.343,0.28027,0.3562,0.1139,0.5447,0.5454,0.34131,0.35213
38409,103595,Fairfield,Stags,0.29201,0.69193,0.51531,65.282,103.04264,110.81495,0.25974,0.13368,0.16312,0.10406,0.08436,2024-25 Men's Basketball,True,0.2489,0.1529,0.5696,0.321,0.3435,0.1527,0.3556,0.1475,0.4738,0.4967,0.3787,0.3155,0.3202,0.113,0.5203,0.5711,0.36672,0.35812
41097,103958,Mount St. Mary's,Mountaineers,0.32554,0.70742,0.56404,66.226,102.37372,105.47595,0.32521,0.19445,0.14068,0.0925,0.09458,2025-26 Men's Basketball,True,0.2691,0.1401,0.6131,0.3734,0.4104,0.1201,0.2612,0.0759,0.4935,0.5637,0.43059,0.325,0.3556,0.1462,0.4034,0.4899,0.45046,0.32572
33533,104188,Saint Peter's,Peacocks,0.3682,0.7,0.46927,61.693,99.81933,104.6947,0.28852,0.16006,0.17477,0.10081,0.10262,2022-23 Men's Basketball,True,0.3425,0.1426,0.5432,0.3098,0.3537,0.1792,0.3554,0.1568,0.4891,0.4737,0.3541,0.29321,0.4018,0.1412,0.4997,0.4994,0.35912,0.33932
36046,103412,Canisius,Golden Griffins,0.33508,0.71288,0.47681,67.269,103.80618,106.34142,0.28325,0.16744,0.14399,0.08874,0.0846,2023-24 Men's Basketball,True,0.2396,0.1612,0.5887,0.3246,0.413,0.1534,0.4007,0.1607,0.478,0.5323,0.36126,0.33623,0.301,0.1077,0.5781,0.5407,0.31417,0.33943
41097,104120,Quinnipiac,Bobcats,0.34407,0.687,0.50465,68.006,109.93028,105.00598,0.33134,0.13259,0.15256,0.11568,0.11424,2025-26 Men's Basketball,True,0.2374,0.1779,0.5904,0.3533,0.3654,0.1502,0.3077,0.1557,0.5035,0.5233,0.34082,0.34553,0.3433,0.1205,0.5225,0.501,0.35696,0.34058
30629,103412,Canisius,Golden Griffins,0.28617,0.73744,0.53539,68.204,99.65495,104.0194,0.29866,0.14678,0.16562,0.08757,0.06635,2021-22 Men's Basketball,True,0.2501,0.1448,0.5665,0.3136,0.3348,0.1138,0.3578,0.1756,0.4274,0.5048,0.39701,0.3061,0.3583,0.1307,0.5507,0.5727,0.31863,0.30598
33533,104219,Siena,Saints,0.30529,0.73182,0.53394,65.215,103.96337,101.87937,0.34539,0.17088,0.16453,0.08598,0.1063,2022-23 Men's Basketball,True,0.2593,0.1217,0.5669,0.3211,0.404,0.1973,0.3734,0.1362,0.5184,0.5049,0.34539,0.34861,0.3144,0.1297,0.5898,0.5331,0.28045,0.33535
36046,103991,Niagara,Purple Eagles,0.24004,0.73705,0.49757,66.292,108.0507,107.49158,0.36192,0.15714,0.14838,0.08371,0.05279,2023-24 Men's Basketball,True,0.2238,0.151,0.6275,0.3945,0.3929,0.1921,0.3353,0.0989,0.5866,0.5507,0.31447,0.36182,0.4006,0.1919,0.5311,0.5565,0.27699,0.35236
41097,103855,Manhattan,Jaspers,0.29549,0.6366,0.50741,66.819,109.51048,116.76803,0.34332,0.13477,0.142,0.1158,0.06039,2025-26 Men's Basketball,True,0.2186,0.1456,0.5737,0.3034,0.4192,0.2082,0.3773,0.1157,0.5116,0.5108,0.37277,0.3244,0.3947,0.0945,0.5234,0.5523,0.38209,0.36458
36046,104137,Rider,Broncs,0.31866,0.71307,0.51077,67.599,105.50489,105.45919,0.3165,0.15387,0.14461,0.09612,0.10736,2023-24 Men's Basketball,True,0.2559,0.1621,0.5848,0.316,0.3793,0.1812,0.392,0.2218,0.4971,0.5099,0.2811,0.33704,0.285,0.1102,0.5048,0.5169,0.38498,0.33887
33533,104120,Quinnipiac,Bobcats,0.32102,0.72222,0.50726,67.715,106.51035,101.76642,0.33019,0.15603,0.14811,0.08941,0.06661,2022-23 Men's Basketball,True,0.2394,0.1427,0.5666,0.2951,0.4355,0.2154,0.314,0.1085,0.5105,0.5113,0.38103,0.36176,0.3662,0.1829,0.4508,0.5337,0.36631,0.31646
36046,103958,Mount St. Mary's,Mountaineers,0.30174,0.72074,0.48288,67.973,105.74226,104.42446,0.26674,0.18348,0.15837,0.10037,0.10138,2023-24 Men's Basketball,True,0.2254,0.1424,0.6398,0.3612,0.446,0.1501,0.369,0.1566,0.5113,0.5829,0.33207,0.35285,0.3492,0.1561,0.4968,0.5208,0.34709,0.34604
38409,104219,Siena,Saints,0.28793,0.70029,0.48276,65.926,107.85961,107.67292,0.37274,0.15126,0.16175,0.10289,0.13294,2024-25 Men's Basketball,True,0.2418,0.1259,0.5775,0.3459,0.3975,0.1336,0.3694,0.1215,0.4795,0.5274,0.39901,0.32785,0.4086,0.1024,0.5559,0.5386,0.34177,0.343
41097,103733,Iona,Gaels,0.27783,0.68787,0.53726,67.079,107.97658,106.9256,0.29279,0.15192,0.14335,0.09686,0.08141,2025-26 Men's Basketball,True,0.2372,0.146,0.6134,0.3065,0.4055,0.1532,0.329,0.0816,0.4597,0.5441,0.45866,0.35132,0.3222,0.1214,0.4715,0.5582,0.40701,0.30587
38409,104137,Rider,Broncs,0.32227,0.69273,0.51106,64.002,104.6844,112.21259,0.2962,0.14736,0.13947,0.08396,0.09115,2024-25 Men's Basketball,True,0.2254,0.1305,0.6004,0.2841,0.4039,0.1895,0.3944,0.2249,0.4736,0.5217,0.30148,0.31173,0.3846,0.1098,0.4807,0.5609,0.4095,0.35696
36046,103733,Iona,Gaels,0.28348,0.69013,0.55193,66.7,106.94613,105.81034,0.28528,0.13079,0.19793,0.13287,0.0916,2023-24 Men's Basketball,True,0.2671,0.1643,0.6019,0.314,0.3646,0.1935,0.3397,0.1053,0.5076,0.5114,0.3871,0.35286,0.4091,0.1008,0.4994,0.5677,0.39977,0.33954
36046,104188,Saint Peter's,Peacocks,0.34538,0.69638,0.48611,63.878,101.13676,99.86074,0.38962,0.16186,0.18229,0.11122,0.12387,2023-24 Men's Basketball,True,0.3025,0.1486,0.5024,0.3448,0.3622,0.1705,0.33,0.1623,0.5153,0.456,0.3224,0.32542,0.3303,0.1285,0.5236,0.4977,0.34788,0.32712
33533,103862,Marist,Red Foxes,0.25858,0.71053,0.47919,64.201,99.21631,103.49531,0.28917,0.1605,0.14631,0.09159,0.10491,2022-23 Men's Basketball,True,0.2392,0.0939,0.5714,0.2655,0.3907,0.1534,0.3741,0.1572,0.4189,0.5052,0.42386,0.32815,0.3613,0.1638,0.4606,0.4828,0.37559,0.35021
41097,104175,Sacred Heart,Pioneers,0.2952,0.69428,0.58641,66.973,111.87915,113.95266,0.30176,0.1542,0.1308,0.08521,0.08501,2025-26 Men's Basketball,True,0.2208,0.1587,0.6118,0.264,0.4357,0.1449,0.3313,0.0844,0.4089,0.5494,0.50673,0.35853,0.3721,0.0851,0.4795,0.5666,0.43543,0.35
38409,104175,Sacred Heart,Pioneers,0.31833,0.70499,0.61117,68.711,109.92764,109.00499,0.26236,0.15122,0.15437,0.10659,0.08604,2024-25 Men's Basketball,True,0.2284,0.1911,0.6018,0.327,0.4217,0.1625,0.2632,0.0651,0.4895,0.542,0.44542,0.34945,0.3307,0.1281,0.441,0.5525,0.43099,0.35838
38409,104120,Quinnipiac,Bobcats,0.33333,0.74425,0.52662,69.585,105.8138,102.29969,0.31293,0.15568,0.15304,0.11725,0.1232,2024-25 Men's Basketball,True,0.2335,0.183,0.586,0.3672,0.3939,0.1303,0.3865,0.1239,0.4975,0.5357,0.37858,0.29596,0.3457,0.1211,0.502,0.4926,0.37687,0.35317
38409,103896,Merrimack,Warriors,0.20751,0.61404,0.49682,63.352,102.8265,100.64274,0.24449,0.12594,0.19349,0.14824,0.10598,2024-25 Men's Basketball,True,0.246,0.1541,0.5979,0.3047,0.3744,0.122,0.3717,0.1445,0.4267,0.534,0.4288,0.32957,0.3571,0.1219,0.5147,0.4989,0.36344,0.30988
33533,103958,Mount St. Mary's,Mountaineers,0.27823,0.70413,0.53178,64.509,97.95235,103.12736,0.25468,0.18206,0.15598,0.08472,0.06822,2022-23 Men's Basketball,True,0.2517,0.1056,0.5808,0.2756,0.406,0.2019,0.3374,0.181,0.4774,0.5069,0.34158,0.35427,0.3727,0.1713,0.4686,0.5119,0.36011,0.33383
30629,103733,Iona,Gaels,0.31868,0.7025,0.61124,68.743,108.58759,99.05009,0.37244,0.1554,0.16624,0.09478,0.15402,2021-22 Men's Basketball,True,0.2631,0.1642,0.642,0.2905,0.4489,0.2305,0.3117,0.1183,0.521,0.5565,0.36066,0.33239,0.3696,0.1189,0.5486,0.4948,0.33247,0.30171
30629,103595,Fairfield,Stags,0.27827,0.72087,0.48049,64.177,104.53251,101.63791,0.26124,0.14792,0.14978,0.08333,0.07769,2021-22 Men's Basketball,True,0.2455,0.1471,0.607,0.3337,0.3975,0.1676,0.2941,0.1079,0.5013,0.5369,0.3908,0.33965,0.3345,0.1586,0.538,0.512,0.30332,0.32509
30629,104137,Rider,Broncs,0.29292,0.72218,0.50847,66.997,100.04288,102.23426,0.27291,0.15009,0.16347,0.10139,0.07729,2021-22 Men's Basketball,True,0.2528,0.1342,0.5934,0.3055,0.3382,0.1733,0.3475,0.2349,0.4787,0.501,0.28643,0.32168,0.3417,0.1274,0.4289,0.5136,0.44374,0.34211
41097,103595,Fairfield,Stags,0.36052,0.71429,0.45022,66.33,111.68461,107.44342,0.27705,0.12576,0.15108,0.1,0.09629,2025-26 Men's Basketball,True,0.2261,0.1512,0.5442,0.3745,0.4218,0.1371,0.3777,0.1297,0.5117,0.5114,0.35868,0.3355,0.3282,0.0989,0.5436,0.5364,0.35751,0.34043
36046,104120,Quinnipiac,Bobcats,0.31592,0.72408,0.51066,69.993,110.11008,101.40176,0.30876,0.1513,0.15861,0.10851,0.09571,2023-24 Men's Basketball,True,0.231,0.1667,0.6243,0.3351,0.3826,0.2039,0.35,0.1149,0.539,0.5329,0.3461,0.35131,0.3405,0.1345,0.4952,0.5083,0.3703,0.33464
30629,104188,Saint Peter's,Peacocks,0.31416,0.71059,0.52447,65.221,101.93306,95.12857,0.37105,0.17368,0.17943,0.10768,0.14757,2021-22 Men's Basketball,True,0.2995,0.1424,0.5453,0.3609,0.3895,0.245,0.3195,0.0906,0.6059,0.4823,0.30349,0.34982,0.2773,0.1215,0.5141,0.4791,0.36444,0.29091
30629,103937,Monmouth,Hawks,0.29387,0.7215,0.49563,65.715,103.65439,101.69949,0.36919,0.15167,0.15557,0.09442,0.09895,2021-22 Men's Basketball,True,0.2733,0.1815,0.5791,0.2903,0.3806,0.199,0.3609,0.1708,0.4893,0.4984,0.33995,0.3318,0.3769,0.1348,0.4572,0.4921,0.40798,0.32274
38409,103733,Iona,Gaels,0.3913,0.69078,0.56422,67.127,103.041,104.21539,0.27855,0.17409,0.20074,0.14189,0.09375,2024-25 Men's Basketball,True,0.2699,0.1717,0.5613,0.3658,0.3826,0.1436,0.3468,0.1431,0.5094,0.5109,0.34747,0.31761,0.4326,0.0965,0.4585,0.5615,0.44499,0.32643
41097,103896,Merrimack,Warriors,0.24842,0.60103,0.56026,62.072,109.19928,105.91862,0.38161,0.13287,0.16992,0.13091,0.13867,2025-26 Men's Basketball,True,0.2601,0.1484,0.5744,0.348,0.354,0.1244,0.314,0.0666,0.4725,0.5163,0.4609,0.32736,0.366,0.1255,0.5483,0.4976,0.32621,0.30278
41097,104219,Siena,Saints,0.31818,0.7051,0.5322,62.782,111.68981,104.47963,0.33385,0.13784,0.14793,0.09149,0.0906,2025-26 Men's Basketball,True,0.2191,0.106,0.6068,0.3462,0.4632,0.1952,0.406,0.1366,0.5413,0.555,0.32203,0.30622,0.4153,0.126,0.4797,0.5032,0.39431,0.32345
33533,103733,Iona,Gaels,0.31575,0.69256,0.53115,67.335,112.46688,97.11895,0.28993,0.13228,0.18059,0.11007,0.14623,2022-23 Men's Basketball,True,0.2403,0.1876,0.6159,0.3232,0.3914,0.207,0.4188,0.1499,0.5302,0.5283,0.31991,0.36164,0.3625,0.1249,0.5286,0.4972,0.34644,0.29741
38409,103958,Mount St. Mary's,Mountaineers,0.30938,0.7193,0.60405,66.603,103.82502,104.40091,0.31082,0.19028,0.13928,0.08923,0.08202,2024-25 Men's Basketball,True,0.2315,0.1484,0.6195,0.3054,0.4259,0.1842,0.3234,0.0998,0.4896,0.5467,0.41063,0.34462,0.3705,0.1389,0.4107,0.5288,0.45036,0.31648
36046,103595,Fairfield,Stags,0.28483,0.69904,0.50151,67.598,111.70902,104.99208,0.27915,0.13644,0.17682,0.12489,0.06012,2023-24 Men's Basketball,True,0.2122,0.1786,0.5949,0.3345,0.4014,0.1301,0.3699,0.1108,0.4647,0.5407,0.42458,0.36267,0.3476,0.1081,0.5246,0.5632,0.36735,0.33965
27693,103831,Louisville,Cardinals,0.32006,0.73836,0.44737,64.905,104.04136,101.8212,0.32112,0.149,0.1462,0.07309,0.05457,2020-21 Men's Basketball,True,0.2585,0.1276,0.6292,0.2871,0.4049,0.2155,0.3587,0.1946,0.5026,0.533,0.30279,0.30836,0.3492,0.1656,0.4286,0.5624,0.40578,0.30454
27693,103363,Boston College,Eagles,0.25474,0.71343,0.46,70.6,100.43502,111.90727,0.2968,0.17019,0.16386,0.10022,0.09961,2020-21 Men's Basketball,True,0.228,0.1841,0.6214,0.2605,0.4306,0.1762,0.3089,0.1037,0.4368,0.5444,0.45953,0.33028,0.4583,0.1192,0.5207,0.593,0.3601,0.35402
27693,104099,Pittsburgh,Panthers,0.3453,0.73822,0.57942,67.298,105.77136,104.21788,0.36867,0.15714,0.1552,0.08985,0.11156,2020-21 Men's Basketball,True,0.2573,0.1756,0.5879,0.3726,0.3353,0.1302,0.346,0.1645,0.5027,0.5225,0.33281,0.33724,0.3801,0.1369,0.4588,0.5497,0.40432,0.32277
27693,104413,Wake Forest,Demon Deacons,0.25849,0.7418,0.50299,66.184,99.56759,108.10391,0.29378,0.17858,0.16242,0.09299,0.06226,2020-21 Men's Basketball,True,0.2494,0.1097,0.5863,0.2512,0.3649,0.1817,0.3435,0.1072,0.4329,0.4934,0.4599,0.34698,0.3,0.1649,0.4699,0.6,0.36521,0.37698
27693,104407,Virginia Tech,Hokies,0.27831,0.75646,0.56093,64.945,109.07416,99.85275,0.33387,0.15204,0.16162,0.07317,0.11502,2020-21 Men's Basketball,True,0.2491,0.1157,0.6322,0.296,0.4388,0.1581,0.355,0.1363,0.454,0.5648,0.40968,0.35433,0.3797,0.1545,0.4562,0.5181,0.38926,0.33121
27693,103470,Clemson,Tigers,0.26564,0.73062,0.56762,63.601,101.53961,96.84715,0.23205,0.17205,0.19115,0.09504,0.09237,2020-21 Men's Basketball,True,0.2437,0.1169,0.6242,0.2494,0.4133,0.1701,0.3351,0.1466,0.4195,0.5387,0.43386,0.34495,0.3421,0.1502,0.4411,0.5215,0.4087,0.33462
27693,103549,Duke,Blue Devils,0.32227,0.70956,0.56358,67.957,110.68329,103.82627,0.23394,0.15839,0.17549,0.11991,0.11758,2020-21 Men's Basketball,True,0.2487,0.1617,0.6787,0.3009,0.3956,0.1521,0.4219,0.1602,0.453,0.5836,0.38675,0.3514,0.3628,0.1652,0.5124,0.5478,0.32237,0.35601
27693,103966,NC State,Wolfpack,0.29769,0.68313,0.48882,67.014,108.09314,103.46058,0.31088,0.16539,0.18897,0.11992,0.11547,2020-21 Men's Basketball,True,0.2376,0.1655,0.6939,0.3004,0.4314,0.2147,0.3304,0.1593,0.5151,0.5845,0.32561,0.35991,0.3645,0.1512,0.4975,0.5568,0.35124,0.34205
27693,104405,Virginia,Cavaliers,0.22734,0.77435,0.54849,59.703,113.66435,100.86461,0.21719,0.13617,0.13715,0.08203,0.13438,2020-21 Men's Basketball,True,0.2154,0.0819,0.6768,0.2474,0.4366,0.1606,0.4658,0.1652,0.408,0.5823,0.42685,0.37456,0.3535,0.1498,0.475,0.4968,0.37519,0.33871
27693,103616,Florida St.,Seminoles,0.34367,0.68337,0.52381,68.199,112.02001,100.46378,0.32444,0.17738,0.16899,0.10607,0.14334,2020-21 Men's Basketball,True,0.2666,0.1927,0.6736,0.2977,0.4385,0.217,0.3467,0.1362,0.5147,0.5745,0.34908,0.37647,0.3431,0.1392,0.4662,0.4744,0.39454,0.32526
27693,104026,Notre Dame,Fighting Irish,0.21974,0.70206,0.56996,66.24,109.74142,112.23818,0.25896,0.14304,0.1106,0.06433,0.0956,2020-21 Men's Basketball,True,0.194,0.1273,0.747,0.2218,0.4399,0.1968,0.3211,0.1474,0.4185,0.6026,0.43408,0.3676,0.3938,0.1754,0.4655,0.52,0.35916,0.36622
27693,103647,Georgia Tech,Yellow Jackets,0.24376,0.69617,0.57064,66.57,109.90621,102.74086,0.2842,0.14557,0.19963,0.13287,0.09554,2020-21 Men's Basketball,True,0.2312,0.1676,0.6862,0.3159,0.4558,0.1943,0.356,0.1262,0.5102,0.5984,0.36352,0.34909,0.3919,0.1526,0.4928,0.5467,0.35464,0.36628
27693,103899,Miami (FL),Hurricanes,0.27033,0.73741,0.47141,66.894,98.86963,105.5932,0.32808,0.16315,0.15906,0.09842,0.10901,2020-21 Men's Basketball,True,0.1836,0.1365,0.6476,0.3091,0.3636,0.2021,0.339,0.1549,0.5112,0.5353,0.33399,0.2947,0.3463,0.1435,0.4491,0.545,0.40745,0.37805
27693,104303,Syracuse,Orange,0.29209,0.65977,0.56393,67.675,110.06911,103.18651,0.283,0.14354,0.17018,0.1188,0.14657,2020-21 Men's Basketball,True,0.2148,0.1833,0.7,0.2259,0.3764,0.2164,0.3977,0.154,0.4423,0.5417,0.40369,0.34904,0.3333,0.1166,0.4414,0.523,0.442,0.31759
27693,103996,North Carolina,Tar Heels,0.40913,0.73596,0.55306,70.432,106.77988,99.28913,0.34173,0.16795,0.16959,0.10029,0.12816,2020-21 Men's Basketball,True,0.238,0.2033,0.6343,0.3445,0.3333,0.1922,0.365,0.1846,0.5367,0.5265,0.27875,0.31827,0.3402,0.139,0.4775,0.5072,0.38351,0.35038
38409,103966,NC State,Wolfpack,0.28804,0.67467,0.51571,64.366,107.71672,108.9646,0.32258,0.12563,0.16208,0.09998,0.10155,2024-25 Men's Basketball,True,0.257,0.1516,0.6343,0.2236,0.4263,0.2492,0.3658,0.1657,0.4727,0.5247,0.36151,0.32154,0.3445,0.1212,0.5525,0.5435,0.32638,0.34281
41097,103647,Georgia Tech,Yellow Jackets,0.29946,0.69348,0.59853,70.015,104.94668,110.13207,0.33315,0.16371,0.13508,0.08629,0.11359,2025-26 Men's Basketball,True,0.2561,0.1545,0.6058,0.3526,0.4082,0.1709,0.291,0.1449,0.5235,0.5413,0.33153,0.35073,0.3439,0.1144,0.4417,0.5416,0.44381,0.33139
38409,103899,Miami (FL),Hurricanes,0.28227,0.69231,0.46996,66.221,110.85229,120.80676,0.26393,0.14109,0.13253,0.09623,0.0961,2024-25 Men's Basketball,True,0.2151,0.1616,0.67,0.2704,0.4787,0.1774,0.4337,0.1671,0.4478,0.5942,0.38507,0.3132,0.3717,0.104,0.4967,0.5987,0.39924,0.397
30629,103616,Florida St.,Seminoles,0.31598,0.68969,0.55695,67.286,104.67555,106.05474,0.30293,0.15639,0.18258,0.12537,0.14789,2021-22 Men's Basketball,True,0.2407,0.1687,0.6652,0.2416,0.4579,0.2383,0.2857,0.1786,0.4799,0.5622,0.34148,0.33068,0.325,0.1131,0.4641,0.542,0.42284,0.36898
41097,103363,Boston College,Eagles,0.28303,0.71378,0.47432,65.098,101.92279,106.84825,0.32397,0.13441,0.12972,0.07301,0.11584,2025-26 Men's Basketball,True,0.2536,0.1195,0.6253,0.2353,0.4158,0.216,0.37,0.1251,0.4512,0.525,0.42369,0.29389,0.3232,0.1093,0.5008,0.5336,0.38984,0.3187
41097,104026,Notre Dame,Fighting Irish,0.31239,0.73333,0.47441,65.356,112.10967,113.42118,0.34074,0.14682,0.12403,0.06729,0.07348,2025-26 Men's Basketball,True,0.2691,0.1147,0.6646,0.2752,0.4012,0.1857,0.3155,0.1039,0.4608,0.5585,0.43524,0.35632,0.4343,0.098,0.428,0.5589,0.47395,0.33215
38409,103363,Boston College,Eagles,0.2883,0.70009,0.45338,65.479,104.54513,112.54652,0.31474,0.15145,0.13603,0.07772,0.10476,2024-25 Men's Basketball,True,0.2736,0.1139,0.6048,0.3004,0.3856,0.222,0.347,0.148,0.5224,0.5116,0.32965,0.34506,0.3553,0.1093,0.5322,0.5454,0.35849,0.35294
33533,103616,Florida St.,Seminoles,0.25933,0.6855,0.53616,67.335,102.98332,113.19347,0.3038,0.15683,0.1499,0.0918,0.11271,2022-23 Men's Basketball,True,0.2409,0.1792,0.6901,0.2245,0.4501,0.2342,0.3149,0.1967,0.4587,0.5675,0.34457,0.32965,0.2946,0.119,0.4697,0.5622,0.41126,0.37597
30629,104099,Pittsburgh,Panthers,0.30451,0.73867,0.52148,62.925,97.78511,108.16453,0.39387,0.18531,0.1472,0.08529,0.12362,2021-22 Men's Basketball,True,0.2428,0.1151,0.5377,0.3092,0.4008,0.1577,0.4019,0.1969,0.4669,0.4915,0.3362,0.31387,0.3923,0.1491,0.422,0.5313,0.4289,0.36898
38409,104405,Virginia,Cavaliers,0.2236,0.70341,0.63599,60.438,107.18588,110.49504,0.26389,0.14876,0.13672,0.09102,0.1131,2024-25 Men's Basketball,True,0.253,0.0802,0.6335,0.2669,0.3741,0.1679,0.3921,0.1371,0.4348,0.5333,0.42814,0.37518,0.2655,0.1022,0.5104,0.5543,0.38741,0.34128
33533,103831,Louisville,Cardinals,0.28215,0.69991,0.4176,65.669,97.36262,115.39802,0.32882,0.1972,0.13334,0.0691,0.08014,2022-23 Men's Basketball,True,0.2507,0.1207,0.6473,0.2435,0.3964,0.2612,0.3077,0.1376,0.5047,0.5175,0.35765,0.32895,0.3948,0.1251,0.478,0.5899,0.39689,0.35183
38409,104413,Wake Forest,Demon Deacons,0.26792,0.68458,0.45823,66.248,105.94735,102.69252,0.36139,0.14913,0.16969,0.10836,0.12676,2024-25 Men's Basketball,True,0.2486,0.1335,0.6473,0.2896,0.4497,0.2233,0.4083,0.1347,0.5129,0.5613,0.35241,0.28503,0.385,0.1161,0.4256,0.5083,0.45831,0.30678
36046,104303,Syracuse,Orange,0.24732,0.68614,0.50057,70.832,107.73761,106.767,0.33107,0.1423,0.1746,0.12754,0.10471,2023-24 Men's Basketball,True,0.2176,0.1689,0.6847,0.3097,0.4046,0.2026,0.3569,0.1478,0.5123,0.5739,0.33995,0.33641,0.2667,0.0993,0.528,0.5757,0.37271,0.34153
36046,103831,Louisville,Cardinals,0.28142,0.72475,0.44556,69.016,103.91713,114.11039,0.38843,0.16039,0.14428,0.07845,0.07217,2023-24 Men's Basketball,True,0.2454,0.1378,0.6354,0.2679,0.4123,0.2488,0.3937,0.1718,0.5166,0.528,0.31151,0.30648,0.4,0.1376,0.4709,0.5787,0.39153,0.37162
33533,104026,Notre Dame,Fighting Irish,0.19571,0.73477,0.4679,64.239,107.91473,111.79132,0.23279,0.12226,0.12091,0.07283,0.07317,2022-23 Men's Basketball,True,0.2208,0.0953,0.6403,0.2415,0.4527,0.1907,0.3452,0.1377,0.4322,0.5575,0.43005,0.35832,0.3697,0.1525,0.486,0.5724,0.36144,0.34324
38409,103616,Florida St.,Seminoles,0.2969,0.6821,0.5,68.594,108.14191,105.23755,0.39391,0.15414,0.16561,0.11018,0.14087,2024-25 Men's Basketball,True,0.2773,0.1919,0.6456,0.3101,0.4541,0.2073,0.3619,0.1458,0.5174,0.5689,0.33678,0.31664,0.3141,0.1025,0.4764,0.527,0.42114,0.31975
36046,103899,Miami (FL),Hurricanes,0.28749,0.71369,0.51069,68.675,109.87339,106.79113,0.24643,0.15087,0.14529,0.10397,0.09276,2023-24 Men's Basketball,True,0.1899,0.1773,0.6759,0.2582,0.4305,0.1872,0.3492,0.1505,0.4454,0.5727,0.40408,0.36111,0.3495,0.1031,0.4369,0.559,0.45996,0.33297
30629,103831,Louisville,Cardinals,0.27288,0.75177,0.4805,66.446,100.5184,104.67166,0.2508,0.15762,0.14515,0.09153,0.06754,2021-22 Men's Basketball,True,0.2561,0.1693,0.6765,0.2333,0.4313,0.2205,0.3147,0.1233,0.4538,0.5574,0.42295,0.30905,0.3322,0.1585,0.4598,0.5466,0.38165,0.34851
38409,104099,Pittsburgh,Panthers,0.29047,0.7014,0.51439,65.361,115.18547,107.54756,0.34198,0.13028,0.16089,0.11049,0.125,2024-25 Men's Basketball,True,0.2496,0.1477,0.6817,0.275,0.3958,0.1788,0.3684,0.1334,0.4538,0.569,0.41275,0.34686,0.4205,0.1083,0.4783,0.5226,0.41333,0.34677
33533,104303,Syracuse,Orange,0.29917,0.66358,0.52698,67.023,109.73846,107.93416,0.30643,0.14861,0.15937,0.11157,0.15692,2022-23 Men's Basketball,True,0.1976,0.1641,0.644,0.3117,0.4125,0.2124,0.3725,0.1853,0.5242,0.5502,0.29049,0.36197,0.3243,0.0932,0.4239,0.5493,0.48286,0.34342
38409,104407,Virginia Tech,Hokies,0.31011,0.70774,0.51465,64.639,105.74874,111.86525,0.30821,0.17557,0.14293,0.08335,0.05789,2024-25 Men's Basketball,True,0.2601,0.098,0.656,0.2812,0.388,0.1783,0.3388,0.1361,0.4595,0.552,0.40439,0.35049,0.4205,0.1071,0.4813,0.5742,0.41154,0.32577
30629,103647,Georgia Tech,Yellow Jackets,0.25771,0.71979,0.5322,67.333,100.30464,103.45773,0.24652,0.16845,0.16669,0.11343,0.07244,2021-22 Men's Basketball,True,0.2632,0.1884,0.6147,0.2921,0.4282,0.209,0.3275,0.1522,0.5011,0.5369,0.34673,0.3524,0.3333,0.1249,0.487,0.5594,0.38811,0.31476
36046,103647,Georgia Tech,Yellow Jackets,0.31611,0.71537,0.52469,66.601,104.96517,111.2021,0.29158,0.15329,0.1117,0.06468,0.10693,2023-24 Men's Basketball,True,0.2433,0.1497,0.6165,0.2588,0.3952,0.1933,0.3723,0.1424,0.4522,0.5218,0.40541,0.32564,0.3545,0.1513,0.4545,0.5412,0.39423,0.32606
41097,104303,Syracuse,Orange,0.29244,0.66377,0.47133,66.576,110.49511,109.39016,0.35128,0.14014,0.14948,0.09143,0.15378,2025-26 Men's Basketball,True,0.2422,0.1782,0.7092,0.2676,0.4447,0.2601,0.3704,0.1007,0.5277,0.5788,0.37154,0.32855,0.2775,0.0903,0.5511,0.5341,0.35856,0.34061
30629,103966,NC State,Wolfpack,0.30184,0.68908,0.43932,66.663,107.40901,111.22534,0.29094,0.12507,0.16091,0.10335,0.09617,2021-22 Men's Basketball,True,0.2425,0.1696,0.622,0.2729,0.3562,0.1968,0.2826,0.1382,0.4697,0.5107,0.39209,0.341,0.3237,0.1102,0.5423,0.5751,0.34753,0.35835
41097,104407,Virginia Tech,Hokies,0.31888,0.67436,0.52392,66.303,115.65681,109.92214,0.3402,0.13007,0.14932,0.09398,0.08673,2025-26 Men's Basketball,True,0.2514,0.1406,0.638,0.3227,0.4169,0.158,0.3193,0.1225,0.4807,0.5653,0.39681,0.35538,0.4219,0.0986,0.5054,0.564,0.39599,0.3061
36046,104099,Pittsburgh,Panthers,0.31023,0.76238,0.51775,65.63,115.20084,103.05742,0.30515,0.11582,0.14913,0.09606,0.13009,2023-24 Men's Basketball,True,0.2354,0.1451,0.5996,0.2836,0.4161,0.1371,0.3764,0.1356,0.4207,0.5398,0.44372,0.35738,0.3893,0.1521,0.4617,0.5471,0.3862,0.30802
41097,103616,Florida St.,Seminoles,0.30769,0.6594,0.52497,70.271,114.36214,110.9123,0.34683,0.13253,0.16334,0.11246,0.11611,2025-26 Men's Basketball,True,0.26,0.1973,0.6631,0.2766,0.4131,0.1712,0.3895,0.0463,0.4478,0.5675,0.50585,0.33076,0.3846,0.1097,0.4417,0.5596,0.44864,0.34624
33533,103647,Georgia Tech,Yellow Jackets,0.28867,0.69663,0.54152,66.201,104.92902,106.47947,0.23626,0.13538,0.14125,0.0901,0.10643,2022-23 Men's Basketball,True,0.2389,0.1663,0.6332,0.2566,0.3904,0.2169,0.3345,0.1436,0.4735,0.522,0.38286,0.33506,0.2915,0.1271,0.5208,0.5711,0.35203,0.30117
41097,103996,North Carolina,Tar Heels,0.31173,0.72227,0.57189,67.33,117.96556,105.99414,0.37099,0.12179,0.11861,0.08013,0.08454,2025-26 Men's Basketball,True,0.2174,0.1781,0.7009,0.2977,0.4167,0.1832,0.4263,0.0967,0.4809,0.5926,0.42239,0.34217,0.3117,0.1477,0.482,0.5075,0.37026,0.34715
36046,103616,Florida St.,Seminoles,0.28523,0.67196,0.44961,70.644,107.94553,107.60366,0.36842,0.14463,0.18085,0.13077,0.12147,2023-24 Men's Basketball,True,0.2783,0.1928,0.6515,0.2747,0.4609,0.2371,0.3721,0.1724,0.5118,0.5632,0.31579,0.31746,0.3654,0.1099,0.5079,0.5484,0.38214,0.35408
33533,104405,Virginia,Cavaliers,0.2561,0.75119,0.65448,61.269,110.22182,98.34723,0.34731,0.12172,0.17379,0.11066,0.13786,2022-23 Men's Basketball,True,0.2322,0.104,0.6273,0.336,0.3948,0.132,0.3516,0.1756,0.468,0.5617,0.35637,0.34976,0.3434,0.1543,0.4455,0.5059,0.40012,0.34061
41097,104290,Stanford,Cardinal,0.3247,0.70225,0.45828,66.218,114.3389,109.77994,0.35457,0.13397,0.15892,0.11696,0.10505,2025-26 Men's Basketball,True,0.2654,0.1478,0.567,0.2991,0.449,0.2014,0.3793,0.0596,0.5005,0.5195,0.43988,0.35164,0.397,0.1096,0.5562,0.5416,0.33425,0.32949
30629,103470,Clemson,Tigers,0.25803,0.7588,0.55229,65.378,108.88675,103.91853,0.29764,0.14697,0.15176,0.0897,0.07223,2021-22 Men's Basketball,True,0.2398,0.1387,0.6355,0.2923,0.4078,0.1916,0.3953,0.1381,0.4839,0.5454,0.37794,0.36261,0.3706,0.1539,0.4198,0.5397,0.42626,0.33333
41097,104099,Pittsburgh,Panthers,0.33882,0.71923,0.52278,63.303,110.55466,112.59757,0.30384,0.147,0.14432,0.1031,0.09515,2025-26 Men's Basketball,True,0.2541,0.1267,0.6096,0.317,0.3986,0.148,0.4106,0.109,0.465,0.5425,0.42601,0.33375,0.4126,0.0787,0.5116,0.5565,0.40969,0.35215
33533,104413,Wake Forest,Demon Deacons,0.24842,0.73368,0.50569,68.747,110.59442,106.52588,0.32111,0.15479,0.15343,0.0868,0.07371,2022-23 Men's Basketball,True,0.2309,0.148,0.7168,0.2682,0.3789,0.1991,0.3467,0.0786,0.4673,0.5729,0.45416,0.36332,0.368,0.1693,0.4442,0.5645,0.38643,0.3498
33533,103363,Boston College,Eagles,0.275,0.71689,0.50427,65.421,101.0,106.51662,0.27336,0.16179,0.16134,0.09643,0.10369,2022-23 Men's Basketball,True,0.2395,0.1406,0.6164,0.2936,0.4066,0.2258,0.3883,0.165,0.5195,0.5252,0.31554,0.3181,0.352,0.1328,0.4718,0.5304,0.39532,0.36828
36046,104026,Notre Dame,Fighting Irish,0.28421,0.73339,0.45148,63.578,99.58016,104.43428,0.27851,0.16785,0.13287,0.08862,0.06623,2023-24 Men's Basketball,True,0.2343,0.1008,0.5658,0.2664,0.4073,0.1804,0.3744,0.1201,0.4468,0.5018,0.43311,0.31772,0.3529,0.1691,0.4634,0.5243,0.36754,0.32479
30629,103363,Boston College,Eagles,0.30034,0.74261,0.50369,64.271,102.59761,104.40898,0.29589,0.15498,0.16849,0.11116,0.0863,2021-22 Men's Basketball,True,0.2388,0.1309,0.6014,0.3043,0.4118,0.2152,0.3603,0.1566,0.5195,0.5228,0.32384,0.30945,0.3419,0.1531,0.4795,0.5469,0.36747,0.36447
33533,103996,North Carolina,Tar Heels,0.30446,0.76702,0.45843,67.936,110.05267,102.43566,0.37006,0.1326,0.13294,0.07731,0.09336,2022-23 Men's Basketball,True,0.243,0.1622,0.649,0.2839,0.3867,0.1813,0.3912,0.1587,0.4652,0.5468,0.37606,0.31158,0.3828,0.1671,0.5126,0.5164,0.32028,0.32972
30629,104303,Syracuse,Orange,0.29181,0.67894,0.52678,67.181,113.01685,109.65247,0.2829,0.13432,0.14346,0.10252,0.116,2021-22 Men's Basketball,True,0.2081,0.1477,0.6452,0.2597,0.3671,0.204,0.4198,0.1444,0.4638,0.5228,0.39182,0.37736,0.3398,0.0989,0.4143,0.5585,0.4868,0.33037
38409,104303,Syracuse,Orange,0.31379,0.73883,0.49944,67.434,108.26461,112.74634,0.33147,0.1557,0.12489,0.0709,0.0677,2024-25 Men's Basketball,True,0.2382,0.141,0.6512,0.2862,0.4523,0.2454,0.3682,0.141,0.5316,0.5594,0.32739,0.32815,0.4206,0.1176,0.5015,0.5624,0.38093,0.3457
38409,104026,Notre Dame,Fighting Irish,0.2964,0.73952,0.44183,64.06,110.45893,110.22852,0.31763,0.1453,0.13293,0.08463,0.0511,2024-25 Men's Basketball,True,0.2387,0.106,0.6429,0.2742,0.41,0.2234,0.39,0.1276,0.4976,0.5383,0.3748,0.35452,0.3651,0.1594,0.4358,0.5981,0.40482,0.32124
38409,103405,California,Golden Bears,0.34745,0.71173,0.41169,66.461,110.37063,112.14081,0.38861,0.14043,0.14422,0.0922,0.09334,2024-25 Men's Basketball,True,0.2408,0.1386,0.5913,0.3312,0.4086,0.1748,0.279,0.1164,0.506,0.5281,0.37762,0.31481,0.4074,0.1666,0.5059,0.5478,0.32751,0.37677
36046,104407,Virginia Tech,Hokies,0.25024,0.73833,0.58014,66.627,112.43426,106.51899,0.33018,0.147,0.15083,0.07926,0.06459,2023-24 Men's Basketball,True,0.2384,0.1259,0.6796,0.2982,0.4505,0.1748,0.3491,0.1113,0.473,0.5949,0.41575,0.34848,0.2992,0.1359,0.5255,0.5651,0.33865,0.33891
33533,104407,Virginia Tech,Hokies,0.25876,0.72298,0.56713,65.599,112.61727,106.45258,0.2592,0.13202,0.14312,0.07888,0.08307,2022-23 Men's Basketball,True,0.235,0.1077,0.6378,0.3147,0.4652,0.1886,0.392,0.1004,0.5033,0.5731,0.39637,0.35751,0.4158,0.1515,0.492,0.5325,0.3565,0.33941
33533,103966,NC State,Wolfpack,0.30411,0.73861,0.44196,68.487,113.08831,103.03316,0.25264,0.11664,0.16822,0.11353,0.11847,2022-23 Men's Basketball,True,0.2532,0.1842,0.6204,0.2476,0.4667,0.227,0.4018,0.1541,0.4746,0.5469,0.37139,0.34691,0.3373,0.1305,0.5339,0.5519,0.33558,0.31636
33533,103470,Clemson,Tigers,0.23398,0.75702,0.53949,66.67,111.23474,101.07472,0.30473,0.14706,0.14625,0.07642,0.09177,2022-23 Men's Basketball,True,0.2579,0.1135,0.6739,0.3094,0.4035,0.1778,0.3697,0.1097,0.4873,0.5752,0.40302,0.36387,0.3079,0.1599,0.4315,0.5106,0.40863,0.33168
41097,103405,California,Golden Bears,0.26463,0.69695,0.53206,67.938,114.23078,107.1397,0.36391,0.13266,0.1431,0.08851,0.08655,2025-26 Men's Basketball,True,0.2709,0.1425,0.5946,0.3128,0.3953,0.1268,0.3969,0.1313,0.4396,0.5371,0.42907,0.36682,0.3333,0.0878,0.5027,0.5538,0.40943,0.31273
41097,104161,SMU,Mustangs,0.35369,0.68358,0.54876,69.151,120.67179,111.88951,0.30384,0.13533,0.14517,0.10022,0.1101,2025-26 Men's Basketball,True,0.2436,0.1579,0.6929,0.2851,0.4489,0.2107,0.4437,0.1456,0.4958,0.5892,0.35861,0.37076,0.3532,0.1038,0.4195,0.5619,0.47667,0.34066
41097,103966,NC State,Wolfpack,0.28159,0.69479,0.54574,68.067,120.86403,110.82052,0.35061,0.11575,0.1589,0.11683,0.10652,2025-26 Men's Basketball,True,0.2654,0.1503,0.6989,0.2605,0.3945,0.2295,0.3269,0.0755,0.4901,0.5563,0.43438,0.38796,0.3694,0.0795,0.4717,0.5483,0.44889,0.35513
36046,104405,Virginia,Cavaliers,0.25623,0.71911,0.62995,60.115,103.55977,98.38178,0.25278,0.11557,0.16873,0.11507,0.15505,2023-24 Men's Basketball,True,0.2225,0.0901,0.6011,0.2856,0.385,0.1982,0.3343,0.1902,0.4838,0.5126,0.32591,0.35772,0.3294,0.1413,0.4632,0.5144,0.39557,0.30532
38409,103647,Georgia Tech,Yellow Jackets,0.30261,0.71394,0.56125,67.5,106.7099,106.10872,0.3066,0.15138,0.13833,0.08667,0.10236,2024-25 Men's Basketball,True,0.2307,0.144,0.6216,0.3218,0.3955,0.1756,0.3236,0.1345,0.4973,0.5418,0.36822,0.34263,0.3254,0.1212,0.4709,0.5056,0.40789,0.35142
38409,103470,Clemson,Tigers,0.33744,0.69584,0.52043,63.753,116.72761,100.92921,0.2833,0.1366,0.17374,0.11333,0.10025,2024-25 Men's Basketball,True,0.2337,0.1313,0.6118,0.3111,0.4595,0.1839,0.3787,0.1168,0.495,0.5552,0.38817,0.36876,0.3959,0.1279,0.4919,0.5202,0.38016,0.31868
41097,103831,Louisville,Cardinals,0.32809,0.72546,0.59581,69.523,121.19337,104.30274,0.3313,0.14587,0.14742,0.09743,0.09062,2025-26 Men's Basketball,True,0.2655,0.195,0.6822,0.3013,0.4631,0.1398,0.3125,0.03,0.4411,0.6128,0.52886,0.36025,0.3,0.1336,0.4719,0.543,0.39456,0.32285
38409,104290,Stanford,Cardinal,0.30858,0.71603,0.53906,65.577,112.01717,107.87807,0.29869,0.13578,0.15355,0.10333,0.10008,2024-25 Men's Basketball,True,0.2614,0.109,0.6248,0.2433,0.4619,0.185,0.3553,0.1544,0.4284,0.5544,0.41719,0.34226,0.3822,0.1614,0.5013,0.5467,0.33728,0.33384
38409,104161,SMU,Mustangs,0.36303,0.70139,0.56061,68.011,117.50271,104.81561,0.36684,0.14818,0.15509,0.11803,0.10738,2024-25 Men's Basketball,True,0.2467,0.1718,0.6365,0.3311,0.4519,0.216,0.3667,0.1015,0.5471,0.5636,0.35138,0.37827,0.3666,0.1646,0.4242,0.5108,0.4112,0.33099
41097,103899,Miami (FL),Hurricanes,0.37189,0.74112,0.54362,67.865,120.11226,104.99824,0.37148,0.13813,0.16321,0.11644,0.09806,2025-26 Men's Basketball,True,0.2282,0.1781,0.6841,0.3653,0.4483,0.2308,0.3855,0.0854,0.5961,0.5928,0.31855,0.3488,0.3591,0.1294,0.4618,0.5444,0.4088,0.35819
38409,103831,Louisville,Cardinals,0.31911,0.7293,0.5132,67.704,115.51181,102.26601,0.33716,0.14144,0.16335,0.09365,0.08104,2024-25 Men's Basketball,True,0.2293,0.1629,0.6719,0.2759,0.477,0.1978,0.35,0.0479,0.4737,0.5905,0.47845,0.32833,0.3537,0.12,0.482,0.5202,0.39805,0.34069
30629,104405,Virginia,Cavaliers,0.27804,0.71224,0.60343,58.909,105.54947,101.68319,0.28132,0.14218,0.15934,0.09648,0.12945,2021-22 Men's Basketball,True,0.2321,0.0847,0.6081,0.3126,0.4067,0.1797,0.4274,0.2082,0.4923,0.5346,0.29945,0.32294,0.311,0.1379,0.487,0.5262,0.37514,0.33575
41097,103470,Clemson,Tigers,0.28103,0.73724,0.50339,63.72,114.95344,104.00126,0.36735,0.1239,0.15496,0.09754,0.09091,2025-26 Men's Basketball,True,0.2521,0.1234,0.6217,0.3332,0.4463,0.1566,0.3526,0.0796,0.4898,0.5656,0.43061,0.34123,0.3502,0.1143,0.4536,0.525,0.43203,0.32439
36046,104413,Wake Forest,Demon Deacons,0.26358,0.74217,0.44318,67.286,115.22684,104.2649,0.31978,0.13867,0.14633,0.0874,0.10985,2023-24 Men's Basketball,True,0.2285,0.15,0.6923,0.2419,0.4729,0.262,0.3815,0.1219,0.5039,0.5782,0.37414,0.36387,0.3722,0.1971,0.4484,0.5398,0.35452,0.33103
41097,104413,Wake Forest,Demon Deacons,0.30076,0.67025,0.53454,67.547,115.46491,112.70279,0.35209,0.13695,0.15335,0.11286,0.11222,2025-26 Men's Basketball,True,0.2717,0.1613,0.666,0.2593,0.4591,0.2001,0.3761,0.1049,0.4594,0.5759,0.43579,0.34106,0.3636,0.085,0.4486,0.5727,0.46644,0.32919
30629,104413,Wake Forest,Demon Deacons,0.26754,0.7387,0.53885,69.916,110.75689,98.7908,0.33613,0.17344,0.15636,0.09162,0.10097,2021-22 Men's Basketball,True,0.2254,0.162,0.7164,0.2942,0.4604,0.193,0.419,0.0884,0.4872,0.615,0.42448,0.34419,0.3613,0.1455,0.4871,0.4971,0.36743,0.32184
30629,104026,Notre Dame,Fighting Irish,0.22411,0.7516,0.53779,64.747,110.50536,102.1957,0.2666,0.14205,0.13353,0.07903,0.04818,2021-22 Men's Basketball,True,0.1942,0.1107,0.6547,0.2833,0.4034,0.1809,0.3812,0.113,0.4643,0.5568,0.42271,0.38129,0.3807,0.1892,0.4585,0.5361,0.35238,0.32153
36046,103549,Duke,Blue Devils,0.32131,0.74109,0.5488,65.818,119.43786,100.7414,0.34328,0.12554,0.14984,0.09921,0.09836,2023-24 Men's Basketball,True,0.241,0.1426,0.6514,0.3205,0.424,0.2088,0.3842,0.0961,0.5294,0.5617,0.37453,0.37674,0.4261,0.1679,0.4852,0.5115,0.34696,0.31837
33533,104099,Pittsburgh,Panthers,0.29498,0.71363,0.54731,66.673,112.6566,104.57399,0.32869,0.14378,0.14439,0.07679,0.11431,2022-23 Men's Basketball,True,0.2438,0.1455,0.6324,0.2758,0.3935,0.149,0.4082,0.1413,0.4248,0.5486,0.43393,0.35991,0.3414,0.1367,0.4694,0.5221,0.39397,0.32656
33533,103549,Duke,Blue Devils,0.3591,0.74017,0.56197,64.212,111.73976,98.7207,0.29923,0.15557,0.14552,0.08779,0.12182,2022-23 Men's Basketball,True,0.2368,0.1258,0.6449,0.333,0.4047,0.1848,0.3396,0.1293,0.5179,0.5592,0.3528,0.33516,0.3543,0.1684,0.4752,0.5,0.35642,0.30499
30629,104407,Virginia Tech,Hokies,0.27854,0.7378,0.55198,62.346,113.17589,100.38866,0.24483,0.15123,0.16629,0.0853,0.09344,2021-22 Men's Basketball,True,0.2376,0.0859,0.6359,0.2953,0.4323,0.1752,0.3915,0.1186,0.4705,0.5601,0.4109,0.39189,0.3652,0.1516,0.4796,0.5329,0.36886,0.32258
36046,103470,Clemson,Tigers,0.27235,0.73448,0.53784,66.335,115.81728,106.58516,0.30733,0.13133,0.12254,0.06878,0.10944,2023-24 Men's Basketball,True,0.2433,0.1111,0.6672,0.321,0.4179,0.1584,0.3969,0.1215,0.4794,0.5848,0.39905,0.35071,0.4231,0.1336,0.4556,0.4851,0.41075,0.33106
36046,103363,Boston College,Eagles,0.27258,0.73697,0.51833,66.412,110.78244,107.45938,0.25012,0.13583,0.13941,0.08795,0.09394,2023-24 Men's Basketball,True,0.2352,0.1287,0.6667,0.2617,0.4386,0.1926,0.3571,0.1624,0.4543,0.57,0.38329,0.36199,0.4335,0.149,0.4734,0.5159,0.37765,0.34582
41097,104405,Virginia,Cavaliers,0.37879,0.70821,0.58292,64.972,121.70041,104.13454,0.32325,0.13506,0.13376,0.09568,0.17398,2025-26 Men's Basketball,True,0.263,0.1638,0.6261,0.3274,0.4343,0.1499,0.4016,0.0559,0.4773,0.5658,0.46676,0.36248,0.3627,0.1335,0.488,0.4711,0.37847,0.31553
36046,103996,North Carolina,Tar Heels,0.32969,0.7634,0.51243,69.659,117.24292,100.84747,0.36246,0.12164,0.1326,0.08263,0.10314,2023-24 Men's Basketball,True,0.2363,0.1836,0.6005,0.3319,0.4092,0.1778,0.3754,0.1296,0.5097,0.5338,0.36074,0.35919,0.3853,0.1854,0.4564,0.4899,0.35818,0.32069
33533,103899,Miami (FL),Hurricanes,0.31788,0.71225,0.50567,67.474,116.76834,106.22925,0.30703,0.14105,0.15905,0.10743,0.08443,2022-23 Men's Basketball,True,0.2103,0.1748,0.6635,0.3302,0.4476,0.1601,0.3767,0.1673,0.4902,0.593,0.3424,0.36821,0.3582,0.121,0.4937,0.5581,0.38528,0.33411
30629,103899,Miami (FL),Hurricanes,0.22398,0.69709,0.5183,66.695,110.49833,105.12688,0.28839,0.12758,0.17862,0.13187,0.09015,2021-22 Men's Basketball,True,0.2222,0.1561,0.6727,0.3104,0.4758,0.1742,0.3819,0.1606,0.4846,0.6019,0.35487,0.33905,0.3396,0.1241,0.4895,0.578,0.38642,0.34545
38409,103996,North Carolina,Tar Heels,0.29123,0.73054,0.51653,69.142,115.97575,107.27853,0.34753,0.13376,0.13528,0.08569,0.09609,2024-25 Men's Basketball,True,0.2427,0.1958,0.6658,0.3422,0.4036,0.2,0.3958,0.0861,0.5422,0.5691,0.37175,0.35585,0.3761,0.1546,0.4641,0.5294,0.38133,0.33487
41097,103549,Duke,Blue Devils,0.38418,0.7477,0.58758,65.544,124.54401,97.0817,0.38217,0.13624,0.15206,0.11229,0.10548,2025-26 Men's Basketball,True,0.2362,0.1442,0.6803,0.3658,0.4706,0.1547,0.4124,0.0441,0.5205,0.618,0.4354,0.34692,0.3394,0.1245,0.4252,0.5011,0.45034,0.30639
38409,103549,Duke,Blue Devils,0.34016,0.72746,0.58636,65.113,127.8258,96.40097,0.32853,0.12169,0.14857,0.10282,0.10851,2024-25 Men's Basketball,True,0.2434,0.153,0.6684,0.3294,0.4589,0.1542,0.4259,0.0708,0.4836,0.6016,0.44561,0.38627,0.3033,0.1701,0.4464,0.478,0.38347,0.31129
30629,103549,Duke,Blue Devils,0.31636,0.7103,0.5544,67.028,119.04868,100.78336,0.28638,0.13098,0.13571,0.0949,0.13386,2021-22 Men's Basketball,True,0.2029,0.1518,0.7192,0.3203,0.4353,0.1901,0.3578,0.1328,0.5104,0.6135,0.35681,0.36623,0.3546,0.1592,0.5057,0.5004,0.33509,0.32121
30629,103996,North Carolina,Tar Heels,0.3186,0.78446,0.54089,68.93,111.9339,102.42799,0.30303,0.14285,0.12295,0.07408,0.09739,2021-22 Men's Basketball,True,0.2079,0.1468,0.6035,0.3088,0.4115,0.1735,0.3848,0.137,0.4824,0.5344,0.38066,0.35769,0.3677,0.1457,0.4919,0.5074,0.36242,0.33707
36046,103966,NC State,Wolfpack,0.28136,0.70879,0.47986,67.097,111.3657,105.65556,0.31977,0.12157,0.15447,0.10654,0.0973,2023-24 Men's Basketball,True,0.2386,0.158,0.6667,0.2259,0.4416,0.2654,0.383,0.1756,0.4913,0.5451,0.33306,0.34462,0.365,0.1354,0.4963,0.5247,0.36836,0.33484
27693,104197,San Diego,Toreros,0.20896,0.74375,0.52557,71.056,92.36152,107.50602,0.2562,0.16334,0.16456,0.09398,0.08541,2020-21 Men's Basketball,True,0.2511,0.1599,0.6878,0.2231,0.4198,0.2869,0.2621,0.1712,0.51,0.537,0.31877,0.3037,0.3816,0.1849,0.4976,0.5623,0.31752,0.38314
27693,104067,Pacific,Tigers,0.29027,0.76298,0.48643,67.265,101.61912,102.91363,0.2763,0.1498,0.16531,0.09409,0.10287,2020-21 Men's Basketball,True,0.2754,0.1682,0.6506,0.3236,0.3756,0.2076,0.3386,0.1842,0.5312,0.5431,0.2846,0.29795,0.3657,0.1414,0.4504,0.5504,0.40823,0.35401
27693,104203,Santa Clara,Broncos,0.23446,0.75672,0.49383,70.548,98.72659,100.07319,0.40589,0.16443,0.15211,0.06205,0.10091,2020-21 Men's Basketball,True,0.253,0.1573,0.6276,0.3042,0.3808,0.2507,0.3929,0.1249,0.5549,0.5161,0.32025,0.30641,0.3543,0.1444,0.4942,0.4992,0.36139,0.3242
27693,104104,Portland,Pilots,0.18674,0.68444,0.5123,71.52,96.56774,115.69597,0.35889,0.17522,0.17138,0.0873,0.07912,2020-21 Men's Basketball,True,0.2251,0.1714,0.5929,0.2359,0.4158,0.235,0.3029,0.1474,0.4709,0.5045,0.38163,0.33775,0.3058,0.092,0.4935,0.6471,0.41445,0.37431
27693,103835,LMU (CA),Lions,0.32544,0.79197,0.53333,66.246,104.31945,102.06795,0.41325,0.20568,0.16021,0.07053,0.07733,2020-21 Men's Basketball,True,0.2845,0.1123,0.659,0.3043,0.4147,0.2607,0.3636,0.0863,0.565,0.5463,0.34874,0.3375,0.4286,0.1541,0.4793,0.5283,0.36664,0.34411
27693,104185,Saint Mary's (CA),Gaels,0.26169,0.78212,0.4573,64.475,99.65158,97.13121,0.27573,0.15367,0.16646,0.09287,0.07822,2020-21 Men's Basketball,True,0.2587,0.0898,0.6059,0.3549,0.3571,0.2105,0.3733,0.0564,0.5654,0.5133,0.3782,0.29423,0.3333,0.1342,0.5952,0.487,0.27062,0.35328
27693,104201,San Francisco,Dons,0.24724,0.75467,0.45595,68.204,104.74383,101.57689,0.21481,0.1499,0.17932,0.10503,0.08394,2020-21 Men's Basketball,True,0.2832,0.1644,0.6277,0.2716,0.3696,0.152,0.4018,0.074,0.4237,0.5351,0.50231,0.34079,0.3756,0.1471,0.5743,0.5319,0.27857,0.32708
27693,103320,BYU,Cougars,0.287,0.76894,0.56186,68.943,111.74685,98.18251,0.2755,0.1649,0.14264,0.06565,0.07183,2020-21 Men's Basketball,True,0.2544,0.1501,0.715,0.2621,0.4631,0.2267,0.3934,0.1178,0.4887,0.5982,0.39343,0.37316,0.3147,0.2167,0.4277,0.5291,0.35564,0.33333
27693,104090,Pepperdine,Waves,0.24179,0.73381,0.5914,70.688,106.79517,102.26821,0.31798,0.16195,0.16573,0.09046,0.08532,2020-21 Men's Basketball,True,0.264,0.1947,0.7217,0.2147,0.4864,0.229,0.4006,0.2004,0.4437,0.6003,0.35594,0.32692,0.3927,0.1182,0.5056,0.5643,0.37624,0.28125
30629,103835,LMU (CA),Lions,0.2465,0.72644,0.44986,66.144,103.89136,111.0242,0.32025,0.17599,0.16681,0.08189,0.04931,2021-22 Men's Basketball,True,0.2663,0.1232,0.6529,0.2918,0.409,0.212,0.4,0.1108,0.5038,0.5503,0.38544,0.34483,0.3416,0.1259,0.5059,0.601,0.36822,0.36041
30629,104067,Pacific,Tigers,0.22744,0.77778,0.4831,68.153,96.24398,106.27751,0.31871,0.15913,0.1717,0.09354,0.07857,2021-22 Men's Basketball,True,0.2416,0.1556,0.579,0.3292,0.4026,0.183,0.2901,0.1532,0.5123,0.516,0.3345,0.31818,0.4043,0.1388,0.44,0.5463,0.42115,0.38569
36046,103835,LMU (CA),Lions,0.29691,0.73321,0.4601,64.924,111.49531,110.00473,0.28978,0.14156,0.11401,0.05678,0.06538,2023-24 Men's Basketball,True,0.2505,0.1404,0.6205,0.2339,0.419,0.2172,0.4338,0.1519,0.4511,0.5235,0.39698,0.36709,0.3716,0.1629,0.519,0.5376,0.31811,0.34083
30629,104197,San Diego,Toreros,0.26975,0.74294,0.4,66.337,98.45496,100.6257,0.25765,0.16208,0.14657,0.07573,0.0861,2021-22 Men's Basketball,True,0.2378,0.1493,0.6215,0.2588,0.4024,0.2309,0.3512,0.2282,0.4897,0.5182,0.28214,0.33531,0.3121,0.2485,0.4746,0.5685,0.2769,0.32544
33533,104197,San Diego,Toreros,0.28676,0.70664,0.46879,69.081,110.75735,115.5749,0.3119,0.14227,0.16119,0.09571,0.05184,2022-23 Men's Basketball,True,0.2533,0.1772,0.6147,0.2965,0.422,0.1977,0.4038,0.1382,0.4942,0.5376,0.36769,0.3526,0.3488,0.1183,0.4653,0.6064,0.41639,0.40819
33533,103835,LMU (CA),Lions,0.30943,0.75912,0.4399,67.725,109.88828,106.59398,0.31076,0.16019,0.14762,0.07953,0.07338,2022-23 Men's Basketball,True,0.2834,0.1476,0.6318,0.2818,0.4585,0.1906,0.3257,0.0956,0.4724,0.5618,0.432,0.36536,0.3939,0.1489,0.5121,0.554,0.33897,0.33611
33533,104090,Pepperdine,Waves,0.26143,0.70704,0.52227,72.563,105.74354,110.24978,0.26839,0.16809,0.14266,0.07346,0.08897,2022-23 Men's Basketball,True,0.2398,0.1647,0.6639,0.3067,0.429,0.1606,0.3595,0.1715,0.4674,0.5831,0.36114,0.36298,0.3951,0.122,0.5394,0.5363,0.33852,0.36053
30629,103652,Gonzaga,Bulldogs,0.29123,0.7658,0.55311,72.61,120.07644,91.19784,0.30639,0.13993,0.14395,0.08812,0.1343,2021-22 Men's Basketball,True,0.2139,0.2364,0.7143,0.3563,0.5038,0.1961,0.3989,0.0938,0.5524,0.6396,0.35379,0.36953,0.315,0.1667,0.5005,0.4514,0.33285,0.30535
38409,103835,LMU (CA),Lions,0.2286,0.6971,0.51523,67.288,105.84185,106.35272,0.2848,0.13675,0.13987,0.0861,0.10269,2024-25 Men's Basketball,True,0.2446,0.1727,0.6485,0.2452,0.4205,0.2355,0.4047,0.1151,0.4807,0.5367,0.40418,0.33377,0.3835,0.1443,0.4902,0.5169,0.36556,0.31966
41097,104427,Washington St.,Cougars,0.30134,0.72033,0.51809,67.749,112.31797,114.39366,0.30664,0.16675,0.12897,0.08282,0.07711,2025-26 Men's Basketball,True,0.2629,0.1588,0.6594,0.299,0.4067,0.146,0.4213,0.1073,0.445,0.5765,0.44771,0.36861,0.4048,0.1324,0.5013,0.5597,0.36626,0.35151
27693,103652,Gonzaga,Bulldogs,0.30071,0.76219,0.557,72.925,124.25815,95.18917,0.35725,0.1448,0.17401,0.10856,0.06907,2020-21 Men's Basketball,True,0.2225,0.2403,0.7399,0.4402,0.4885,0.1552,0.3521,0.0723,0.5954,0.6744,0.33232,0.36753,0.3659,0.1821,0.4802,0.5095,0.33774,0.32681
30629,104090,Pepperdine,Waves,0.26706,0.69435,0.58395,70.442,96.09259,109.16611,0.238,0.1804,0.15948,0.07962,0.06073,2021-22 Men's Basketball,True,0.2519,0.1739,0.5938,0.2173,0.4112,0.1745,0.381,0.2561,0.3918,0.5125,0.35209,0.34018,0.3287,0.1106,0.5223,0.5863,0.36713,0.33054
36046,104067,Pacific,Tigers,0.19035,0.67273,0.58207,67.476,95.16985,117.31947,0.3689,0.15546,0.14593,0.09009,0.05674,2023-24 Men's Basketball,True,0.2529,0.1576,0.5643,0.3882,0.3099,0.1373,0.3161,0.1095,0.5255,0.4978,0.36493,0.31571,0.4126,0.1103,0.4938,0.6041,0.39582,0.35318
41097,104090,Pepperdine,Waves,0.31283,0.66545,0.55955,67.891,105.59632,116.28384,0.33086,0.15929,0.14247,0.08803,0.07679,2025-26 Men's Basketball,True,0.2261,0.1638,0.5723,0.333,0.453,0.1519,0.3469,0.1297,0.4849,0.5349,0.38539,0.31731,0.3713,0.0846,0.5089,0.5741,0.40658,0.35866
41097,103835,LMU (CA),Lions,0.2712,0.68885,0.49355,67.089,109.39218,106.16935,0.31274,0.1532,0.14699,0.09075,0.10889,2025-26 Men's Basketball,True,0.262,0.1663,0.6852,0.2321,0.466,0.2606,0.355,0.1075,0.4927,0.5692,0.39979,0.34946,0.3811,0.128,0.5031,0.4932,0.36884,0.33855
38409,104104,Portland,Pilots,0.24116,0.70553,0.61615,68.094,105.46564,116.31043,0.31579,0.16274,0.1182,0.06742,0.08128,2024-25 Men's Basketball,True,0.2201,0.1408,0.6213,0.2952,0.4044,0.1731,0.342,0.1047,0.4683,0.5411,0.42702,0.34562,0.3992,0.117,0.4694,0.5528,0.41358,0.37602
36046,104090,Pepperdine,Waves,0.29069,0.74665,0.50461,67.182,108.38878,110.19301,0.3264,0.14395,0.15225,0.07622,0.0707,2023-24 Men's Basketball,True,0.2422,0.1527,0.5895,0.3077,0.4194,0.145,0.4126,0.223,0.4527,0.535,0.32432,0.36058,0.3211,0.1178,0.5703,0.5687,0.31189,0.37955
36046,104197,San Diego,Toreros,0.27515,0.68589,0.50883,70.553,102.73827,109.52449,0.32002,0.16224,0.16228,0.10299,0.10815,2023-24 Men's Basketball,True,0.2697,0.1848,0.5918,0.3332,0.3657,0.1977,0.3307,0.1269,0.5308,0.5076,0.34226,0.34417,0.3258,0.0917,0.5085,0.5735,0.39979,0.33634
38409,104197,San Diego,Toreros,0.30071,0.68459,0.45854,70.009,100.16062,113.79528,0.30556,0.16135,0.16387,0.10638,0.10234,2024-25 Men's Basketball,True,0.3,0.176,0.5916,0.3061,0.3754,0.1691,0.3422,0.1682,0.4752,0.5146,0.35665,0.29346,0.4041,0.1038,0.5161,0.5365,0.38011,0.38472
41097,104185,Saint Mary's (CA),Gaels,0.37696,0.76167,0.57816,64.819,119.30599,99.53074,0.3585,0.14237,0.1376,0.08559,0.09827,2025-26 Men's Basketball,True,0.2384,0.111,0.6071,0.3131,0.4177,0.2086,0.3505,0.113,0.5216,0.5314,0.36536,0.39017,0.2918,0.1217,0.511,0.5031,0.36729,0.3101
30629,104203,Santa Clara,Broncos,0.23377,0.73777,0.52526,69.934,110.07756,102.43688,0.27588,0.14767,0.14505,0.08464,0.08776,2021-22 Men's Basketball,True,0.2136,0.1743,0.6372,0.4034,0.3994,0.1698,0.3606,0.1061,0.5732,0.5667,0.32075,0.37838,0.3165,0.1507,0.5231,0.5105,0.32618,0.34795
36046,104203,Santa Clara,Broncos,0.34582,0.74114,0.54496,68.334,112.12489,105.32141,0.3125,0.15753,0.12901,0.06961,0.07114,2023-24 Men's Basketball,True,0.2581,0.1582,0.62,0.3528,0.4406,0.1442,0.3491,0.1169,0.497,0.568,0.38609,0.35379,0.384,0.1326,0.498,0.5182,0.36946,0.31378
36046,104104,Portland,Pilots,0.24084,0.72155,0.53995,67.682,105.26412,116.95022,0.30724,0.15508,0.11609,0.06069,0.06228,2023-24 Men's Basketball,True,0.2186,0.1553,0.5916,0.3146,0.4257,0.1565,0.3544,0.0836,0.4712,0.5365,0.44527,0.34679,0.3247,0.1106,0.4447,0.5823,0.44471,0.38105
41097,104067,Pacific,Tigers,0.35774,0.7528,0.58046,64.724,111.89418,105.924,0.29834,0.16915,0.1385,0.08326,0.07143,2025-26 Men's Basketball,True,0.2794,0.1174,0.5799,0.399,0.4483,0.1553,0.4083,0.0905,0.5544,0.543,0.35512,0.36048,0.3435,0.1436,0.4318,0.5266,0.42466,0.34323
33533,104104,Portland,Pilots,0.24632,0.69991,0.58373,69.513,111.0199,112.23134,0.42134,0.16169,0.14925,0.07069,0.06499,2022-23 Men's Basketball,True,0.2505,0.1646,0.5977,0.2814,0.4472,0.1339,0.4367,0.1247,0.4154,0.5491,0.45999,0.37515,0.3819,0.1408,0.4235,0.56,0.4357,0.37823
33533,104067,Pacific,Tigers,0.23401,0.69251,0.48272,69.374,108.46701,111.19819,0.33906,0.14988,0.16001,0.07758,0.07347,2022-23 Men's Basketball,True,0.2722,0.1689,0.5841,0.3531,0.3333,0.1203,0.3889,0.1313,0.4734,0.5204,0.39531,0.3913,0.3744,0.1048,0.4946,0.5793,0.40062,0.35438
38409,104067,Pacific,Tigers,0.29543,0.72654,0.51404,66.802,103.32338,112.5527,0.32608,0.16711,0.1376,0.08476,0.08267,2024-25 Men's Basketball,True,0.2746,0.1241,0.586,0.3861,0.4498,0.1535,0.3187,0.085,0.5396,0.5472,0.37546,0.29986,0.3955,0.0935,0.5069,0.5417,0.39968,0.3461
41097,104201,San Francisco,Dons,0.31694,0.71589,0.56166,65.592,112.97931,110.68671,0.39392,0.14023,0.12688,0.08038,0.07814,2025-26 Men's Basketball,True,0.2595,0.1201,0.6147,0.2836,0.4365,0.1636,0.3352,0.0938,0.4472,0.5495,0.45896,0.34727,0.3534,0.1265,0.5173,0.5373,0.3562,0.33951
33533,104203,Santa Clara,Broncos,0.3,0.76023,0.50054,69.784,108.97129,103.6043,0.29812,0.15301,0.14807,0.08405,0.1,2022-23 Men's Basketball,True,0.2249,0.1784,0.6055,0.3531,0.3715,0.1648,0.3478,0.1173,0.5179,0.531,0.3648,0.37063,0.3478,0.1282,0.485,0.5152,0.38672,0.35256
38409,104056,Oregon St.,Beavers,0.32238,0.71802,0.54817,63.551,118.62292,107.30754,0.38082,0.14701,0.14801,0.10133,0.09292,2024-25 Men's Basketball,True,0.2451,0.139,0.6258,0.3614,0.4794,0.148,0.4228,0.1364,0.5094,0.5832,0.35421,0.36307,0.3547,0.1101,0.4794,0.5283,0.41052,0.3461
41097,104197,San Diego,Toreros,0.29141,0.66263,0.59955,67.831,108.57521,113.52249,0.25742,0.15688,0.16563,0.11427,0.07962,2025-26 Men's Basketball,True,0.2639,0.157,0.6034,0.2991,0.4626,0.1413,0.3608,0.1282,0.4404,0.5582,0.43137,0.35315,0.4629,0.0919,0.5081,0.5971,0.4,0.32021
41097,104056,Oregon St.,Beavers,0.26767,0.67876,0.61178,64.534,108.56171,113.18726,0.4311,0.15887,0.13233,0.08398,0.10717,2025-26 Men's Basketball,True,0.271,0.1047,0.6096,0.287,0.3602,0.1492,0.3585,0.1212,0.4362,0.5242,0.44254,0.35013,0.3804,0.0953,0.4894,0.5354,0.41533,0.32918
30629,104185,Saint Mary's (CA),Gaels,0.27825,0.779,0.51577,64.165,108.63482,94.47104,0.23969,0.15252,0.17473,0.10733,0.06565,2021-22 Men's Basketball,True,0.2424,0.1039,0.6393,0.388,0.36,0.1958,0.3168,0.0527,0.5838,0.5456,0.36345,0.35345,0.3636,0.1687,0.5487,0.491,0.28258,0.33915
30629,104201,San Francisco,Dons,0.30424,0.76261,0.46928,69.497,110.89668,97.15055,0.28973,0.15718,0.16408,0.1101,0.11609,2021-22 Men's Basketball,True,0.258,0.1591,0.6824,0.2954,0.3616,0.1352,0.3836,0.1158,0.4306,0.5817,0.45359,0.35314,0.415,0.1608,0.536,0.501,0.30321,0.29116
30629,104104,Portland,Pilots,0.24465,0.73869,0.5676,70.471,104.95629,102.04546,0.35048,0.1657,0.15425,0.07135,0.06836,2021-22 Men's Basketball,True,0.2316,0.1556,0.6243,0.2603,0.3995,0.1926,0.3875,0.163,0.4529,0.5287,0.38411,0.35013,0.383,0.1559,0.4398,0.5075,0.40427,0.33763
33533,103320,BYU,Cougars,0.31803,0.76081,0.54874,69.543,108.21078,100.12026,0.32371,0.17333,0.1735,0.10633,0.11337,2022-23 Men's Basketball,True,0.2776,0.1807,0.6574,0.3227,0.392,0.1753,0.3744,0.0971,0.498,0.564,0.40488,0.33948,0.3633,0.1639,0.4597,0.531,0.37638,0.34034
38409,104427,Washington St.,Cougars,0.31117,0.66399,0.59298,70.135,112.10192,111.60053,0.32725,0.18001,0.14715,0.09096,0.12741,2024-25 Men's Basketball,True,0.2696,0.1763,0.67,0.3506,0.465,0.1451,0.4278,0.0913,0.4957,0.61,0.41299,0.36241,0.3529,0.0959,0.5136,0.5471,0.39051,0.33694
33533,104201,San Francisco,Dons,0.28901,0.73143,0.49377,68.764,110.01316,105.97949,0.32152,0.17221,0.16014,0.09787,0.06714,2022-23 Men's Basketball,True,0.267,0.1436,0.6151,0.2618,0.4725,0.1565,0.3825,0.0927,0.4182,0.5617,0.48911,0.36128,0.351,0.1556,0.4967,0.5373,0.34776,0.34074
36046,104185,Saint Mary's (CA),Gaels,0.39437,0.77932,0.58761,62.416,117.6946,94.16503,0.2845,0.13319,0.15218,0.10396,0.10277,2023-24 Men's Basketball,True,0.2602,0.093,0.6198,0.4076,0.3806,0.1545,0.363,0.0727,0.562,0.5541,0.36522,0.35198,0.3225,0.1708,0.5331,0.4656,0.29605,0.31391
36046,104201,San Francisco,Dons,0.29493,0.75996,0.55678,66.998,115.17941,98.57579,0.23337,0.14815,0.1828,0.12164,0.10428,2023-24 Men's Basketball,True,0.271,0.1481,0.6986,0.362,0.4427,0.1238,0.323,0.1106,0.4858,0.6334,0.40362,0.35515,0.3849,0.1318,0.4868,0.513,0.38148,0.33382
41097,104104,Portland,Pilots,0.29273,0.68574,0.62073,68.816,107.34234,113.23981,0.35542,0.17118,0.14799,0.0855,0.08959,2025-26 Men's Basketball,True,0.2524,0.1294,0.6686,0.3534,0.4514,0.19,0.3555,0.1084,0.5434,0.5926,0.34823,0.30236,0.3575,0.0936,0.4421,0.5471,0.46437,0.36117
38409,104203,Santa Clara,Broncos,0.32679,0.73323,0.59495,68.645,118.06698,105.14149,0.28442,0.14577,0.14731,0.09382,0.08286,2024-25 Men's Basketball,True,0.2361,0.1577,0.6136,0.4069,0.3319,0.1091,0.4186,0.0205,0.516,0.554,0.46355,0.38232,0.3668,0.1123,0.4912,0.5449,0.39657,0.31273
36046,103652,Gonzaga,Bulldogs,0.339,0.72457,0.52232,68.402,123.5968,101.08289,0.30527,0.12239,0.14005,0.09716,0.09825,2023-24 Men's Basketball,True,0.2281,0.182,0.7291,0.3261,0.4844,0.2225,0.4319,0.1392,0.5486,0.6298,0.31221,0.36,0.3323,0.1471,0.4864,0.4825,0.36653,0.33585
38409,104090,Pepperdine,Waves,0.28215,0.70565,0.6013,68.122,107.37055,112.44548,0.31442,0.14017,0.13438,0.08911,0.07289,2024-25 Men's Basketball,True,0.2307,0.1791,0.6102,0.338,0.3841,0.1577,0.3731,0.1572,0.4957,0.5383,0.34712,0.34072,0.3462,0.1207,0.4907,0.5733,0.38858,0.33931
38409,104201,San Francisco,Dons,0.29321,0.72496,0.52314,67.747,111.7828,101.69713,0.34343,0.14821,0.15969,0.09739,0.09198,2024-25 Men's Basketball,True,0.276,0.158,0.6765,0.299,0.3851,0.151,0.4,0.1148,0.4499,0.5787,0.43527,0.33895,0.3956,0.1138,0.5296,0.5454,0.3566,0.27943
41097,104203,Santa Clara,Broncos,0.36356,0.6824,0.55273,68.039,121.38727,106.78398,0.24978,0.12916,0.17685,0.1311,0.10658,2025-26 Men's Basketball,True,0.2859,0.163,0.6576,0.3051,0.4452,0.1844,0.4559,0.0597,0.4895,0.5776,0.45083,0.34664,0.2652,0.0926,0.522,0.5775,0.38536,0.32802
41097,103652,Gonzaga,Bulldogs,0.34797,0.74277,0.57462,68.978,121.75766,95.59008,0.30971,0.11778,0.17679,0.12066,0.11063,2025-26 Men's Basketball,True,0.2407,0.1954,0.706,0.344,0.4825,0.219,0.4196,0.1291,0.563,0.6191,0.3079,0.33284,0.3242,0.1267,0.4458,0.5061,0.42751,0.30556
41097,104209,Seattle U,Redhawks,0.25476,0.69424,0.53559,67.645,106.26975,99.07287,0.34592,0.14809,0.18726,0.11877,0.139,2025-26 Men's Basketball,True,0.2417,0.1302,0.6265,0.338,0.3877,0.1859,0.2818,0.09,0.5239,0.5417,0.38618,0.33848,0.3532,0.128,0.4934,0.5077,0.37856,0.32215
30629,103320,BYU,Cougars,0.30921,0.77322,0.53438,67.799,108.74916,100.08772,0.26464,0.15826,0.1385,0.07104,0.08645,2021-22 Men's Basketball,True,0.2591,0.1314,0.6442,0.2822,0.4334,0.2109,0.3897,0.1295,0.4931,0.5541,0.37744,0.35309,0.3591,0.1762,0.4487,0.538,0.37518,0.3061
38409,104185,Saint Mary's (CA),Gaels,0.39788,0.75714,0.56277,62.387,115.99942,97.21943,0.30891,0.12473,0.14689,0.09714,0.10566,2024-25 Men's Basketball,True,0.2379,0.0956,0.6476,0.352,0.3517,0.2002,0.3966,0.1135,0.5522,0.5403,0.33429,0.31948,0.3877,0.1423,0.541,0.4757,0.31666,0.31107
33533,104185,Saint Mary's (CA),Gaels,0.32861,0.78139,0.49437,62.419,111.99735,95.33135,0.32018,0.14346,0.17555,0.10789,0.09927,2022-23 Men's Basketball,True,0.2623,0.0903,0.5849,0.4011,0.3808,0.1547,0.3537,0.0753,0.5558,0.5281,0.36885,0.36528,0.3509,0.1467,0.5338,0.4865,0.31949,0.33102
38409,103652,Gonzaga,Bulldogs,0.32544,0.73103,0.62365,68.947,123.98465,100.32753,0.30651,0.11743,0.15894,0.10674,0.08267,2024-25 Men's Basketball,True,0.2415,0.1937,0.6874,0.3269,0.5144,0.2197,0.3769,0.1175,0.5466,0.6179,0.3359,0.35397,0.364,0.1344,0.4632,0.5251,0.40238,0.30224
33533,103652,Gonzaga,Bulldogs,0.31393,0.7483,0.50673,70.668,121.47746,103.48645,0.33655,0.13159,0.16361,0.10197,0.09277,2022-23 Men's Basketball,True,0.2336,0.1894,0.7116,0.3449,0.4793,0.2121,0.427,0.1201,0.557,0.6231,0.32296,0.37856,0.3784,0.1318,0.4777,0.5359,0.39047,0.34892
27693,103593,FGCU,Eagles,0.30101,0.7193,0.50932,71.347,100.60434,96.71099,0.24067,0.17547,0.17594,0.105,0.11224,2020-21 Men's Basketball,True,0.2025,0.2088,0.6108,0.3753,0.451,0.1087,0.3544,0.0842,0.484,0.5749,0.43177,0.2963,0.425,0.1282,0.4947,0.4946,0.37714,0.30312
27693,103334,Bellarmine,Knights,0.27159,0.73077,0.5561,64.57,115.02619,102.4958,0.28489,0.15238,0.20571,0.11265,0.08319,2020-21 Men's Basketball,True,0.2363,0.1564,0.7184,0.2862,0.4915,0.2654,0.4013,0.1422,0.5516,0.6092,0.30616,0.36686,0.3597,0.1342,0.4025,0.5707,0.46332,0.38125
27693,104001,North Florida,Ospreys,0.26667,0.65591,0.52105,67.416,103.25231,111.24937,0.25351,0.19446,0.13554,0.06588,0.07692,2020-21 Men's Basketball,True,0.2435,0.1318,0.6297,0.2715,0.4029,0.177,0.369,0.0722,0.4485,0.5402,0.47938,0.36738,0.3692,0.165,0.5436,0.5277,0.29144,0.33598
27693,103762,Kennesaw St.,Owls,0.25534,0.76239,0.45534,68.367,95.74497,101.90044,0.29581,0.18168,0.16625,0.08435,0.06719,2020-21 Men's Basketball,True,0.2631,0.1322,0.6278,0.2889,0.4033,0.1453,0.3139,0.179,0.4342,0.5527,0.38684,0.32365,0.2761,0.1096,0.5642,0.5594,0.32625,0.31579
27693,103743,Jacksonville,Dolphins,0.25152,0.70344,0.4662,68.239,98.52562,101.31981,0.34015,0.18435,0.1834,0.0994,0.07429,2020-21 Men's Basketball,True,0.2295,0.1607,0.6241,0.3222,0.4462,0.1544,0.3006,0.1291,0.4766,0.5664,0.3943,0.33333,0.3147,0.1463,0.4581,0.5786,0.39569,0.32458
27693,103995,North Ala.,Lions,0.29399,0.76598,0.4359,70.033,103.39761,98.09819,0.29101,0.16805,0.17772,0.08294,0.09686,2020-21 Men's Basketball,True,0.2491,0.1913,0.6031,0.2663,0.4405,0.2306,0.3049,0.1126,0.4969,0.5276,0.39053,0.33743,0.3512,0.1219,0.455,0.5088,0.42308,0.34134
27693,103821,Lipscomb,Bisons,0.23556,0.73499,0.52984,67.239,105.38079,101.32346,0.33691,0.15978,0.16503,0.09122,0.05755,2020-21 Men's Basketball,True,0.2081,0.1312,0.5992,0.3884,0.3725,0.1604,0.2683,0.0645,0.5487,0.533,0.38679,0.32927,0.3375,0.1158,0.4645,0.5888,0.41968,0.34138
27693,104293,Stetson,Hatters,0.29583,0.73449,0.53857,67.18,105.15395,103.56981,0.27599,0.16708,0.16429,0.1029,0.07613,2020-21 Men's Basketball,True,0.2421,0.1496,0.6125,0.3025,0.3727,0.1708,0.2722,0.1065,0.4732,0.526,0.42029,0.36882,0.3315,0.1172,0.512,0.5474,0.37087,0.34555
27693,103811,Liberty,Flames,0.24065,0.78061,0.58568,63.525,117.08664,94.39669,0.23738,0.14018,0.16375,0.07297,0.07136,2020-21 Men's Basketball,True,0.2297,0.0825,0.6635,0.2803,0.5076,0.1765,0.4216,0.0687,0.4569,0.6032,0.47439,0.39489,0.3378,0.1533,0.4848,0.5043,0.36188,0.30916
33533,103743,Jacksonville,Dolphins,0.25172,0.75176,0.5481,60.92,103.98048,102.79181,0.23239,0.16589,0.13655,0.08388,0.08508,2022-23 Men's Basketball,True,0.2315,0.106,0.6345,0.3134,0.4089,0.1336,0.3976,0.1672,0.447,0.567,0.38578,0.3413,0.2967,0.1326,0.3852,0.5585,0.48223,0.31711
30629,103995,North Ala.,Lions,0.27745,0.71267,0.40426,69.094,99.56445,98.36833,0.22952,0.14552,0.18507,0.09826,0.09386,2021-22 Men's Basketball,True,0.2624,0.1971,0.5205,0.2135,0.4372,0.2616,0.3143,0.1149,0.4751,0.4747,0.40996,0.31375,0.3186,0.1253,0.5332,0.5196,0.34152,0.32554
41097,103995,North Ala.,Lions,0.31524,0.68712,0.41088,64.614,106.51936,119.10522,0.37759,0.14847,0.13057,0.10075,0.11403,2025-26 Men's Basketball,True,0.2277,0.1177,0.5898,0.3598,0.4457,0.2021,0.3018,0.1002,0.5619,0.538,0.33788,0.30526,0.4106,0.0864,0.4805,0.5833,0.43307,0.36328
30629,104293,Stetson,Hatters,0.29588,0.73152,0.5634,66.275,103.39448,106.06592,0.24845,0.16466,0.15372,0.10451,0.08437,2021-22 Men's Basketball,True,0.2201,0.1306,0.6042,0.267,0.4174,0.2007,0.341,0.122,0.4677,0.524,0.41034,0.34932,0.3791,0.1191,0.4695,0.5577,0.4114,0.34842
38409,104444,West Ga.,Wolves,0.26246,0.70825,0.52055,68.053,101.43947,114.99633,0.28571,0.14437,0.15016,0.10273,0.09172,2024-25 Men's Basketball,True,0.2338,0.1453,0.6165,0.3344,0.3912,0.2338,0.3512,0.131,0.5682,0.5238,0.30087,0.30216,0.3826,0.0649,0.5014,0.5901,0.43365,0.36068
41097,103315,Austin Peay,Governors,0.30479,0.71138,0.57437,69.62,117.22567,105.13243,0.37654,0.13374,0.17086,0.13265,0.07036,2025-26 Men's Basketball,True,0.2429,0.1844,0.6197,0.3267,0.4818,0.2201,0.314,0.0648,0.5469,0.5642,0.38832,0.35862,0.3696,0.0765,0.5141,0.5571,0.40942,0.32476
30629,103743,Jacksonville,Dolphins,0.33566,0.77237,0.50391,61.812,108.16573,95.58711,0.2966,0.15434,0.16277,0.10549,0.06757,2021-22 Men's Basketball,True,0.2428,0.1139,0.6049,0.3101,0.4394,0.2081,0.371,0.1659,0.5182,0.5385,0.31594,0.34694,0.3382,0.128,0.4212,0.5228,0.45083,0.29492
33533,103315,Austin Peay,Governors,0.28032,0.69401,0.52086,65.548,101.31455,109.8432,0.27654,0.15347,0.17909,0.10772,0.08777,2022-23 Men's Basketball,True,0.2545,0.1356,0.6364,0.2494,0.3778,0.21,0.3424,0.1533,0.4594,0.5182,0.38723,0.32357,0.297,0.1052,0.5424,0.5993,0.35245,0.34358
33533,103744,Jacksonville St.,Gamecocks,0.30372,0.75094,0.51004,65.36,106.47309,107.06297,0.32786,0.17366,0.1536,0.08426,0.08035,2022-23 Men's Basketball,True,0.2506,0.1274,0.5968,0.2968,0.3745,0.1519,0.3472,0.1132,0.4487,0.5216,0.43812,0.37617,0.4652,0.1069,0.4197,0.5286,0.47341,0.34662
36046,103562,Eastern Ky.,Colonels,0.34923,0.69212,0.494,70.463,114.17232,108.10805,0.3151,0.1356,0.13536,0.08957,0.14537,2023-24 Men's Basketball,True,0.2289,0.1808,0.6694,0.3006,0.3823,0.1811,0.3803,0.1781,0.4817,0.5615,0.34019,0.35841,0.3665,0.1265,0.5323,0.4754,0.34123,0.37371
30629,104001,North Florida,Ospreys,0.26208,0.64023,0.54345,67.661,100.45387,104.33203,0.29834,0.18682,0.14524,0.08151,0.10909,2021-22 Men's Basketball,True,0.2298,0.1574,0.604,0.2593,0.3968,0.1779,0.3084,0.0614,0.4372,0.5197,0.50143,0.33867,0.3139,0.1573,0.543,0.5108,0.29975,0.31919
30629,103431,Central Ark.,Bears,0.2736,0.7043,0.51508,71.747,101.20015,112.17204,0.22653,0.16438,0.14809,0.09403,0.08023,2021-22 Men's Basketball,True,0.2311,0.2029,0.6333,0.3214,0.413,0.173,0.3841,0.1541,0.4944,0.5562,0.35153,0.30044,0.2979,0.0963,0.5359,0.5918,0.36783,0.3454
36046,103334,Bellarmine,Knights,0.22643,0.71754,0.52698,65.512,105.16546,113.32275,0.22428,0.12828,0.13289,0.08009,0.05923,2023-24 Men's Basketball,True,0.2374,0.1311,0.6334,0.251,0.4119,0.2379,0.361,0.1312,0.4888,0.5256,0.37997,0.34097,0.3266,0.1098,0.449,0.5823,0.44126,0.34875
36046,103762,Kennesaw St.,Owls,0.30744,0.70488,0.50661,73.894,111.20757,108.43604,0.33514,0.13805,0.15608,0.09882,0.10733,2023-24 Men's Basketball,True,0.2698,0.2293,0.6355,0.3263,0.4233,0.173,0.3435,0.0644,0.4993,0.562,0.43636,0.32883,0.352,0.1305,0.4828,0.5341,0.38674,0.34953
38409,103334,Bellarmine,Knights,0.21178,0.714,0.53931,66.221,108.82342,120.03436,0.25473,0.16065,0.13532,0.09574,0.0555,2024-25 Men's Basketball,True,0.2522,0.1341,0.6464,0.2645,0.5129,0.245,0.2025,0.0453,0.5095,0.5822,0.44521,0.36211,0.3088,0.0763,0.4596,0.6056,0.46409,0.38573
33533,103431,Central Ark.,Bears,0.28443,0.69857,0.46944,71.363,100.98261,112.86292,0.24258,0.15811,0.14812,0.09014,0.08208,2022-23 Men's Basketball,True,0.2269,0.1806,0.5809,0.305,0.3642,0.1686,0.3509,0.1147,0.4736,0.5037,0.41168,0.32274,0.3757,0.0881,0.5201,0.5671,0.39175,0.36281
30629,103762,Kennesaw St.,Owls,0.30912,0.72917,0.52471,67.11,109.69879,104.3534,0.29684,0.15542,0.17324,0.10434,0.08269,2021-22 Men's Basketball,True,0.2508,0.1566,0.6341,0.2843,0.4673,0.183,0.3824,0.1481,0.4673,0.5688,0.38453,0.36544,0.4029,0.1177,0.4771,0.5198,0.40514,0.36107
33533,104001,North Florida,Ospreys,0.26099,0.67976,0.48387,67.919,110.44898,112.4121,0.27693,0.15492,0.1251,0.072,0.08439,2022-23 Men's Basketball,True,0.2033,0.1631,0.6335,0.3118,0.4014,0.1518,0.3714,0.0571,0.4635,0.5575,0.47933,0.36663,0.3962,0.1587,0.5504,0.5422,0.29092,0.35163
30629,103562,Eastern Ky.,Colonels,0.29908,0.68897,0.54791,71.633,108.4573,102.71882,0.21318,0.13379,0.2068,0.13971,0.10053,2021-22 Men's Basketball,True,0.2264,0.1873,0.5844,0.248,0.4088,0.16,0.3362,0.1078,0.408,0.5156,0.48424,0.35277,0.3663,0.1095,0.4992,0.5831,0.39133,0.34072
33533,104293,Stetson,Hatters,0.30217,0.7217,0.50058,64.573,116.13467,111.54977,0.24785,0.13755,0.13384,0.07751,0.08769,2022-23 Men's Basketball,True,0.234,0.1329,0.6422,0.2978,0.3721,0.1447,0.412,0.1211,0.4425,0.5539,0.43634,0.38946,0.3365,0.1189,0.5046,0.5572,0.37657,0.35964
36046,103821,Lipscomb,Bisons,0.23575,0.71678,0.48438,69.829,117.51892,109.55305,0.2739,0.12832,0.14269,0.08759,0.08723,2023-24 Men's Basketball,True,0.1853,0.1642,0.6757,0.3407,0.4567,0.1542,0.3881,0.1033,0.4949,0.6075,0.40185,0.3798,0.4622,0.1117,0.5141,0.5347,0.37419,0.35544
36046,103593,FGCU,Eagles,0.30038,0.71809,0.45345,64.357,108.97428,110.08675,0.27628,0.15119,0.1382,0.09313,0.10256,2023-24 Men's Basketball,True,0.2244,0.1251,0.6166,0.3115,0.4695,0.1712,0.3475,0.1299,0.4827,0.5644,0.38745,0.35511,0.3721,0.1165,0.4542,0.5477,0.42927,0.35354
36046,103431,Central Ark.,Bears,0.29719,0.70209,0.53488,69.251,103.78962,112.46497,0.28804,0.15528,0.14221,0.10153,0.09367,2023-24 Men's Basketball,True,0.2462,0.184,0.5869,0.2402,0.3789,0.227,0.3833,0.1527,0.4672,0.4858,0.38015,0.3427,0.3939,0.1024,0.477,0.5304,0.42059,0.37146
41097,104001,North Florida,Ospreys,0.26786,0.62941,0.50569,70.889,111.84188,123.87355,0.28775,0.15323,0.11764,0.07129,0.03403,2025-26 Men's Basketball,True,0.2537,0.1298,0.6301,0.2598,0.4537,0.1703,0.4435,0.0585,0.4301,0.5603,0.51144,0.35089,0.4345,0.0683,0.541,0.5958,0.39067,0.34982
41097,103821,Lipscomb,Bisons,0.2702,0.7027,0.63227,69.615,113.97837,108.34428,0.25748,0.14115,0.15865,0.09988,0.07692,2025-26 Men's Basketball,True,0.2286,0.1934,0.6474,0.3507,0.3661,0.1287,0.3377,0.039,0.4795,0.5719,0.4815,0.36211,0.2811,0.0949,0.5051,0.5777,0.4,0.33846
33533,103593,FGCU,Eagles,0.27215,0.71581,0.50807,65.476,107.97562,105.22887,0.27495,0.15008,0.15375,0.1036,0.09594,2022-23 Men's Basketball,True,0.2354,0.1436,0.5891,0.3075,0.4161,0.1551,0.3608,0.0857,0.4626,0.5311,0.45174,0.35414,0.4428,0.1088,0.4784,0.5204,0.41288,0.33421
38409,104293,Stetson,Hatters,0.24977,0.6605,0.46708,67.991,104.57339,118.93911,0.33812,0.16638,0.1142,0.07554,0.08101,2024-25 Men's Basketball,True,0.2143,0.1387,0.6362,0.3265,0.4011,0.1956,0.3,0.0994,0.5221,0.5481,0.37845,0.34015,0.3511,0.0907,0.499,0.5474,0.41023,0.36118
41097,103334,Bellarmine,Knights,0.23146,0.66732,0.53363,64.986,122.19598,124.72483,0.34578,0.14054,0.1349,0.09337,0.05978,2025-26 Men's Basketball,True,0.2538,0.1311,0.6917,0.382,0.5065,0.1769,0.3387,0.0356,0.5589,0.6331,0.40551,0.38244,0.3704,0.0582,0.4375,0.5985,0.50431,0.39744
41097,103743,Jacksonville,Dolphins,0.33586,0.71992,0.46228,64.53,112.39343,112.87395,0.33551,0.14558,0.13875,0.1019,0.08393,2025-26 Men's Basketball,True,0.2978,0.1341,0.6374,0.329,0.4062,0.177,0.4292,0.1155,0.506,0.5565,0.37854,0.32662,0.3916,0.0958,0.5508,0.5629,0.35335,0.34314
30629,103744,Jacksonville St.,Gamecocks,0.29665,0.73475,0.54654,65.763,110.51662,101.02901,0.30846,0.17041,0.15401,0.09362,0.08754,2021-22 Men's Basketball,True,0.2155,0.1443,0.6133,0.3441,0.4139,0.1359,0.3697,0.0919,0.48,0.5568,0.42817,0.38622,0.4159,0.1126,0.4398,0.4868,0.44766,0.33137
36046,104001,North Florida,Ospreys,0.25471,0.71674,0.46879,67.945,113.46943,110.33265,0.28273,0.14379,0.13259,0.08156,0.08612,2023-24 Men's Basketball,True,0.2347,0.1358,0.6519,0.2546,0.4317,0.1493,0.3158,0.0408,0.4039,0.5705,0.55532,0.3617,0.4009,0.1217,0.5732,0.5341,0.30509,0.34271
38409,104001,North Florida,Ospreys,0.28743,0.66554,0.55191,71.838,113.98448,116.60728,0.24329,0.13208,0.12762,0.08688,0.07104,2024-25 Men's Basketball,True,0.2465,0.1715,0.639,0.2555,0.4553,0.1788,0.2727,0.0259,0.4344,0.5634,0.53976,0.35658,0.4074,0.0768,0.6171,0.5576,0.30616,0.3452
41097,104444,West Ga.,Wolves,0.31897,0.70796,0.45083,69.094,109.52505,113.86135,0.29121,0.13607,0.13097,0.09264,0.13001,2025-26 Men's Basketball,True,0.2405,0.1451,0.6095,0.2907,0.4379,0.2345,0.3868,0.1417,0.5252,0.5329,0.33317,0.3363,0.3051,0.0606,0.5672,0.5674,0.37218,0.33103
36046,103995,North Ala.,Lions,0.27758,0.72444,0.4189,67.367,111.76442,111.21633,0.32833,0.12786,0.12871,0.07811,0.08272,2023-24 Men's Basketball,True,0.269,0.1469,0.5932,0.3527,0.3537,0.1947,0.3795,0.101,0.5474,0.508,0.35163,0.3623,0.3946,0.1193,0.5337,0.519,0.34706,0.34977
38409,103562,Eastern Ky.,Colonels,0.34125,0.67323,0.47225,67.35,113.80318,110.01126,0.26862,0.11923,0.16123,0.12571,0.09302,2024-25 Men's Basketball,True,0.2443,0.1668,0.6068,0.2273,0.4253,0.1864,0.372,0.1615,0.4137,0.525,0.4248,0.34615,0.3607,0.0962,0.5373,0.544,0.36646,0.35581
41097,103562,Eastern Ky.,Colonels,0.33664,0.6901,0.53364,68.376,115.55933,117.85432,0.31191,0.14144,0.14312,0.10099,0.08959,2025-26 Men's Basketball,True,0.2647,0.1373,0.6471,0.2456,0.3988,0.1599,0.4,0.0872,0.4056,0.5491,0.50722,0.35363,0.4229,0.0928,0.4931,0.5935,0.4141,0.36108
30629,103821,Lipscomb,Bisons,0.23119,0.72403,0.59059,70.135,105.51124,109.57269,0.35054,0.16913,0.12482,0.06291,0.07075,2021-22 Men's Basketball,True,0.1918,0.1488,0.6153,0.3452,0.4535,0.1849,0.3265,0.0527,0.5301,0.5588,0.4172,0.34407,0.3257,0.1214,0.4707,0.5188,0.40791,0.36716
33533,104117,Queens (NC),Royals,0.31124,0.7461,0.51936,69.609,111.61883,107.22199,0.35306,0.1525,0.14255,0.08897,0.05603,2022-23 Men's Basketball,True,0.2311,0.1674,0.622,0.3171,0.4224,0.176,0.2769,0.0658,0.4932,0.5508,0.44107,0.34977,0.387,0.1295,0.5077,0.5572,0.36278,0.3461
36046,104117,Queens (NC),Royals,0.29245,0.71261,0.46875,72.266,110.82759,112.92421,0.33126,0.13574,0.13956,0.09643,0.06968,2023-24 Men's Basketball,True,0.2403,0.2094,0.6024,0.3146,0.4333,0.2148,0.3443,0.0582,0.5294,0.5338,0.41241,0.34028,0.3922,0.0973,0.5258,0.5771,0.37691,0.34051
30629,103334,Bellarmine,Knights,0.23885,0.71496,0.54442,62.56,111.66345,106.98266,0.21645,0.13319,0.16174,0.08922,0.05759,2021-22 Men's Basketball,True,0.2282,0.1318,0.714,0.244,0.5324,0.2338,0.3301,0.1131,0.4778,0.6251,0.40909,0.33995,0.3293,0.1374,0.3955,0.6003,0.46704,0.33852
38409,103743,Jacksonville,Dolphins,0.35781,0.69884,0.52059,67.249,106.79506,105.94213,0.29228,0.16381,0.16513,0.11488,0.12339,2024-25 Men's Basketball,True,0.2585,0.1706,0.5866,0.3322,0.4029,0.2105,0.3333,0.1196,0.5427,0.5153,0.33771,0.36024,0.3333,0.0973,0.5231,0.5335,0.37959,0.34594
36046,103743,Jacksonville,Dolphins,0.36268,0.70406,0.42515,66.916,106.9662,107.77826,0.35871,0.16254,0.16112,0.11439,0.08969,2023-24 Men's Basketball,True,0.2896,0.1478,0.6154,0.3416,0.3798,0.1807,0.3142,0.1399,0.5223,0.5339,0.3378,0.32857,0.3807,0.1226,0.4758,0.5284,0.40157,0.34734
41097,104293,Stetson,Hatters,0.28201,0.68756,0.59251,67.195,109.21679,118.20212,0.3271,0.16208,0.13063,0.09243,0.05758,2025-26 Men's Basketball,True,0.2296,0.1366,0.6252,0.2966,0.4861,0.1539,0.3297,0.0989,0.4506,0.5777,0.45056,0.36299,0.3895,0.086,0.5045,0.5986,0.4095,0.34432
30629,103811,Liberty,Flames,0.22986,0.78068,0.57109,64.795,112.37214,97.19424,0.27762,0.15932,0.15735,0.08246,0.05871,2021-22 Men's Basketball,True,0.2291,0.0722,0.6565,0.3168,0.4264,0.151,0.3067,0.0427,0.4678,0.5822,0.48946,0.383,0.3108,0.1424,0.4492,0.5025,0.40839,0.325
33533,103334,Bellarmine,Knights,0.22143,0.72915,0.58595,61.654,106.68376,108.0984,0.25086,0.16015,0.16839,0.09008,0.05435,2022-23 Men's Basketball,True,0.2546,0.1118,0.7051,0.2497,0.4489,0.2025,0.3416,0.1162,0.4522,0.5903,0.43153,0.352,0.2989,0.1072,0.3751,0.6102,0.51776,0.35433
33533,103995,North Ala.,Lions,0.24737,0.72582,0.42377,68.168,107.51211,107.77583,0.29656,0.14478,0.14163,0.08477,0.07978,2022-23 Men's Basketball,True,0.2436,0.1781,0.5965,0.3634,0.4006,0.187,0.4149,0.0999,0.5505,0.5299,0.34963,0.37234,0.3205,0.135,0.5023,0.5332,0.36269,0.36638
38409,103315,Austin Peay,Governors,0.26721,0.69126,0.49761,65.925,107.3518,112.35125,0.28788,0.12784,0.15299,0.10444,0.07305,2024-25 Men's Basketball,True,0.2678,0.1291,0.5584,0.3202,0.3955,0.203,0.3209,0.0677,0.5232,0.4952,0.40909,0.34568,0.2903,0.0664,0.5715,0.5426,0.36208,0.37426
33533,103821,Lipscomb,Bisons,0.26393,0.7594,0.49417,68.388,110.03971,102.27014,0.25013,0.15345,0.14663,0.07711,0.0748,2022-23 Men's Basketball,True,0.2007,0.1639,0.6394,0.358,0.4451,0.1836,0.3789,0.0812,0.5416,0.5736,0.37721,0.35561,0.4016,0.123,0.4842,0.5112,0.39279,0.33333
38409,103431,Central Ark.,Bears,0.2937,0.71103,0.55447,66.682,102.99797,114.55081,0.2797,0.15405,0.14843,0.10779,0.0805,2024-25 Men's Basketball,True,0.199,0.119,0.6445,0.2566,0.4094,0.1714,0.3556,0.0902,0.4281,0.5504,0.4817,0.29448,0.3185,0.0777,0.4023,0.583,0.52004,0.3844
38409,103593,FGCU,Eagles,0.30279,0.73564,0.50964,64.335,112.18831,108.34813,0.23166,0.14102,0.12646,0.08614,0.07052,2024-25 Men's Basketball,True,0.2314,0.1333,0.6433,0.3015,0.4544,0.2367,0.4156,0.0774,0.5382,0.5602,0.38442,0.35294,0.3048,0.0958,0.471,0.518,0.43311,0.35148
41097,103593,FGCU,Eagles,0.3261,0.72626,0.51975,67.867,112.77661,111.36208,0.28693,0.13517,0.14959,0.11266,0.11549,2025-26 Men's Basketball,True,0.2706,0.1426,0.65,0.3115,0.4052,0.1642,0.4388,0.1312,0.4757,0.5655,0.39311,0.32413,0.3203,0.0783,0.4667,0.5614,0.45496,0.35096
41097,103431,Central Ark.,Bears,0.29677,0.73766,0.57187,68.44,116.00404,107.22673,0.30071,0.13351,0.17408,0.12682,0.06724,2025-26 Men's Basketball,True,0.235,0.1554,0.6406,0.3144,0.4778,0.1385,0.3162,0.0553,0.453,0.5908,0.49173,0.35,0.3636,0.0556,0.4183,0.5937,0.52605,0.34231
30629,103593,FGCU,Eagles,0.31122,0.72904,0.56568,69.102,109.98262,104.31899,0.2888,0.16337,0.14168,0.09451,0.12294,2021-22 Men's Basketball,True,0.2078,0.1751,0.6516,0.3069,0.492,0.154,0.2348,0.0653,0.4609,0.5983,0.47376,0.34587,0.3865,0.12,0.4983,0.524,0.38164,0.33208
36046,104293,Stetson,Hatters,0.29149,0.69219,0.48947,66.052,115.81578,110.6004,0.30151,0.13695,0.12251,0.08079,0.0803,2023-24 Men's Basketball,True,0.2223,0.1413,0.6335,0.2353,0.4816,0.2377,0.4267,0.1096,0.473,0.5572,0.41744,0.36523,0.3408,0.1029,0.5175,0.5392,0.37961,0.33536
38409,103821,Lipscomb,Bisons,0.25421,0.73441,0.55324,66.752,117.37355,101.1238,0.30467,0.12874,0.14355,0.10262,0.07784,2024-25 Men's Basketball,True,0.1863,0.1487,0.688,0.315,0.4086,0.1371,0.3907,0.0742,0.4521,0.6033,0.47371,0.35685,0.367,0.1251,0.5014,0.529,0.37348,0.30991
38409,103995,North Ala.,Lions,0.33984,0.70833,0.42285,66.406,117.60843,105.56137,0.31625,0.11075,0.14809,0.1123,0.09713,2024-25 Men's Basketball,True,0.2221,0.1421,0.6047,0.3497,0.4644,0.1863,0.3162,0.1158,0.5359,0.5559,0.34828,0.35085,0.3059,0.0818,0.4877,0.5454,0.4305,0.32179
41097,104117,Queens (NC),Royals,0.30017,0.66286,0.55162,69.297,121.05396,119.703,0.36523,0.1315,0.13223,0.08625,0.07899,2025-26 Men's Basketball,True,0.2815,0.1604,0.662,0.3406,0.4925,0.1587,0.3286,0.0332,0.4993,0.6082,0.46755,0.35765,0.3769,0.0927,0.5147,0.5719,0.39264,0.36062
33533,103762,Kennesaw St.,Owls,0.27851,0.7401,0.53921,68.516,108.34459,99.63907,0.35774,0.1565,0.18148,0.11367,0.08007,2022-23 Men's Basketball,True,0.2604,0.1596,0.6447,0.3147,0.4086,0.195,0.3558,0.1029,0.5096,0.5544,0.38743,0.36526,0.3878,0.1252,0.4875,0.5199,0.38733,0.33113
38409,104117,Queens (NC),Royals,0.31717,0.7086,0.5985,68.45,110.88575,107.82968,0.34812,0.15598,0.14848,0.09402,0.13835,2024-25 Men's Basketball,True,0.2387,0.1676,0.6514,0.3153,0.3827,0.2117,0.2951,0.0294,0.527,0.5435,0.44359,0.35,0.3594,0.0909,0.5386,0.5343,0.37056,0.341
36046,103315,Austin Peay,Governors,0.30024,0.69231,0.41233,64.663,113.69008,111.17231,0.30974,0.11408,0.14902,0.10835,0.07576,2023-24 Men's Basketball,True,0.267,0.1118,0.6035,0.2432,0.4167,0.228,0.448,0.1644,0.4713,0.5131,0.36437,0.36115,0.3619,0.1307,0.5069,0.5888,0.36248,0.32258
33533,103811,Liberty,Flames,0.25829,0.79432,0.60228,64.537,115.73817,94.4327,0.26181,0.14134,0.18091,0.09723,0.06822,2022-23 Men's Basketball,True,0.2324,0.0987,0.6489,0.3223,0.4502,0.1432,0.3924,0.0389,0.4656,0.5877,0.49557,0.37339,0.3643,0.1423,0.4934,0.4973,0.36436,0.33382
33533,103562,Eastern Ky.,Colonels,0.34079,0.71024,0.50273,70.73,109.31124,102.2092,0.24085,0.13899,0.17368,0.11135,0.12735,2022-23 Men's Basketball,True,0.2228,0.2044,0.6369,0.2936,0.4133,0.1713,0.3315,0.1608,0.4648,0.5545,0.3744,0.33839,0.2851,0.1078,0.4929,0.5225,0.39934,0.33846
27693,103563,Eastern Mich.,Eagles,0.25149,0.70715,0.44196,70.241,100.21006,107.72384,0.30269,0.15332,0.19134,0.12524,0.06977,2020-21 Men's Basketball,True,0.2168,0.1753,0.6284,0.2748,0.396,0.2321,0.2917,0.1114,0.507,0.522,0.38162,0.31144,0.434,0.1003,0.4693,0.5867,0.43046,0.37143
27693,104010,NIU,Huskies,0.32667,0.68789,0.44737,66.45,93.16584,115.74911,0.23885,0.17125,0.14877,0.08671,0.10125,2020-21 Men's Basketball,True,0.2691,0.151,0.5846,0.238,0.3711,0.2546,0.3295,0.2257,0.4926,0.4742,0.28171,0.32298,0.3393,0.1022,0.4827,0.5595,0.41515,0.38901
27693,104454,Western Mich.,Broncos,0.23455,0.71354,0.49098,67.138,93.97806,107.17045,0.25239,0.1923,0.12936,0.06669,0.05283,2020-21 Men's Basketball,True,0.2455,0.1287,0.6835,0.2411,0.369,0.235,0.3842,0.1535,0.4761,0.5282,0.37034,0.33021,0.3478,0.1603,0.4555,0.5646,0.3842,0.31452
27693,103435,Central Mich.,Chippewas,0.28129,0.69014,0.38986,73.414,104.58812,108.67452,0.36909,0.15754,0.16328,0.11194,0.07579,2020-21 Men's Basketball,True,0.2345,0.2517,0.5905,0.386,0.3731,0.1835,0.3986,0.1044,0.5695,0.5204,0.32604,0.329,0.4,0.1023,0.5007,0.5545,0.397,0.34536
27693,103763,Kent St.,Golden Flashes,0.35018,0.72071,0.51969,69.321,110.04033,101.99316,0.27723,0.16261,0.16159,0.09738,0.09102,2020-21 Men's Basketball,True,0.2438,0.1598,0.6524,0.3254,0.3868,0.1697,0.3333,0.1089,0.4951,0.5614,0.39595,0.32628,0.3112,0.1415,0.4614,0.5227,0.39711,0.34545
27693,103900,Miami (OH),RedHawks,0.27936,0.71679,0.46656,66.251,108.54735,107.503,0.2542,0.14059,0.15827,0.06635,0.07506,2020-21 Men's Basketball,True,0.2547,0.1261,0.5783,0.2661,0.4341,0.1554,0.3927,0.1873,0.4215,0.5252,0.39121,0.35659,0.3631,0.1317,0.4553,0.5508,0.41301,0.36053
27693,103325,Ball St.,Cardinals,0.27791,0.69473,0.51876,70.753,104.49842,105.53185,0.28685,0.17516,0.14925,0.07657,0.06243,2020-21 Men's Basketball,True,0.2681,0.1472,0.6299,0.3143,0.4,0.159,0.3522,0.1149,0.4733,0.5527,0.41185,0.34211,0.3495,0.1311,0.4891,0.5461,0.37984,0.30983
27693,103266,Akron,Zips,0.30969,0.71445,0.48567,68.97,112.12622,103.52032,0.30318,0.14455,0.14621,0.07017,0.08851,2020-21 Men's Basketball,True,0.2576,0.1686,0.6457,0.2693,0.483,0.1873,0.3162,0.0827,0.4565,0.5789,0.46078,0.33282,0.373,0.1289,0.5324,0.5249,0.33868,0.3107
27693,104037,Ohio,Bobcats,0.28957,0.73103,0.60027,70.083,113.00874,103.59134,0.29493,0.14922,0.17317,0.092,0.05876,2020-21 Men's Basketball,True,0.2238,0.1403,0.6673,0.3347,0.4808,0.1776,0.3714,0.0956,0.5123,0.6027,0.39208,0.35192,0.3098,0.1302,0.472,0.5502,0.39774,0.34164
27693,103384,Buffalo,Bulls,0.37186,0.73205,0.51828,73.005,110.34149,98.89506,0.29302,0.15608,0.15429,0.10818,0.09599,2020-21 Men's Basketball,True,0.2398,0.1909,0.6737,0.3153,0.3996,0.2906,0.3285,0.0824,0.6059,0.5422,0.31167,0.33784,0.3196,0.137,0.5335,0.5182,0.32958,0.28653
27693,103367,Bowling Green,Falcons,0.30597,0.70366,0.45304,70.466,108.93521,104.82649,0.27771,0.11638,0.16674,0.09951,0.05882,2020-21 Men's Basketball,True,0.2391,0.1878,0.6072,0.2881,0.4128,0.1888,0.3054,0.138,0.4769,0.5303,0.3851,0.31934,0.3769,0.1256,0.4861,0.5494,0.38826,0.33333
30629,103384,Buffalo,Bulls,0.37281,0.7217,0.50617,71.168,112.31631,101.54368,0.26009,0.15367,0.14573,0.10006,0.10754,2021-22 Men's Basketball,True,0.2403,0.1761,0.6603,0.2933,0.4428,0.2366,0.3006,0.0884,0.5299,0.5632,0.38171,0.34137,0.371,0.1502,0.5265,0.503,0.32325,0.31691
41097,104010,NIU,Huskies,0.32356,0.71118,0.52825,68.348,101.73375,113.82865,0.38109,0.1832,0.14981,0.08887,0.05338,2025-26 Men's Basketball,True,0.2678,0.1646,0.6085,0.276,0.4122,0.2208,0.3077,0.0534,0.4968,0.5213,0.44979,0.31201,0.3956,0.1064,0.507,0.5963,0.38655,0.3525
30629,104010,NIU,Huskies,0.24283,0.70582,0.48841,67.354,94.77387,105.76429,0.33171,0.17891,0.17364,0.09256,0.07862,2021-22 Men's Basketball,True,0.3017,0.1579,0.6331,0.2169,0.4649,0.2679,0.2819,0.181,0.4848,0.5401,0.33414,0.31818,0.3292,0.1479,0.4875,0.5743,0.36458,0.32387
30629,103435,Central Mich.,Chippewas,0.25368,0.68672,0.49712,67.596,97.13607,113.3909,0.30483,0.17464,0.14496,0.09288,0.08992,2021-22 Men's Basketball,True,0.2933,0.1509,0.623,0.2205,0.3714,0.2064,0.339,0.1722,0.4269,0.5014,0.40094,0.34118,0.3382,0.1162,0.4601,0.5866,0.42369,0.34812
27693,104334,Toledo,Rockets,0.29705,0.69218,0.56455,68.981,116.11641,103.99411,0.28464,0.13634,0.1513,0.08762,0.06585,2020-21 Men's Basketball,True,0.2191,0.175,0.6629,0.2977,0.3976,0.1416,0.3041,0.1081,0.4392,0.5774,0.45262,0.37438,0.3547,0.1106,0.4907,0.545,0.39869,0.29645
33533,103367,Bowling Green,Falcons,0.29583,0.72433,0.50952,69.86,108.74234,112.39018,0.33459,0.15056,0.14366,0.08671,0.08094,2022-23 Men's Basketball,True,0.2507,0.1789,0.6589,0.311,0.4065,0.1731,0.3545,0.1669,0.4841,0.5686,0.34897,0.3392,0.3625,0.1332,0.4845,0.5899,0.38235,0.35414
33533,104454,Western Mich.,Broncos,0.34268,0.7375,0.50382,65.524,106.63345,112.9842,0.26484,0.16275,0.13123,0.07031,0.06403,2022-23 Men's Basketball,True,0.2569,0.168,0.6056,0.2549,0.4448,0.194,0.4,0.1346,0.4489,0.5361,0.41648,0.32982,0.3529,0.115,0.4842,0.5716,0.40079,0.36146
38409,103384,Buffalo,Bulls,0.25066,0.69476,0.53995,72.074,99.62849,112.24989,0.33828,0.17735,0.15017,0.0937,0.08805,2024-25 Men's Basketball,True,0.2314,0.1456,0.6224,0.3229,0.4349,0.1856,0.2105,0.0522,0.5085,0.554,0.43932,0.30375,0.3807,0.112,0.5239,0.5627,0.36415,0.3653
41097,103435,Central Mich.,Chippewas,0.29761,0.66132,0.56033,67.997,107.92687,113.09787,0.31937,0.16101,0.15285,0.09726,0.11861,2025-26 Men's Basketball,True,0.2595,0.1603,0.6304,0.3233,0.4798,0.2211,0.3876,0.1167,0.5444,0.5692,0.33892,0.33114,0.359,0.0865,0.5214,0.5713,0.39212,0.34229
33533,103435,Central Mich.,Chippewas,0.3121,0.68268,0.47436,67.863,96.48543,107.13765,0.38033,0.20045,0.16746,0.08558,0.11546,2022-23 Men's Basketball,True,0.2906,0.1469,0.6333,0.3134,0.3666,0.1842,0.2938,0.125,0.4976,0.5345,0.37737,0.29984,0.383,0.107,0.4741,0.5306,0.4189,0.34647
36046,103384,Buffalo,Bulls,0.28458,0.69825,0.53896,69.236,97.81993,114.66464,0.27541,0.17987,0.13238,0.0874,0.11389,2023-24 Men's Basketball,True,0.2246,0.138,0.6758,0.2579,0.4347,0.2049,0.3418,0.1295,0.4628,0.5691,0.40765,0.27748,0.3843,0.1121,0.5306,0.5675,0.35722,0.36337
30629,103325,Ball St.,Cardinals,0.2711,0.72118,0.51777,70.334,105.24631,108.71798,0.37409,0.17255,0.15334,0.08608,0.07009,2021-22 Men's Basketball,True,0.2534,0.1666,0.5913,0.3225,0.4314,0.1716,0.3054,0.0937,0.4941,0.5358,0.41223,0.36054,0.3918,0.1313,0.4411,0.5431,0.42765,0.35965
41097,104454,Western Mich.,Broncos,0.31204,0.71143,0.48098,68.202,109.19592,116.07366,0.33495,0.15041,0.12486,0.06709,0.07907,2025-26 Men's Basketball,True,0.2724,0.1794,0.5832,0.315,0.3914,0.2015,0.4106,0.1329,0.5165,0.5084,0.35062,0.35131,0.3252,0.0884,0.4748,0.5817,0.43679,0.35652
30629,103367,Bowling Green,Falcons,0.30989,0.70548,0.44268,72.774,109.40193,109.70973,0.31457,0.14151,0.15449,0.10009,0.09439,2021-22 Men's Basketball,True,0.2419,0.2035,0.5987,0.2953,0.4513,0.1773,0.3344,0.1565,0.4726,0.5434,0.37086,0.33955,0.3598,0.1211,0.4478,0.5667,0.4311,0.349
33533,103563,Eastern Mich.,Eagles,0.24977,0.67498,0.37235,68.929,103.94492,116.29389,0.31472,0.14998,0.1527,0.08991,0.06209,2022-23 Men's Basketball,True,0.2724,0.1233,0.6275,0.2425,0.4122,0.2058,0.4439,0.2195,0.4483,0.5287,0.33224,0.31631,0.3544,0.0856,0.5,0.6241,0.41441,0.34248
38409,103325,Ball St.,Cardinals,0.27652,0.7308,0.52113,67.59,110.59602,108.89163,0.45693,0.1496,0.1289,0.0731,0.05998,2024-25 Men's Basketball,True,0.24,0.1319,0.6271,0.3824,0.3557,0.1473,0.3473,0.0972,0.5297,0.5516,0.37311,0.34477,0.3745,0.1302,0.4681,0.5778,0.40171,0.31067
38409,103435,Central Mich.,Chippewas,0.32105,0.71989,0.50299,68.065,110.05882,105.16941,0.36248,0.15352,0.16441,0.10659,0.08746,2024-25 Men's Basketball,True,0.2407,0.1837,0.6743,0.3381,0.4072,0.2147,0.3384,0.1096,0.5529,0.5706,0.33758,0.32459,0.3349,0.1148,0.4503,0.5549,0.43493,0.33712
41097,103563,Eastern Mich.,Eagles,0.28375,0.71197,0.48515,67.184,104.35752,108.54896,0.29454,0.15302,0.13933,0.08731,0.10932,2025-26 Men's Basketball,True,0.2686,0.1365,0.6131,0.3635,0.4128,0.1897,0.3276,0.128,0.5532,0.5444,0.31881,0.3218,0.4036,0.0911,0.5562,0.5207,0.35272,0.32504
41097,103325,Ball St.,Cardinals,0.26996,0.70493,0.53036,64.542,103.77131,106.7957,0.32068,0.14078,0.1698,0.11702,0.08325,2025-26 Men's Basketball,True,0.244,0.1275,0.598,0.3354,0.3739,0.1955,0.2878,0.0788,0.5309,0.5155,0.39037,0.3164,0.3697,0.0976,0.492,0.5529,0.41041,0.33429
30629,104454,Western Mich.,Broncos,0.26941,0.6868,0.43699,65.256,99.00312,113.75346,0.25115,0.18063,0.1322,0.08051,0.06528,2021-22 Men's Basketball,True,0.2551,0.1451,0.6146,0.2287,0.422,0.2143,0.3743,0.1031,0.443,0.5215,0.45392,0.33249,0.3507,0.1145,0.4843,0.5919,0.40119,0.33018
36046,104010,NIU,Huskies,0.29038,0.68783,0.39625,68.475,105.61315,111.66414,0.36515,0.15852,0.1339,0.07632,0.12572,2023-24 Men's Basketball,True,0.2509,0.1474,0.6227,0.2691,0.4676,0.2481,0.3563,0.0966,0.5172,0.5483,0.38624,0.32615,0.4108,0.127,0.5142,0.5195,0.3588,0.3627
36046,103563,Eastern Mich.,Eagles,0.28738,0.69195,0.40996,65.216,100.04129,110.06008,0.24877,0.15131,0.1381,0.08753,0.06956,2023-24 Men's Basketball,True,0.2483,0.1188,0.6014,0.2433,0.4762,0.2301,0.367,0.206,0.4734,0.5405,0.32055,0.30427,0.3583,0.1028,0.5058,0.5739,0.39142,0.31601
36046,103325,Ball St.,Cardinals,0.28269,0.7256,0.50065,66.486,109.30061,105.4655,0.38528,0.15632,0.15297,0.08113,0.08149,2023-24 Men's Basketball,True,0.2248,0.1339,0.6138,0.2851,0.4255,0.1906,0.3598,0.153,0.4757,0.5384,0.37138,0.36193,0.332,0.1389,0.508,0.5481,0.3531,0.34215
38409,104010,NIU,Huskies,0.19489,0.70636,0.51323,69.585,100.72288,109.1508,0.30168,0.14533,0.15586,0.08745,0.09946,2024-25 Men's Basketball,True,0.2804,0.1609,0.5979,0.2078,0.4496,0.1991,0.3175,0.1145,0.4069,0.5253,0.47857,0.33447,0.3209,0.1204,0.4989,0.532,0.38074,0.36912
30629,103563,Eastern Mich.,Eagles,0.23399,0.71579,0.40153,69.417,97.2324,106.89665,0.30341,0.17247,0.15131,0.08222,0.08095,2021-22 Men's Basketball,True,0.246,0.1331,0.6329,0.288,0.4062,0.179,0.3716,0.1823,0.467,0.546,0.35077,0.30769,0.3347,0.1312,0.5081,0.5453,0.36069,0.35507
38409,104454,Western Mich.,Broncos,0.34279,0.72151,0.46824,68.138,105.75891,111.58344,0.30908,0.13455,0.15068,0.10143,0.06831,2024-25 Men's Basketball,True,0.2633,0.177,0.5937,0.3347,0.4214,0.2107,0.3566,0.1224,0.5454,0.5271,0.33216,0.28701,0.3533,0.0989,0.4914,0.5853,0.40968,0.35302
38409,103367,Bowling Green,Falcons,0.26542,0.72868,0.44049,68.725,106.94754,107.58413,0.3371,0.15528,0.15884,0.1057,0.09551,2024-25 Men's Basketball,True,0.2528,0.1753,0.5759,0.3301,0.437,0.1836,0.3671,0.0851,0.5137,0.5262,0.40118,0.34228,0.4416,0.1051,0.4648,0.5637,0.4301,0.32134
33533,103384,Buffalo,Bulls,0.31949,0.72073,0.51876,72.771,106.1263,106.2974,0.316,0.16556,0.16623,0.10833,0.08186,2022-23 Men's Basketball,True,0.2575,0.197,0.616,0.2995,0.4828,0.2475,0.3524,0.105,0.547,0.5558,0.348,0.32184,0.4093,0.1334,0.5082,0.538,0.35839,0.35057
33533,103325,Ball St.,Cardinals,0.31204,0.72257,0.50178,67.286,113.11265,106.03443,0.42521,0.15578,0.14963,0.08153,0.09809,2022-23 Men's Basketball,True,0.243,0.1419,0.6505,0.335,0.4353,0.1905,0.3265,0.1098,0.5255,0.5725,0.36471,0.36866,0.3543,0.1356,0.5339,0.496,0.33049,0.38288
33533,103900,Miami (OH),RedHawks,0.2757,0.68885,0.53012,68.017,107.86944,109.15087,0.3126,0.1742,0.16817,0.08941,0.08139,2022-23 Men's Basketball,True,0.2668,0.1125,0.6537,0.3115,0.4216,0.158,0.3904,0.1255,0.4695,0.5756,0.40506,0.33967,0.3566,0.1418,0.492,0.5799,0.36614,0.34384
33533,104010,NIU,Huskies,0.25226,0.67502,0.48029,69.838,102.69507,107.0186,0.3326,0.18033,0.16492,0.09259,0.06182,2022-23 Men's Basketball,True,0.275,0.1632,0.6517,0.2814,0.45,0.2313,0.3873,0.1123,0.5127,0.5607,0.375,0.34655,0.4358,0.115,0.5166,0.5393,0.36834,0.32808
36046,103900,Miami (OH),RedHawks,0.23665,0.70393,0.57895,67.194,104.65109,103.81721,0.31743,0.1544,0.15782,0.09328,0.0834,2023-24 Men's Basketball,True,0.2557,0.133,0.6098,0.3158,0.3934,0.1509,0.3469,0.136,0.4667,0.5398,0.39734,0.36173,0.3518,0.1353,0.4995,0.5332,0.36524,0.31186
41097,103367,Bowling Green,Falcons,0.29264,0.74572,0.49294,70.515,114.86378,101.09072,0.37726,0.14023,0.18351,0.13848,0.10857,2025-26 Men's Basketball,True,0.2509,0.2185,0.6468,0.4067,0.3848,0.1907,0.3554,0.0625,0.5974,0.5631,0.34005,0.34498,0.4201,0.0938,0.4889,0.5199,0.41731,0.34043
30629,103900,Miami (OH),RedHawks,0.27304,0.70552,0.50575,67.525,110.57671,107.95924,0.24141,0.13128,0.15858,0.08129,0.09083,2021-22 Men's Basketball,True,0.2345,0.1333,0.6389,0.2308,0.47,0.1601,0.3785,0.1828,0.3909,0.5698,0.42626,0.34597,0.34,0.1328,0.4572,0.5645,0.40998,0.34715
36046,104334,Toledo,Rockets,0.29255,0.71308,0.46739,68.95,115.12748,109.55099,0.35306,0.13322,0.16411,0.10485,0.05338,2023-24 Men's Basketball,True,0.224,0.1868,0.6048,0.3494,0.4614,0.2352,0.3865,0.1303,0.5846,0.5471,0.28505,0.37705,0.388,0.0959,0.5322,0.5935,0.37192,0.34085
38409,103563,Eastern Mich.,Eagles,0.30084,0.68566,0.48019,66.926,109.10964,113.46476,0.33554,0.1667,0.15678,0.10321,0.09802,2024-25 Men's Basketball,True,0.2674,0.1664,0.6388,0.324,0.4063,0.1915,0.4043,0.1038,0.5155,0.5525,0.38079,0.34928,0.3692,0.107,0.503,0.5485,0.39002,0.3699
38409,104037,Ohio,Bobcats,0.24077,0.71263,0.50056,70.155,112.88423,108.24334,0.33003,0.13695,0.15745,0.10172,0.07399,2024-25 Men's Basketball,True,0.2471,0.2185,0.6528,0.3264,0.4227,0.189,0.3937,0.0836,0.5154,0.5684,0.40104,0.35807,0.3544,0.1241,0.5485,0.531,0.3274,0.3712
41097,103384,Buffalo,Bulls,0.27815,0.69549,0.55489,66.107,117.12293,114.35551,0.39425,0.14365,0.15577,0.11305,0.08108,2025-26 Men's Basketball,True,0.2421,0.1155,0.6457,0.2786,0.5016,0.1799,0.329,0.0874,0.4585,0.5892,0.45403,0.38261,0.3714,0.0952,0.4883,0.6024,0.41653,0.34987
41097,104037,Ohio,Bobcats,0.28724,0.67867,0.48869,68.922,112.11465,113.14942,0.36952,0.13512,0.14557,0.08847,0.09127,2025-26 Men's Basketball,True,0.2575,0.1621,0.6506,0.2808,0.5221,0.2239,0.3874,0.1159,0.5047,0.5936,0.37944,0.30812,0.3538,0.1113,0.5444,0.5458,0.34436,0.3628
36046,104454,Western Mich.,Broncos,0.33838,0.70313,0.50483,67.42,104.50192,109.77054,0.31119,0.1645,0.13833,0.07752,0.07286,2023-24 Men's Basketball,True,0.2519,0.1771,0.6513,0.249,0.4043,0.2186,0.3542,0.1417,0.4676,0.5358,0.39069,0.33869,0.3462,0.1212,0.4974,0.5469,0.38135,0.34103
36046,103435,Central Mich.,Chippewas,0.28753,0.69218,0.46076,65.004,99.53192,104.91329,0.27979,0.15388,0.14184,0.08993,0.10475,2023-24 Men's Basketball,True,0.2466,0.1574,0.616,0.2867,0.3833,0.2484,0.3692,0.1138,0.5351,0.508,0.35106,0.30303,0.3553,0.1028,0.4901,0.5005,0.4071,0.31282
33533,104037,Ohio,Bobcats,0.33278,0.71489,0.43598,68.484,114.69924,106.36789,0.27678,0.13784,0.15609,0.0972,0.0616,2022-23 Men's Basketball,True,0.2578,0.1742,0.6067,0.334,0.4236,0.1934,0.3424,0.0892,0.5274,0.5395,0.38342,0.37295,0.361,0.1247,0.4886,0.5498,0.38665,0.34003
38409,104334,Toledo,Rockets,0.30357,0.6951,0.46745,68.208,115.20872,117.06764,0.35414,0.11726,0.13846,0.07893,0.07234,2024-25 Men's Basketball,True,0.2315,0.1481,0.6099,0.3403,0.4548,0.1862,0.4031,0.1892,0.5265,0.555,0.2843,0.33624,0.4031,0.0946,0.5287,0.5773,0.37661,0.38026
33533,103266,Akron,Zips,0.29911,0.74012,0.52488,65.787,112.59785,100.98605,0.33878,0.14505,0.16246,0.09099,0.07226,2022-23 Men's Basketball,True,0.2418,0.1577,0.62,0.3008,0.4205,0.1855,0.3231,0.0685,0.4863,0.5439,0.44521,0.35503,0.3423,0.1591,0.4837,0.5199,0.35718,0.3423
36046,104037,Ohio,Bobcats,0.28806,0.68619,0.51498,66.972,114.12866,103.30187,0.31354,0.12432,0.17111,0.10454,0.09924,2023-24 Men's Basketball,True,0.2514,0.1771,0.6456,0.3181,0.4011,0.1756,0.326,0.0911,0.4937,0.5586,0.4152,0.35636,0.367,0.1145,0.5116,0.5041,0.37395,0.33427
41097,103876,Massachusetts,Minutemen,0.34128,0.7471,0.59096,69.585,112.75389,109.09194,0.36556,0.1542,0.15326,0.09412,0.06698,2025-26 Men's Basketball,True,0.2918,0.1602,0.6161,0.3804,0.4184,0.1663,0.4286,0.1001,0.5466,0.556,0.35323,0.34637,0.3706,0.0904,0.4811,0.5823,0.4285,0.32382
30629,103763,Kent St.,Golden Flashes,0.31184,0.74293,0.49648,66.049,107.89698,98.72373,0.32039,0.15876,0.1776,0.10727,0.11359,2021-22 Men's Basketball,True,0.2743,0.1418,0.6372,0.2697,0.4387,0.19,0.3764,0.1403,0.4596,0.5552,0.4001,0.33247,0.3737,0.1577,0.4043,0.5344,0.43808,0.31258
30629,104334,Toledo,Rockets,0.30369,0.73001,0.51229,69.039,115.74854,99.43213,0.27992,0.12741,0.13634,0.08056,0.07558,2021-22 Men's Basketball,True,0.2181,0.1833,0.6292,0.3775,0.4203,0.1715,0.4266,0.1381,0.549,0.5639,0.31291,0.35392,0.3709,0.128,0.4572,0.501,0.4148,0.3064
41097,104334,Toledo,Rockets,0.30575,0.6728,0.53922,68.659,118.01749,111.50618,0.29655,0.12838,0.15502,0.11203,0.08201,2025-26 Men's Basketball,True,0.216,0.1852,0.6493,0.3215,0.4625,0.2428,0.4468,0.1128,0.5643,0.5689,0.32294,0.36553,0.3276,0.0834,0.5184,0.5915,0.39818,0.33935
30629,103266,Akron,Zips,0.30699,0.74068,0.48005,63.011,111.70759,99.05793,0.38966,0.15582,0.16203,0.0925,0.09242,2021-22 Men's Basketball,True,0.2492,0.141,0.6717,0.2963,0.4167,0.1601,0.3652,0.1278,0.4564,0.5822,0.41579,0.35428,0.3201,0.1497,0.4965,0.5087,0.3538,0.34247
38409,103900,Miami (OH),RedHawks,0.28381,0.71489,0.55838,69.256,115.93732,104.63978,0.27468,0.15229,0.17624,0.11496,0.103,2024-25 Men's Basketball,True,0.2544,0.1553,0.6639,0.2937,0.4407,0.132,0.3985,0.1276,0.4257,0.5947,0.44673,0.39716,0.2979,0.0958,0.498,0.5589,0.40622,0.34128
41097,103900,Miami (OH),RedHawks,0.26487,0.7171,0.51859,70.323,125.58951,105.76393,0.39073,0.12874,0.154,0.10268,0.08427,2025-26 Men's Basketball,True,0.2251,0.1515,0.7256,0.3488,0.4706,0.1174,0.4214,0.0784,0.4662,0.6614,0.45535,0.38678,0.3436,0.1223,0.5052,0.5467,0.37252,0.32573
36046,103367,Bowling Green,Falcons,0.30466,0.75062,0.43424,67.795,106.58543,102.83663,0.35697,0.14212,0.15183,0.09425,0.07229,2023-24 Men's Basketball,True,0.227,0.1707,0.6601,0.3208,0.3635,0.2435,0.323,0.0787,0.5643,0.5321,0.35697,0.29589,0.3798,0.1415,0.5138,0.5144,0.34467,0.36338
36046,103763,Kent St.,Golden Flashes,0.31788,0.71263,0.48989,66.204,110.97894,105.74408,0.32044,0.14908,0.17048,0.10217,0.0778,2023-24 Men's Basketball,True,0.2656,0.1365,0.5977,0.3403,0.3983,0.1731,0.3057,0.0957,0.5134,0.5304,0.39087,0.35787,0.4,0.0894,0.5124,0.5493,0.39821,0.32629
41097,103763,Kent St.,Golden Flashes,0.35304,0.71575,0.5804,70.962,116.64422,110.17303,0.42155,0.15183,0.14338,0.09324,0.09762,2025-26 Men's Basketball,True,0.2716,0.1872,0.6478,0.2871,0.4146,0.176,0.3386,0.0901,0.463,0.5592,0.44683,0.35432,0.364,0.1093,0.4554,0.5421,0.43528,0.34361
30629,104037,Ohio,Bobcats,0.274,0.741,0.49332,67.693,109.35907,100.36892,0.31607,0.13416,0.18488,0.11097,0.07435,2021-22 Men's Basketball,True,0.2101,0.1458,0.6425,0.2989,0.3564,0.1782,0.3099,0.0699,0.4771,0.5356,0.45298,0.33587,0.3987,0.1634,0.4598,0.5623,0.37677,0.31102
33533,104334,Toledo,Rockets,0.30197,0.69282,0.4929,69.379,123.09228,110.82011,0.34799,0.11994,0.15947,0.09777,0.07721,2022-23 Men's Basketball,True,0.2323,0.1704,0.6707,0.3096,0.4559,0.1857,0.414,0.1469,0.4953,0.5902,0.35781,0.39477,0.3657,0.1259,0.4944,0.5589,0.3797,0.3651
41097,103266,Akron,Zips,0.33903,0.70651,0.57309,70.194,125.16257,105.42149,0.27885,0.13223,0.16387,0.10607,0.09137,2025-26 Men's Basketball,True,0.2235,0.1974,0.7118,0.3318,0.4452,0.1392,0.4167,0.0808,0.471,0.633,0.44814,0.37675,0.3333,0.103,0.4579,0.5185,0.43912,0.35332
33533,103763,Kent St.,Golden Flashes,0.31029,0.70277,0.45141,68.178,111.28511,96.25222,0.30827,0.1414,0.19808,0.1293,0.12084,2022-23 Men's Basketball,True,0.2752,0.1498,0.6446,0.3055,0.4073,0.1673,0.3882,0.1429,0.4727,0.5606,0.3844,0.33619,0.3138,0.1245,0.4703,0.5094,0.40521,0.31105
36046,103266,Akron,Zips,0.30556,0.74755,0.49727,65.705,111.65991,100.35093,0.31814,0.14622,0.15327,0.08537,0.08019,2023-24 Men's Basketball,True,0.2525,0.1462,0.6586,0.2671,0.4741,0.2101,0.4115,0.0951,0.4772,0.5774,0.42765,0.32445,0.3828,0.129,0.4987,0.5364,0.37229,0.30311
38409,103266,Akron,Zips,0.32727,0.71276,0.58585,71.066,117.8194,105.24025,0.26106,0.14112,0.15276,0.10669,0.0982,2024-25 Men's Basketball,True,0.2495,0.1911,0.6923,0.2934,0.4197,0.1571,0.3725,0.0903,0.4504,0.5972,0.45929,0.36224,0.3594,0.1302,0.488,0.5413,0.38184,0.31917
38409,103763,Kent St.,Golden Flashes,0.35831,0.72218,0.46947,66.048,110.93983,103.06046,0.30032,0.14566,0.16551,0.11345,0.09739,2024-25 Men's Basketball,True,0.273,0.132,0.6351,0.2613,0.4596,0.2384,0.3214,0.1284,0.4998,0.5514,0.37185,0.31936,0.3198,0.1001,0.4842,0.531,0.41565,0.31418
27693,103706,Howard,Bison,0.22905,0.69388,0.60163,71.921,100.94408,117.90714,0.38869,0.17848,0.1044,0.07234,0.12755,2020-21 Men's Basketball,True,0.2597,0.1557,0.8421,0.2123,0.2778,0.2011,0.4286,0.1564,0.4134,0.5676,0.43017,0.31169,0.32,0.1232,0.4433,0.6222,0.4335,0.375
27693,103963,N.C. Central,Eagles,0.26253,0.67164,0.50751,68.249,97.71652,104.04424,0.32996,0.18455,0.19238,0.10666,0.07863,2020-21 Men's Basketball,True,0.3009,0.1912,0.6202,0.2845,0.3733,0.2052,0.3421,0.156,0.4897,0.5168,0.35431,0.34749,0.3571,0.1571,0.4979,0.5634,0.34502,0.3252
27693,104230,South Carolina St.,Bulldogs,0.26501,0.65976,0.44389,71.158,86.03673,110.39559,0.2759,0.21219,0.19822,0.08269,0.07645,2020-21 Men's Basketball,True,0.2606,0.2157,0.661,0.2088,0.3423,0.1965,0.3103,0.2053,0.4053,0.5066,0.38938,0.29545,0.2656,0.1119,0.4913,0.6157,0.39685,0.38326
27693,103531,Delaware St.,Hornets,0.27034,0.67719,0.46154,75.538,93.10171,112.76036,0.30178,0.19325,0.16598,0.08487,0.09439,2020-21 Men's Basketball,True,0.282,0.2031,0.5691,0.2689,0.4414,0.1213,0.3204,0.1978,0.3902,0.5294,0.41202,0.29178,0.376,0.1335,0.4915,0.563,0.375,0.38177
27693,103615,Florida A&M,Rattlers,0.30556,0.68213,0.53,69.744,94.20195,98.21665,0.2984,0.2097,0.1856,0.09312,0.06757,2020-21 Men's Basketball,True,0.2483,0.1973,0.6205,0.2167,0.4715,0.2144,0.4008,0.28,0.4311,0.5464,0.28889,0.32308,0.2787,0.1286,0.5111,0.5814,0.36038,0.27778
27693,103962,N.C. A&T,Aggies,0.28694,0.65065,0.53172,72.611,98.8973,99.28846,0.36764,0.16583,0.21516,0.11884,0.07216,2020-21 Men's Basketball,True,0.2414,0.2079,0.5843,0.3077,0.3745,0.21,0.3025,0.14,0.5177,0.4992,0.34226,0.32828,0.3082,0.127,0.4843,0.5422,0.3887,0.33333
27693,103949,Morgan St.,Bears,0.34824,0.70798,0.54153,74.433,107.1738,98.07471,0.35925,0.17618,0.20583,0.10577,0.11036,2020-21 Men's Basketball,True,0.3048,0.1935,0.6018,0.2604,0.3131,0.2281,0.3774,0.1221,0.4885,0.467,0.3894,0.40237,0.3148,0.1317,0.4439,0.5495,0.42439,0.29885
27693,103504,Coppin St.,Eagles,0.1851,0.67449,0.54064,77.957,93.40774,101.51241,0.43823,0.1848,0.17482,0.10932,0.0796,2020-21 Men's Basketball,True,0.2187,0.2362,0.6094,0.2922,0.321,0.1233,0.3158,0.0868,0.4155,0.5238,0.49772,0.29664,0.3957,0.1923,0.4149,0.56,0.39281,0.33099
27693,103994,Norfolk St.,Spartans,0.27974,0.70901,0.47937,70.206,104.25554,98.75647,0.36967,0.1579,0.18733,0.0924,0.10296,2020-21 Men's Basketball,True,0.2654,0.1925,0.6218,0.2142,0.4351,0.2358,0.3196,0.1971,0.45,0.524,0.35284,0.37755,0.3478,0.1489,0.3885,0.5238,0.46253,0.32
30629,104365,UMES,Hawks,0.29406,0.71365,0.53249,68.824,94.80407,95.55056,0.30538,0.19014,0.21878,0.14506,0.06839,2021-22 Men's Basketball,True,0.2435,0.1343,0.5371,0.215,0.4011,0.2236,0.2969,0.1572,0.4386,0.4678,0.40418,0.34043,0.3208,0.137,0.4561,0.5609,0.40698,0.34286
30629,103531,Delaware St.,Hornets,0.27569,0.66667,0.42812,69.676,89.6598,105.01985,0.30568,0.21573,0.1717,0.10425,0.12321,2021-22 Men's Basketball,True,0.2538,0.1747,0.5987,0.2295,0.3688,0.2018,0.3333,0.2371,0.4313,0.4911,0.33154,0.31481,0.2948,0.1264,0.4039,0.5208,0.46969,0.35925
30629,103949,Morgan St.,Bears,0.3153,0.71193,0.53696,74.248,100.56409,97.0204,0.32313,0.17622,0.22506,0.11348,0.09907,2021-22 Men's Basketball,True,0.2768,0.1912,0.5556,0.3133,0.3373,0.2262,0.381,0.1687,0.5395,0.464,0.29183,0.23853,0.4217,0.1273,0.4417,0.5139,0.43098,0.37011
30629,103706,Howard,Bison,0.29048,0.67019,0.54545,71.723,106.03534,96.65253,0.35168,0.17576,0.20999,0.11561,0.09083,2021-22 Men's Basketball,True,0.2473,0.2196,0.6336,0.3326,0.3514,0.1326,0.3368,0.1384,0.4652,0.5532,0.39642,0.35805,0.3429,0.1603,0.5298,0.5274,0.30992,0.34236
36046,103504,Coppin St.,Eagles,0.2703,0.61394,0.41026,65.983,86.94321,109.43031,0.31127,0.20302,0.1861,0.11541,0.08044,2023-24 Men's Basketball,True,0.2656,0.1511,0.5769,0.223,0.4088,0.1959,0.2844,0.2387,0.4189,0.4983,0.34239,0.27766,0.3094,0.1245,0.4897,0.5618,0.38583,0.34581
36046,104365,UMES,Hawks,0.29384,0.68462,0.46707,67.038,95.97591,103.89773,0.32452,0.17343,0.171,0.10291,0.07606,2023-24 Men's Basketball,True,0.2569,0.1584,0.5908,0.2329,0.4393,0.2322,0.331,0.1926,0.4651,0.5152,0.34228,0.29804,0.3264,0.1624,0.4742,0.553,0.36345,0.34206
38409,103504,Coppin St.,Eagles,0.26557,0.66844,0.51455,67.95,91.20694,111.96909,0.36253,0.18995,0.1826,0.11925,0.05556,2024-25 Men's Basketball,True,0.2541,0.1696,0.5892,0.3035,0.3805,0.2062,0.2698,0.1691,0.5097,0.5048,0.32117,0.29356,0.4027,0.1353,0.479,0.6062,0.38563,0.36025
41097,103949,Morgan St.,Bears,0.3129,0.6673,0.52667,69.679,107.57087,111.81082,0.41832,0.15253,0.14739,0.07104,0.09137,2025-26 Men's Basketball,True,0.3061,0.2034,0.6242,0.2798,0.3754,0.1792,0.3477,0.1837,0.459,0.5271,0.35726,0.3307,0.4076,0.1383,0.5421,0.5584,0.31958,0.31455
33533,103531,Delaware St.,Hornets,0.30741,0.71673,0.52101,68.431,93.66914,109.41754,0.28638,0.19848,0.17982,0.10101,0.08246,2022-23 Men's Basketball,True,0.2671,0.1635,0.6,0.2623,0.3838,0.1855,0.3316,0.2392,0.4478,0.5105,0.31293,0.31936,0.3371,0.1154,0.4585,0.5474,0.42607,0.4003
38409,103531,Delaware St.,Hornets,0.36207,0.69653,0.48106,70.316,110.95143,104.79268,0.3388,0.14865,0.18164,0.12191,0.07536,2024-25 Men's Basketball,True,0.2562,0.1822,0.6214,0.2573,0.4691,0.2742,0.3677,0.2462,0.5315,0.5428,0.22234,0.36905,0.3333,0.1392,0.4611,0.5925,0.39965,0.3164
33533,103963,N.C. Central,Eagles,0.32932,0.71429,0.53865,68.901,107.92369,94.07634,0.34197,0.18679,0.20887,0.11412,0.09256,2022-23 Men's Basketball,True,0.2717,0.1866,0.6686,0.3243,0.4033,0.1884,0.3843,0.1334,0.5127,0.5711,0.35392,0.36475,0.3065,0.1293,0.5003,0.5494,0.37037,0.30351
30629,103994,Norfolk St.,Spartans,0.31077,0.73,0.4742,69.291,107.16779,92.96875,0.37089,0.17475,0.171,0.0963,0.11201,2021-22 Men's Basketball,True,0.2606,0.1954,0.6413,0.2821,0.4887,0.2141,0.3498,0.1545,0.4962,0.5754,0.34927,0.33532,0.2936,0.1515,0.3871,0.5027,0.46143,0.29669
38409,104365,UMES,Hawks,0.27783,0.68456,0.48916,67.46,99.9393,115.24101,0.34943,0.17165,0.13854,0.07928,0.05606,2024-25 Men's Basketball,True,0.2663,0.1659,0.5991,0.2609,0.4451,0.1989,0.3389,0.173,0.4598,0.5325,0.36724,0.32864,0.3782,0.1539,0.4656,0.6298,0.38053,0.325
33533,104365,UMES,Hawks,0.28585,0.69836,0.53737,69.763,99.56865,94.59482,0.29249,0.18166,0.23476,0.15814,0.0555,2022-23 Men's Basketball,True,0.237,0.1811,0.6311,0.3137,0.3698,0.1557,0.3194,0.1269,0.4694,0.5444,0.40364,0.31441,0.3833,0.1456,0.4869,0.5375,0.36754,0.32461
41097,103504,Coppin St.,Eagles,0.31351,0.65641,0.5142,67.84,96.23464,118.0674,0.37805,0.19192,0.15596,0.09406,0.10711,2025-26 Men's Basketball,True,0.2708,0.1569,0.5945,0.338,0.3439,0.1655,0.3,0.1452,0.5035,0.5121,0.35134,0.30579,0.3402,0.1097,0.4553,0.5814,0.43495,0.37841
33533,104230,South Carolina St.,Bulldogs,0.34653,0.66073,0.51909,72.455,100.43138,114.78503,0.2904,0.17874,0.18569,0.0993,0.08826,2022-23 Men's Basketball,True,0.2819,0.1697,0.5756,0.309,0.3105,0.1795,0.4083,0.1787,0.4885,0.4782,0.33279,0.30049,0.3109,0.1054,0.5146,0.6231,0.37998,0.40559
36046,103963,N.C. Central,Eagles,0.32166,0.67509,0.4836,67.723,112.22103,101.0698,0.39404,0.14891,0.17379,0.11267,0.07352,2023-24 Men's Basketball,True,0.26,0.2093,0.6867,0.2921,0.3904,0.2088,0.3442,0.1261,0.5009,0.5632,0.37302,0.34434,0.316,0.1512,0.4785,0.5525,0.37024,0.28431
36046,103949,Morgan St.,Bears,0.31181,0.64821,0.4619,70.303,102.55051,109.33259,0.30129,0.17618,0.15281,0.08737,0.08605,2023-24 Men's Basketball,True,0.284,0.1754,0.6156,0.3046,0.3983,0.2391,0.2967,0.1806,0.5437,0.5201,0.27579,0.29137,0.3964,0.1104,0.5552,0.5627,0.33433,0.37798
41097,103531,Delaware St.,Hornets,0.28243,0.69841,0.47883,65.021,93.31184,107.53501,0.32132,0.17198,0.17556,0.11694,0.05426,2025-26 Men's Basketball,True,0.262,0.1938,0.587,0.2509,0.3684,0.2418,0.35,0.2182,0.4927,0.4797,0.28909,0.29979,0.3578,0.1277,0.5219,0.5827,0.35044,0.33393
30629,104230,South Carolina St.,Bulldogs,0.35731,0.7292,0.47553,72.469,97.94492,98.9125,0.31182,0.16796,0.18687,0.09076,0.10119,2021-22 Men's Basketball,True,0.2681,0.2058,0.5882,0.2511,0.3178,0.2489,0.2588,0.1793,0.5,0.4536,0.32068,0.30921,0.3028,0.1207,0.485,0.5183,0.39424,0.32865
30629,103963,N.C. Central,Eagles,0.34009,0.7105,0.47466,69.43,103.56345,97.32026,0.36313,0.1897,0.21036,0.12511,0.06957,2021-22 Men's Basketball,True,0.2935,0.1971,0.6478,0.334,0.3965,0.1927,0.3179,0.1318,0.5267,0.5558,0.34145,0.32871,0.2822,0.1509,0.4347,0.5722,0.41449,0.32613
33533,103949,Morgan St.,Bears,0.31727,0.63857,0.55504,72.627,101.94494,98.39025,0.29723,0.1879,0.21769,0.13319,0.11577,2022-23 Men's Basketball,True,0.3126,0.1901,0.5973,0.27,0.343,0.223,0.2982,0.2101,0.4931,0.4822,0.29677,0.35093,0.2975,0.1187,0.5388,0.5792,0.34249,0.30659
30629,103504,Coppin St.,Eagles,0.2008,0.6801,0.49371,72.623,92.17085,102.84236,0.34576,0.17775,0.17507,0.11102,0.08142,2021-22 Men's Basketball,True,0.2291,0.1836,0.6096,0.2516,0.3048,0.1484,0.3286,0.0989,0.4,0.4965,0.50106,0.3103,0.2438,0.1598,0.4234,0.5445,0.41678,0.35816
41097,103994,Norfolk St.,Spartans,0.3382,0.69577,0.44574,68.558,111.44794,107.66464,0.42424,0.1523,0.17146,0.10362,0.09341,2025-26 Men's Basketball,True,0.2853,0.1998,0.6484,0.3755,0.3768,0.191,0.3539,0.1315,0.5666,0.5568,0.30195,0.33692,0.3472,0.1222,0.4536,0.5761,0.42421,0.32533
41097,104230,South Carolina St.,Bulldogs,0.31982,0.63673,0.52869,68.22,98.34844,115.52621,0.40958,0.1842,0.16671,0.1021,0.11293,2025-26 Men's Basketball,True,0.3133,0.1468,0.607,0.258,0.3486,0.1972,0.3525,0.2158,0.4552,0.495,0.32901,0.33733,0.3613,0.0878,0.5343,0.5748,0.3779,0.33883
41097,103963,N.C. Central,Eagles,0.31171,0.6156,0.54786,66.902,106.9688,112.3661,0.38849,0.1553,0.18379,0.13012,0.10492,2025-26 Men's Basketball,True,0.2643,0.1816,0.6435,0.295,0.4034,0.2263,0.3359,0.1417,0.5213,0.5393,0.33702,0.32841,0.375,0.1147,0.4793,0.5685,0.40596,0.35462
38409,103706,Howard,Bison,0.30075,0.6875,0.59368,69.945,109.94254,112.51378,0.36745,0.183,0.14382,0.08026,0.07674,2024-25 Men's Basketball,True,0.2714,0.1771,0.6337,0.3195,0.4042,0.1562,0.4026,0.1257,0.4758,0.5584,0.39848,0.37295,0.4109,0.1438,0.517,0.544,0.33926,0.33898
36046,104230,South Carolina St.,Bulldogs,0.38655,0.6954,0.55485,68.846,101.11395,107.64469,0.36155,0.18001,0.1895,0.11973,0.10326,2023-24 Men's Basketball,True,0.3032,0.1658,0.5826,0.2866,0.3234,0.2402,0.3374,0.1455,0.5268,0.4644,0.32768,0.30518,0.4141,0.0974,0.502,0.5745,0.40059,0.34152
38409,103949,Morgan St.,Bears,0.34676,0.6443,0.43671,71.759,110.15018,111.22628,0.35563,0.15818,0.1546,0.0953,0.11271,2024-25 Men's Basketball,True,0.2563,0.2117,0.6853,0.3149,0.4087,0.2535,0.3892,0.2133,0.5684,0.5619,0.21831,0.34101,0.2903,0.1388,0.5189,0.5532,0.34229,0.35756
33533,103504,Coppin St.,Eagles,0.18699,0.64346,0.46213,71.716,98.85192,114.16882,0.3713,0.18628,0.1586,0.10558,0.06807,2022-23 Men's Basketball,True,0.2703,0.1807,0.6332,0.2894,0.3849,0.1803,0.3188,0.0819,0.4698,0.5379,0.4484,0.33333,0.3755,0.1369,0.4426,0.6019,0.42056,0.33915
41097,104365,UMES,Hawks,0.32875,0.67143,0.5634,63.532,99.3865,109.27691,0.28978,0.20641,0.15829,0.08903,0.08061,2025-26 Men's Basketball,True,0.279,0.1265,0.6146,0.3345,0.4359,0.1812,0.3962,0.151,0.5157,0.5518,0.33333,0.29965,0.3463,0.1188,0.4873,0.5434,0.39397,0.33235
33533,103994,Norfolk St.,Spartans,0.34509,0.70462,0.48402,66.61,112.92321,102.22237,0.37972,0.16707,0.17674,0.10535,0.12642,2022-23 Men's Basketball,True,0.2705,0.165,0.6584,0.2605,0.5256,0.2534,0.3636,0.1232,0.5138,0.5929,0.36299,0.33604,0.3131,0.1308,0.3943,0.5194,0.47494,0.34234
38409,104230,South Carolina St.,Bulldogs,0.36559,0.68881,0.56984,69.942,112.83305,99.93293,0.42939,0.17,0.20328,0.13457,0.09797,2024-25 Men's Basketball,True,0.299,0.1901,0.7012,0.3006,0.3878,0.2035,0.3571,0.1599,0.5042,0.5747,0.33593,0.36167,0.3393,0.1256,0.5387,0.5453,0.33576,0.31052
38409,103963,N.C. Central,Eagles,0.3716,0.64479,0.56831,68.836,112.74924,108.4561,0.38064,0.15805,0.19557,0.11967,0.06475,2024-25 Men's Basketball,True,0.2852,0.1924,0.6749,0.2854,0.4374,0.2442,0.3065,0.1244,0.5296,0.5653,0.34604,0.35072,0.3961,0.1388,0.5253,0.6114,0.33587,0.30956
36046,103531,Delaware St.,Hornets,0.33624,0.69902,0.48531,68.333,101.47791,102.06962,0.39062,0.17958,0.19406,0.12071,0.05739,2023-24 Men's Basketball,True,0.2452,0.1827,0.6689,0.2569,0.3828,0.2402,0.3687,0.2494,0.4971,0.5306,0.25345,0.31519,0.3013,0.1353,0.4595,0.5386,0.4052,0.36589
33533,103706,Howard,Bison,0.34144,0.68811,0.55996,70.509,106.35498,102.64023,0.33317,0.19692,0.18765,0.10186,0.08489,2022-23 Men's Basketball,True,0.2401,0.1863,0.6377,0.3536,0.3799,0.1771,0.2873,0.0974,0.5307,0.5517,0.37191,0.37482,0.3379,0.1574,0.4801,0.5515,0.36251,0.3437
36046,103994,Norfolk St.,Spartans,0.3257,0.69341,0.48018,66.823,111.11252,100.71703,0.39838,0.15456,0.19621,0.13112,0.10547,2023-24 Men's Basketball,True,0.2764,0.1714,0.6598,0.2619,0.4713,0.2619,0.337,0.1449,0.5239,0.5656,0.33119,0.33874,0.2879,0.113,0.4281,0.5133,0.4589,0.33582
41097,103706,Howard,Bison,0.36395,0.69767,0.61463,68.345,113.38828,100.8081,0.44272,0.16238,0.18492,0.12132,0.0969,2025-26 Men's Basketball,True,0.2779,0.2088,0.588,0.3752,0.4388,0.1676,0.37,0.1136,0.5428,0.5419,0.34367,0.35517,0.3223,0.1412,0.5101,0.5396,0.34868,0.30861
38409,103994,Norfolk St.,Spartans,0.32874,0.67621,0.5,66.649,114.7535,103.85702,0.38326,0.15743,0.16649,0.10446,0.09083,2024-25 Men's Basketball,True,0.2648,0.1845,0.6981,0.3475,0.446,0.2194,0.3699,0.1473,0.5668,0.6005,0.28593,0.32628,0.3103,0.1596,0.4192,0.5358,0.42121,0.33492
36046,103706,Howard,Bison,0.34438,0.69798,0.55876,67.867,108.87111,107.91646,0.4177,0.1913,0.15238,0.08779,0.07169,2023-24 Men's Basketball,True,0.2732,0.1475,0.5931,0.3449,0.3763,0.1561,0.335,0.1088,0.5011,0.5255,0.3901,0.37238,0.3251,0.1472,0.5268,0.5479,0.32605,0.33493
27693,104019,Northwestern,Wildcats,0.21713,0.74762,0.5799,67.976,102.27939,101.97607,0.27033,0.15328,0.16442,0.09003,0.08025,2020-21 Men's Basketball,True,0.2573,0.1662,0.6189,0.2639,0.4292,0.1512,0.3425,0.1812,0.4151,0.5498,0.40371,0.35336,0.3904,0.1665,0.4069,0.5458,0.42659,0.33048
27693,104078,Penn St.,Nittany Lions,0.31904,0.75248,0.5259,68.088,105.62872,106.15221,0.27849,0.13982,0.1774,0.11424,0.06852,2020-21 Men's Basketball,True,0.2594,0.1813,0.5831,0.2734,0.3478,0.1325,0.348,0.1748,0.4059,0.5063,0.41933,0.3374,0.2952,0.1187,0.4971,0.5971,0.38412,0.34451
27693,103977,Nebraska,Huskers,0.23483,0.71623,0.54993,71.635,97.21539,103.13375,0.3111,0.17245,0.15805,0.09964,0.09607,2020-21 Men's Basketball,True,0.2433,0.1664,0.592,0.3286,0.3502,0.1602,0.306,0.0835,0.4888,0.5128,0.42768,0.33236,0.3776,0.1429,0.4001,0.563,0.45702,0.31128
27693,103730,Indiana,Hoosiers,0.25496,0.72603,0.57492,65.742,102.69762,102.20651,0.41457,0.15279,0.15744,0.08534,0.1051,2020-21 Men's Basketball,True,0.2615,0.1542,0.6561,0.2927,0.3805,0.2576,0.3037,0.1265,0.5503,0.5271,0.32318,0.32377,0.3366,0.1313,0.4925,0.5198,0.37622,0.33333
27693,104155,Rutgers,Scarlet Knights,0.27694,0.70316,0.51822,66.956,102.96721,100.52446,0.27119,0.14792,0.16424,0.11306,0.13859,2020-21 Men's Basketball,True,0.2602,0.1884,0.6667,0.3396,0.3531,0.1731,0.3701,0.1538,0.5127,0.5608,0.33354,0.31216,0.3059,0.1582,0.4864,0.5191,0.35546,0.32286
27693,103903,Michigan St.,Spartans,0.30491,0.73663,0.63702,67.462,102.45789,104.93501,0.31315,0.16365,0.1351,0.06589,0.12256,2020-21 Men's Basketball,True,0.2921,0.1735,0.5788,0.2599,0.4324,0.181,0.4039,0.2196,0.441,0.5187,0.33945,0.32072,0.3547,0.144,0.5188,0.5148,0.33723,0.32117
27693,103902,Michigan,Wolverines,0.2963,0.75309,0.57458,66.073,114.2435,98.046,0.3035,0.14814,0.13005,0.06411,0.10112,2020-21 Men's Basketball,True,0.2218,0.1311,0.6915,0.3023,0.4242,0.2272,0.3649,0.132,0.5294,0.5768,0.33855,0.38078,0.3176,0.2002,0.4817,0.4707,0.31802,0.32222
27693,103257,Purdue,Boilermakers,0.32811,0.75742,0.55882,65.201,107.98525,101.41601,0.31704,0.16139,0.14975,0.07696,0.11356,2020-21 Men's Basketball,True,0.2668,0.1136,0.6024,0.3152,0.4482,0.2055,0.3889,0.1015,0.5207,0.5415,0.37782,0.33333,0.3893,0.1545,0.392,0.5396,0.45345,0.31844
27693,103921,Minnesota,Golden Gophers,0.29185,0.6865,0.56676,69.292,103.31819,104.30077,0.36734,0.13455,0.16582,0.09016,0.11395,2020-21 Men's Basketball,True,0.2644,0.1586,0.5932,0.2781,0.3447,0.1472,0.3654,0.1678,0.4253,0.5072,0.40691,0.28356,0.3826,0.1533,0.5296,0.5121,0.31707,0.35165
30629,103921,Minnesota,Golden Gophers,0.17722,0.72495,0.50941,64.402,103.17354,106.56132,0.23602,0.12829,0.13979,0.08239,0.07274,2021-22 Men's Basketball,True,0.2168,0.1121,0.5711,0.2772,0.3864,0.1295,0.4194,0.219,0.4067,0.5123,0.37434,0.36792,0.3607,0.1397,0.514,0.5579,0.34631,0.33719
27693,103871,Maryland,Terrapins,0.20417,0.74071,0.55113,64.657,106.51724,101.47825,0.32885,0.1548,0.14766,0.07721,0.09952,2020-21 Men's Basketball,True,0.2269,0.1262,0.6965,0.28,0.4031,0.1577,0.3632,0.1296,0.4377,0.5908,0.43276,0.35734,0.2685,0.1446,0.4378,0.5193,0.41756,0.34501
38409,104078,Penn St.,Nittany Lions,0.28614,0.70865,0.57809,69.609,113.63056,105.19631,0.37946,0.15514,0.17542,0.11608,0.1125,2024-25 Men's Basketball,True,0.2373,0.1859,0.642,0.4146,0.4034,0.1618,0.3784,0.0619,0.5765,0.575,0.36161,0.34259,0.3518,0.1096,0.5074,0.5472,0.38292,0.35252
27693,103734,Iowa,Hawkeyes,0.30803,0.709,0.64355,69.662,119.6825,104.00156,0.31973,0.11617,0.13909,0.07962,0.11634,2020-21 Men's Basketball,True,0.2126,0.173,0.6474,0.3269,0.3951,0.1458,0.3775,0.127,0.4727,0.5696,0.40031,0.38344,0.3615,0.1479,0.4575,0.5,0.39461,0.3481
38409,104424,Washington,Huskies,0.27561,0.72004,0.50635,67.205,105.65838,111.37221,0.35178,0.15425,0.15278,0.09537,0.10545,2024-25 Men's Basketball,True,0.2709,0.1356,0.6321,0.3162,0.3734,0.2163,0.3744,0.1101,0.5325,0.527,0.35743,0.34439,0.3694,0.1525,0.4952,0.5805,0.35231,0.3538
27693,104500,Wisconsin,Badgers,0.2377,0.74857,0.53977,64.356,107.75052,99.59589,0.26246,0.12203,0.15485,0.08703,0.10714,2020-21 Men's Basketball,True,0.2486,0.0966,0.6529,0.2281,0.3528,0.1899,0.345,0.1733,0.4181,0.5166,0.40864,0.3645,0.2922,0.1783,0.4864,0.5298,0.33526,0.33506
33533,103921,Minnesota,Golden Gophers,0.25,0.69203,0.63056,64.366,96.89533,109.47333,0.30769,0.17509,0.12792,0.0713,0.09718,2022-23 Men's Basketball,True,0.2396,0.0895,0.6629,0.3209,0.4,0.1292,0.2716,0.1947,0.4501,0.5874,0.35517,0.32487,0.3205,0.1261,0.5614,0.5288,0.3125,0.35862
30629,104078,Penn St.,Nittany Lions,0.28614,0.7594,0.4973,61.559,103.70612,104.32742,0.21787,0.16324,0.12245,0.08483,0.06198,2021-22 Men's Basketball,True,0.2475,0.0891,0.6304,0.2956,0.3574,0.1536,0.3645,0.125,0.4492,0.5371,0.42582,0.34156,0.3472,0.2068,0.4141,0.5104,0.37909,0.35152
27693,104041,Ohio St.,Buckeyes,0.29327,0.72999,0.49573,66.13,115.28692,106.22591,0.37178,0.13668,0.12992,0.06755,0.09634,2020-21 Men's Basketball,True,0.2753,0.129,0.6444,0.2928,0.4116,0.1646,0.4052,0.1506,0.4574,0.5606,0.39194,0.36,0.331,0.1543,0.4596,0.5209,0.38605,0.33855
27693,103720,Illinois,Fighting Illini,0.32207,0.77872,0.55666,69.776,114.05863,97.20335,0.37933,0.15957,0.14408,0.08022,0.06894,2020-21 Men's Basketball,True,0.2508,0.173,0.6948,0.3711,0.4076,0.1875,0.3784,0.1424,0.5585,0.5984,0.29907,0.37316,0.3419,0.2077,0.4666,0.4989,0.32568,0.32951
30629,104019,Northwestern,Wildcats,0.25579,0.75257,0.59466,67.488,106.40387,101.98214,0.25622,0.12447,0.17481,0.09466,0.10661,2021-22 Men's Basketball,True,0.2566,0.1394,0.5899,0.3086,0.375,0.1535,0.354,0.1509,0.4621,0.5185,0.38693,0.34718,0.385,0.1309,0.4554,0.4949,0.41367,0.36835
41097,104078,Penn St.,Nittany Lions,0.25926,0.68854,0.48276,66.062,111.54332,120.10538,0.33816,0.14047,0.15626,0.10483,0.05187,2025-26 Men's Basketball,True,0.2347,0.1698,0.6378,0.3538,0.4777,0.1621,0.4086,0.1036,0.5159,0.5875,0.3805,0.32357,0.3933,0.0967,0.469,0.6257,0.43424,0.38798
41097,104055,Oregon,Ducks,0.3234,0.67701,0.59021,64.874,108.77732,113.52763,0.34962,0.15206,0.13649,0.09344,0.11688,2025-26 Men's Basketball,True,0.2388,0.1245,0.6069,0.3002,0.428,0.1487,0.3482,0.1229,0.449,0.5477,0.4281,0.32051,0.4211,0.1326,0.4461,0.5427,0.42136,0.33376
36046,104155,Rutgers,Scarlet Knights,0.30247,0.6868,0.50267,67.38,96.64681,98.35615,0.32901,0.14197,0.18735,0.11411,0.15335,2023-24 Men's Basketball,True,0.2498,0.1737,0.5814,0.2901,0.3461,0.2174,0.3097,0.1759,0.5075,0.4806,0.31655,0.28689,0.3286,0.1168,0.4889,0.4915,0.39433,0.32722
38409,103730,Indiana,Hoosiers,0.31498,0.71856,0.58439,67.633,109.95561,106.08944,0.3307,0.1455,0.14432,0.08578,0.092,2024-25 Men's Basketball,True,0.2444,0.1518,0.7063,0.3186,0.3581,0.1909,0.3654,0.1583,0.5095,0.5759,0.33228,0.3212,0.3609,0.1397,0.4711,0.5452,0.38918,0.32659
30629,104041,Ohio St.,Buckeyes,0.29328,0.71341,0.4884,63.714,113.34571,105.41297,0.33391,0.1521,0.1341,0.06963,0.12762,2021-22 Men's Basketball,True,0.2555,0.1076,0.6947,0.2391,0.4799,0.2,0.3902,0.1649,0.4391,0.5969,0.39598,0.3643,0.3381,0.1495,0.4909,0.4951,0.35968,0.33782
30629,103871,Maryland,Terrapins,0.27297,0.72383,0.47089,66.096,106.49365,106.16526,0.33882,0.14936,0.14159,0.09596,0.08748,2021-22 Men's Basketball,True,0.2276,0.1503,0.6287,0.2982,0.3906,0.1979,0.3554,0.1327,0.4962,0.5337,0.37116,0.32644,0.3586,0.1592,0.4521,0.5249,0.38869,0.3558
41097,103730,Indiana,Hoosiers,0.26864,0.7075,0.62544,64.849,119.12472,109.9796,0.34969,0.13576,0.13231,0.0709,0.0742,2025-26 Men's Basketball,True,0.2787,0.1274,0.7068,0.2967,0.4473,0.1322,0.4492,0.0658,0.4289,0.6268,0.5053,0.34658,0.3493,0.1593,0.473,0.5317,0.3677,0.33086
36046,103902,Michigan,Wolverines,0.30631,0.69588,0.48251,67.53,106.75669,115.63022,0.32049,0.16257,0.1195,0.06071,0.08514,2023-24 Men's Basketball,True,0.2511,0.1185,0.6291,0.2611,0.3881,0.1889,0.4088,0.1701,0.45,0.5279,0.37988,0.35915,0.3345,0.1429,0.5307,0.5659,0.32646,0.36055
30629,104155,Rutgers,Scarlet Knights,0.29566,0.73046,0.58838,64.357,104.79929,101.78727,0.26239,0.15127,0.15706,0.10769,0.11743,2021-22 Men's Basketball,True,0.2411,0.1488,0.6673,0.2899,0.4106,0.1929,0.3244,0.201,0.4828,0.5647,0.31627,0.33901,0.2594,0.1472,0.456,0.5388,0.39679,0.33891
33533,103977,Nebraska,Huskers,0.24696,0.71697,0.51038,66.181,101.12197,103.95804,0.28156,0.16792,0.15342,0.08192,0.07215,2022-23 Men's Basketball,True,0.2102,0.1237,0.6616,0.3335,0.3974,0.2123,0.3782,0.0872,0.5458,0.5589,0.36704,0.32572,0.3529,0.1662,0.3973,0.5479,0.43644,0.3408
38409,104155,Rutgers,Scarlet Knights,0.30782,0.6775,0.47746,68.063,111.00866,111.77423,0.36204,0.13439,0.15077,0.10108,0.10246,2024-25 Men's Basketball,True,0.2463,0.1761,0.6439,0.2723,0.4555,0.2027,0.3628,0.1635,0.475,0.5635,0.36153,0.32953,0.3527,0.1145,0.5089,0.5683,0.3766,0.35142
41097,104240,Southern California,Trojans,0.33272,0.68542,0.57176,69.128,111.51504,110.5839,0.44068,0.15039,0.14342,0.08991,0.15287,2025-26 Men's Basketball,True,0.2651,0.1519,0.6472,0.3273,0.4435,0.1827,0.3608,0.1541,0.5101,0.5742,0.33581,0.31388,0.4219,0.1285,0.4659,0.5409,0.40562,0.31559
38409,103921,Minnesota,Golden Gophers,0.30197,0.69359,0.61307,62.678,106.51064,109.1025,0.31451,0.14405,0.14196,0.09475,0.12851,2024-25 Men's Basketball,True,0.2743,0.1108,0.6228,0.345,0.3824,0.1506,0.3626,0.1451,0.4956,0.5497,0.35936,0.32203,0.3619,0.1174,0.5394,0.5202,0.34321,0.34528
30629,103977,Nebraska,Huskers,0.20596,0.68552,0.49038,70.63,101.76613,109.05684,0.33333,0.15752,0.15814,0.0995,0.07214,2021-22 Men's Basketball,True,0.2412,0.1565,0.629,0.3536,0.3986,0.1579,0.3411,0.1141,0.5115,0.5579,0.3744,0.31909,0.309,0.1424,0.454,0.5752,0.40356,0.34681
38409,104041,Ohio St.,Buckeyes,0.2891,0.69487,0.48064,66.696,115.46082,107.72376,0.35828,0.13794,0.14735,0.09555,0.09957,2024-25 Men's Basketball,True,0.2868,0.1131,0.6764,0.2919,0.4569,0.1847,0.3116,0.1465,0.4766,0.5913,0.37686,0.36761,0.3618,0.1329,0.4911,0.5413,0.37601,0.3046
36046,103730,Indiana,Hoosiers,0.2698,0.70343,0.57338,67.952,106.40323,109.34649,0.37662,0.1566,0.12945,0.0764,0.11233,2023-24 Men's Basketball,True,0.2494,0.1488,0.6976,0.3382,0.4212,0.2403,0.3383,0.1439,0.5785,0.5828,0.2776,0.32359,0.3745,0.1326,0.4555,0.5027,0.41182,0.34258
30629,104500,Wisconsin,Badgers,0.26014,0.75579,0.44785,65.633,106.56147,100.51314,0.32418,0.1151,0.1526,0.0805,0.0781,2021-22 Men's Basketball,True,0.2558,0.1014,0.6528,0.2491,0.4176,0.2232,0.3344,0.1673,0.4723,0.5417,0.36044,0.30603,0.3783,0.1824,0.4818,0.5327,0.33583,0.32484
41097,103871,Maryland,Terrapins,0.3381,0.70926,0.45157,65.189,106.51134,117.02355,0.36368,0.15839,0.13206,0.07267,0.09091,2025-26 Men's Basketball,True,0.2755,0.1232,0.6089,0.2737,0.3166,0.1379,0.4,0.1198,0.4116,0.511,0.46858,0.31705,0.3878,0.1046,0.4653,0.578,0.4301,0.36352
38409,103734,Iowa,Hawkeyes,0.25132,0.67782,0.59842,70.148,117.1424,113.18314,0.25956,0.1231,0.15555,0.09406,0.11049,2024-25 Men's Basketball,True,0.2191,0.206,0.6748,0.3186,0.4749,0.1448,0.3946,0.1264,0.4634,0.6123,0.41017,0.38017,0.3316,0.096,0.5157,0.6049,0.38834,0.34426
36046,104078,Penn St.,Nittany Lions,0.26802,0.67844,0.48829,68.701,108.47888,106.02738,0.35315,0.13969,0.18101,0.12005,0.08833,2023-24 Men's Basketball,True,0.2642,0.1432,0.6196,0.3193,0.3818,0.1691,0.3718,0.1199,0.4885,0.5373,0.39159,0.33377,0.4237,0.125,0.5466,0.5484,0.32839,0.30323
30629,103720,Illinois,Fighting Illini,0.331,0.73416,0.58053,66.53,111.0253,100.26633,0.32,0.15668,0.13639,0.07699,0.07112,2021-22 Men's Basketball,True,0.2432,0.1211,0.6388,0.3049,0.3851,0.1538,0.3575,0.1148,0.4587,0.5538,0.42649,0.35932,0.3539,0.2215,0.4825,0.4969,0.2959,0.31966
41097,103921,Minnesota,Golden Gophers,0.26756,0.70455,0.71049,61.66,111.23038,109.82117,0.35785,0.14792,0.14735,0.10133,0.08201,2025-26 Men's Basketball,True,0.2328,0.128,0.6782,0.3185,0.4177,0.1442,0.313,0.0666,0.4627,0.597,0.47076,0.34194,0.3512,0.1321,0.4536,0.5668,0.4143,0.34651
33533,103734,Iowa,Hawkeyes,0.32149,0.72621,0.57492,68.448,115.65206,107.86021,0.32306,0.12049,0.16222,0.09435,0.08346,2022-23 Men's Basketball,True,0.2137,0.2003,0.643,0.3452,0.3902,0.1666,0.339,0.1136,0.5118,0.5607,0.37458,0.34062,0.3831,0.1488,0.5283,0.5654,0.32291,0.36562
41097,104424,Washington,Huskies,0.34568,0.71465,0.49408,66.271,115.06445,109.86507,0.30064,0.13122,0.12621,0.0855,0.11193,2025-26 Men's Basketball,True,0.2519,0.1536,0.6706,0.2903,0.4332,0.2435,0.4057,0.1203,0.5338,0.5623,0.34598,0.31481,0.3933,0.1515,0.4667,0.5346,0.38182,0.33598
33533,103720,Illinois,Fighting Illini,0.31579,0.73256,0.46796,68.156,107.79413,97.41916,0.34275,0.15982,0.16377,0.10076,0.13829,2022-23 Men's Basketball,True,0.2458,0.1842,0.6948,0.3232,0.4018,0.1675,0.3161,0.0894,0.4908,0.5948,0.41984,0.30722,0.3343,0.1763,0.5191,0.491,0.30455,0.33447
36046,103871,Maryland,Terrapins,0.31693,0.70896,0.46997,64.862,105.23098,100.42675,0.40831,0.15034,0.16575,0.10071,0.11677,2023-24 Men's Basketball,True,0.2661,0.1383,0.6151,0.3139,0.4094,0.2055,0.2615,0.1052,0.5194,0.5337,0.3754,0.28879,0.3459,0.1742,0.5249,0.4937,0.30082,0.32787
38409,104019,Northwestern,Wildcats,0.31174,0.69916,0.55814,64.59,110.45606,105.46474,0.31317,0.12908,0.17416,0.10521,0.10652,2024-25 Men's Basketball,True,0.269,0.1071,0.6028,0.2942,0.4488,0.185,0.3725,0.1789,0.4792,0.5433,0.34188,0.33283,0.3882,0.1322,0.4752,0.5235,0.39264,0.33807
38409,104360,UCLA,Bruins,0.32708,0.70161,0.61056,64.71,114.62947,100.76667,0.32347,0.13819,0.20216,0.12526,0.11031,2024-25 Men's Basketball,True,0.2665,0.1268,0.6856,0.2061,0.4988,0.2128,0.4057,0.2163,0.4189,0.5907,0.3648,0.35245,0.3128,0.1195,0.43,0.5613,0.45042,0.3283
30629,103902,Michigan,Wolverines,0.30974,0.75952,0.52626,65.997,110.07586,105.1737,0.29382,0.15196,0.13214,0.0711,0.08615,2021-22 Men's Basketball,True,0.23,0.1332,0.6788,0.2816,0.4292,0.2345,0.4088,0.1625,0.5161,0.5653,0.32141,0.33863,0.4044,0.181,0.4707,0.5421,0.34837,0.32374
36046,103734,Iowa,Hawkeyes,0.2743,0.69714,0.59122,71.264,116.24688,111.02461,0.33055,0.11702,0.14426,0.0955,0.09897,2023-24 Men's Basketball,True,0.2365,0.2144,0.6734,0.3213,0.4189,0.1917,0.3951,0.188,0.513,0.5783,0.29898,0.35093,0.3284,0.0951,0.5454,0.5473,0.35951,0.35789
36046,103921,Minnesota,Golden Gophers,0.30707,0.71164,0.64615,66.49,112.3856,107.71389,0.34715,0.15497,0.14104,0.09439,0.10791,2023-24 Men's Basketball,True,0.2411,0.1401,0.67,0.358,0.3524,0.1176,0.3822,0.1342,0.4756,0.5915,0.39016,0.35591,0.3361,0.1221,0.5733,0.5209,0.30465,0.35961
41097,104019,Northwestern,Wildcats,0.28116,0.65291,0.65843,63.666,114.47152,112.6304,0.33904,0.11569,0.15036,0.09048,0.10558,2025-26 Men's Basketball,True,0.268,0.159,0.654,0.3131,0.4527,0.1752,0.3795,0.1721,0.4883,0.5817,0.33955,0.32977,0.3491,0.1106,0.4875,0.5535,0.40188,0.33377
33533,104019,Northwestern,Wildcats,0.28525,0.72281,0.54182,63.667,105.61296,97.86282,0.29675,0.12814,0.18734,0.12198,0.12715,2022-23 Men's Basketball,True,0.2517,0.1182,0.5823,0.2871,0.3757,0.1717,0.3333,0.1311,0.4588,0.505,0.41006,0.32094,0.284,0.1427,0.4375,0.5292,0.41977,0.3373
33533,104155,Rutgers,Scarlet Knights,0.32111,0.72017,0.59054,64.974,104.52196,93.42268,0.28181,0.14644,0.19137,0.13394,0.1237,2022-23 Men's Basketball,True,0.244,0.1546,0.6271,0.3226,0.3645,0.2018,0.3352,0.1735,0.5244,0.5261,0.30219,0.32072,0.3321,0.1412,0.4291,0.5151,0.42965,0.3074
41097,104155,Rutgers,Scarlet Knights,0.2969,0.67201,0.50121,65.159,107.0606,114.33787,0.36267,0.13015,0.14862,0.09244,0.09599,2025-26 Men's Basketball,True,0.2523,0.1426,0.6033,0.2473,0.3881,0.1877,0.3764,0.2231,0.435,0.5105,0.34193,0.32396,0.348,0.1268,0.481,0.5749,0.39219,0.35576
36046,103977,Nebraska,Huskers,0.27627,0.69737,0.57127,68.003,113.06422,103.13956,0.32623,0.14049,0.13903,0.09127,0.07114,2023-24 Men's Basketball,True,0.2305,0.1502,0.6516,0.2519,0.4131,0.2112,0.4526,0.0942,0.4631,0.5428,0.44274,0.35722,0.3148,0.1428,0.4429,0.4968,0.41433,0.32542
41097,104041,Ohio St.,Buckeyes,0.30388,0.69983,0.52564,64.828,121.026,110.74979,0.37231,0.13622,0.13669,0.07394,0.07021,2025-26 Men's Basketball,True,0.2666,0.1179,0.6821,0.2937,0.5289,0.1993,0.3941,0.1064,0.4929,0.6202,0.40063,0.35733,0.388,0.1278,0.4693,0.5545,0.40286,0.31853
33533,103903,Michigan St.,Spartans,0.27608,0.74814,0.56542,64.145,108.94726,104.33813,0.2716,0.14531,0.13095,0.07222,0.08423,2022-23 Men's Basketball,True,0.2517,0.1438,0.6055,0.2413,0.4216,0.2001,0.4032,0.2284,0.4414,0.5221,0.33025,0.39252,0.3231,0.1321,0.4832,0.531,0.38465,0.32365
36046,104019,Northwestern,Wildcats,0.25732,0.72171,0.59417,63.444,113.48503,106.88442,0.29235,0.11942,0.16753,0.10872,0.09464,2023-24 Men's Basketball,True,0.2723,0.0902,0.5897,0.2872,0.4345,0.2102,0.3787,0.1388,0.4974,0.5241,0.36378,0.3899,0.3605,0.1303,0.4961,0.5547,0.3736,0.34431
33533,103902,Michigan,Wolverines,0.25619,0.74236,0.46102,66.176,108.45226,102.92963,0.30843,0.13585,0.12731,0.06859,0.11393,2022-23 Men's Basketball,True,0.2292,0.1222,0.6842,0.2382,0.3969,0.1921,0.4082,0.1966,0.4303,0.5559,0.37312,0.35081,0.3315,0.1754,0.4868,0.5341,0.33782,0.31721
33533,103730,Indiana,Hoosiers,0.28133,0.71024,0.53622,67.077,111.03197,102.03397,0.29452,0.14829,0.14227,0.0867,0.13647,2022-23 Men's Basketball,True,0.2541,0.1695,0.6831,0.3366,0.4396,0.2148,0.3512,0.1825,0.5514,0.5883,0.26614,0.36765,0.3024,0.1396,0.4827,0.498,0.37764,0.33418
33533,103871,Maryland,Terrapins,0.3,0.71872,0.46172,63.153,109.99622,100.16869,0.34286,0.1441,0.16239,0.0862,0.10061,2022-23 Men's Basketball,True,0.2524,0.1378,0.6135,0.3226,0.4623,0.2068,0.3265,0.1018,0.5294,0.5545,0.36883,0.32817,0.3505,0.1731,0.5078,0.516,0.31904,0.32295
33533,103257,Purdue,Boilermakers,0.38359,0.7649,0.61312,62.783,115.31623,99.58098,0.3719,0.14693,0.13684,0.07443,0.0987,2022-23 Men's Basketball,True,0.2172,0.099,0.661,0.3048,0.4397,0.2185,0.3833,0.093,0.5232,0.5686,0.38378,0.32167,0.3756,0.2026,0.4427,0.5167,0.35474,0.31337
36046,103903,Michigan St.,Spartans,0.29789,0.71476,0.58799,65.042,111.66096,101.19959,0.29252,0.13094,0.16325,0.10906,0.11661,2023-24 Men's Basketball,True,0.2543,0.1712,0.6541,0.2838,0.4475,0.2128,0.3512,0.1992,0.4966,0.5656,0.30418,0.36262,0.3423,0.1342,0.4505,0.5132,0.41538,0.32671
41097,103903,Michigan St.,Spartans,0.37826,0.77606,0.67635,65.33,119.76272,103.86962,0.35879,0.14618,0.13472,0.07778,0.13539,2025-26 Men's Basketball,True,0.2435,0.175,0.6771,0.2653,0.4925,0.1968,0.3634,0.1738,0.4621,0.5985,0.36417,0.3629,0.3,0.1055,0.4327,0.5285,0.46181,0.32971
38409,103720,Illinois,Fighting Illini,0.35782,0.74214,0.5169,70.556,117.688,105.30402,0.34393,0.13725,0.10917,0.06013,0.09211,2024-25 Men's Basketball,True,0.2279,0.1232,0.7109,0.2866,0.4145,0.1729,0.3987,0.0685,0.4595,0.5994,0.47201,0.31309,0.3701,0.1775,0.517,0.4924,0.30548,0.33618
33533,104041,Ohio St.,Buckeyes,0.31516,0.71417,0.43249,64.686,111.30619,105.86806,0.26559,0.14062,0.13833,0.07912,0.10193,2022-23 Men's Basketball,True,0.2513,0.1293,0.6588,0.2671,0.4212,0.2071,0.3939,0.2091,0.4742,0.555,0.31676,0.36769,0.3836,0.1491,0.4839,0.5263,0.36706,0.32091
41097,103977,Nebraska,Huskers,0.26672,0.72604,0.65935,65.499,116.68275,100.26747,0.26178,0.12898,0.16577,0.10787,0.08739,2025-26 Men's Basketball,True,0.2162,0.1243,0.6824,0.2875,0.4551,0.1462,0.3772,0.0554,0.4337,0.6058,0.51093,0.35456,0.3684,0.1128,0.3859,0.5449,0.50124,0.30503
38409,104240,Southern California,Trojans,0.27855,0.69767,0.56531,67.399,113.01469,109.89995,0.35544,0.15875,0.15666,0.09332,0.08664,2024-25 Men's Basketball,True,0.2601,0.1299,0.6645,0.3124,0.4427,0.1899,0.4392,0.1499,0.5023,0.5806,0.34785,0.36536,0.3604,0.1405,0.4727,0.5851,0.38679,0.32991
30629,103730,Indiana,Hoosiers,0.27103,0.74763,0.56589,66.442,105.43017,98.53764,0.33501,0.15362,0.15712,0.08394,0.14072,2021-22 Men's Basketball,True,0.2591,0.1433,0.6874,0.3234,0.3675,0.2012,0.3313,0.164,0.5246,0.5647,0.31137,0.33279,0.3176,0.1477,0.4516,0.4796,0.4007,0.33001
38409,104055,Oregon,Ducks,0.30461,0.70942,0.52904,67.221,112.66021,104.29164,0.32961,0.14344,0.15235,0.10493,0.09916,2024-25 Men's Basketball,True,0.2393,0.1518,0.6496,0.3034,0.4129,0.1811,0.4234,0.133,0.4845,0.5611,0.38252,0.34391,0.3668,0.137,0.4846,0.5342,0.37838,0.31704
38409,103977,Nebraska,Huskers,0.27052,0.71507,0.53448,67.654,110.75352,105.79875,0.35479,0.14407,0.15414,0.10441,0.08988,2024-25 Men's Basketball,True,0.2274,0.1331,0.6563,0.3174,0.4062,0.1912,0.3843,0.1061,0.5086,0.5623,0.38526,0.33546,0.3534,0.1176,0.4237,0.544,0.45867,0.33883
41097,104500,Wisconsin,Badgers,0.29116,0.71776,0.5726,67.24,121.65737,111.60304,0.31506,0.11271,0.12594,0.08169,0.08576,2025-26 Men's Basketball,True,0.2498,0.1565,0.6382,0.2916,0.4126,0.1317,0.3884,0.0557,0.4233,0.568,0.52096,0.36163,0.4,0.1284,0.4652,0.5552,0.40635,0.33448
33533,104500,Wisconsin,Badgers,0.22602,0.7509,0.48857,62.046,102.96899,100.3091,0.24988,0.11949,0.1645,0.09355,0.04388,2022-23 Men's Basketball,True,0.2499,0.0856,0.6203,0.2758,0.381,0.2095,0.2311,0.1122,0.4853,0.517,0.40249,0.34201,0.375,0.1668,0.4677,0.568,0.36558,0.31725
38409,103257,Purdue,Boilermakers,0.31769,0.70305,0.58274,64.743,119.31775,108.6774,0.34632,0.13833,0.15425,0.09859,0.05082,2024-25 Men's Basketball,True,0.2445,0.1167,0.6728,0.2699,0.4976,0.2033,0.3966,0.1431,0.4731,0.5975,0.38382,0.38175,0.3855,0.1359,0.4377,0.6084,0.42638,0.3117
30629,103903,Michigan St.,Spartans,0.30685,0.72906,0.6017,66.542,108.5773,103.73495,0.29869,0.1646,0.13429,0.0856,0.13558,2021-22 Men's Basketball,True,0.2542,0.1931,0.6305,0.2773,0.4109,0.1608,0.3909,0.2249,0.4381,0.5499,0.33706,0.37752,0.3358,0.1254,0.4991,0.522,0.37558,0.31631
38409,103871,Maryland,Terrapins,0.30695,0.71817,0.49086,68.824,117.40561,97.2548,0.33092,0.1256,0.17702,0.1141,0.11847,2024-25 Men's Basketball,True,0.2221,0.1727,0.647,0.3137,0.4587,0.1863,0.3364,0.1465,0.5,0.5769,0.35353,0.3734,0.3344,0.153,0.4847,0.5237,0.36227,0.3057
30629,103734,Iowa,Hawkeyes,0.32282,0.70015,0.53875,68.909,119.89739,102.56331,0.30017,0.11184,0.16834,0.10576,0.11288,2021-22 Men's Basketball,True,0.2334,0.2013,0.651,0.3307,0.4249,0.152,0.3125,0.124,0.4828,0.5798,0.3932,0.36254,0.36,0.1267,0.5101,0.5339,0.36313,0.32868
41097,104360,UCLA,Bruins,0.31046,0.66694,0.59184,64.067,119.07581,109.76429,0.33079,0.11768,0.15955,0.10286,0.09758,2025-26 Men's Basketball,True,0.2633,0.1348,0.65,0.2189,0.4814,0.2304,0.4015,0.1956,0.4493,0.5636,0.35507,0.37936,0.3765,0.1261,0.4263,0.5661,0.44758,0.32044
36046,104041,Ohio St.,Buckeyes,0.31445,0.7145,0.52978,66.034,113.15584,105.24576,0.33725,0.13499,0.13849,0.08363,0.11723,2023-24 Men's Basketball,True,0.2543,0.1276,0.672,0.294,0.3733,0.2117,0.3651,0.1482,0.5056,0.547,0.34619,0.34511,0.3662,0.1664,0.4974,0.5033,0.33615,0.34728
36046,104500,Wisconsin,Badgers,0.30242,0.75614,0.48109,64.579,114.42913,107.27731,0.33817,0.13101,0.15271,0.09514,0.04577,2023-24 Men's Basketball,True,0.2529,0.0969,0.6391,0.3164,0.4165,0.2172,0.3957,0.1113,0.5336,0.5485,0.3551,0.34877,0.3571,0.1928,0.4646,0.5631,0.34268,0.36905
38409,103903,Michigan St.,Spartans,0.35341,0.75274,0.61117,67.287,115.05041,99.43814,0.37728,0.14113,0.14213,0.07831,0.13172,2024-25 Men's Basketball,True,0.2471,0.197,0.6676,0.3143,0.4681,0.2076,0.3242,0.1492,0.5219,0.5883,0.32892,0.31068,0.3295,0.1221,0.4711,0.5329,0.40684,0.27955
38409,104500,Wisconsin,Badgers,0.27984,0.73265,0.54188,67.012,119.14116,105.3941,0.34158,0.12412,0.12744,0.07617,0.06341,2024-25 Men's Basketball,True,0.2456,0.1191,0.6635,0.2898,0.4342,0.1635,0.3521,0.065,0.4533,0.5808,0.48168,0.34791,0.3223,0.1736,0.4361,0.5275,0.39032,0.33333
41097,103734,Iowa,Hawkeyes,0.30194,0.70841,0.57692,61.385,121.02244,107.59501,0.35056,0.13382,0.18053,0.11087,0.06449,2025-26 Men's Basketball,True,0.2817,0.0991,0.6791,0.3394,0.4578,0.1682,0.4274,0.0628,0.5076,0.6058,0.42958,0.35613,0.3333,0.1193,0.4804,0.5952,0.40033,0.33333
38409,103902,Michigan,Wolverines,0.33171,0.69814,0.57962,69.103,112.07908,102.71649,0.35741,0.17138,0.13674,0.07704,0.09474,2024-25 Men's Basketball,True,0.246,0.1836,0.6412,0.3458,0.4919,0.1722,0.3582,0.062,0.5181,0.5916,0.41991,0.33186,0.3281,0.1641,0.4449,0.5091,0.39103,0.3082
30629,103257,Purdue,Boilermakers,0.35214,0.76215,0.58577,65.409,120.09827,103.57248,0.38204,0.15128,0.12593,0.07044,0.09682,2021-22 Men's Basketball,True,0.2189,0.1345,0.6832,0.3467,0.4282,0.1862,0.3038,0.0755,0.533,0.5941,0.3916,0.38415,0.3826,0.1856,0.4085,0.5336,0.40584,0.33223
41097,103720,Illinois,Fighting Illini,0.39175,0.73319,0.49952,63.878,128.53607,106.20193,0.33216,0.11018,0.10151,0.05699,0.12964,2025-26 Men's Basketball,True,0.2071,0.1167,0.6976,0.308,0.3987,0.1344,0.3431,0.0602,0.4424,0.6068,0.49736,0.34541,0.3452,0.133,0.433,0.5173,0.43391,0.31256
33533,104078,Penn St.,Nittany Lions,0.19172,0.74429,0.51943,63.27,112.28624,106.02711,0.2127,0.12573,0.11604,0.06791,0.0583,2022-23 Men's Basketball,True,0.2404,0.1003,0.636,0.2525,0.4333,0.1563,0.4422,0.1189,0.4088,0.5585,0.47229,0.38616,0.3667,0.1796,0.4445,0.542,0.37586,0.32721
36046,103720,Illinois,Fighting Illini,0.3563,0.73706,0.45833,68.629,120.68317,106.16919,0.37097,0.12764,0.10912,0.06334,0.08247,2023-24 Men's Basketball,True,0.2194,0.1673,0.6853,0.3345,0.4013,0.1893,0.3178,0.0908,0.5238,0.5827,0.3854,0.34912,0.3041,0.1795,0.5376,0.5223,0.28288,0.34064
41097,103257,Purdue,Boilermakers,0.36424,0.72912,0.65636,63.729,127.6976,110.33169,0.28571,0.11739,0.13601,0.08576,0.08772,2025-26 Men's Basketball,True,0.2271,0.1129,0.7356,0.245,0.4807,0.1999,0.451,0.1532,0.4449,0.621,0.40197,0.38314,0.4236,0.129,0.4326,0.5652,0.43842,0.34116
36046,103257,Purdue,Boilermakers,0.37658,0.75722,0.64923,66.773,122.12892,102.35096,0.41285,0.14136,0.12161,0.08037,0.09281,2023-24 Men's Basketball,True,0.2039,0.1206,0.6569,0.3015,0.4603,0.2276,0.3652,0.1241,0.529,0.5724,0.34683,0.40355,0.3638,0.1849,0.4466,0.524,0.36855,0.31467
41097,103902,Michigan,Wolverines,0.34696,0.71823,0.61016,69.623,125.0342,99.5119,0.37998,0.14274,0.1319,0.08004,0.16373,2025-26 Men's Basketball,True,0.2217,0.2048,0.6923,0.3509,0.5078,0.1603,0.4078,0.0743,0.5112,0.6344,0.41445,0.36774,0.3073,0.1448,0.4319,0.4824,0.42333,0.30415
27693,103646,Georgia St.,Panthers,0.31289,0.6849,0.56857,69.789,112.52936,101.83047,0.30664,0.13997,0.17437,0.09967,0.12217,2020-21 Men's Basketball,True,0.2325,0.2085,0.6718,0.2814,0.4436,0.1919,0.3906,0.1681,0.4733,0.5793,0.35859,0.35815,0.3246,0.1424,0.4504,0.5083,0.40716,0.33883
27693,103302,Arkansas St.,Red Wolves,0.31851,0.72402,0.55878,67.985,106.1492,101.6374,0.34388,0.16403,0.15845,0.09592,0.07143,2020-21 Men's Basketball,True,0.2379,0.1945,0.6606,0.2995,0.3574,0.1823,0.3287,0.2242,0.4818,0.5459,0.29403,0.38786,0.3393,0.1711,0.4943,0.507,0.33461,0.34247
27693,104323,Texas St.,Bobcats,0.30103,0.74369,0.53895,63.434,103.12825,95.85957,0.27333,0.17926,0.20426,0.10668,0.09593,2020-21 Men's Basketball,True,0.2623,0.1244,0.6178,0.2807,0.429,0.2278,0.398,0.2234,0.5084,0.5332,0.26819,0.38082,0.3175,0.1484,0.4498,0.5201,0.40188,0.34961
27693,103784,ULM,Warhawks,0.22873,0.68019,0.58292,66.345,96.34988,103.38862,0.25068,0.17214,0.18593,0.11176,0.08141,2020-21 Men's Basketball,True,0.2499,0.1544,0.5778,0.2766,0.3624,0.1489,0.3778,0.1844,0.4255,0.5024,0.39003,0.33975,0.375,0.2011,0.4337,0.5266,0.36522,0.3652
27693,104378,UT Arlington,Mavericks,0.29554,0.69656,0.52585,70.166,104.52318,99.66798,0.26763,0.14402,0.17962,0.11761,0.12326,2020-21 Men's Basketball,True,0.2367,0.1783,0.5714,0.211,0.4,0.2019,0.3429,0.1899,0.4129,0.4876,0.39723,0.3566,0.3591,0.1913,0.4544,0.5014,0.3543,0.35688
27693,103822,Little Rock,Trojans,0.31071,0.72551,0.55486,66.683,102.03196,101.80345,0.36902,0.19401,0.17966,0.09403,0.09609,2020-21 Men's Basketball,True,0.2393,0.1548,0.6566,0.2827,0.4387,0.2213,0.4241,0.1599,0.5039,0.5609,0.33619,0.3121,0.3818,0.1491,0.4573,0.5333,0.39363,0.34596
27693,103828,Louisiana,Ragin' Cajuns,0.33827,0.72513,0.46564,70.508,104.49264,102.22341,0.28811,0.17647,0.14736,0.07859,0.11021,2020-21 Men's Basketball,True,0.247,0.1761,0.665,0.2564,0.4388,0.234,0.309,0.1792,0.4904,0.5571,0.33043,0.3484,0.3507,0.2138,0.4721,0.5171,0.31413,0.33333
27693,103473,Coastal Carolina,Chanticleers,0.36936,0.74095,0.55191,71.101,110.74844,94.99612,0.33229,0.17685,0.16867,0.1142,0.11866,2020-21 Men's Basketball,True,0.2329,0.2022,0.6151,0.3547,0.4144,0.182,0.32,0.0779,0.5368,0.547,0.38529,0.35761,0.3211,0.1549,0.3917,0.5096,0.4534,0.30972
27693,103634,Ga. Southern,Eagles,0.32768,0.71585,0.4723,67.25,103.39502,97.94733,0.30143,0.17694,0.19748,0.11662,0.11298,2020-21 Men's Basketball,True,0.2465,0.141,0.6401,0.3346,0.4269,0.1693,0.3355,0.1009,0.5039,0.5685,0.39518,0.3196,0.2599,0.1205,0.4881,0.523,0.39142,0.34957
27693,104343,Troy,Trojans,0.28817,0.74213,0.50314,68.98,94.27574,100.10032,0.34774,0.18474,0.1691,0.09015,0.08657,2020-21 Men's Basketball,True,0.2474,0.1775,0.6146,0.2926,0.3617,0.1767,0.3348,0.1422,0.4693,0.5194,0.38847,0.27581,0.3723,0.142,0.4757,0.5026,0.3823,0.35531
27693,104228,South Alabama,Jaguars,0.27227,0.67944,0.43916,67.214,108.79822,104.07926,0.33436,0.15188,0.17149,0.10485,0.11017,2020-21 Men's Basketball,True,0.2261,0.1789,0.5642,0.3462,0.3486,0.1128,0.4459,0.1012,0.4591,0.5112,0.43972,0.3695,0.3642,0.0989,0.3834,0.5191,0.5177,0.33373
30629,103822,Little Rock,Trojans,0.2521,0.7033,0.55914,66.653,98.33583,107.7588,0.32513,0.18022,0.18528,0.10224,0.0627,2021-22 Men's Basketball,True,0.2469,0.1532,0.6094,0.2487,0.4061,0.1898,0.3582,0.1826,0.4385,0.5214,0.37889,0.33675,0.3129,0.1033,0.5032,0.5806,0.39354,0.37198
30629,103302,Arkansas St.,Red Wolves,0.29848,0.71977,0.60671,68.303,103.30113,99.2294,0.33152,0.17544,0.17377,0.11488,0.08615,2021-22 Men's Basketball,True,0.241,0.206,0.6611,0.2999,0.3963,0.2058,0.4106,0.1895,0.5056,0.5533,0.30489,0.30658,0.3561,0.1623,0.5052,0.5207,0.33251,0.33087
30629,104323,Texas St.,Bobcats,0.31602,0.71728,0.49662,64.375,108.96403,97.81695,0.3175,0.16411,0.19766,0.1032,0.11364,2021-22 Men's Basketball,True,0.2645,0.147,0.6264,0.2744,0.4111,0.2144,0.4268,0.205,0.4888,0.532,0.30625,0.37347,0.3333,0.121,0.4901,0.5101,0.38889,0.33503
30629,103634,Ga. Southern,Eagles,0.29645,0.70136,0.48599,65.823,100.08645,98.83992,0.30269,0.18708,0.17573,0.11239,0.10142,2021-22 Men's Basketball,True,0.2629,0.1683,0.6288,0.3359,0.469,0.1667,0.345,0.1479,0.5026,0.5758,0.34948,0.30499,0.3288,0.1405,0.4766,0.498,0.38294,0.32831
30629,103646,Georgia St.,Panthers,0.33891,0.69691,0.54155,67.12,103.92293,96.67013,0.29513,0.14247,0.20455,0.12891,0.1277,2021-22 Men's Basketball,True,0.2365,0.183,0.551,0.2713,0.3962,0.1761,0.3201,0.1816,0.4474,0.4901,0.37099,0.32985,0.3574,0.1548,0.4773,0.4753,0.36793,0.36655
27693,103293,App State,Mountaineers,0.30394,0.72393,0.49275,65.204,105.55596,96.2894,0.34005,0.1502,0.18191,0.11934,0.10429,2020-21 Men's Basketball,True,0.2055,0.1608,0.5858,0.3118,0.375,0.1378,0.2757,0.1138,0.4496,0.5212,0.43665,0.31831,0.348,0.1594,0.4643,0.5261,0.37628,0.33051
30629,104378,UT Arlington,Mavericks,0.31634,0.68411,0.56962,65.369,99.33379,101.62846,0.28774,0.17525,0.17383,0.11591,0.12154,2021-22 Men's Basketball,True,0.2653,0.1587,0.6075,0.2659,0.3944,0.1899,0.3761,0.1975,0.4558,0.5188,0.3467,0.31293,0.3577,0.1464,0.456,0.483,0.39762,0.35329
36046,103784,ULM,Warhawks,0.34828,0.70662,0.50732,67.644,102.85782,109.58087,0.37192,0.15237,0.15566,0.10767,0.07006,2023-24 Men's Basketball,True,0.2647,0.1491,0.5746,0.3484,0.4038,0.1745,0.3382,0.1902,0.5229,0.5176,0.28691,0.2963,0.3184,0.1298,0.4185,0.5605,0.45169,0.3518
33533,103646,Georgia St.,Panthers,0.31877,0.71626,0.45906,66.012,100.65037,104.64134,0.32476,0.16362,0.15731,0.08757,0.09754,2022-23 Men's Basketball,True,0.257,0.1391,0.5854,0.3304,0.3896,0.2051,0.3345,0.1537,0.5355,0.5104,0.31079,0.29496,0.3363,0.1303,0.5254,0.5093,0.34429,0.36013
33533,104049,Old Dominion,Monarchs,0.32837,0.71301,0.44626,64.522,103.225,102.1793,0.36705,0.14547,0.15133,0.098,0.11712,2022-23 Men's Basketball,True,0.2584,0.1449,0.5827,0.3159,0.3978,0.2028,0.3241,0.1841,0.5188,0.5104,0.29716,0.31358,0.308,0.137,0.4405,0.5407,0.42254,0.31327
38409,103293,App State,Mountaineers,0.282,0.71151,0.5271,63.391,106.53602,99.84584,0.35047,0.14642,0.12628,0.08681,0.10062,2024-25 Men's Basketball,True,0.2098,0.1261,0.5948,0.2961,0.4306,0.2128,0.3358,0.0792,0.5089,0.5261,0.41194,0.34433,0.3113,0.138,0.4705,0.4943,0.39151,0.29492
30629,103828,Louisiana,Ragin' Cajuns,0.33544,0.72396,0.50392,68.962,102.22426,99.81134,0.35156,0.1867,0.16186,0.09818,0.11138,2021-22 Men's Basketball,True,0.2576,0.1726,0.5876,0.2706,0.424,0.2461,0.3173,0.1161,0.5167,0.5097,0.36719,0.3465,0.3077,0.1783,0.4915,0.5056,0.33022,0.32226
33533,103473,Coastal Carolina,Chanticleers,0.31612,0.70096,0.46936,67.586,107.61983,108.61412,0.28351,0.15199,0.14437,0.08902,0.09574,2022-23 Men's Basketball,True,0.2327,0.1758,0.6168,0.3337,0.4055,0.18,0.3073,0.1125,0.5137,0.5427,0.37377,0.31718,0.3179,0.1528,0.3983,0.5493,0.44899,0.3548
36046,103473,Coastal Carolina,Chanticleers,0.30884,0.70133,0.47305,70.289,103.79932,110.81033,0.32766,0.16336,0.113,0.0812,0.08818,2023-24 Men's Basketball,True,0.2258,0.1585,0.6218,0.2883,0.4564,0.2319,0.3551,0.1468,0.5202,0.5481,0.33298,0.32109,0.3708,0.1179,0.4226,0.5337,0.45946,0.32941
36046,103646,Georgia St.,Panthers,0.27802,0.70524,0.42757,69.088,109.7731,107.41089,0.2847,0.11971,0.1289,0.08301,0.07536,2023-24 Men's Basketball,True,0.2515,0.1639,0.5858,0.2872,0.4364,0.1759,0.4142,0.1718,0.4631,0.5291,0.36502,0.32591,0.3111,0.1176,0.4995,0.5502,0.38297,0.30014
30629,103784,ULM,Warhawks,0.25888,0.6719,0.55542,68.49,104.51932,107.21839,0.26096,0.16096,0.17398,0.1041,0.07834,2021-22 Men's Basketball,True,0.2425,0.1612,0.6508,0.3411,0.4436,0.1489,0.2993,0.1592,0.49,0.5878,0.35084,0.33796,0.4103,0.1597,0.4378,0.5484,0.40253,0.35568
36046,104245,Southern Miss.,Golden Eagles,0.29417,0.70499,0.48516,68.291,102.3189,104.01201,0.37952,0.16169,0.15366,0.1047,0.12561,2023-24 Men's Basketball,True,0.2462,0.1594,0.5784,0.3081,0.4244,0.2003,0.3475,0.1508,0.5084,0.5178,0.34071,0.32308,0.3494,0.139,0.5112,0.5098,0.34989,0.33812
41097,103865,Marshall,Thundering Herd,0.3244,0.66694,0.57389,69.4,116.89471,112.43686,0.29063,0.14343,0.14116,0.08888,0.13374,2025-26 Men's Basketball,True,0.291,0.1769,0.7193,0.2309,0.4837,0.1706,0.3725,0.1549,0.4015,0.6192,0.44354,0.36758,0.2895,0.1181,0.4824,0.5489,0.39948,0.33463
38409,103473,Coastal Carolina,Chanticleers,0.29396,0.71973,0.49595,63.271,105.08813,111.92673,0.34375,0.16109,0.09424,0.05177,0.04492,2024-25 Men's Basketball,True,0.2784,0.088,0.6166,0.2853,0.4164,0.1834,0.2838,0.1325,0.4688,0.5383,0.39873,0.34688,0.3929,0.2264,0.4097,0.5329,0.36388,0.31556
41097,103646,Georgia St.,Panthers,0.28441,0.67474,0.51172,67.514,103.8778,110.24048,0.36667,0.13685,0.14388,0.10151,0.0864,2025-26 Men's Basketball,True,0.2712,0.1428,0.5556,0.2238,0.3789,0.1704,0.3293,0.1735,0.3942,0.4792,0.43228,0.31824,0.3141,0.0999,0.5118,0.5368,0.38828,0.33693
41097,103293,App State,Mountaineers,0.34328,0.71607,0.485,63.512,112.97238,103.61111,0.38669,0.12933,0.12543,0.07698,0.10846,2025-26 Men's Basketball,True,0.2449,0.133,0.6644,0.3179,0.4325,0.159,0.3246,0.0627,0.4769,0.5871,0.4604,0.30346,0.3469,0.1324,0.4554,0.4911,0.41221,0.31455
33533,103293,App State,Mountaineers,0.2576,0.72619,0.50916,66.079,105.48881,96.99527,0.29288,0.14397,0.16156,0.09604,0.12796,2022-23 Men's Basketball,True,0.2074,0.1539,0.6659,0.2438,0.4652,0.2017,0.3344,0.1629,0.4455,0.5751,0.39159,0.33471,0.3372,0.138,0.4722,0.4881,0.38984,0.32236
36046,104049,Old Dominion,Monarchs,0.25539,0.69218,0.39239,69.88,100.63796,109.33507,0.27536,0.13462,0.15747,0.11137,0.11192,2023-24 Men's Basketball,True,0.2579,0.1771,0.6121,0.2899,0.3694,0.1894,0.3592,0.1739,0.4793,0.5162,0.34683,0.31844,0.314,0.1094,0.4712,0.5381,0.41944,0.35264
38409,103784,ULM,Warhawks,0.30151,0.68772,0.52813,67.249,101.66956,111.44459,0.30885,0.14638,0.14232,0.1049,0.07005,2024-25 Men's Basketball,True,0.2066,0.1383,0.5728,0.3292,0.3452,0.1313,0.3042,0.1969,0.4604,0.5079,0.34271,0.33131,0.3073,0.1034,0.444,0.6023,0.45257,0.3311
38409,103745,James Madison,Dukes,0.32143,0.71091,0.45322,64.536,113.63247,108.39529,0.30576,0.13682,0.13686,0.0931,0.08545,2024-25 Men's Basketball,True,0.2513,0.1376,0.6154,0.3122,0.3741,0.1526,0.3988,0.0923,0.4648,0.5362,0.4429,0.34578,0.3525,0.1613,0.485,0.5355,0.35375,0.34312
41097,103784,ULM,Warhawks,0.25318,0.65194,0.50781,69.636,103.2169,119.55883,0.3943,0.151,0.13625,0.08723,0.09001,2025-26 Men's Basketball,True,0.2062,0.1542,0.5577,0.3588,0.3687,0.1167,0.3448,0.1092,0.4755,0.5113,0.41528,0.31865,0.4171,0.1026,0.4861,0.606,0.41128,0.35697
33533,103784,ULM,Warhawks,0.2969,0.71077,0.53096,65.869,101.14826,104.80591,0.29946,0.16135,0.16414,0.10343,0.10215,2022-23 Men's Basketball,True,0.227,0.1331,0.5833,0.3032,0.2922,0.1177,0.3204,0.2081,0.421,0.5019,0.37097,0.35072,0.3741,0.1556,0.4516,0.5386,0.39282,0.34626
33533,103865,Marshall,Thundering Herd,0.32377,0.67619,0.56897,71.54,112.94739,98.48356,0.25849,0.13611,0.17448,0.12447,0.12774,2022-23 Men's Basketball,True,0.2271,0.2219,0.7143,0.2476,0.5012,0.1892,0.3535,0.1948,0.4368,0.622,0.3684,0.33803,0.2895,0.1319,0.5243,0.5232,0.34375,0.32035
41097,103302,Arkansas St.,Red Wolves,0.38095,0.72651,0.56187,71.013,115.48292,107.47958,0.38632,0.16392,0.1393,0.10429,0.06951,2025-26 Men's Basketball,True,0.2593,0.1811,0.6776,0.2902,0.4463,0.2108,0.2188,0.0483,0.501,0.5803,0.4507,0.33259,0.374,0.1337,0.4755,0.5515,0.39082,0.32507
41097,104323,Texas St.,Bobcats,0.34568,0.72238,0.48439,66.436,109.95584,105.58551,0.34561,0.15997,0.16882,0.12417,0.10522,2025-26 Men's Basketball,True,0.2677,0.1727,0.6204,0.3868,0.4379,0.1658,0.3713,0.1999,0.5525,0.5657,0.24756,0.33042,0.2955,0.1002,0.5219,0.5431,0.37792,0.34639
30629,104343,Troy,Trojans,0.31766,0.73192,0.57532,67.315,101.20033,95.98947,0.32947,0.19106,0.18911,0.11513,0.06429,2021-22 Men's Basketball,True,0.2563,0.1884,0.5938,0.2753,0.456,0.2066,0.302,0.1146,0.4818,0.5347,0.40352,0.3263,0.3041,0.1722,0.4567,0.5223,0.37115,0.32759
36046,104228,South Alabama,Jaguars,0.22618,0.68515,0.40838,68.834,105.80592,108.21975,0.32397,0.14383,0.14785,0.09659,0.07018,2023-24 Men's Basketball,True,0.2378,0.1725,0.6248,0.3038,0.3829,0.2174,0.3839,0.1119,0.5212,0.5239,0.36691,0.34538,0.3763,0.0996,0.5441,0.5481,0.35626,0.317
36046,104343,Troy,Trojans,0.36003,0.70377,0.5099,69.795,112.2403,99.67608,0.38615,0.16199,0.18916,0.14615,0.08706,2023-24 Men's Basketball,True,0.2694,0.1844,0.5623,0.3621,0.4366,0.1738,0.3193,0.061,0.5359,0.5215,0.40308,0.35115,0.3386,0.1399,0.5245,0.5021,0.33554,0.34975
38409,104323,Texas St.,Bobcats,0.35754,0.69493,0.53633,65.779,113.21712,108.9001,0.36437,0.15342,0.1472,0.10522,0.11073,2024-25 Men's Basketball,True,0.2711,0.1521,0.6286,0.3184,0.4376,0.2531,0.3392,0.1514,0.5714,0.544,0.27715,0.3668,0.3383,0.1098,0.5273,0.4974,0.36284,0.36145
38409,104228,South Alabama,Jaguars,0.29038,0.68528,0.56634,63.014,113.09767,100.11131,0.33515,0.12362,0.18244,0.14468,0.11367,2024-25 Men's Basketball,True,0.2084,0.1818,0.6445,0.3281,0.4248,0.1232,0.3373,0.0921,0.4512,0.5845,0.45668,0.32578,0.2957,0.0631,0.3425,0.4936,0.5944,0.33241
41097,103473,Coastal Carolina,Chanticleers,0.27719,0.73235,0.41542,67.369,106.33011,105.28766,0.31795,0.13402,0.10728,0.06333,0.08333,2025-26 Men's Basketball,True,0.2656,0.1277,0.5624,0.2426,0.4377,0.1687,0.3553,0.1559,0.4113,0.5112,0.43282,0.33886,0.3994,0.1761,0.4594,0.4658,0.36459,0.31874
33533,104245,Southern Miss.,Golden Eagles,0.32049,0.70932,0.55505,67.685,109.06191,97.6901,0.32112,0.15419,0.18471,0.12319,0.07468,2022-23 Men's Basketball,True,0.2441,0.1472,0.6919,0.3067,0.4071,0.189,0.346,0.1358,0.4956,0.5833,0.36861,0.32213,0.3443,0.1302,0.492,0.5087,0.3778,0.3178
36046,103828,Louisiana,Ragin' Cajuns,0.31494,0.67733,0.44505,69.007,109.95853,103.85461,0.28099,0.14568,0.18246,0.1242,0.09795,2023-24 Men's Basketball,True,0.2599,0.1758,0.6029,0.3432,0.4545,0.1956,0.3594,0.0948,0.5388,0.549,0.36642,0.33827,0.4139,0.1315,0.5512,0.5572,0.31735,0.27674
36046,103865,Marshall,Thundering Herd,0.30141,0.7199,0.56944,71.288,103.50616,107.5869,0.29051,0.14134,0.14383,0.09774,0.1073,2023-24 Men's Basketball,True,0.2254,0.1839,0.641,0.2329,0.4115,0.1974,0.3155,0.1587,0.4303,0.5357,0.41096,0.31034,0.3529,0.1238,0.5277,0.5281,0.34854,0.35933
41097,103828,Louisiana,Ragin' Cajuns,0.28346,0.677,0.45946,62.646,101.62885,112.8027,0.28704,0.14652,0.16063,0.09248,0.10811,2025-26 Men's Basketball,True,0.3035,0.1236,0.6269,0.2146,0.3233,0.1988,0.3743,0.1819,0.4134,0.4809,0.40468,0.33647,0.3121,0.1028,0.5348,0.5622,0.36245,0.35574
33533,103302,Arkansas St.,Red Wolves,0.29018,0.72433,0.55727,63.642,102.88641,105.87481,0.33352,0.15727,0.15729,0.10428,0.09153,2022-23 Men's Basketball,True,0.2623,0.1453,0.6373,0.3157,0.3049,0.1695,0.3393,0.1851,0.4853,0.5212,0.32963,0.35245,0.3626,0.1475,0.5169,0.5054,0.33559,0.36745
38409,103646,Georgia St.,Panthers,0.33221,0.68413,0.44655,68.336,109.51484,114.10925,0.32833,0.14602,0.11438,0.07632,0.07766,2024-25 Men's Basketball,True,0.2313,0.1543,0.6422,0.2868,0.4042,0.2167,0.3849,0.1587,0.5035,0.5398,0.33784,0.34519,0.3766,0.1118,0.4729,0.5549,0.41534,0.32995
38409,103865,Marshall,Thundering Herd,0.33469,0.70744,0.54587,67.932,111.05435,105.1439,0.34082,0.14219,0.1529,0.09765,0.14229,2024-25 Men's Basketball,True,0.2827,0.1536,0.69,0.2206,0.4455,0.2061,0.3918,0.1707,0.4266,0.5719,0.40269,0.32218,0.3457,0.1296,0.5451,0.5274,0.32533,0.32295
33533,103634,Ga. Southern,Eagles,0.27707,0.73107,0.40833,66.429,102.56969,100.02476,0.27985,0.14909,0.1695,0.10535,0.08181,2022-23 Men's Basketball,True,0.2504,0.1422,0.616,0.3043,0.4465,0.1942,0.3409,0.1599,0.4984,0.55,0.34164,0.31459,0.3128,0.1322,0.4935,0.5292,0.37432,0.32413
30629,104228,South Alabama,Jaguars,0.28971,0.69473,0.45539,66.314,107.12373,95.74013,0.31683,0.16277,0.18883,0.1049,0.14235,2021-22 Men's Basketball,True,0.2458,0.1667,0.6132,0.3786,0.4397,0.1502,0.3591,0.1171,0.5288,0.5639,0.3541,0.33684,0.3386,0.1359,0.4764,0.4943,0.38766,0.31704
33533,104343,Troy,Trojans,0.30835,0.70826,0.52098,67.787,107.10169,97.78464,0.32494,0.16018,0.19769,0.1283,0.07376,2022-23 Men's Basketball,True,0.2478,0.1866,0.6661,0.2879,0.4305,0.1887,0.3273,0.1131,0.4766,0.5728,0.41028,0.31955,0.3098,0.1637,0.4791,0.542,0.35722,0.31944
38409,104245,Southern Miss.,Golden Eagles,0.28678,0.70485,0.56532,70.141,100.84892,107.495,0.33367,0.17031,0.14074,0.09739,0.11306,2024-25 Men's Basketball,True,0.2375,0.2014,0.594,0.3403,0.4375,0.1556,0.3606,0.1377,0.4959,0.5449,0.36643,0.30307,0.3255,0.1041,0.5125,0.5441,0.38341,0.3201
38409,103828,Louisiana,Ragin' Cajuns,0.26246,0.64657,0.44914,65.216,99.56549,111.14073,0.30522,0.1423,0.16826,0.11191,0.08444,2024-25 Men's Basketball,True,0.2666,0.1624,0.6155,0.2646,0.3461,0.2072,0.3156,0.1487,0.4718,0.4972,0.37955,0.30972,0.35,0.1114,0.5153,0.5795,0.37326,0.31194
41097,104049,Old Dominion,Monarchs,0.26476,0.70101,0.49203,68.85,109.81655,112.26274,0.34732,0.13635,0.12787,0.08299,0.08327,2025-26 Men's Basketball,True,0.2782,0.1427,0.6348,0.2963,0.3895,0.183,0.3535,0.1587,0.4793,0.5411,0.36198,0.35475,0.3442,0.1097,0.5276,0.5484,0.36276,0.32068
41097,103745,James Madison,Dukes,0.30864,0.70772,0.48361,65.691,112.62493,111.57194,0.35874,0.15056,0.11243,0.07905,0.11642,2025-26 Men's Basketball,True,0.2834,0.1497,0.6545,0.3209,0.433,0.1871,0.2441,0.0677,0.508,0.5729,0.42431,0.34799,0.3665,0.1301,0.4889,0.5207,0.38103,0.32517
30629,103473,Coastal Carolina,Chanticleers,0.34394,0.71719,0.51032,66.44,108.41275,97.22874,0.30718,0.16579,0.15611,0.10114,0.11214,2021-22 Men's Basketball,True,0.2133,0.1873,0.6431,0.3211,0.3803,0.1941,0.336,0.1275,0.5152,0.5441,0.35725,0.35549,0.3344,0.1552,0.3886,0.5136,0.45615,0.30166
36046,103634,Ga. Southern,Eagles,0.28797,0.66188,0.41795,68.74,105.48412,113.98387,0.28919,0.16405,0.1476,0.09914,0.10654,2023-24 Men's Basketball,True,0.2882,0.1239,0.5423,0.2974,0.4494,0.1759,0.3962,0.0832,0.4733,0.5077,0.44346,0.35065,0.4115,0.1103,0.529,0.5289,0.36061,0.35139
33533,103745,James Madison,Dukes,0.32777,0.7285,0.47588,70.928,111.86516,94.52564,0.37048,0.1563,0.20032,0.12522,0.07305,2022-23 Men's Basketball,True,0.2455,0.2064,0.6374,0.3333,0.4486,0.212,0.2952,0.0822,0.5453,0.564,0.37246,0.34973,0.3168,0.1578,0.4625,0.5507,0.37969,0.31001
38409,103634,Ga. Southern,Eagles,0.3297,0.67025,0.50733,68.825,106.21842,108.64727,0.2666,0.16151,0.15795,0.11309,0.10613,2024-25 Men's Basketball,True,0.2813,0.158,0.575,0.2942,0.446,0.2109,0.2844,0.0528,0.5051,0.5211,0.44207,0.3432,0.3801,0.1149,0.488,0.5399,0.39709,0.32068
41097,104228,South Alabama,Jaguars,0.2538,0.69716,0.45287,64.852,112.53594,106.02408,0.38704,0.11497,0.15668,0.1214,0.10632,2025-26 Men's Basketball,True,0.1912,0.1652,0.5967,0.3876,0.5105,0.1531,0.3086,0.0937,0.5407,0.5723,0.36563,0.34846,0.2672,0.0585,0.2923,0.5466,0.64919,0.32686
38409,104343,Troy,Trojans,0.39022,0.68182,0.55582,66.154,110.92667,99.36718,0.37922,0.16727,0.17313,0.14263,0.12911,2024-25 Men's Basketball,True,0.2499,0.1647,0.6293,0.3603,0.4059,0.1551,0.3429,0.0358,0.5154,0.5621,0.44882,0.29761,0.3508,0.1272,0.4964,0.4814,0.37641,0.32425
30629,103293,App State,Mountaineers,0.27437,0.74676,0.51946,64.261,104.01721,97.861,0.27314,0.13713,0.16215,0.08718,0.07143,2021-22 Men's Basketball,True,0.1993,0.1344,0.5821,0.2848,0.4125,0.1628,0.3389,0.1216,0.4476,0.5205,0.43082,0.33412,0.3402,0.1512,0.4667,0.5345,0.38202,0.30884
33533,103828,Louisiana,Ragin' Cajuns,0.33964,0.74099,0.51474,67.811,113.65359,102.07216,0.36511,0.15349,0.16148,0.10497,0.07544,2022-23 Men's Basketball,True,0.2494,0.1821,0.684,0.2728,0.4794,0.2708,0.3283,0.1344,0.5436,0.5821,0.32201,0.37638,0.3274,0.1744,0.5211,0.542,0.30453,0.33615
36046,103293,App State,Mountaineers,0.30674,0.72632,0.4995,68.163,112.51078,96.38353,0.31286,0.13253,0.12766,0.08813,0.15405,2023-24 Men's Basketball,True,0.1896,0.1691,0.6657,0.3148,0.4498,0.2562,0.4009,0.1081,0.571,0.5688,0.32095,0.33234,0.3561,0.1578,0.5133,0.4501,0.32899,0.30874
33533,104323,Texas St.,Bobcats,0.31519,0.72458,0.40802,63.459,103.9589,105.08448,0.32847,0.1577,0.16775,0.09901,0.10325,2022-23 Men's Basketball,True,0.2836,0.134,0.6026,0.3227,0.4545,0.2179,0.3447,0.1981,0.5407,0.5429,0.26121,0.30739,0.3426,0.1395,0.5281,0.5242,0.33241,0.3612
33533,104228,South Alabama,Jaguars,0.21062,0.72253,0.4178,65.554,107.83572,99.10637,0.21955,0.13283,0.14411,0.0925,0.10407,2022-23 Men's Basketball,True,0.2223,0.1231,0.6387,0.3045,0.4737,0.252,0.3759,0.0653,0.5565,0.564,0.37819,0.34545,0.2917,0.1654,0.5487,0.5238,0.28593,0.29432
36046,104323,Texas St.,Bobcats,0.31908,0.7072,0.46772,67.109,103.35659,103.65249,0.37575,0.16866,0.1662,0.10971,0.09313,2023-24 Men's Basketball,True,0.2608,0.1652,0.6025,0.3214,0.4278,0.2822,0.3289,0.1514,0.6036,0.5208,0.24497,0.32649,0.3664,0.1187,0.5302,0.529,0.35107,0.3207
38409,104049,Old Dominion,Monarchs,0.36523,0.68421,0.43981,64.872,103.90276,109.41276,0.31557,0.14213,0.138,0.08441,0.09049,2024-25 Men's Basketball,True,0.2563,0.1324,0.5609,0.3019,0.3694,0.1481,0.3578,0.1925,0.45,0.4979,0.35755,0.2876,0.3606,0.103,0.5426,0.5255,0.35446,0.3352
41097,104245,Southern Miss.,Golden Eagles,0.32591,0.71521,0.44629,68.458,108.36434,107.12116,0.42929,0.15996,0.15612,0.10781,0.10991,2025-26 Men's Basketball,True,0.2794,0.1674,0.6243,0.3618,0.4486,0.1994,0.331,0.1404,0.5612,0.5619,0.29835,0.29983,0.3416,0.102,0.5045,0.5285,0.39343,0.3389
41097,104343,Troy,Trojans,0.35106,0.68944,0.58606,66.503,115.00503,106.13224,0.3568,0.14647,0.15389,0.11383,0.09062,2025-26 Men's Basketball,True,0.2404,0.143,0.6161,0.349,0.4214,0.1636,0.3051,0.0286,0.5126,0.554,0.45874,0.33333,0.4235,0.1237,0.4867,0.5304,0.38962,0.31507
38409,103302,Arkansas St.,Red Wolves,0.33993,0.69759,0.52028,68.968,114.31568,101.11618,0.32512,0.12451,0.14796,0.10589,0.11315,2024-25 Men's Basketball,True,0.2633,0.1781,0.6307,0.3126,0.354,0.1881,0.3333,0.048,0.5006,0.5268,0.45136,0.32471,0.35,0.1577,0.4981,0.4935,0.34416,0.30189
36046,103745,James Madison,Dukes,0.32473,0.73143,0.53774,70.183,117.31658,98.16205,0.34206,0.13131,0.1752,0.12686,0.08315,2023-24 Men's Basketball,True,0.2444,0.1524,0.6633,0.3595,0.4109,0.1846,0.3295,0.0804,0.5441,0.5777,0.37551,0.36253,0.3605,0.126,0.5129,0.5067,0.36102,0.30041
36046,103302,Arkansas St.,Red Wolves,0.34534,0.71155,0.52498,68.612,114.51725,111.88693,0.32901,0.13521,0.12528,0.08148,0.09988,2023-24 Men's Basketball,True,0.2529,0.1661,0.6289,0.3355,0.3682,0.1902,0.283,0.0458,0.5257,0.5345,0.42845,0.3441,0.3781,0.1634,0.5671,0.5312,0.26947,0.35216
41097,103634,Ga. Southern,Eagles,0.28882,0.6553,0.4203,69.766,114.82238,113.09659,0.39005,0.12767,0.16262,0.11421,0.10158,2025-26 Men's Basketball,True,0.2718,0.1558,0.5828,0.279,0.5084,0.1853,0.3458,0.0475,0.4642,0.5531,0.48823,0.33667,0.3213,0.1003,0.5027,0.5641,0.39701,0.34286
27693,104320,Texas A&M,Aggies,0.32838,0.69775,0.54364,64.996,98.89552,102.99836,0.33954,0.19327,0.20119,0.10552,0.06746,2020-21 Men's Basketball,True,0.26,0.1612,0.5987,0.3199,0.4453,0.1325,0.3043,0.1429,0.4524,0.5538,0.40476,0.29923,0.3446,0.1543,0.3712,0.6348,0.47445,0.34066
27693,104229,South Carolina,Gamecocks,0.32197,0.68714,0.4947,73.707,98.39523,107.37549,0.27933,0.16968,0.19552,0.1142,0.10026,2020-21 Men's Basketball,True,0.2593,0.2152,0.6303,0.2419,0.4212,0.228,0.3307,0.1884,0.4699,0.5289,0.34164,0.30472,0.3436,0.1596,0.4689,0.5794,0.37152,0.36784
27693,104399,Vanderbilt,Commodores,0.28278,0.71429,0.52217,68.327,105.0244,105.90253,0.3291,0.1759,0.17557,0.10221,0.07345,2020-21 Men's Basketball,True,0.2576,0.1418,0.6272,0.2804,0.4053,0.1603,0.28,0.0883,0.4407,0.5465,0.47105,0.34933,0.4032,0.1758,0.4515,0.5777,0.37279,0.3384
27693,103614,Florida,Gators,0.31078,0.6929,0.44193,69.045,106.87374,101.28218,0.33902,0.18826,0.17538,0.1032,0.14086,2020-21 Men's Basketball,True,0.2675,0.1842,0.6973,0.2935,0.4271,0.2097,0.3571,0.1592,0.5032,0.5847,0.3376,0.35579,0.3089,0.131,0.5075,0.5338,0.36145,0.3074
27693,103765,Kentucky,Wildcats,0.32644,0.69477,0.51057,68.408,101.95075,101.5455,0.34485,0.17033,0.15566,0.09092,0.14859,2020-21 Men's Basketball,True,0.2605,0.1825,0.6174,0.2019,0.4408,0.2459,0.3284,0.229,0.4478,0.5204,0.32317,0.33543,0.2682,0.1446,0.5102,0.5219,0.34517,0.31238
27693,103644,Georgia,Bulldogs,0.33091,0.68388,0.52997,74.523,103.44594,104.11366,0.34498,0.18997,0.19075,0.11315,0.06349,2020-21 Men's Basketball,True,0.2486,0.2255,0.6776,0.3812,0.337,0.224,0.2742,0.0774,0.6051,0.5515,0.31753,0.32417,0.3378,0.138,0.4885,0.5814,0.37352,0.33943
27693,103928,Missouri,Tigers,0.28524,0.71156,0.51647,68.909,105.53589,103.37984,0.37074,0.16577,0.1585,0.09581,0.09011,2020-21 Men's Basketball,True,0.2831,0.2008,0.6674,0.3093,0.3795,0.2218,0.363,0.0902,0.5311,0.5472,0.37876,0.32451,0.338,0.1891,0.4835,0.5341,0.3274,0.33199
27693,104312,Tennessee,Volunteers,0.31383,0.71142,0.58798,67.343,106.75088,94.26636,0.34405,0.1588,0.20032,0.10754,0.14054,2020-21 Men's Basketball,True,0.2442,0.1837,0.6601,0.2289,0.4356,0.2598,0.3633,0.1646,0.4887,0.5408,0.34662,0.33024,0.3057,0.1294,0.4906,0.4863,0.38003,0.32451
27693,103308,Auburn,Tigers,0.3504,0.68195,0.56259,72.038,106.16169,105.14286,0.36179,0.18872,0.15979,0.0854,0.14791,2020-21 Men's Basketball,True,0.2455,0.2273,0.6687,0.2948,0.3794,0.1554,0.3403,0.0885,0.4502,0.5689,0.4613,0.32623,0.346,0.1235,0.5217,0.5354,0.3548,0.32673
27693,104051,Ole Miss,Rebels,0.34734,0.72718,0.48857,66.19,103.51304,95.72405,0.34216,0.17674,0.19925,0.11365,0.11559,2020-21 Men's Basketball,True,0.2585,0.1531,0.6737,0.2684,0.4305,0.1903,0.3663,0.2357,0.4587,0.5728,0.30561,0.30103,0.3596,0.1536,0.4818,0.4895,0.36456,0.35305
27693,103779,LSU,Fighting Tigers,0.31415,0.67944,0.41986,71.133,114.44489,105.27385,0.3401,0.13568,0.15378,0.10842,0.08228,2020-21 Men's Basketball,True,0.2438,0.1844,0.6802,0.271,0.4173,0.209,0.3905,0.1503,0.48,0.5657,0.36972,0.34718,0.2986,0.1198,0.4403,0.5714,0.4398,0.29963
30629,104229,South Carolina,Gamecocks,0.34444,0.68651,0.53637,70.63,100.07455,99.07381,0.28594,0.17976,0.18609,0.1105,0.13712,2021-22 Men's Basketball,True,0.274,0.2206,0.6264,0.2854,0.3705,0.1594,0.3671,0.2065,0.4449,0.5347,0.34867,0.31634,0.3232,0.1475,0.4952,0.5051,0.35726,0.32025
30629,103644,Georgia,Bulldogs,0.25831,0.69793,0.58191,68.503,101.91192,114.59389,0.39014,0.18606,0.13755,0.07612,0.05882,2021-22 Men's Basketball,True,0.2195,0.1737,0.6555,0.3281,0.3877,0.2168,0.2857,0.0852,0.5449,0.5489,0.36986,0.32132,0.3765,0.1241,0.4653,0.6091,0.41055,0.34884
36046,104051,Ole Miss,Rebels,0.30273,0.63786,0.57688,67.08,111.71372,110.17638,0.35075,0.13708,0.15388,0.11697,0.15232,2023-24 Men's Basketball,True,0.2432,0.1705,0.6455,0.2857,0.3492,0.1572,0.386,0.2058,0.443,0.5403,0.35128,0.36571,0.3246,0.119,0.5115,0.5408,0.36952,0.33757
27693,103301,Arkansas,Razorbacks,0.31675,0.73532,0.4984,73.365,110.48622,96.06022,0.3269,0.14815,0.1798,0.10704,0.12951,2020-21 Men's Basketball,True,0.2291,0.1844,0.671,0.2979,0.4019,0.2067,0.358,0.1564,0.5046,0.5608,0.33897,0.33191,0.3554,0.1466,0.4765,0.4962,0.37692,0.33604
33533,103644,Georgia,Bulldogs,0.306,0.69452,0.49176,66.815,102.16993,106.64248,0.40474,0.16833,0.14584,0.0939,0.07025,2022-23 Men's Basketball,True,0.2395,0.1626,0.5968,0.2688,0.4038,0.2548,0.2803,0.095,0.5236,0.5029,0.38136,0.32063,0.3585,0.1485,0.4798,0.5537,0.37164,0.32579
36046,103928,Missouri,Tigers,0.26807,0.64305,0.48327,66.856,107.50775,113.51403,0.31719,0.15013,0.15938,0.11395,0.14077,2023-24 Men's Basketball,True,0.2991,0.1779,0.6445,0.2862,0.3848,0.2008,0.4366,0.1159,0.4869,0.5374,0.39717,0.31918,0.3379,0.1205,0.4818,0.5548,0.39769,0.3444
36046,104399,Vanderbilt,Commodores,0.2822,0.70709,0.40107,66.342,101.95959,113.92447,0.35162,0.13318,0.14036,0.09205,0.08091,2023-24 Men's Basketball,True,0.2296,0.1157,0.6419,0.2009,0.4126,0.2376,0.3576,0.1684,0.4385,0.5176,0.39318,0.2832,0.3465,0.1212,0.4833,0.5512,0.39553,0.37366
38409,104229,South Carolina,Gamecocks,0.30357,0.72685,0.54656,65.258,106.10188,108.62019,0.43285,0.16088,0.13869,0.08616,0.07833,2024-25 Men's Basketball,True,0.2442,0.1178,0.6408,0.3337,0.3444,0.1741,0.2938,0.102,0.5078,0.5392,0.3902,0.3161,0.355,0.1428,0.5112,0.5544,0.34605,0.34803
30629,104051,Ole Miss,Rebels,0.26667,0.73435,0.53216,65.875,102.21802,103.01513,0.28673,0.15991,0.17263,0.1063,0.0778,2021-22 Men's Basketball,True,0.2278,0.1396,0.6679,0.3021,0.3545,0.1469,0.3323,0.1782,0.449,0.5653,0.37281,0.32647,0.375,0.1429,0.4955,0.5755,0.36161,0.32253
38409,103779,LSU,Fighting Tigers,0.29464,0.65668,0.48807,68.101,107.17629,106.81344,0.32467,0.16283,0.14101,0.10361,0.11724,2024-25 Men's Basketball,True,0.2435,0.1603,0.6538,0.3432,0.3568,0.1279,0.4463,0.0939,0.4711,0.5732,0.43501,0.30488,0.3577,0.1226,0.5194,0.5115,0.35793,0.32312
41097,103926,Mississippi St.,Bulldogs,0.29827,0.69299,0.45094,70.119,109.42291,115.32576,0.30655,0.13985,0.11104,0.0819,0.11146,2025-26 Men's Basketball,True,0.2273,0.1564,0.6788,0.2872,0.4489,0.1746,0.3406,0.1369,0.4618,0.5918,0.40129,0.32386,0.363,0.1407,0.4646,0.5539,0.3947,0.33944
41097,104229,South Carolina,Gamecocks,0.27156,0.6788,0.52919,66.21,111.87127,114.15722,0.36712,0.12861,0.12726,0.08198,0.06164,2025-26 Men's Basketball,True,0.2626,0.0885,0.6444,0.2987,0.4048,0.1585,0.3989,0.0987,0.4571,0.5613,0.4442,0.31068,0.3522,0.1197,0.5221,0.5793,0.35815,0.31831
33533,104229,South Carolina,Gamecocks,0.32671,0.67519,0.47715,63.795,99.30777,112.08901,0.26815,0.16943,0.13803,0.07596,0.07095,2022-23 Men's Basketball,True,0.2471,0.1117,0.5829,0.2844,0.3772,0.1566,0.3069,0.1501,0.441,0.5098,0.40899,0.32318,0.4089,0.1448,0.4925,0.5749,0.36276,0.33828
41097,103779,LSU,Fighting Tigers,0.33088,0.68303,0.52508,67.079,118.17404,113.91143,0.40914,0.13545,0.12077,0.08684,0.10271,2025-26 Men's Basketball,True,0.2712,0.1505,0.7016,0.2904,0.4449,0.2574,0.361,0.1077,0.5478,0.581,0.34454,0.33079,0.3591,0.1321,0.4888,0.5324,0.37908,0.35397
33533,103779,LSU,Fighting Tigers,0.3173,0.71168,0.52865,65.279,103.56465,108.34598,0.33707,0.15832,0.15415,0.10365,0.08103,2022-23 Men's Basketball,True,0.2599,0.1342,0.5787,0.3355,0.339,0.1573,0.2941,0.1179,0.4928,0.5022,0.38933,0.3274,0.2814,0.1243,0.4599,0.586,0.41581,0.34282
38409,103644,Georgia,Bulldogs,0.35971,0.68064,0.47791,66.937,112.5439,104.44037,0.40107,0.16222,0.15493,0.11581,0.14469,2024-25 Men's Basketball,True,0.2482,0.1457,0.6575,0.3497,0.4259,0.1733,0.32,0.107,0.523,0.5808,0.37005,0.32948,0.4009,0.1108,0.4855,0.4974,0.40378,0.31606
27693,103268,Alabama,Crimson Tide,0.32246,0.7084,0.50216,73.147,108.50159,95.45994,0.288,0.16087,0.17841,0.11515,0.106,2020-21 Men's Basketball,True,0.2489,0.2438,0.6167,0.3327,0.3343,0.1647,0.2911,0.0372,0.4974,0.5232,0.46541,0.35187,0.3208,0.1807,0.4764,0.5245,0.34291,0.29119
30629,103928,Missouri,Tigers,0.32035,0.70301,0.50506,66.048,98.72722,106.26888,0.29989,0.18488,0.15937,0.09826,0.11232,2021-22 Men's Basketball,True,0.2688,0.1615,0.6715,0.2988,0.3846,0.2104,0.3223,0.1624,0.5092,0.553,0.32848,0.28079,0.3798,0.1396,0.506,0.5241,0.35444,0.35267
30629,103268,Alabama,Crimson Tide,0.35327,0.69509,0.53128,71.833,110.23525,106.03261,0.32851,0.16827,0.15686,0.0982,0.11896,2021-22 Men's Basketball,True,0.256,0.1921,0.6434,0.3314,0.4321,0.1563,0.32,0.0362,0.4877,0.5757,0.47612,0.30902,0.363,0.144,0.4985,0.5302,0.3575,0.33793
33533,104051,Ole Miss,Rebels,0.33305,0.70125,0.52941,65.265,103.01084,105.41613,0.29177,0.15562,0.15788,0.10873,0.10016,2022-23 Men's Basketball,True,0.2429,0.1619,0.6183,0.3564,0.331,0.1454,0.3219,0.1511,0.5018,0.5351,0.34713,0.30253,0.3689,0.1303,0.5254,0.5193,0.34437,0.33798
33533,103614,Florida,Gators,0.23781,0.69311,0.48916,68.342,103.85056,100.00751,0.34506,0.14469,0.15423,0.09942,0.12267,2022-23 Men's Basketball,True,0.2355,0.145,0.6094,0.3697,0.3754,0.1581,0.3434,0.104,0.5278,0.5393,0.36817,0.31384,0.3136,0.1688,0.527,0.5043,0.3042,0.31527
36046,103779,LSU,Fighting Tigers,0.30721,0.68647,0.447,69.21,109.91971,107.91324,0.3828,0.16302,0.15775,0.1151,0.10776,2023-24 Men's Basketball,True,0.2503,0.1622,0.6158,0.3781,0.3846,0.1568,0.3118,0.0891,0.5349,0.548,0.37598,0.35704,0.3556,0.1136,0.472,0.5273,0.41444,0.33496
38409,104399,Vanderbilt,Commodores,0.3161,0.70275,0.50164,68.378,114.9662,108.25543,0.33432,0.12588,0.17573,0.13016,0.11247,2024-25 Men's Basketball,True,0.2615,0.1616,0.6499,0.2738,0.4507,0.2542,0.3841,0.0678,0.528,0.554,0.40413,0.32482,0.2597,0.0837,0.5394,0.5539,0.37697,0.36599
41097,103928,Missouri,Tigers,0.34935,0.68307,0.51204,66.877,117.59814,112.02178,0.42128,0.15379,0.14368,0.09879,0.10555,2025-26 Men's Basketball,True,0.2631,0.1813,0.6937,0.3803,0.3894,0.1899,0.3171,0.0654,0.5702,0.5924,0.36436,0.35036,0.3667,0.1245,0.4461,0.5198,0.42946,0.36836
36046,103765,Kentucky,Wildcats,0.28895,0.69549,0.54882,72.326,121.71221,108.95273,0.30441,0.1271,0.1375,0.1026,0.16185,2023-24 Men's Basketball,True,0.239,0.2017,0.6427,0.3007,0.4604,0.1956,0.4526,0.1285,0.4962,0.5709,0.37523,0.40875,0.3445,0.1113,0.4874,0.5278,0.40131,0.33217
27693,103926,Mississippi St.,Bulldogs,0.35778,0.72467,0.50649,66.016,103.41159,99.749,0.33708,0.18858,0.1519,0.0951,0.129,2020-21 Men's Basketball,True,0.232,0.1581,0.6889,0.2894,0.3724,0.2288,0.3634,0.202,0.5182,0.5491,0.27974,0.34291,0.3186,0.1507,0.4387,0.5076,0.41062,0.32463
36046,103301,Arkansas,Razorbacks,0.25202,0.70098,0.45052,70.407,108.79152,111.63214,0.45258,0.14789,0.13252,0.08387,0.14966,2023-24 Men's Basketball,True,0.2776,0.1643,0.6738,0.3182,0.4021,0.1965,0.348,0.156,0.5148,0.5701,0.32929,0.3184,0.3197,0.1197,0.539,0.5414,0.34134,0.33908
41097,103644,Georgia,Bulldogs,0.34923,0.65142,0.48075,71.93,122.46621,109.35224,0.36929,0.1225,0.15723,0.11494,0.14884,2025-26 Men's Basketball,True,0.2319,0.2218,0.6684,0.3476,0.4249,0.1443,0.3662,0.0655,0.4919,0.597,0.4426,0.3375,0.3502,0.1013,0.5231,0.537,0.37564,0.33665
38409,104047,Oklahoma,Sooners,0.26599,0.68163,0.5158,68.298,114.59277,109.25286,0.39916,0.15582,0.15847,0.11404,0.06777,2024-25 Men's Basketball,True,0.271,0.1745,0.6436,0.3437,0.3994,0.1679,0.3796,0.0723,0.5116,0.5635,0.41605,0.36548,0.3542,0.0968,0.4836,0.5892,0.41957,0.30288
33533,103308,Auburn,Tigers,0.32836,0.67557,0.54743,67.132,107.99422,100.48613,0.36313,0.15203,0.16323,0.11537,0.13565,2022-23 Men's Basketball,True,0.2858,0.1843,0.6217,0.3425,0.429,0.1873,0.2979,0.118,0.5299,0.5536,0.35208,0.31526,0.3103,0.1199,0.5349,0.5063,0.34522,0.28743
38409,103928,Missouri,Tigers,0.33543,0.67734,0.49734,68.193,122.21274,107.60221,0.47101,0.13588,0.17541,0.13645,0.07349,2024-25 Men's Basketball,True,0.2665,0.2038,0.6944,0.3391,0.3704,0.1662,0.4051,0.0811,0.5054,0.5878,0.41355,0.36725,0.3186,0.1048,0.5175,0.5511,0.3777,0.33605
30629,103765,Kentucky,Wildcats,0.37671,0.75122,0.53398,67.832,116.25984,97.40689,0.28022,0.14147,0.15609,0.09986,0.1112,2021-22 Men's Basketball,True,0.2097,0.2094,0.7081,0.2151,0.5113,0.2685,0.4035,0.2381,0.4836,0.5988,0.27835,0.34848,0.3545,0.1635,0.4782,0.513,0.35828,0.30844
30629,103779,LSU,Fighting Tigers,0.33855,0.69061,0.49033,68.988,104.40897,91.24675,0.33367,0.17832,0.21865,0.15792,0.14632,2021-22 Men's Basketball,True,0.2755,0.1905,0.6253,0.3741,0.3629,0.1746,0.3029,0.1037,0.5486,0.5418,0.34763,0.31564,0.2748,0.1197,0.4148,0.5345,0.46548,0.28158
30629,103614,Florida,Gators,0.31495,0.67518,0.52727,65.572,106.86467,100.67543,0.33781,0.15982,0.18902,0.12648,0.13528,2021-22 Men's Basketball,True,0.2414,0.168,0.6491,0.2944,0.4071,0.1446,0.3618,0.1028,0.439,0.5694,0.45816,0.30327,0.3705,0.1475,0.5225,0.536,0.32997,0.32154
33533,103765,Kentucky,Wildcats,0.39203,0.74935,0.55113,65.421,113.00232,102.87139,0.31932,0.1464,0.14794,0.09763,0.10048,2022-23 Men's Basketball,True,0.2432,0.1636,0.6798,0.2733,0.3863,0.2,0.3836,0.2269,0.4733,0.5558,0.29976,0.34747,0.3497,0.1483,0.4966,0.5271,0.35511,0.32409
36046,104229,South Carolina,Gamecocks,0.32797,0.7213,0.60578,63.351,112.9143,105.86291,0.31827,0.13282,0.13221,0.07491,0.08219,2023-24 Men's Basketball,True,0.2536,0.0997,0.6197,0.3244,0.3846,0.165,0.3553,0.1,0.4893,0.5405,0.41066,0.33869,0.375,0.1756,0.5112,0.5072,0.31312,0.3389
38409,104320,Texas A&M,Aggies,0.41387,0.7202,0.47375,66.325,111.68146,102.83322,0.41317,0.14595,0.17144,0.11328,0.13511,2024-25 Men's Basketball,True,0.2615,0.1573,0.6107,0.3722,0.296,0.1566,0.3057,0.0941,0.5288,0.5175,0.37707,0.3066,0.2877,0.1125,0.4262,0.5156,0.46125,0.33372
30629,103926,Mississippi St.,Bulldogs,0.34073,0.74281,0.52907,65.38,106.60949,100.20225,0.38075,0.169,0.17389,0.11994,0.1031,2021-22 Men's Basketball,True,0.2376,0.157,0.6694,0.3231,0.4453,0.1983,0.3405,0.1973,0.5214,0.5842,0.28133,0.29511,0.3843,0.1495,0.4335,0.5521,0.41702,0.31888
38409,103926,Mississippi St.,Bulldogs,0.33879,0.7009,0.53244,68.369,115.05444,107.31039,0.31486,0.12992,0.16585,0.13224,0.13793,2024-25 Men's Basketball,True,0.2516,0.1849,0.6978,0.3237,0.4091,0.1537,0.3058,0.0959,0.4774,0.6049,0.42664,0.31441,0.3922,0.1179,0.4421,0.5322,0.44004,0.35797
30629,103308,Auburn,Tigers,0.33591,0.71083,0.53128,69.729,110.5735,94.98513,0.31579,0.14281,0.17541,0.11832,0.21102,2021-22 Men's Basketball,True,0.2616,0.1879,0.6366,0.3278,0.3713,0.1542,0.3563,0.1205,0.482,0.5517,0.39751,0.31823,0.2827,0.1177,0.5218,0.4615,0.36048,0.30992
33533,103926,Mississippi St.,Bulldogs,0.35541,0.7138,0.59069,63.794,101.50412,94.18892,0.33833,0.16327,0.18989,0.13344,0.1125,2022-23 Men's Basketball,True,0.235,0.1265,0.6547,0.344,0.356,0.1668,0.3129,0.1436,0.5108,0.5571,0.34556,0.26607,0.2847,0.1482,0.4143,0.5196,0.43753,0.3115
41097,104320,Texas A&M,Aggies,0.32003,0.66979,0.61196,70.454,119.55398,109.62859,0.37068,0.1273,0.15894,0.11299,0.08497,2025-26 Men's Basketball,True,0.2675,0.1911,0.6046,0.3638,0.4064,0.1305,0.3723,0.0433,0.4942,0.5522,0.46243,0.35892,0.3876,0.1227,0.4596,0.5663,0.4177,0.31777
33533,104320,Texas A&M,Aggies,0.3674,0.69576,0.52575,65.556,111.09387,101.41838,0.45135,0.15661,0.18098,0.10176,0.07854,2022-23 Men's Basketball,True,0.2776,0.1599,0.5964,0.3784,0.3494,0.1392,0.3308,0.1377,0.5176,0.53,0.34472,0.32583,0.288,0.1299,0.4127,0.5302,0.45738,0.32955
36046,103308,Auburn,Tigers,0.3286,0.69767,0.61584,69.16,120.176,98.7765,0.38284,0.13112,0.15763,0.10696,0.15914,2023-24 Men's Basketball,True,0.2801,0.1916,0.6461,0.3663,0.4235,0.1603,0.4019,0.0985,0.5266,0.5783,0.37482,0.3522,0.344,0.1232,0.5426,0.4478,0.33415,0.30236
41097,103614,Florida,Gators,0.43346,0.75165,0.54982,70.634,123.37278,101.28703,0.39045,0.13562,0.13536,0.09362,0.12411,2025-26 Men's Basketball,True,0.2502,0.1848,0.6914,0.3963,0.3995,0.1687,0.4138,0.0647,0.5649,0.6043,0.37037,0.31205,0.3452,0.1314,0.5278,0.4774,0.34081,0.32099
36046,103926,Mississippi St.,Bulldogs,0.35447,0.72164,0.53544,67.338,109.62852,102.18747,0.37395,0.1616,0.16162,0.12002,0.09022,2023-24 Men's Basketball,True,0.2453,0.1419,0.6485,0.3537,0.3977,0.1737,0.3446,0.0873,0.5274,0.5659,0.3853,0.32138,0.375,0.1508,0.4375,0.5476,0.41171,0.29759
30629,104312,Tennessee,Volunteers,0.32486,0.72832,0.62951,67.25,108.45494,92.93124,0.28937,0.15292,0.20287,0.13727,0.12909,2021-22 Men's Basketball,True,0.2497,0.1653,0.6224,0.2789,0.3615,0.1798,0.3664,0.1385,0.4587,0.5202,0.40275,0.35925,0.3007,0.1496,0.4582,0.5126,0.39226,0.31333
33533,103928,Missouri,Tigers,0.26338,0.62804,0.56579,68.606,114.21024,107.67685,0.29063,0.14184,0.20481,0.14736,0.08528,2022-23 Men's Basketball,True,0.261,0.2131,0.6768,0.315,0.4118,0.1544,0.4078,0.0985,0.4694,0.5896,0.43212,0.35951,0.3141,0.0956,0.4615,0.5662,0.44294,0.34915
41097,103268,Alabama,Crimson Tide,0.32394,0.67165,0.54278,72.545,124.82301,113.24794,0.35986,0.11354,0.10868,0.08777,0.11211,2025-26 Men's Basketball,True,0.2526,0.1996,0.6362,0.3032,0.4437,0.1228,0.4225,0.0307,0.426,0.5807,0.54325,0.35828,0.3323,0.1291,0.5173,0.5209,0.3536,0.33804
38409,104319,Texas,Longhorns,0.29716,0.70625,0.4728,66.879,115.70274,107.06821,0.36768,0.12657,0.14314,0.09192,0.11592,2024-25 Men's Basketball,True,0.2755,0.1511,0.6614,0.3072,0.3941,0.1485,0.3813,0.1916,0.4557,0.5743,0.35269,0.36214,0.3536,0.1377,0.4985,0.5128,0.36382,0.33784
41097,104051,Ole Miss,Rebels,0.28306,0.67407,0.50212,66.706,111.76516,112.1018,0.33018,0.12346,0.14235,0.10448,0.12906,2025-26 Men's Basketball,True,0.2841,0.1471,0.68,0.2365,0.4493,0.1958,0.3719,0.2124,0.4324,0.5755,0.35525,0.33156,0.3347,0.1201,0.4534,0.5535,0.42647,0.33448
36046,104312,Tennessee,Volunteers,0.32181,0.71829,0.61287,68.543,114.93147,98.31585,0.33738,0.12568,0.16238,0.1132,0.13474,2023-24 Men's Basketball,True,0.2548,0.1825,0.626,0.2695,0.4348,0.2069,0.3574,0.112,0.4764,0.543,0.41161,0.34426,0.2886,0.1176,0.4715,0.4817,0.41081,0.31199
33533,104312,Tennessee,Volunteers,0.36421,0.73147,0.66189,64.491,109.32491,89.45156,0.30663,0.15333,0.19522,0.12705,0.11786,2022-23 Men's Basketball,True,0.2558,0.123,0.6483,0.2766,0.4208,0.1836,0.323,0.1388,0.4602,0.5575,0.40105,0.32818,0.2857,0.1404,0.4417,0.503,0.41794,0.26515
33533,103301,Arkansas,Razorbacks,0.30725,0.72093,0.48075,68.786,107.28772,98.43427,0.39263,0.15917,0.18136,0.12143,0.13112,2022-23 Men's Basketball,True,0.2794,0.1605,0.6962,0.3286,0.4165,0.2293,0.3324,0.1648,0.5579,0.5812,0.27727,0.31294,0.3368,0.1443,0.5511,0.51,0.30461,0.31086
38409,103765,Kentucky,Wildcats,0.28187,0.73566,0.56995,70.894,118.70157,108.54946,0.35188,0.13309,0.12539,0.09751,0.11355,2024-25 Men's Basketball,True,0.242,0.1713,0.6582,0.2858,0.4911,0.2293,0.3642,0.0733,0.5152,0.5838,0.41158,0.37473,0.4093,0.1239,0.4392,0.5753,0.43695,0.30474
41097,103765,Kentucky,Wildcats,0.33228,0.70023,0.56944,68.123,117.75922,108.73833,0.37367,0.13338,0.13523,0.10258,0.12693,2025-26 Men's Basketball,True,0.269,0.1791,0.7109,0.3132,0.3928,0.1917,0.3239,0.0984,0.5048,0.5901,0.39677,0.34226,0.344,0.1163,0.4847,0.5336,0.39907,0.31818
30629,104399,Vanderbilt,Commodores,0.27453,0.72254,0.49823,67.528,104.08963,99.75938,0.38731,0.16773,0.18303,0.10648,0.09926,2021-22 Men's Basketball,True,0.2656,0.1327,0.6506,0.2389,0.3995,0.2089,0.3211,0.095,0.4478,0.5335,0.45727,0.3388,0.3537,0.1472,0.4637,0.554,0.38908,0.30116
36046,104320,Texas A&M,Aggies,0.42251,0.72025,0.44492,66.151,114.09669,108.04989,0.38628,0.11376,0.14618,0.10361,0.09351,2023-24 Men's Basketball,True,0.2547,0.1332,0.5842,0.3455,0.2964,0.1684,0.3625,0.1089,0.5139,0.4899,0.37717,0.29344,0.3371,0.126,0.4253,0.5511,0.44869,0.3383
38409,103301,Arkansas,Razorbacks,0.28092,0.70097,0.52147,68.679,111.06097,103.26863,0.35556,0.14476,0.14981,0.10878,0.14963,2024-25 Men's Basketball,True,0.2342,0.1667,0.7042,0.2894,0.443,0.2113,0.3404,0.1333,0.5007,0.594,0.36596,0.32687,0.3214,0.1014,0.5104,0.5102,0.38813,0.31389
38409,104051,Ole Miss,Rebels,0.2554,0.69572,0.5318,67.749,113.15594,105.13445,0.3525,0.11512,0.17757,0.12831,0.11837,2024-25 Men's Basketball,True,0.2675,0.1676,0.6383,0.2834,0.4151,0.1776,0.3679,0.1387,0.461,0.5523,0.40028,0.34762,0.3404,0.1174,0.4481,0.5641,0.43457,0.32529
41097,104399,Vanderbilt,Commodores,0.31194,0.68474,0.56388,68.667,123.97743,108.43003,0.38058,0.1184,0.15414,0.11481,0.12414,2025-26 Men's Basketball,True,0.2748,0.16,0.7121,0.2042,0.5277,0.2634,0.3636,0.0902,0.4676,0.6082,0.44211,0.35567,0.3775,0.1178,0.5035,0.516,0.37861,0.32625
41097,104319,Texas,Longhorns,0.36,0.73499,0.44051,67.146,122.38835,112.65151,0.43503,0.1336,0.11698,0.08343,0.07605,2025-26 Men's Basketball,True,0.274,0.1623,0.6564,0.3546,0.4588,0.1618,0.3985,0.1266,0.5164,0.5945,0.35697,0.35467,0.3725,0.1661,0.5036,0.5388,0.33032,0.34726
36046,103614,Florida,Gators,0.37297,0.71173,0.50696,71.627,117.40826,108.67888,0.38409,0.13256,0.12737,0.09188,0.12092,2023-24 Men's Basketball,True,0.2531,0.2035,0.6082,0.3615,0.4099,0.1889,0.4,0.1042,0.5504,0.5402,0.34538,0.34483,0.4521,0.1311,0.5452,0.5048,0.32367,0.3262
36046,103644,Georgia,Bulldogs,0.27051,0.69511,0.46235,69.145,107.67323,107.67323,0.36583,0.14178,0.14066,0.09261,0.0842,2023-24 Men's Basketball,True,0.233,0.1667,0.6,0.2984,0.3979,0.2187,0.3333,0.0806,0.5171,0.5145,0.40228,0.33975,0.3458,0.1289,0.4989,0.5377,0.37221,0.33099
30629,103301,Arkansas,Razorbacks,0.29564,0.7472,0.52675,70.372,107.19681,96.40084,0.37171,0.14801,0.184,0.10738,0.11706,2021-22 Men's Basketball,True,0.238,0.1814,0.6758,0.2918,0.3955,0.1794,0.3301,0.1865,0.4712,0.5691,0.34226,0.30378,0.3059,0.1653,0.4468,0.5273,0.38782,0.32488
33533,104399,Vanderbilt,Commodores,0.3082,0.68118,0.46129,65.68,108.76472,108.11074,0.3155,0.13808,0.13116,0.07646,0.11831,2022-23 Men's Basketball,True,0.2469,0.1253,0.6333,0.2332,0.4298,0.2213,0.3296,0.1235,0.4545,0.5342,0.42204,0.33586,0.3743,0.1613,0.4786,0.5386,0.36007,0.31039
36046,103268,Alabama,Crimson Tide,0.34963,0.69049,0.51673,72.325,123.78895,111.57709,0.35304,0.13715,0.13185,0.09497,0.10961,2023-24 Men's Basketball,True,0.2726,0.214,0.6368,0.374,0.4102,0.1237,0.3778,0.0377,0.4977,0.5805,0.46457,0.37274,0.4144,0.1242,0.5049,0.5307,0.37091,0.31766
38409,103268,Alabama,Crimson Tide,0.33725,0.70573,0.55449,74.559,120.79933,108.26932,0.39308,0.1443,0.1167,0.08191,0.10121,2024-25 Men's Basketball,True,0.2519,0.2053,0.6505,0.3741,0.4649,0.1261,0.5062,0.0342,0.5002,0.6037,0.46563,0.35326,0.4128,0.1363,0.5176,0.5107,0.34602,0.30355
41097,104312,Tennessee,Volunteers,0.44681,0.72173,0.60441,65.916,118.4037,104.48101,0.37423,0.14206,0.14161,0.10935,0.11584,2025-26 Men's Basketball,True,0.2697,0.1572,0.6344,0.3416,0.4375,0.2189,0.3457,0.1187,0.5605,0.5575,0.32083,0.33425,0.3693,0.1133,0.4391,0.5257,0.44758,0.30567
41097,103301,Arkansas,Razorbacks,0.32013,0.69122,0.53094,71.01,125.31541,112.58483,0.35903,0.10723,0.13589,0.1018,0.12993,2025-26 Men's Basketball,True,0.232,0.2063,0.7363,0.3527,0.3911,0.1885,0.3225,0.1286,0.5413,0.6161,0.33012,0.38198,0.3226,0.0913,0.5274,0.5818,0.38131,0.31788
41097,104047,Oklahoma,Sooners,0.3281,0.67114,0.50854,66.91,122.23299,114.18243,0.35546,0.12445,0.13353,0.09388,0.10736,2025-26 Men's Basketball,True,0.2599,0.1416,0.6769,0.2895,0.4127,0.1403,0.4219,0.1341,0.4298,0.5907,0.43608,0.36466,0.3731,0.1164,0.4801,0.5429,0.40349,0.34073
33533,103268,Alabama,Crimson Tide,0.34205,0.72099,0.54252,71.217,112.59294,93.95764,0.36646,0.16004,0.13718,0.08345,0.11304,2022-23 Men's Basketball,True,0.2571,0.2011,0.639,0.3388,0.3783,0.1474,0.2842,0.0411,0.4862,0.56,0.47277,0.33455,0.3181,0.1831,0.5174,0.4405,0.29954,0.28252
38409,104312,Tennessee,Volunteers,0.35557,0.69742,0.606,63.222,117.09021,99.77435,0.35547,0.13836,0.15216,0.10907,0.15109,2024-25 Men's Basketball,True,0.2412,0.1362,0.6838,0.2736,0.4198,0.1894,0.3801,0.1034,0.463,0.5758,0.43358,0.33765,0.3405,0.1074,0.447,0.4959,0.44563,0.2866
38409,103308,Auburn,Tigers,0.3417,0.70325,0.54928,67.529,122.46876,102.46514,0.33916,0.1176,0.1515,0.10128,0.15797,2024-25 Men's Basketball,True,0.2728,0.1425,0.6616,0.3114,0.4593,0.1728,0.4111,0.1079,0.4842,0.5894,0.40785,0.35879,0.2943,0.1209,0.526,0.5074,0.3531,0.29845
41097,103308,Auburn,Tigers,0.37043,0.69141,0.47624,67.359,122.01599,115.78753,0.43214,0.12434,0.1429,0.10951,0.11573,2025-26 Men's Basketball,True,0.2498,0.1697,0.6182,0.3761,0.4305,0.1292,0.3662,0.0933,0.5053,0.5702,0.40149,0.3446,0.3391,0.1035,0.4953,0.5677,0.40116,0.36656
38409,103614,Florida,Gators,0.38526,0.7096,0.52369,69.112,122.6638,100.70658,0.34861,0.13297,0.14389,0.10677,0.11684,2024-25 Men's Basketball,True,0.2471,0.1924,0.6773,0.3359,0.4092,0.1558,0.3408,0.0713,0.4916,0.5924,0.43705,0.35552,0.3425,0.1041,0.5236,0.4867,0.37239,0.29373
30629,104320,Texas A&M,Aggies,0.34302,0.66928,0.52321,67.244,106.77949,97.0489,0.35332,0.16263,0.2092,0.14587,0.09877,2021-22 Men's Basketball,True,0.2568,0.1884,0.6256,0.3912,0.3353,0.1478,0.3134,0.1175,0.539,0.546,0.34342,0.32439,0.2921,0.145,0.4685,0.5314,0.38656,0.31786
27693,103454,Chicago St.,Cougars,0.16564,0.62069,0.49444,69.982,79.22688,126.69951,0.25352,0.20218,0.14006,0.07797,0.03683,2020-21 Men's Basketball,True,0.282,0.1517,0.7576,0.1486,0.3333,0.2365,0.3068,0.1982,0.3851,0.4971,0.41667,0.26486,0.3333,0.0966,0.5352,0.6391,0.36821,0.39891
27693,104381,UTRGV,Vaqueros,0.32614,0.68258,0.60714,73.315,98.78104,92.39186,0.40206,0.17021,0.21863,0.12125,0.11219,2020-21 Men's Basketball,True,0.295,0.2449,0.6143,0.3179,0.4,0.1408,0.2872,0.1708,0.4587,0.5485,0.37057,0.28676,0.314,0.1696,0.5,0.499,0.33037,0.30149
27693,104309,Tarleton St.,Texans,0.27217,0.70167,0.55472,67.515,108.64325,92.27641,0.36492,0.14988,0.25033,0.15479,0.1,2020-21 Men's Basketball,True,0.2895,0.1586,0.6559,0.3295,0.3595,0.2143,0.3973,0.1984,0.5438,0.5391,0.25775,0.37801,0.265,0.1188,0.4193,0.5085,0.46193,0.34505
27693,103985,New Mexico St.,Aggies,0.34593,0.75272,0.5061,64.783,109.75036,99.0223,0.31228,0.15653,0.17536,0.07736,0.07186,2020-21 Men's Basketball,True,0.2753,0.1179,0.6491,0.2772,0.3139,0.1333,0.3883,0.1002,0.4105,0.5403,0.4893,0.31412,0.42,0.1592,0.4862,0.524,0.35456,0.31737
27693,103539,Utah Tech,Trailblazers ,0.25316,0.68702,0.62451,72.869,95.47463,104.75416,0.348,0.18445,0.17155,0.09311,0.05257,2020-21 Men's Basketball,True,0.2856,0.2146,0.617,0.3118,0.3667,0.1641,0.3112,0.1787,0.4758,0.5307,0.34549,0.30343,0.4422,0.1257,0.5064,0.5659,0.36784,0.31628
27693,104391,Utah Valley,Wolverines,0.31746,0.75709,0.625,70.583,104.50441,104.69651,0.42215,0.18213,0.14021,0.07371,0.11649,2020-21 Men's Basketball,True,0.276,0.1537,0.6225,0.2849,0.4654,0.2897,0.4462,0.1565,0.5746,0.5433,0.26886,0.34627,0.3578,0.154,0.5004,0.5053,0.34566,0.34279
27693,103407,California Baptist,Lancers,0.29342,0.7438,0.63565,69.783,112.78263,103.73523,0.34232,0.16837,0.14896,0.07166,0.06278,2020-21 Men's Basketball,True,0.2812,0.1564,0.6102,0.3536,0.4393,0.1603,0.3663,0.0757,0.5139,0.5569,0.41049,0.39234,0.4225,0.1567,0.5114,0.5079,0.33186,0.34812
27693,104209,Seattle U,Redhawks,0.27231,0.69961,0.44519,68.831,105.35758,99.1379,0.29173,0.13261,0.19635,0.0951,0.09901,2020-21 Men's Basketball,True,0.2733,0.1577,0.6162,0.2595,0.393,0.2195,0.3733,0.1052,0.479,0.5139,0.41585,0.31366,0.3731,0.1524,0.4858,0.5008,0.36177,0.32969
27693,103659,Grand Canyon,Lopes,0.33842,0.76804,0.57692,66.657,113.26646,93.20104,0.31358,0.16357,0.15375,0.07294,0.09102,2020-21 Men's Basketball,True,0.2575,0.132,0.6897,0.2934,0.4888,0.1936,0.4766,0.1546,0.487,0.6098,0.35838,0.32863,0.3153,0.1631,0.4181,0.4974,0.41881,0.29474
33533,103985,New Mexico St.,Aggies,0.28975,0.74907,0.46117,69.962,105.35545,102.43718,0.3359,0.15707,0.17417,0.10464,0.07324,2022-23 Men's Basketball,True,0.2698,0.1649,0.6638,0.3212,0.3452,0.1971,0.3203,0.1073,0.5182,0.5426,0.37447,0.33895,0.3672,0.1293,0.4193,0.5331,0.45142,0.34466
30629,103791,Lamar University,Cardinals,0.30414,0.689,0.48343,66.323,92.44202,110.01536,0.26163,0.18682,0.15529,0.08816,0.09139,2021-22 Men's Basketball,True,0.2833,0.1432,0.6031,0.2344,0.3775,0.2689,0.3503,0.1897,0.5033,0.4826,0.30695,0.29921,0.3364,0.1339,0.4466,0.5704,0.41949,0.34706
33533,103260,Abilene Christian,Wildcats,0.28558,0.73481,0.58005,69.593,106.83139,101.32119,0.31833,0.1559,0.22474,0.12547,0.07037,2022-23 Men's Basketball,True,0.2928,0.1652,0.6318,0.3667,0.3758,0.1744,0.3099,0.1183,0.5411,0.5493,0.34056,0.34421,0.3584,0.1481,0.5131,0.5849,0.33879,0.36364
30629,104381,UTRGV,Vaqueros,0.25463,0.66863,0.49934,71.796,99.38619,109.54048,0.41638,0.1897,0.15499,0.07271,0.08498,2021-22 Men's Basketball,True,0.2786,0.1893,0.6176,0.363,0.3692,0.1887,0.4453,0.0743,0.5517,0.5326,0.37398,0.30435,0.3974,0.1219,0.4849,0.5607,0.39323,0.32053
30629,103659,Grand Canyon,Lopes,0.3545,0.72481,0.50638,66.491,106.92719,92.08158,0.30904,0.16309,0.16769,0.09987,0.05995,2021-22 Men's Basketball,True,0.2673,0.1535,0.6128,0.2986,0.3502,0.1737,0.3629,0.1299,0.4723,0.5162,0.39781,0.34848,0.3566,0.1469,0.5085,0.4681,0.34453,0.27273
38409,104249,Southern Utah,Thunderbirds,0.31028,0.68766,0.48945,69.369,100.58399,106.25725,0.35742,0.17822,0.13295,0.0729,0.09756,2024-25 Men's Basketball,True,0.254,0.1607,0.6184,0.298,0.3798,0.1888,0.3552,0.1877,0.4868,0.5259,0.32549,0.31325,0.3636,0.1359,0.5816,0.5106,0.28255,0.32423
30629,103539,Utah Tech,Trailblazers ,0.28752,0.72292,0.60252,72.624,99.40563,101.57335,0.34566,0.17846,0.16421,0.09206,0.06292,2021-22 Men's Basketball,True,0.2585,0.2235,0.614,0.329,0.3872,0.1758,0.3186,0.1211,0.5048,0.535,0.37406,0.31375,0.3361,0.1263,0.4902,0.5502,0.38354,0.31579
36046,104249,Southern Utah,Thunderbirds,0.2847,0.67565,0.45732,70.055,106.67538,110.34436,0.36217,0.1474,0.15266,0.0929,0.06706,2023-24 Men's Basketball,True,0.2515,0.1529,0.6217,0.2273,0.5038,0.2848,0.3668,0.1392,0.5121,0.5561,0.34874,0.30046,0.321,0.1283,0.5961,0.574,0.27561,0.341
30629,104309,Tarleton St.,Texans,0.28146,0.67355,0.49504,64.405,99.86946,101.01681,0.34343,0.16326,0.21559,0.11782,0.07375,2021-22 Men's Basketball,True,0.2802,0.1324,0.6091,0.2888,0.3659,0.2371,0.3728,0.1705,0.5258,0.4994,0.30362,0.30528,0.355,0.1062,0.4733,0.575,0.42049,0.32138
36046,103539,Utah Tech,Trailblazers ,0.28373,0.68492,0.5201,70.544,99.52357,108.3691,0.40545,0.19592,0.16166,0.09319,0.11575,2023-24 Men's Basketball,True,0.2936,0.1578,0.6327,0.3016,0.4188,0.2036,0.3658,0.1491,0.5052,0.5465,0.34571,0.33725,0.4167,0.1253,0.5063,0.5212,0.36833,0.33881
36046,104381,UTRGV,Vaqueros,0.24936,0.68095,0.5305,72.101,96.7971,109.75664,0.40422,0.16984,0.17038,0.11109,0.07302,2023-24 Men's Basketball,True,0.2499,0.1834,0.5873,0.3148,0.4289,0.246,0.291,0.1355,0.5608,0.5178,0.30372,0.2925,0.3391,0.1212,0.5427,0.5738,0.33614,0.34639
38409,104378,UT Arlington,Mavericks,0.33059,0.6781,0.54568,67.709,108.36151,109.20882,0.36698,0.16717,0.14289,0.08654,0.08003,2024-25 Men's Basketball,True,0.2629,0.167,0.6362,0.3112,0.3935,0.1885,0.3043,0.077,0.4997,0.5446,0.42331,0.35441,0.3333,0.1372,0.5207,0.5066,0.34202,0.3577
30629,103454,Chicago St.,Cougars,0.3165,0.67591,0.44,66.219,93.77061,112.31708,0.29167,0.19212,0.16403,0.08453,0.06578,2021-22 Men's Basketball,True,0.2984,0.138,0.5961,0.2704,0.3333,0.1665,0.293,0.1269,0.4368,0.4959,0.43625,0.30582,0.3193,0.1435,0.4982,0.5508,0.35826,0.40236
38409,104309,Tarleton St.,Texans,0.30699,0.66867,0.48494,66.993,94.45978,103.88244,0.42193,0.22701,0.21394,0.14016,0.12221,2024-25 Men's Basketball,True,0.2853,0.1549,0.6275,0.316,0.3784,0.2472,0.3165,0.184,0.5632,0.5182,0.25279,0.32353,0.4253,0.1069,0.4714,0.5411,0.42163,0.33965
38409,104209,Seattle U,Redhawks,0.30279,0.73798,0.51743,66.468,105.97135,99.90644,0.42635,0.14557,0.19061,0.12186,0.09855,2024-25 Men's Basketball,True,0.2699,0.1339,0.5761,0.3252,0.3553,0.219,0.3503,0.0873,0.5442,0.4872,0.36854,0.32278,0.3918,0.1154,0.5003,0.5505,0.3843,0.31424
30629,104209,Seattle U,Redhawks,0.26407,0.74788,0.52593,70.328,106.00726,94.36638,0.27954,0.14244,0.18157,0.09762,0.10122,2021-22 Men's Basketball,True,0.2908,0.1575,0.6267,0.264,0.3514,0.176,0.335,0.1021,0.4399,0.5166,0.45802,0.33919,0.3504,0.1406,0.4939,0.4832,0.36545,0.31364
30629,104159,SFA,Lumberjacks,0.3512,0.68083,0.5496,70.448,105.38422,96.7679,0.35262,0.1976,0.22012,0.12856,0.11894,2021-22 Men's Basketball,True,0.2782,0.2143,0.6547,0.3321,0.4864,0.2591,0.2896,0.099,0.5911,0.581,0.3099,0.32984,0.4175,0.11,0.5096,0.5095,0.38039,0.3234
33533,104378,UT Arlington,Mavericks,0.34462,0.70841,0.55959,66.297,99.77474,102.82668,0.30596,0.17326,0.18573,0.09587,0.09014,2022-23 Men's Basketball,True,0.2906,0.1538,0.5923,0.3199,0.3696,0.1728,0.3079,0.1621,0.4928,0.5142,0.34514,0.32193,0.3348,0.1339,0.486,0.5222,0.38009,0.36447
33533,104209,Seattle U,Redhawks,0.29917,0.74437,0.48473,69.037,103.84171,99.60327,0.32514,0.14611,0.1666,0.08828,0.08223,2022-23 Men's Basketball,True,0.262,0.1378,0.6083,0.2601,0.3616,0.1813,0.3333,0.1137,0.4414,0.507,0.44496,0.31646,0.3826,0.1245,0.5273,0.5092,0.34813,0.32193
41097,104249,Southern Utah,Thunderbirds,0.29982,0.68576,0.51373,70.682,107.54628,112.03838,0.33368,0.17234,0.13048,0.07854,0.09468,2025-26 Men's Basketball,True,0.2339,0.1809,0.6505,0.2941,0.4624,0.2451,0.3242,0.0959,0.5393,0.565,0.36479,0.34249,0.3408,0.1308,0.5781,0.5415,0.29103,0.36195
33533,104381,UTRGV,Vaqueros,0.30914,0.72529,0.5818,72.92,107.07242,106.39206,0.43305,0.18905,0.15374,0.06447,0.0834,2022-23 Men's Basketball,True,0.2727,0.2046,0.6536,0.3866,0.3934,0.1949,0.3,0.0648,0.5815,0.5664,0.35367,0.33893,0.3542,0.1223,0.5125,0.5408,0.36526,0.33194
36046,104391,Utah Valley,Wolverines,0.28511,0.73264,0.59551,67.967,100.32296,100.14047,0.35386,0.15587,0.16198,0.10109,0.11867,2023-24 Men's Basketball,True,0.2642,0.1607,0.6181,0.293,0.4346,0.2866,0.3333,0.1367,0.5796,0.5274,0.28374,0.28862,0.4053,0.1535,0.5006,0.4983,0.34593,0.31765
38409,103260,Abilene Christian,Wildcats,0.31753,0.69808,0.51404,69.655,100.60622,100.16106,0.36098,0.18209,0.21141,0.14685,0.08545,2024-25 Men's Basketball,True,0.2982,0.1696,0.5688,0.4173,0.4057,0.1897,0.3843,0.1312,0.607,0.5179,0.26179,0.30228,0.3403,0.0859,0.5701,0.5408,0.34407,0.31369
38409,103407,California Baptist,Lancers,0.33304,0.70394,0.45599,66.077,106.58041,104.75733,0.29713,0.15129,0.15911,0.09903,0.0688,2024-25 Men's Basketball,True,0.2577,0.1288,0.5688,0.3452,0.3987,0.2371,0.3721,0.0674,0.5822,0.4996,0.35039,0.31744,0.3894,0.1143,0.5725,0.5259,0.31319,0.33158
41097,104309,Tarleton St.,Texans,0.32043,0.66731,0.42823,69.856,105.4576,103.86579,0.40948,0.17325,0.21403,0.14642,0.09804,2025-26 Men's Basketball,True,0.2842,0.1905,0.5807,0.3804,0.4312,0.2074,0.3657,0.1665,0.5878,0.528,0.24569,0.32237,0.3687,0.1047,0.4921,0.5541,0.40316,0.34107
41097,104378,UT Arlington,Mavericks,0.36129,0.71046,0.48067,65.86,105.05555,100.08417,0.4161,0.17445,0.1625,0.11473,0.09884,2025-26 Men's Basketball,True,0.2814,0.1586,0.6031,0.3575,0.4131,0.2494,0.3354,0.089,0.607,0.525,0.30405,0.29074,0.348,0.1549,0.5284,0.5349,0.31669,0.26703
30629,104391,Utah Valley,Wolverines,0.3302,0.7498,0.59524,66.936,104.35943,95.43004,0.38168,0.19425,0.14168,0.08008,0.11838,2021-22 Men's Basketball,True,0.2469,0.1378,0.6152,0.2986,0.4347,0.2526,0.3264,0.1359,0.5512,0.5325,0.31286,0.37091,0.3651,0.1575,0.4684,0.4912,0.37409,0.28393
33533,104159,SFA,Lumberjacks,0.32022,0.69028,0.55594,69.723,106.69488,98.38614,0.37296,0.1876,0.21959,0.12455,0.0758,2022-23 Men's Basketball,True,0.301,0.1784,0.6011,0.2939,0.4517,0.2595,0.434,0.157,0.5534,0.531,0.28953,0.3823,0.3273,0.1264,0.5029,0.5463,0.37069,0.33178
30629,104195,Sam Houston,Bearkats,0.31422,0.75223,0.55083,66.393,103.30743,94.66817,0.24395,0.15888,0.19474,0.11515,0.08124,2021-22 Men's Basketball,True,0.2738,0.1492,0.6276,0.3067,0.3448,0.1362,0.3321,0.1382,0.4429,0.5406,0.41888,0.33873,0.3004,0.1384,0.4337,0.5329,0.42781,0.31111
38409,103539,Utah Tech,Trailblazers ,0.27993,0.68597,0.51605,67.906,102.47238,111.49706,0.33124,0.16019,0.15173,0.09467,0.08198,2024-25 Men's Basketball,True,0.2818,0.1406,0.6012,0.2694,0.4138,0.1976,0.3548,0.1462,0.467,0.5219,0.38679,0.33333,0.417,0.131,0.5551,0.5568,0.31389,0.33615
41097,103260,Abilene Christian,Wildcats,0.32597,0.71822,0.54658,67.873,103.23454,106.25908,0.40272,0.17892,0.21362,0.14272,0.08103,2025-26 Men's Basketball,True,0.3076,0.1726,0.5895,0.3734,0.3941,0.1668,0.3704,0.1321,0.5402,0.5292,0.32772,0.31343,0.3721,0.1061,0.5867,0.5605,0.30722,0.39357
33533,103539,Utah Tech,Trailblazers ,0.29342,0.73694,0.52415,69.551,107.88784,104.64472,0.43674,0.18788,0.18677,0.09451,0.06379,2022-23 Men's Basketball,True,0.2799,0.1546,0.6492,0.318,0.3785,0.1598,0.3212,0.1071,0.4778,0.5587,0.41509,0.38102,0.3878,0.1421,0.4846,0.5697,0.37331,0.34877
33533,103407,California Baptist,Lancers,0.3042,0.74892,0.58076,64.781,106.36233,100.0948,0.31191,0.14936,0.14566,0.06797,0.0822,2022-23 Men's Basketball,True,0.2641,0.1446,0.6186,0.3109,0.3678,0.1834,0.3415,0.0648,0.4942,0.5256,0.44099,0.32975,0.3803,0.1524,0.5201,0.5129,0.32743,0.30328
36046,103407,California Baptist,Lancers,0.32946,0.76036,0.48819,64.457,103.6774,102.51091,0.37695,0.1533,0.13818,0.06205,0.06454,2023-24 Men's Basketball,True,0.2444,0.133,0.5848,0.2763,0.3873,0.2628,0.2912,0.098,0.539,0.4885,0.36295,0.32641,0.3922,0.1375,0.5892,0.4986,0.27332,0.33728
36046,104159,SFA,Lumberjacks,0.34413,0.70186,0.49706,69.992,104.65382,99.97988,0.42116,0.19132,0.20744,0.12543,0.08252,2023-24 Men's Basketball,True,0.2961,0.1763,0.6125,0.3127,0.4502,0.2656,0.3053,0.1005,0.5783,0.538,0.32116,0.33443,0.291,0.1362,0.4927,0.4994,0.37109,0.37143
30629,103407,California Baptist,Lancers,0.28921,0.7344,0.65223,67.999,103.51362,98.42844,0.3654,0.17644,0.15637,0.07588,0.07051,2021-22 Men's Basketball,True,0.2698,0.1572,0.6109,0.3391,0.3971,0.143,0.3497,0.0857,0.4821,0.5474,0.43218,0.3309,0.3399,0.1282,0.539,0.4934,0.33283,0.31659
30629,103985,New Mexico St.,Aggies,0.33155,0.74818,0.5374,66.759,108.15802,96.43797,0.341,0.17857,0.15518,0.07471,0.1218,2021-22 Men's Basketball,True,0.2365,0.141,0.6706,0.3096,0.4505,0.1637,0.3198,0.103,0.4733,0.5945,0.42364,0.33086,0.3919,0.1382,0.4347,0.4738,0.42713,0.30095
36046,104378,UT Arlington,Mavericks,0.33978,0.70871,0.60909,70.335,108.90815,103.82521,0.37708,0.18549,0.16725,0.10063,0.10236,2023-24 Men's Basketball,True,0.2944,0.1901,0.6067,0.3337,0.4,0.159,0.3333,0.0727,0.4927,0.54,0.43463,0.35424,0.3346,0.1356,0.512,0.497,0.35237,0.34732
38409,103659,Grand Canyon,Lopes,0.3262,0.71141,0.51766,70.784,110.16393,97.78549,0.43913,0.15886,0.17998,0.12874,0.13198,2024-25 Men's Basketball,True,0.2459,0.1809,0.5948,0.4432,0.3503,0.0991,0.4378,0.1172,0.5423,0.5501,0.34054,0.31167,0.3319,0.1174,0.5368,0.4899,0.34583,0.31954
33533,104309,Tarleton St.,Texans,0.28212,0.71145,0.51594,67.766,105.38585,99.44012,0.44807,0.15938,0.23321,0.14203,0.09917,2022-23 Men's Basketball,True,0.3067,0.1601,0.5799,0.3331,0.4556,0.2412,0.3424,0.1706,0.5743,0.5277,0.25506,0.3424,0.3353,0.1066,0.4564,0.5563,0.43699,0.35868
33533,104195,Sam Houston,Bearkats,0.33681,0.75747,0.51454,65.556,109.29588,89.74376,0.29322,0.16767,0.22283,0.12466,0.08361,2022-23 Men's Basketball,True,0.27,0.1452,0.6228,0.3406,0.3562,0.156,0.3594,0.1305,0.4967,0.539,0.37277,0.37893,0.3209,0.1262,0.4079,0.4835,0.46596,0.32997
38409,104391,Utah Valley,Wolverines,0.31512,0.73751,0.58224,68.1,110.78544,99.55255,0.41376,0.15271,0.1513,0.09705,0.14232,2024-25 Men's Basketball,True,0.24,0.1709,0.637,0.3465,0.432,0.2567,0.3789,0.0826,0.6032,0.5498,0.31417,0.33497,0.3346,0.1296,0.5394,0.4806,0.33101,0.33735
36046,103260,Abilene Christian,Wildcats,0.26575,0.70313,0.50058,69.807,102.18277,104.18309,0.38098,0.15758,0.17967,0.10937,0.05496,2023-24 Men's Basketball,True,0.2772,0.1488,0.5974,0.3513,0.3768,0.2391,0.2993,0.1429,0.5903,0.5081,0.26673,0.33962,0.3518,0.1316,0.5497,0.5676,0.31877,0.32463
41097,104391,Utah Valley,Wolverines,0.36519,0.69601,0.6319,68.62,115.48249,99.11823,0.363,0.17136,0.189,0.13657,0.14711,2025-26 Men's Basketball,True,0.2639,0.1725,0.6989,0.369,0.4702,0.2363,0.2917,0.0603,0.6053,0.6096,0.33434,0.34286,0.332,0.1297,0.5234,0.4875,0.34698,0.34191
41097,103407,California Baptist,Lancers,0.3748,0.72831,0.39862,66.112,108.68653,101.11807,0.35923,0.15092,0.14946,0.08201,0.07348,2025-26 Men's Basketball,True,0.277,0.1319,0.5573,0.3409,0.4,0.2622,0.3567,0.0777,0.6032,0.4889,0.31915,0.33488,0.3953,0.131,0.5526,0.4911,0.31642,0.2946
41097,103539,Utah Tech,Trailblazers ,0.28597,0.66908,0.52922,67.506,110.94717,108.22871,0.31976,0.1562,0.15053,0.10356,0.07832,2025-26 Men's Basketball,True,0.234,0.1661,0.6838,0.2926,0.4571,0.1815,0.4,0.1408,0.4741,0.597,0.38512,0.34726,0.3074,0.111,0.5517,0.5566,0.33734,0.30199
36046,103659,Grand Canyon,Lopes,0.34448,0.69924,0.45887,68.401,115.25017,97.64424,0.4497,0.15166,0.17243,0.12014,0.14275,2023-24 Men's Basketball,True,0.2601,0.1625,0.6227,0.3511,0.4211,0.1703,0.4103,0.1165,0.5214,0.5568,0.36205,0.337,0.36,0.1226,0.537,0.4658,0.34036,0.31988
36046,104309,Tarleton St.,Texans,0.31193,0.67977,0.50683,67.033,110.12716,102.01521,0.30846,0.14261,0.18256,0.13131,0.0996,2023-24 Men's Basketball,True,0.2569,0.1482,0.66,0.2884,0.4199,0.2358,0.3844,0.1779,0.5242,0.552,0.29794,0.32584,0.3418,0.1212,0.5153,0.5337,0.3635,0.33052
33533,103659,Grand Canyon,Lopes,0.30847,0.70697,0.48446,65.606,113.78194,101.79825,0.35778,0.15548,0.13839,0.07444,0.0811,2022-23 Men's Basketball,True,0.2724,0.13,0.607,0.2988,0.3835,0.1744,0.4932,0.1095,0.4732,0.5246,0.41724,0.38361,0.3173,0.1477,0.5237,0.4919,0.3286,0.317
30629,103260,Abilene Christian,Wildcats,0.2928,0.70317,0.56871,70.238,107.69662,94.86352,0.38212,0.15227,0.25877,0.15241,0.06315,2021-22 Men's Basketball,True,0.3115,0.1779,0.6066,0.3624,0.3855,0.1667,0.3568,0.114,0.5291,0.537,0.35693,0.31224,0.3489,0.1446,0.4535,0.5482,0.40185,0.33231
33533,104391,Utah Valley,Wolverines,0.29361,0.71383,0.58121,70.825,107.79562,95.55895,0.35455,0.16676,0.14622,0.08982,0.14994,2022-23 Men's Basketball,True,0.2433,0.1747,0.6548,0.3186,0.4383,0.2209,0.3803,0.1291,0.5395,0.5661,0.33136,0.33196,0.3456,0.1483,0.5303,0.4525,0.32143,0.30719
33533,104249,Southern Utah,Thunderbirds,0.29412,0.75,0.45583,72.371,112.15151,101.17062,0.37577,0.1559,0.17033,0.09828,0.08675,2022-23 Men's Basketball,True,0.2529,0.2044,0.6395,0.3871,0.3802,0.1548,0.3212,0.0765,0.542,0.5654,0.38155,0.35601,0.3578,0.1542,0.4837,0.5448,0.36209,0.35677
36046,104209,Seattle U,Redhawks,0.2984,0.74944,0.50314,67.032,107.88629,97.65092,0.34064,0.16018,0.15769,0.08482,0.07599,2023-24 Men's Basketball,True,0.2698,0.1217,0.6486,0.2576,0.4244,0.2221,0.3783,0.1419,0.4797,0.5447,0.37844,0.34649,0.3531,0.1593,0.5002,0.5123,0.34043,0.29167
27693,103865,Marshall,Thundering Herd,0.23859,0.71687,0.53201,71.923,110.47565,100.2953,0.24168,0.14677,0.17487,0.10822,0.1321,2020-21 Men's Basketball,True,0.2259,0.1857,0.6148,0.2392,0.4948,0.1902,0.4468,0.1843,0.4294,0.5616,0.38627,0.3401,0.3585,0.1116,0.4589,0.5275,0.42947,0.33824
27693,103908,Middle Tenn.,Blue Raiders,0.26037,0.74694,0.44814,68.64,90.32629,103.05812,0.25775,0.18976,0.17984,0.10385,0.06075,2020-21 Men's Basketball,True,0.2403,0.1429,0.5799,0.2267,0.3435,0.2381,0.3406,0.1429,0.4648,0.4588,0.39234,0.30871,0.3022,0.1491,0.5086,0.6097,0.34227,0.31348
27693,103609,Fla. Atlantic,Owls,0.34045,0.76886,0.5138,69.654,111.50038,95.42098,0.28886,0.16683,0.18045,0.10887,0.07702,2020-21 Men's Basketball,True,0.2527,0.1958,0.6438,0.3018,0.3922,0.1782,0.3723,0.1052,0.48,0.5504,0.41475,0.38519,0.3744,0.1856,0.4432,0.4952,0.37119,0.3379
27693,104049,Old Dominion,Monarchs,0.28015,0.74444,0.4744,67.012,101.37768,100.40972,0.31575,0.16342,0.16967,0.11086,0.11528,2020-21 Men's Basketball,True,0.2593,0.1565,0.6314,0.3301,0.4184,0.1972,0.3119,0.1524,0.5273,0.5517,0.32028,0.28821,0.3011,0.1264,0.4606,0.5103,0.41304,0.35197
27693,104380,UTEP,Miners,0.24683,0.75773,0.46875,68.033,103.45425,100.16418,0.2905,0.13958,0.17048,0.09147,0.07511,2020-21 Men's Basketball,True,0.2565,0.166,0.6237,0.2598,0.4109,0.1802,0.3561,0.1941,0.4399,0.5365,0.36592,0.32634,0.412,0.1634,0.5113,0.497,0.32526,0.34419
27693,104245,Southern Miss.,Golden Eagles,0.24535,0.7631,0.50083,67.319,94.89283,98.6176,0.2808,0.18329,0.17521,0.08777,0.0671,2020-21 Men's Basketball,True,0.2353,0.1581,0.6447,0.2722,0.403,0.1884,0.3554,0.2378,0.4606,0.5459,0.30158,0.31829,0.3467,0.1427,0.4129,0.5451,0.44444,0.33387
27693,103447,Charlotte,49ers,0.22323,0.75561,0.51743,63.355,97.75365,102.74297,0.38382,0.18519,0.16889,0.08352,0.08578,2020-21 Men's Basketball,True,0.2311,0.1359,0.6293,0.3193,0.345,0.1569,0.4021,0.1734,0.4761,0.5356,0.35046,0.32984,0.375,0.1391,0.4735,0.5647,0.38742,0.32479
27693,104382,UTSA,Roadrunners,0.3013,0.73375,0.4987,71.861,109.72081,102.01359,0.23355,0.13756,0.16887,0.08641,0.08755,2020-21 Men's Basketball,True,0.2542,0.1601,0.6527,0.265,0.4148,0.1811,0.408,0.1899,0.4461,0.5561,0.36401,0.3344,0.2811,0.162,0.4548,0.5451,0.38321,0.33786
27693,103594,FIU,Panthers,0.26272,0.67614,0.56522,71.491,101.50691,105.27232,0.24439,0.17621,0.19697,0.11604,0.1001,2020-21 Men's Basketball,True,0.2456,0.1868,0.641,0.283,0.411,0.1365,0.313,0.0717,0.4196,0.5661,0.50873,0.33456,0.4398,0.157,0.5264,0.5495,0.31661,0.36008
27693,104135,Rice,Owls,0.27126,0.74277,0.58413,70.998,104.02772,103.7259,0.26386,0.1812,0.15366,0.07649,0.05199,2020-21 Men's Basketball,True,0.1937,0.1511,0.7211,0.2508,0.3783,0.1449,0.2604,0.121,0.3957,0.5955,0.4833,0.35463,0.3808,0.1779,0.4711,0.5487,0.351,0.35738
27693,104005,North Texas,Mean Green,0.28217,0.72747,0.52022,63.923,108.20482,96.63122,0.27111,0.17422,0.18563,0.1003,0.08368,2020-21 Men's Basketball,True,0.2447,0.1152,0.6914,0.2472,0.4529,0.2414,0.3791,0.1335,0.4886,0.5736,0.37784,0.37087,0.3037,0.2007,0.4461,0.5233,0.35316,0.32421
27693,104351,UAB,Blazers,0.29535,0.749,0.39086,67.55,107.45607,89.23193,0.31443,0.13266,0.20821,0.1184,0.12136,2020-21 Men's Basketball,True,0.2251,0.1757,0.6373,0.319,0.4545,0.2142,0.3412,0.1947,0.5332,0.5639,0.27205,0.30947,0.3477,0.1635,0.4732,0.4899,0.36335,0.3181
27693,104453,Western Ky.,Hilltoppers,0.31771,0.75769,0.53888,67.705,106.44452,99.57713,0.35496,0.17939,0.16862,0.09406,0.12922,2020-21 Men's Basketball,True,0.2071,0.1906,0.6625,0.3059,0.4235,0.2318,0.2683,0.1298,0.5377,0.5595,0.33249,0.33905,0.36,0.1372,0.4726,0.4877,0.39024,0.37031
30629,103447,Charlotte,49ers,0.2268,0.74379,0.55442,65.413,107.06246,108.88711,0.27974,0.15731,0.15134,0.07325,0.08036,2021-22 Men's Basketball,True,0.215,0.1154,0.6954,0.321,0.3826,0.1755,0.3056,0.106,0.4965,0.5848,0.39753,0.34519,0.3574,0.1337,0.5034,0.5593,0.36291,0.36207
41097,104380,UTEP,Miners,0.27824,0.6756,0.48794,65.476,104.6086,109.23299,0.35069,0.15212,0.16333,0.11502,0.10491,2025-26 Men's Basketball,True,0.2778,0.1436,0.6552,0.2323,0.4271,0.2157,0.3138,0.1659,0.4479,0.5453,0.38616,0.33778,0.4085,0.0969,0.529,0.5263,0.37411,0.34281
41097,103530,Delaware,Blue Hens,0.21025,0.69188,0.52222,62.827,105.59108,115.40531,0.30612,0.16895,0.12009,0.08805,0.09143,2025-26 Men's Basketball,True,0.2265,0.093,0.6361,0.2566,0.4069,0.196,0.4184,0.0872,0.4527,0.5369,0.46011,0.36022,0.3575,0.1059,0.4641,0.5366,0.43006,0.34821
27693,103830,Louisiana Tech,Bulldogs,0.27715,0.75669,0.5024,69.53,105.12556,94.11412,0.34171,0.16041,0.17216,0.0977,0.08108,2020-21 Men's Basketball,True,0.2234,0.1656,0.6439,0.2658,0.4349,0.2422,0.3378,0.1187,0.508,0.5442,0.37326,0.34384,0.3389,0.1906,0.4218,0.5228,0.38761,0.30441
30629,104453,Western Ky.,Hilltoppers,0.24818,0.70376,0.50511,69.768,108.12631,99.16804,0.30186,0.15376,0.17543,0.12146,0.16874,2021-22 Men's Basketball,True,0.1621,0.1821,0.6946,0.2971,0.4073,0.1745,0.3709,0.1602,0.4716,0.5883,0.36817,0.35447,0.3345,0.1453,0.413,0.5282,0.44175,0.34119
30629,104382,UTSA,Roadrunners,0.31092,0.74522,0.46038,68.87,97.31296,104.54477,0.26468,0.1532,0.15901,0.08317,0.07181,2021-22 Men's Basketball,True,0.2404,0.1458,0.6127,0.2816,0.3418,0.1813,0.3053,0.2012,0.4629,0.5066,0.33589,0.28963,0.3226,0.1398,0.478,0.5802,0.38219,0.35546
30629,104049,Old Dominion,Monarchs,0.32304,0.72616,0.50254,64.627,102.44884,103.31582,0.34033,0.15475,0.15012,0.09909,0.10574,2021-22 Men's Basketball,True,0.2422,0.1347,0.629,0.2869,0.4397,0.2123,0.3462,0.2368,0.4991,0.5485,0.26409,0.29741,0.2958,0.1361,0.4104,0.5483,0.45351,0.3375
36046,103744,Jacksonville St.,Gamecocks,0.33914,0.75514,0.44085,65.918,105.77893,100.39554,0.37177,0.17307,0.16745,0.10219,0.1129,2023-24 Men's Basketball,True,0.2475,0.1256,0.6049,0.3645,0.3858,0.2143,0.3884,0.1361,0.5787,0.5238,0.28515,0.33531,0.3684,0.1205,0.5222,0.5143,0.35735,0.3371
38409,104453,Western Ky.,Hilltoppers,0.23875,0.71797,0.45314,71.436,104.36213,104.23141,0.30896,0.13433,0.15407,0.11316,0.07914,2024-25 Men's Basketball,True,0.2549,0.1912,0.6084,0.2494,0.4173,0.2484,0.3413,0.1042,0.4977,0.5131,0.3981,0.32956,0.3843,0.1324,0.4252,0.5201,0.44237,0.31221
38409,103985,New Mexico St.,Aggies,0.33246,0.72671,0.47395,65.223,106.38154,100.70213,0.33404,0.13801,0.14363,0.09768,0.07269,2024-25 Men's Basketball,True,0.2819,0.1387,0.6312,0.2675,0.3855,0.1889,0.3156,0.1689,0.4565,0.5295,0.37467,0.32113,0.3456,0.1223,0.4518,0.5087,0.42592,0.29101
30629,104005,North Texas,Mean Green,0.32524,0.74926,0.48892,59.609,108.35502,92.7494,0.36903,0.16083,0.17698,0.10921,0.08018,2021-22 Men's Basketball,True,0.2637,0.0879,0.6199,0.2705,0.4223,0.2246,0.3433,0.082,0.4951,0.5303,0.42289,0.35745,0.3481,0.2287,0.4725,0.5267,0.2988,0.2833
33533,104382,UTSA,Roadrunners,0.29296,0.68842,0.44593,68.059,101.00661,111.6221,0.3609,0.17182,0.13708,0.06231,0.06601,2022-23 Men's Basketball,True,0.2564,0.1519,0.5781,0.2453,0.4043,0.2317,0.3333,0.138,0.477,0.4937,0.38499,0.33428,0.3613,0.1397,0.4855,0.5567,0.37481,0.34558
36046,103811,Liberty,Flames,0.26099,0.76226,0.58864,64.904,112.8449,100.13671,0.25541,0.13977,0.15738,0.07988,0.06177,2023-24 Men's Basketball,True,0.2294,0.0934,0.6421,0.3236,0.429,0.164,0.3731,0.0363,0.4876,0.5705,0.47619,0.36818,0.3674,0.1492,0.528,0.5343,0.32278,0.31349
36046,103830,Louisiana Tech,Bulldogs,0.34464,0.72093,0.49089,66.21,112.02334,96.70911,0.40954,0.15764,0.16287,0.11234,0.13808,2023-24 Men's Basketball,True,0.2342,0.137,0.6504,0.2048,0.4629,0.3368,0.3782,0.1071,0.5416,0.5338,0.35128,0.36177,0.3029,0.1496,0.4869,0.4608,0.36354,0.33333
41097,103744,Jacksonville St.,Gamecocks,0.31503,0.72775,0.49551,65.257,110.47602,103.96625,0.42568,0.1479,0.14834,0.09425,0.09636,2025-26 Men's Basketball,True,0.261,0.1347,0.58,0.3553,0.3957,0.1836,0.2823,0.0698,0.5389,0.5172,0.39133,0.35827,0.2936,0.1227,0.4499,0.5294,0.42736,0.31489
41097,104453,Western Ky.,Hilltoppers,0.32464,0.70798,0.52015,69.593,113.03868,108.53852,0.41784,0.12385,0.15318,0.10865,0.06994,2025-26 Men's Basketball,True,0.2822,0.1805,0.5886,0.2928,0.3494,0.2193,0.3107,0.0892,0.5121,0.4862,0.39869,0.34134,0.3263,0.1284,0.4472,0.5535,0.42437,0.33846
36046,103985,New Mexico St.,Aggies,0.25953,0.71765,0.46563,66.878,100.03882,107.05909,0.33864,0.15431,0.14808,0.0898,0.09369,2023-24 Men's Basketball,True,0.2935,0.143,0.5842,0.2574,0.4486,0.1921,0.3554,0.2069,0.4495,0.5263,0.34358,0.32907,0.3032,0.1038,0.4741,0.5169,0.42219,0.34118
38409,104195,Sam Houston,Bearkats,0.31053,0.69136,0.49819,67.698,110.00549,111.00927,0.35741,0.15872,0.15313,0.09319,0.08371,2024-25 Men's Basketball,True,0.2578,0.1709,0.6076,0.2981,0.3975,0.1736,0.3246,0.1445,0.4717,0.5303,0.38383,0.38764,0.3071,0.1332,0.4499,0.5711,0.41689,0.35723
41097,103594,FIU,Panthers,0.35354,0.66332,0.5237,71.321,111.73656,107.92539,0.38973,0.15168,0.17662,0.12659,0.13628,2025-26 Men's Basketball,True,0.2487,0.2117,0.6376,0.3056,0.4253,0.2628,0.3368,0.0972,0.5685,0.5394,0.33434,0.3509,0.354,0.0824,0.4731,0.5211,0.4445,0.35673
41097,103985,New Mexico St.,Aggies,0.33249,0.70145,0.49819,66.499,111.61746,106.97254,0.35221,0.13029,0.14065,0.09584,0.09546,2025-26 Men's Basketball,True,0.2963,0.1562,0.5801,0.2956,0.4259,0.1632,0.3923,0.1601,0.4588,0.5253,0.38105,0.32568,0.3388,0.1005,0.4808,0.512,0.41868,0.31102
33533,103594,FIU,Panthers,0.2551,0.63906,0.4579,69.801,103.10585,105.97113,0.2907,0.1839,0.19627,0.12843,0.11208,2022-23 Men's Basketball,True,0.2411,0.2236,0.6492,0.3493,0.4231,0.1816,0.4109,0.1085,0.5309,0.5719,0.36056,0.32638,0.3352,0.0939,0.5055,0.529,0.40063,0.36387
38409,103830,Louisiana Tech,Bulldogs,0.30306,0.72306,0.58434,65.279,111.42767,103.13187,0.34157,0.16411,0.13646,0.09643,0.11481,2024-25 Men's Basketball,True,0.238,0.1242,0.6769,0.3461,0.3871,0.1742,0.3629,0.0697,0.5202,0.5799,0.41011,0.33973,0.3574,0.1246,0.4804,0.5132,0.39502,0.30872
30629,103594,FIU,Panthers,0.27249,0.70121,0.5449,67.595,102.66265,103.1161,0.24841,0.17558,0.16522,0.09326,0.11101,2021-22 Men's Basketball,True,0.2218,0.1672,0.6048,0.3199,0.3798,0.1406,0.2615,0.0708,0.4605,0.5361,0.46866,0.35,0.3198,0.1214,0.4907,0.5295,0.38786,0.33004
41097,103908,Middle Tenn.,Blue Raiders,0.31421,0.71825,0.53964,65.865,111.91121,107.97068,0.31983,0.14508,0.14183,0.09133,0.11258,2025-26 Men's Basketball,True,0.2532,0.1359,0.6719,0.2325,0.442,0.1952,0.4047,0.1131,0.4277,0.567,0.45923,0.34021,0.316,0.114,0.5358,0.5412,0.35019,0.32873
33533,104380,UTEP,Miners,0.33244,0.71333,0.48367,67.259,99.13398,99.13398,0.39358,0.19509,0.21213,0.1303,0.07907,2022-23 Men's Basketball,True,0.2606,0.1578,0.6812,0.3497,0.3903,0.1745,0.3052,0.1734,0.5242,0.5843,0.30236,0.29423,0.3301,0.1781,0.4482,0.587,0.37369,0.33333
30629,103865,Marshall,Thundering Herd,0.27834,0.7208,0.5136,72.182,102.51903,105.91954,0.23825,0.15683,0.16044,0.09382,0.11896,2021-22 Men's Basketball,True,0.2145,0.1916,0.7287,0.2729,0.3952,0.1585,0.3207,0.1747,0.4314,0.6062,0.39393,0.3012,0.3642,0.1578,0.4973,0.5534,0.34486,0.34181
36046,103594,FIU,Panthers,0.27899,0.64103,0.52721,70.917,103.40048,107.48712,0.28182,0.16579,0.2076,0.14401,0.1125,2023-24 Men's Basketball,True,0.2534,0.205,0.5906,0.3472,0.3994,0.1649,0.3517,0.0718,0.5121,0.529,0.41605,0.3381,0.358,0.0938,0.5458,0.5479,0.36034,0.39497
38409,104380,UTEP,Miners,0.2563,0.67463,0.52606,68.139,105.97703,103.45166,0.37307,0.15164,0.20153,0.14959,0.09244,2024-25 Men's Basketball,True,0.2641,0.173,0.6376,0.2688,0.4114,0.2794,0.2822,0.0867,0.5482,0.5223,0.36509,0.35131,0.3202,0.0996,0.4997,0.5689,0.40067,0.32682
30629,104245,Southern Miss.,Golden Eagles,0.23888,0.71945,0.50562,67.144,95.22816,110.68146,0.26981,0.1736,0.14658,0.07357,0.08214,2021-22 Men's Basketball,True,0.2368,0.1663,0.666,0.2821,0.3588,0.1895,0.3476,0.2248,0.4716,0.5426,0.30353,0.31217,0.3568,0.1231,0.4492,0.554,0.4277,0.37515
33533,104453,Western Ky.,Hilltoppers,0.26019,0.69212,0.49583,67.173,105.43974,104.32043,0.31515,0.14994,0.15737,0.09132,0.14965,2022-23 Men's Basketball,True,0.219,0.163,0.6317,0.2449,0.4286,0.1982,0.3624,0.1924,0.4431,0.5408,0.36445,0.35827,0.3077,0.1426,0.4337,0.5184,0.42373,0.35647
33533,103908,Middle Tenn.,Blue Raiders,0.32973,0.71033,0.41657,65.724,105.8422,102.31871,0.287,0.17082,0.1958,0.11382,0.13683,2022-23 Men's Basketball,True,0.2615,0.1419,0.6393,0.3534,0.3836,0.1668,0.3478,0.1258,0.5202,0.5573,0.35394,0.34467,0.3767,0.1253,0.535,0.524,0.33974,0.35334
36046,104195,Sam Houston,Bearkats,0.32506,0.73113,0.51329,68.096,105.1588,100.78638,0.34035,0.16263,0.17089,0.09957,0.06602,2023-24 Men's Basketball,True,0.2633,0.1712,0.5712,0.3208,0.3665,0.1961,0.3525,0.1253,0.5169,0.4935,0.3578,0.35151,0.36,0.1208,0.4893,0.5302,0.3899,0.3168
38409,103762,Kennesaw St.,Owls,0.34414,0.73243,0.51225,69.855,108.75352,104.06067,0.36774,0.16282,0.13814,0.0938,0.11551,2024-25 Men's Basketball,True,0.2662,0.1474,0.613,0.3171,0.4211,0.1523,0.3958,0.0721,0.4694,0.5507,0.45842,0.31038,0.3056,0.1098,0.5064,0.507,0.38383,0.32318
30629,104135,Rice,Owls,0.26642,0.72712,0.59793,67.193,108.6646,107.55397,0.3055,0.16137,0.12869,0.07486,0.04461,2021-22 Men's Basketball,True,0.2044,0.1552,0.6853,0.2738,0.4247,0.1755,0.3138,0.1263,0.4493,0.5835,0.42442,0.36986,0.337,0.1734,0.4708,0.5768,0.35584,0.33244
38409,103594,FIU,Panthers,0.31579,0.70551,0.49086,68.129,100.11684,104.27925,0.34783,0.16837,0.18399,0.12979,0.13576,2024-25 Men's Basketball,True,0.2454,0.1931,0.5969,0.2992,0.4418,0.2847,0.2968,0.1134,0.5839,0.5213,0.3028,0.28718,0.3586,0.1066,0.5,0.5468,0.39343,0.33379
36046,103908,Middle Tenn.,Blue Raiders,0.29054,0.69404,0.44399,65.416,98.51703,105.42732,0.34238,0.17889,0.1431,0.08011,0.10177,2023-24 Men's Basketball,True,0.2346,0.1284,0.581,0.2746,0.3757,0.1921,0.351,0.1129,0.4666,0.4965,0.42051,0.31097,0.3213,0.128,0.5692,0.5239,0.30283,0.32937
33533,103830,Louisiana Tech,Bulldogs,0.3163,0.72309,0.47775,66.395,106.34408,103.53263,0.2829,0.17206,0.1958,0.11574,0.08538,2022-23 Men's Basketball,True,0.2543,0.1476,0.6488,0.2508,0.4389,0.2503,0.3154,0.0772,0.501,0.544,0.42176,0.34521,0.3421,0.1287,0.4466,0.5461,0.42462,0.37101
30629,103830,Louisiana Tech,Bulldogs,0.26493,0.72829,0.51043,68.817,109.32678,98.81294,0.31384,0.14685,0.17092,0.09427,0.05954,2021-22 Men's Basketball,True,0.2123,0.1672,0.6776,0.2744,0.4478,0.1964,0.3534,0.1159,0.4708,0.5817,0.41329,0.33978,0.3084,0.1726,0.4373,0.5267,0.39005,0.33163
36046,104453,Western Ky.,Hilltoppers,0.29043,0.73417,0.45582,74.626,107.51706,99.75281,0.32694,0.1612,0.16403,0.10229,0.08682,2023-24 Men's Basketball,True,0.2464,0.2283,0.6382,0.3503,0.4065,0.2451,0.4,0.0842,0.5954,0.5428,0.32039,0.34015,0.3244,0.1395,0.4515,0.53,0.40905,0.31813
41097,104195,Sam Houston,Bearkats,0.3752,0.70698,0.52965,69.856,117.76387,107.53269,0.3405,0.14037,0.13976,0.10229,0.0804,2025-26 Men's Basketball,True,0.25,0.1966,0.6125,0.3592,0.4347,0.1752,0.3484,0.1032,0.5343,0.5542,0.36245,0.36598,0.3276,0.1121,0.4647,0.5541,0.42319,0.31507
30629,103609,Fla. Atlantic,Owls,0.31699,0.75153,0.50055,67.515,109.334,100.47964,0.28443,0.16203,0.17898,0.10856,0.07779,2021-22 Men's Basketball,True,0.2494,0.1595,0.6097,0.3207,0.4098,0.1578,0.48,0.0905,0.4785,0.5438,0.43094,0.34934,0.3768,0.1883,0.4743,0.5213,0.33734,0.36408
30629,104380,UTEP,Miners,0.23545,0.70823,0.49048,66.713,102.9351,99.12755,0.27744,0.15325,0.18903,0.11062,0.09926,2021-22 Men's Basketball,True,0.2698,0.1444,0.6675,0.2049,0.4528,0.1959,0.3293,0.2196,0.4007,0.5626,0.37962,0.34771,0.3101,0.178,0.4885,0.5617,0.33352,0.33446
36046,104380,UTEP,Miners,0.30209,0.69427,0.51106,70.153,102.79935,97.72181,0.42092,0.17999,0.23106,0.16185,0.08362,2023-24 Men's Basketball,True,0.2819,0.2032,0.6474,0.3424,0.4139,0.1873,0.302,0.155,0.5297,0.5648,0.3153,0.32013,0.3097,0.1516,0.5051,0.5834,0.34333,0.3196
41097,103811,Liberty,Flames,0.19717,0.69264,0.61783,63.649,121.14888,109.95602,0.30898,0.12248,0.14752,0.09855,0.09378,2025-26 Men's Basketball,True,0.2239,0.1136,0.7192,0.2987,0.4928,0.1867,0.4138,0.0314,0.4854,0.6321,0.48323,0.39306,0.3616,0.1146,0.5182,0.5252,0.36726,0.37187
41097,103830,Louisiana Tech,Bulldogs,0.37261,0.70033,0.49312,63.907,108.1123,100.60134,0.32828,0.15499,0.1613,0.115,0.16181,2025-26 Men's Basketball,True,0.2526,0.149,0.5952,0.2924,0.489,0.2307,0.3808,0.1421,0.523,0.5484,0.33485,0.29909,0.3442,0.1149,0.4169,0.4808,0.4682,0.32648
41097,103930,Missouri St.,Bears,0.33164,0.68772,0.56552,65.505,112.8793,110.71109,0.42111,0.14194,0.14732,0.10224,0.08407,2025-26 Men's Basketball,True,0.2633,0.1276,0.7039,0.255,0.4326,0.238,0.3368,0.0983,0.493,0.5729,0.40869,0.32911,0.3323,0.1656,0.4829,0.5796,0.35151,0.33826
38409,103908,Middle Tenn.,Blue Raiders,0.31415,0.71868,0.45185,67.861,110.19726,104.19726,0.32869,0.14083,0.14359,0.09463,0.11195,2024-25 Men's Basketball,True,0.2484,0.1627,0.649,0.3349,0.4175,0.1862,0.3966,0.0859,0.5211,0.5663,0.39299,0.31624,0.3581,0.1107,0.5283,0.5242,0.36104,0.30254
38409,103811,Liberty,Flames,0.20731,0.7337,0.61378,65.854,114.77923,95.93036,0.28841,0.13819,0.15821,0.10003,0.07839,2024-25 Men's Basketball,True,0.2027,0.1296,0.6934,0.3247,0.4452,0.1491,0.274,0.0373,0.4737,0.6153,0.48903,0.38309,0.3415,0.1412,0.5054,0.5044,0.35335,0.2883
41097,103762,Kennesaw St.,Owls,0.36336,0.6972,0.51197,70.56,116.51444,106.90541,0.43623,0.13859,0.145,0.10058,0.14154,2025-26 Men's Basketball,True,0.2806,0.1555,0.625,0.3512,0.3598,0.1516,0.3103,0.067,0.5028,0.545,0.43022,0.34694,0.3724,0.1146,0.5086,0.4731,0.3768,0.32824
30629,104351,UAB,Blazers,0.33678,0.72447,0.44155,69.246,114.75465,95.36352,0.28436,0.13936,0.19522,0.13677,0.11709,2021-22 Men's Basketball,True,0.2364,0.196,0.6533,0.3273,0.387,0.146,0.3727,0.1953,0.4733,0.5712,0.33137,0.37653,0.3184,0.1329,0.4958,0.508,0.37133,0.3244
33533,104135,Rice,Owls,0.24768,0.74437,0.55753,69.651,108.91325,108.38749,0.31238,0.16164,0.14815,0.08396,0.06287,2022-23 Men's Basketball,True,0.218,0.1388,0.7063,0.29,0.4022,0.1416,0.3784,0.1353,0.4316,0.6065,0.43312,0.35706,0.3926,0.1599,0.4743,0.5708,0.36587,0.36059
38409,103744,Jacksonville St.,Gamecocks,0.31804,0.74454,0.44894,64.611,113.27242,105.20288,0.31342,0.13201,0.11876,0.07766,0.10342,2024-25 Men's Basketball,True,0.2109,0.1038,0.6187,0.2997,0.4255,0.175,0.3614,0.1522,0.4746,0.5475,0.37316,0.3507,0.2962,0.1212,0.4511,0.5072,0.42777,0.34205
33533,103447,Charlotte,49ers,0.22297,0.75634,0.53107,60.353,109.02932,101.92658,0.24853,0.15544,0.15978,0.08976,0.07589,2022-23 Men's Basketball,True,0.2251,0.0903,0.6406,0.3357,0.4435,0.1445,0.3508,0.1113,0.4802,0.5813,0.40851,0.37375,0.3589,0.1194,0.5023,0.521,0.37829,0.3429
30629,103908,Middle Tenn.,Blue Raiders,0.3031,0.70936,0.47767,66.809,109.87146,98.57107,0.33536,0.16258,0.18592,0.11702,0.12201,2021-22 Men's Basketball,True,0.2653,0.1675,0.6812,0.3377,0.3357,0.1422,0.2989,0.0934,0.4799,0.5788,0.42661,0.32857,0.3359,0.1368,0.4955,0.5181,0.36767,0.30891
33533,104005,North Texas,Mean Green,0.34404,0.71824,0.50117,58.326,109.19338,94.45316,0.31119,0.16854,0.17819,0.10955,0.095,2022-23 Men's Basketball,True,0.2755,0.0892,0.6287,0.2601,0.3991,0.2228,0.3707,0.1048,0.4829,0.5228,0.41237,0.35192,0.2805,0.18,0.4671,0.5006,0.35291,0.30171
33533,103609,Fla. Atlantic,Owls,0.31552,0.75034,0.51845,67.354,114.8028,96.34357,0.29407,0.14901,0.15842,0.0952,0.06711,2022-23 Men's Basketball,True,0.2319,0.178,0.6202,0.3577,0.422,0.1406,0.3846,0.0615,0.4983,0.5643,0.44024,0.36621,0.4043,0.1847,0.4659,0.463,0.34934,0.3225
33533,104351,UAB,Blazers,0.35831,0.70889,0.4955,69.243,113.33961,98.61878,0.35581,0.14631,0.17042,0.1132,0.11156,2022-23 Men's Basketball,True,0.2395,0.1703,0.613,0.3806,0.3316,0.164,0.3576,0.1413,0.5445,0.5283,0.31421,0.35695,0.3243,0.1306,0.4914,0.5072,0.37803,0.31622
27693,104159,SFA,Lumberjacks,0.36953,0.72911,0.53215,71.465,111.02085,97.71942,0.42092,0.19815,0.22151,0.13113,0.10014,2020-21 Men's Basketball,True,0.2759,0.2044,0.6704,0.4444,0.52,0.1674,0.369,0.1406,0.6117,0.6293,0.2477,0.33784,0.4105,0.1675,0.4753,0.5306,0.35714,0.3358
27693,103724,UIW,Cardinals,0.24128,0.69169,0.51336,67.161,100.60946,106.19513,0.33701,0.1884,0.16532,0.0792,0.04818,2020-21 Men's Basketball,True,0.2663,0.1515,0.6177,0.2776,0.4105,0.1944,0.3448,0.1477,0.472,0.5324,0.38031,0.375,0.3416,0.1598,0.5142,0.6015,0.32595,0.30583
27693,103431,Central Ark.,Bears,0.28889,0.72391,0.53135,72.658,97.54588,110.8502,0.32061,0.20921,0.14192,0.06937,0.06809,2020-21 Men's Basketball,True,0.2483,0.1816,0.605,0.3156,0.3346,0.183,0.3772,0.1643,0.4986,0.5058,0.33718,0.36325,0.3553,0.129,0.4866,0.5464,0.38441,0.37138
27693,103258,A&M-Corpus Christi,Islanders,0.2491,0.71479,0.56827,69.974,92.53411,102.18053,0.35725,0.21097,0.17519,0.09836,0.08087,2020-21 Men's Basketball,True,0.2536,0.1687,0.6189,0.2531,0.3868,0.1636,0.3562,0.2253,0.4167,0.5278,0.35802,0.32974,0.3375,0.1712,0.4815,0.5585,0.34736,0.32444
27693,103882,McNeese,Cowboys,0.31365,0.74535,0.61699,72.288,111.0724,99.25618,0.2864,0.17964,0.18663,0.0991,0.05385,2020-21 Men's Basketball,True,0.2364,0.1771,0.6122,0.3949,0.5021,0.1628,0.3644,0.081,0.5577,0.58,0.36126,0.38783,0.3874,0.156,0.4835,0.5291,0.36051,0.36062
27693,103705,Houston Christian,Huskies,0.25581,0.68874,0.56063,72.973,96.86649,109.46568,0.27927,0.20033,0.1675,0.09618,0.09494,2020-21 Men's Basketball,True,0.2313,0.1746,0.6032,0.2934,0.4174,0.1629,0.3122,0.1487,0.4563,0.5369,0.39502,0.34412,0.4179,0.1277,0.4879,0.5833,0.38437,0.3438
27693,103992,Nicholls,Colonels,0.28542,0.72169,0.45777,73.18,106.07301,99.09168,0.27685,0.15322,0.18603,0.12344,0.08601,2020-21 Men's Basketball,True,0.2501,0.1974,0.6442,0.3228,0.46,0.1862,0.3602,0.1155,0.509,0.5768,0.37554,0.32066,0.3473,0.159,0.483,0.5165,0.35795,0.34572
27693,103986,New Orleans,Privateers,0.29236,0.68353,0.55619,73.187,102.76132,103.35656,0.32724,0.19957,0.18279,0.10284,0.06917,2020-21 Men's Basketball,True,0.2826,0.2217,0.6928,0.3198,0.4379,0.2073,0.3737,0.1904,0.5271,0.5925,0.28252,0.32854,0.3229,0.1476,0.5222,0.5741,0.33024,0.31864
27693,104237,Southeastern La.,Lions,0.31151,0.69963,0.44162,70.226,95.83204,109.00557,0.40988,0.18972,0.19783,0.09734,0.07256,2020-21 Men's Basketball,True,0.275,0.166,0.5734,0.2957,0.391,0.2083,0.2794,0.0908,0.504,0.498,0.40521,0.2916,0.3583,0.1288,0.4787,0.6173,0.39256,0.35789
27693,104195,Sam Houston,Bearkats,0.30505,0.69358,0.5458,73.46,108.3683,95.72776,0.31229,0.16739,0.20815,0.11573,0.0873,2020-21 Men's Basketball,True,0.2747,0.1963,0.6505,0.3174,0.3272,0.1234,0.403,0.1524,0.4408,0.56,0.40671,0.35664,0.39,0.1607,0.4646,0.5381,0.37469,0.29139
27693,103791,Lamar University,Cardinals,0.26347,0.71181,0.49552,68.688,94.97893,104.40983,0.30846,0.1782,0.17606,0.10294,0.11122,2020-21 Men's Basketball,True,0.2403,0.1904,0.5947,0.3022,0.3926,0.2027,0.3248,0.2183,0.505,0.5135,0.27674,0.31236,0.3178,0.1435,0.5021,0.54,0.35441,0.38765
27693,103260,Abilene Christian,Wildcats,0.31629,0.73053,0.65267,70.623,107.22316,85.59299,0.33904,0.16366,0.24934,0.13827,0.08884,2020-21 Men's Basketball,True,0.2734,0.1459,0.6385,0.4083,0.2611,0.1275,0.3286,0.0879,0.5358,0.5487,0.37626,0.32888,0.3359,0.1931,0.454,0.4967,0.35294,0.32265
36046,103705,Houston Christian,Huskies,0.31171,0.67907,0.43478,72.129,98.72576,115.19592,0.36265,0.17977,0.12247,0.07779,0.06472,2023-24 Men's Basketball,True,0.201,0.1377,0.5814,0.4175,0.3846,0.2153,0.271,0.0885,0.6328,0.5144,0.2787,0.30123,0.3586,0.1311,0.5305,0.5886,0.33838,0.33951
27693,104022,Northwestern St.,Demons,0.26726,0.68891,0.48831,72.427,99.41032,109.13421,0.29642,0.17171,0.1598,0.09578,0.07328,2020-21 Men's Basketball,True,0.2568,0.2034,0.6592,0.2002,0.4235,0.2522,0.3537,0.2103,0.4525,0.5278,0.33725,0.34826,0.3927,0.1228,0.5278,0.5909,0.34941,0.32263
30629,103705,Houston Christian,Huskies,0.32119,0.74375,0.51181,70.692,105.01454,106.4531,0.38282,0.18039,0.18121,0.10989,0.06942,2021-22 Men's Basketball,True,0.2636,0.1549,0.6108,0.3904,0.4122,0.1531,0.2857,0.0941,0.5435,0.5548,0.36236,0.32258,0.3633,0.1472,0.494,0.5645,0.35877,0.37521
33533,103992,Nicholls,Colonels,0.31043,0.69105,0.48866,71.519,105.72406,101.61958,0.2739,0.16227,0.21497,0.13622,0.09064,2022-23 Men's Basketball,True,0.2883,0.2029,0.6218,0.3075,0.447,0.2,0.3961,0.1318,0.5075,0.553,0.36072,0.34097,0.359,0.1401,0.4743,0.5568,0.38563,0.33851
38409,104381,UTRGV,Vaqueros,0.31712,0.68376,0.61239,70.207,109.26165,105.40212,0.22036,0.1621,0.15481,0.10837,0.07016,2024-25 Men's Basketball,True,0.2343,0.1945,0.7045,0.2601,0.4338,0.1537,0.3419,0.0789,0.4137,0.6039,0.50738,0.32899,0.3498,0.137,0.5094,0.5297,0.35365,0.3299
41097,103724,UIW,Cardinals,0.3408,0.697,0.44969,64.976,114.28611,113.44212,0.33037,0.14364,0.14188,0.08322,0.07019,2025-26 Men's Basketball,True,0.272,0.1373,0.5841,0.2937,0.4415,0.1899,0.3527,0.1244,0.4836,0.5281,0.392,0.37677,0.4056,0.106,0.5412,0.5637,0.35277,0.34391
38409,104316,East Texas A&M,Lions,0.28096,0.6408,0.61571,66.629,96.19894,111.91867,0.28005,0.1979,0.17169,0.12575,0.10683,2024-25 Men's Basketball,True,0.2507,0.1579,0.604,0.3226,0.3776,0.1406,0.3043,0.0537,0.4632,0.5353,0.48308,0.31401,0.3565,0.0659,0.5882,0.5453,0.34593,0.37417
41097,104237,Southeastern La.,Lions,0.29086,0.69011,0.52395,64.475,100.45931,108.83092,0.3958,0.16453,0.17045,0.1073,0.08546,2025-26 Men's Basketball,True,0.2741,0.1397,0.6225,0.3357,0.4188,0.1405,0.2654,0.1267,0.4763,0.5624,0.397,0.2829,0.3674,0.1309,0.4887,0.5504,0.3804,0.352
41097,103791,Lamar University,Cardinals,0.36011,0.71143,0.56336,65.049,107.03063,105.84524,0.27802,0.15153,0.15759,0.09936,0.13014,2025-26 Men's Basketball,True,0.2641,0.1509,0.5737,0.3071,0.4078,0.1519,0.3967,0.1956,0.4591,0.5188,0.34537,0.32917,0.2939,0.1373,0.4919,0.5373,0.37086,0.34903
33533,103791,Lamar University,Cardinals,0.33151,0.66755,0.53745,66.812,100.77255,110.68696,0.32484,0.17923,0.1539,0.09499,0.10165,2022-23 Men's Basketball,True,0.2338,0.153,0.5625,0.3803,0.3755,0.1522,0.3838,0.1534,0.5325,0.509,0.31409,0.32072,0.3568,0.0999,0.4573,0.5691,0.44276,0.34024
36046,103724,UIW,Cardinals,0.30328,0.70485,0.49089,70.433,101.77098,110.67594,0.35877,0.19236,0.13608,0.08548,0.1039,2023-24 Men's Basketball,True,0.2675,0.1693,0.5896,0.3014,0.405,0.1994,0.3696,0.1025,0.5008,0.5161,0.39666,0.33146,0.3065,0.0994,0.5591,0.5315,0.34153,0.35681
38409,103986,New Orleans,Privateers,0.31646,0.64456,0.50132,68.375,98.51609,119.62334,0.33859,0.16177,0.13625,0.10548,0.07099,2024-25 Men's Basketball,True,0.2177,0.1452,0.6102,0.35,0.3195,0.2364,0.2755,0.1065,0.5864,0.493,0.30707,0.30442,0.3617,0.0949,0.4811,0.5887,0.42403,0.36429
33533,103724,UIW,Cardinals,0.26996,0.68447,0.49227,68.041,102.77435,107.27132,0.34112,0.17419,0.18443,0.12154,0.07593,2022-23 Men's Basketball,True,0.2493,0.1816,0.6163,0.2449,0.456,0.2785,0.3357,0.1595,0.5233,0.531,0.3172,0.34829,0.3317,0.1165,0.5418,0.5771,0.34167,0.35607
38409,104159,SFA,Lumberjacks,0.35764,0.67139,0.51323,67.062,98.14313,100.66205,0.31937,0.19124,0.1761,0.12277,0.11515,2024-25 Men's Basketball,True,0.2443,0.1524,0.5675,0.3021,0.4798,0.263,0.2667,0.067,0.565,0.5267,0.36795,0.28983,0.3373,0.0926,0.5371,0.4881,0.37033,0.33283
30629,103724,UIW,Cardinals,0.24059,0.68744,0.50746,67.158,99.81125,113.77087,0.28362,0.1784,0.16416,0.07849,0.04831,2021-22 Men's Basketball,True,0.2587,0.1346,0.5612,0.2116,0.4159,0.1908,0.4113,0.1491,0.4024,0.4923,0.44851,0.3463,0.3933,0.1453,0.4973,0.6193,0.35745,0.36377
30629,104022,Northwestern St.,Demons,0.29368,0.68228,0.53743,72.351,102.0636,111.134,0.24354,0.17023,0.15504,0.08763,0.08622,2021-22 Men's Basketball,True,0.234,0.1868,0.6371,0.3027,0.4224,0.1377,0.3528,0.2212,0.4404,0.57,0.33847,0.34214,0.4056,0.1423,0.504,0.5627,0.35373,0.34318
38409,103705,Houston Christian,Huskies,0.26739,0.68616,0.469,64.227,102.7115,108.01494,0.31204,0.15796,0.15929,0.12269,0.09434,2024-25 Men's Basketball,True,0.2118,0.1479,0.5772,0.3657,0.3881,0.1147,0.3028,0.081,0.4803,0.5321,0.43868,0.3264,0.4294,0.0915,0.5926,0.5559,0.31594,0.32149
41097,104316,East Texas A&M,Lions,0.26643,0.68011,0.64943,68.007,103.2069,109.59415,0.31131,0.16588,0.15496,0.10711,0.08703,2025-26 Men's Basketball,True,0.2493,0.1632,0.6171,0.3381,0.4077,0.1273,0.3231,0.071,0.4653,0.5599,0.46368,0.32273,0.339,0.0945,0.5309,0.5266,0.3746,0.36325
33533,103705,Houston Christian,Huskies,0.29464,0.70046,0.55699,72.158,107.07136,114.66385,0.38486,0.18332,0.15224,0.07943,0.06677,2022-23 Men's Basketball,True,0.248,0.1418,0.6267,0.3623,0.3841,0.1621,0.2901,0.087,0.5244,0.5517,0.38862,0.36602,0.3563,0.1249,0.542,0.6101,0.33316,0.36722
41097,104022,Northwestern St.,Demons,0.27203,0.68019,0.51413,64.387,105.63579,112.01745,0.40318,0.15751,0.14938,0.09961,0.06853,2025-26 Men's Basketball,True,0.2577,0.1475,0.5511,0.3685,0.4125,0.1513,0.4191,0.1418,0.5197,0.5108,0.33843,0.33217,0.4053,0.1066,0.5157,0.5462,0.37767,0.35513
41097,103705,Houston Christian,Huskies,0.30504,0.67906,0.58839,64.068,104.31524,112.18626,0.36432,0.16619,0.15747,0.10335,0.1124,2025-26 Men's Basketball,True,0.2376,0.1331,0.6082,0.3945,0.3904,0.1458,0.3252,0.0947,0.5404,0.5495,0.3649,0.30892,0.4045,0.0993,0.5262,0.5737,0.37444,0.34873
30629,103986,New Orleans,Privateers,0.2695,0.69775,0.46742,73.557,104.08031,100.5393,0.39874,0.16905,0.17755,0.10735,0.07321,2021-22 Men's Basketball,True,0.2538,0.2162,0.6422,0.3919,0.3978,0.1947,0.3573,0.1889,0.5866,0.5611,0.22449,0.30769,0.2731,0.1307,0.4734,0.5711,0.39598,0.30711
33533,103986,New Orleans,Privateers,0.29569,0.67381,0.55942,71.135,102.00077,110.54443,0.37759,0.2081,0.18289,0.09398,0.05927,2022-23 Men's Basketball,True,0.2697,0.1563,0.6242,0.3697,0.4061,0.1641,0.3387,0.1754,0.5339,0.5572,0.29076,0.37765,0.3521,0.1146,0.521,0.5795,0.36437,0.36189
36046,104237,Southeastern La.,Lions,0.31759,0.69749,0.60602,65.554,104.48766,107.42032,0.34652,0.17817,0.15434,0.10504,0.07122,2023-24 Men's Basketball,True,0.2473,0.1406,0.5787,0.3233,0.404,0.1679,0.3498,0.1261,0.4912,0.519,0.3827,0.34712,0.3774,0.1147,0.4399,0.5597,0.44535,0.32199
38409,104237,Southeastern La.,Lions,0.31498,0.71186,0.45874,66.275,108.73184,104.42748,0.34628,0.14864,0.16784,0.10383,0.07327,2024-25 Men's Basketball,True,0.2573,0.1614,0.5985,0.3506,0.3765,0.1748,0.4069,0.1564,0.5254,0.5246,0.31823,0.33051,0.337,0.1036,0.4651,0.5569,0.43131,0.32898
38409,104022,Northwestern St.,Demons,0.33579,0.6738,0.53836,63.577,104.665,107.49379,0.32745,0.17325,0.15371,0.10619,0.12466,2024-25 Men's Basketball,True,0.2439,0.1349,0.5543,0.3411,0.3579,0.1623,0.4074,0.1384,0.5034,0.491,0.3582,0.35453,0.285,0.1147,0.4898,0.5079,0.39557,0.35994
36046,104022,Northwestern St.,Demons,0.3075,0.65548,0.45545,68.109,101.96274,109.73305,0.35417,0.16417,0.16367,0.10068,0.0899,2023-24 Men's Basketball,True,0.2702,0.1584,0.5808,0.4332,0.3527,0.1378,0.2609,0.086,0.571,0.5257,0.34295,0.31776,0.3413,0.0898,0.5382,0.5594,0.37204,0.32225
33533,104237,Southeastern La.,Lions,0.28936,0.70407,0.50956,69.126,110.09983,107.83842,0.3172,0.14982,0.17869,0.10319,0.05273,2022-23 Men's Basketball,True,0.2471,0.1762,0.6434,0.2945,0.4353,0.2389,0.3034,0.1205,0.5335,0.5502,0.34604,0.36905,0.338,0.1154,0.4722,0.5577,0.41239,0.38212
41097,103992,Nicholls,Colonels,0.29125,0.6683,0.52158,67.356,107.43418,111.16828,0.34344,0.15111,0.18496,0.1337,0.08004,2025-26 Men's Basketball,True,0.2638,0.1724,0.5943,0.3685,0.393,0.1051,0.3333,0.0847,0.4736,0.5497,0.44171,0.33373,0.3293,0.0907,0.5243,0.5918,0.38496,0.34483
36046,103986,New Orleans,Privateers,0.2927,0.65408,0.46217,71.744,102.12436,110.32965,0.38161,0.14695,0.17221,0.10659,0.08638,2023-24 Men's Basketball,True,0.2647,0.1918,0.5683,0.3366,0.4089,0.2224,0.3168,0.1498,0.5591,0.5049,0.29115,0.3039,0.3365,0.1042,0.5799,0.5639,0.31597,0.33914
36046,103258,A&M-Corpus Christi,Islanders,0.3457,0.76068,0.54556,69.761,107.32071,95.20386,0.3607,0.14437,0.18945,0.12606,0.08664,2023-24 Men's Basketball,True,0.2983,0.2044,0.6206,0.3749,0.3778,0.194,0.3008,0.13,0.5689,0.5378,0.30108,0.29708,0.3206,0.1191,0.5123,0.5028,0.36866,0.30139
38409,103791,Lamar University,Cardinals,0.35971,0.69091,0.5858,65.679,105.99315,99.74204,0.28398,0.15648,0.16197,0.11332,0.142,2024-25 Men's Basketball,True,0.2316,0.1858,0.5587,0.3229,0.4212,0.186,0.3219,0.1617,0.5088,0.5084,0.32946,0.35276,0.3226,0.1326,0.4904,0.5016,0.37701,0.31631
41097,103258,A&M-Corpus Christi,Islanders,0.33392,0.72874,0.52005,66.949,107.90456,100.73497,0.38706,0.16725,0.17734,0.11322,0.08839,2025-26 Men's Basketball,True,0.3004,0.1611,0.611,0.352,0.4292,0.2286,0.3011,0.1003,0.5806,0.5395,0.31914,0.35642,0.3283,0.1139,0.5302,0.5336,0.35595,0.3021
30629,103992,Nicholls,Colonels,0.31643,0.70257,0.44008,71.239,109.34283,99.29511,0.21004,0.14586,0.1829,0.11522,0.10561,2021-22 Men's Basketball,True,0.2538,0.2057,0.7214,0.3058,0.4116,0.1589,0.3754,0.1571,0.4648,0.6155,0.37817,0.32765,0.3196,0.1482,0.4789,0.5085,0.3729,0.3347
33533,104022,Northwestern St.,Demons,0.32895,0.66234,0.46111,67.179,110.26518,106.45985,0.27026,0.14787,0.18708,0.12257,0.06556,2022-23 Men's Basketball,True,0.2709,0.1529,0.5974,0.3093,0.4375,0.1581,0.3506,0.1522,0.4674,0.5433,0.38043,0.36104,0.3544,0.1303,0.5327,0.5552,0.337,0.33279
38409,103992,Nicholls,Colonels,0.31379,0.69356,0.43022,67.62,108.65612,102.11807,0.32938,0.13149,0.15567,0.1186,0.10609,2024-25 Men's Basketball,True,0.2532,0.1806,0.5589,0.3896,0.3185,0.1659,0.3918,0.0844,0.5556,0.4871,0.36,0.34568,0.376,0.1249,0.5028,0.5154,0.37223,0.29542
41097,103986,New Orleans,Privateers,0.35625,0.65544,0.52457,68.066,108.65132,113.24658,0.46384,0.17632,0.12624,0.0844,0.10223,2025-26 Men's Basketball,True,0.286,0.1491,0.6292,0.3431,0.3699,0.1881,0.3802,0.1316,0.5313,0.5374,0.33714,0.31774,0.3853,0.1139,0.4842,0.5183,0.40187,0.32393
41097,104381,UTRGV,Vaqueros,0.29567,0.68858,0.61417,65.373,114.81155,105.09497,0.29158,0.15861,0.14176,0.09165,0.07976,2025-26 Men's Basketball,True,0.2713,0.1311,0.6678,0.3081,0.4262,0.1626,0.3818,0.088,0.4707,0.5844,0.44136,0.3744,0.3129,0.1464,0.4676,0.5372,0.38599,0.30286
36046,103791,Lamar University,Cardinals,0.34448,0.69149,0.59649,69.105,110.9286,103.93077,0.33531,0.15492,0.17056,0.10053,0.10677,2023-24 Men's Basketball,True,0.2656,0.1995,0.6362,0.319,0.4006,0.159,0.3647,0.1679,0.478,0.5579,0.35407,0.34589,0.3253,0.1298,0.4706,0.5205,0.39969,0.33507
33533,104316,East Texas A&M,Lions,0.27446,0.7024,0.5518,65.789,106.77302,109.44009,0.27619,0.16636,0.15898,0.08661,0.08445,2022-23 Men's Basketball,True,0.2795,0.1308,0.6661,0.3138,0.4685,0.1513,0.3636,0.0757,0.4651,0.6018,0.45926,0.32028,0.3953,0.1172,0.5346,0.5525,0.34823,0.34585
30629,103882,McNeese,Cowboys,0.36142,0.72705,0.44802,72.941,104.76263,103.78772,0.36649,0.18253,0.17454,0.10481,0.08958,2021-22 Men's Basketball,True,0.2688,0.1862,0.6306,0.3974,0.377,0.1511,0.3268,0.1226,0.5485,0.5607,0.32883,0.31278,0.3793,0.1462,0.5066,0.5403,0.34728,0.34253
36046,103882,McNeese,Cowboys,0.33509,0.69925,0.52004,66.388,120.4589,93.7444,0.37306,0.12397,0.21059,0.15504,0.12105,2023-24 Men's Basketball,True,0.2605,0.1703,0.6331,0.4176,0.3925,0.1467,0.3668,0.0996,0.5643,0.5705,0.336,0.38301,0.3298,0.1028,0.4166,0.4869,0.48059,0.31741
38409,103258,A&M-Corpus Christi,Islanders,0.33657,0.71168,0.52583,67.402,112.40799,99.97155,0.35374,0.15158,0.17218,0.1174,0.10342,2024-25 Men's Basketball,True,0.2628,0.1857,0.6516,0.4038,0.4212,0.1959,0.4076,0.1068,0.5997,0.5764,0.29352,0.3431,0.3615,0.1135,0.5101,0.4901,0.37633,0.33711
30629,104237,Southeastern La.,Lions,0.27022,0.67504,0.5697,71.946,109.11767,107.65136,0.36932,0.17419,0.17623,0.10979,0.10038,2021-22 Men's Basketball,True,0.2216,0.2057,0.6308,0.3047,0.5,0.1473,0.3402,0.1216,0.4521,0.5882,0.42634,0.3574,0.3806,0.1258,0.4918,0.5859,0.38245,0.33865
36046,104316,East Texas A&M,Lions,0.25566,0.67768,0.55127,67.209,102.94308,107.34683,0.29659,0.14575,0.16713,0.11449,0.12377,2023-24 Men's Basketball,True,0.2537,0.1643,0.596,0.3026,0.3983,0.1748,0.3471,0.0606,0.4775,0.5236,0.46192,0.31236,0.4227,0.1018,0.5934,0.5199,0.30483,0.34596
41097,104159,SFA,Lumberjacks,0.34747,0.71126,0.49205,65.332,116.80063,101.59501,0.29171,0.11809,0.15554,0.10814,0.1016,2025-26 Men's Basketball,True,0.2433,0.1278,0.6087,0.296,0.4135,0.1902,0.4066,0.1149,0.4862,0.5324,0.39895,0.36081,0.3915,0.1216,0.5254,0.5113,0.353,0.29912
33533,103882,McNeese,Cowboys,0.33923,0.69101,0.44872,66.874,102.31479,111.58055,0.28679,0.18203,0.16696,0.1074,0.052,2022-23 Men's Basketball,True,0.2849,0.1321,0.6006,0.3546,0.4082,0.1231,0.3089,0.1236,0.4776,0.551,0.39879,0.32494,0.2789,0.099,0.512,0.5687,0.38906,0.38822
41097,103882,McNeese,Cowboys,0.3644,0.65917,0.50157,65.749,119.86007,100.4807,0.37244,0.11903,0.21333,0.15751,0.15795,2025-26 Men's Basketball,True,0.2809,0.2068,0.6249,0.4153,0.3935,0.1349,0.3905,0.1022,0.5501,0.5681,0.34761,0.32073,0.3744,0.1133,0.4096,0.5177,0.47712,0.32515
38409,103882,McNeese,Cowboys,0.34894,0.68876,0.50779,65.281,117.29473,98.73766,0.34869,0.13997,0.19036,0.13789,0.11628,2024-25 Men's Basketball,True,0.2495,0.153,0.6301,0.4111,0.4,0.1288,0.3904,0.0926,0.5399,0.5752,0.36751,0.35445,0.3476,0.1095,0.4286,0.5024,0.46194,0.3228
30629,103258,A&M-Corpus Christi,Islanders,0.34624,0.72213,0.55992,70.909,107.68104,98.52695,0.36432,0.16602,0.20237,0.11974,0.05636,2021-22 Men's Basketball,True,0.2855,0.2183,0.5995,0.3751,0.3417,0.1676,0.3831,0.1446,0.5427,0.5199,0.31268,0.33634,0.3191,0.1694,0.397,0.5733,0.43357,0.31116
36046,103992,Nicholls,Colonels,0.27683,0.68442,0.45583,66.563,107.44127,107.52681,0.38292,0.16787,0.14111,0.09792,0.10786,2023-24 Men's Basketball,True,0.2719,0.1665,0.6099,0.2551,0.433,0.2541,0.3648,0.0833,0.5092,0.5216,0.40754,0.36504,0.3373,0.1259,0.5151,0.5407,0.35901,0.31499
33533,103258,A&M-Corpus Christi,Islanders,0.33703,0.72213,0.55201,70.304,113.10506,103.34001,0.34805,0.15292,0.18633,0.11922,0.05286,2022-23 Men's Basketball,True,0.2683,0.1848,0.6027,0.3824,0.3839,0.1501,0.3063,0.1259,0.5325,0.541,0.34154,0.36463,0.3686,0.1373,0.4316,0.5854,0.43108,0.33488
38409,103724,UIW,Cardinals,0.35685,0.69244,0.45214,64.283,114.10719,107.62724,0.28919,0.14861,0.15662,0.10719,0.10053,2024-25 Men's Basketball,True,0.2575,0.1263,0.6561,0.2868,0.4094,0.2025,0.4188,0.1525,0.4893,0.554,0.35827,0.37101,0.3738,0.1039,0.5686,0.52,0.32745,0.34977
27693,103525,DePaul,Blue Demons,0.3185,0.68443,0.45114,69.408,93.55569,102.3125,0.23657,0.19058,0.17384,0.09713,0.11045,2020-21 Men's Basketball,True,0.2799,0.2043,0.5818,0.3336,0.4098,0.2114,0.2727,0.1716,0.5451,0.5151,0.28336,0.31498,0.3873,0.126,0.4685,0.5189,0.4055,0.30853
27693,104509,Xavier,Musketeers,0.2681,0.72727,0.62649,68.314,108.22037,101.5384,0.25914,0.14101,0.1429,0.10001,0.10341,2020-21 Men's Basketball,True,0.2239,0.1429,0.7022,0.2848,0.4099,0.1728,0.397,0.1549,0.4576,0.5918,0.38755,0.3253,0.3684,0.1595,0.4679,0.4878,0.37252,0.33811
27693,104361,UConn,Huskies,0.37351,0.70486,0.49336,64.814,110.08618,99.07756,0.29035,0.14618,0.17154,0.09501,0.14596,2020-21 Men's Basketball,True,0.2882,0.1501,0.5928,0.3184,0.4,0.1945,0.3615,0.1535,0.513,0.5197,0.33357,0.33477,0.3941,0.1368,0.5302,0.475,0.33307,0.32367
27693,104403,Villanova,Wildcats,0.27771,0.74334,0.57099,64.293,115.76289,102.9485,0.30035,0.12185,0.16403,0.0784,0.05697,2020-21 Men's Basketball,True,0.2397,0.1187,0.6642,0.2782,0.4458,0.1149,0.3712,0.1585,0.3931,0.6004,0.44844,0.3534,0.3979,0.1376,0.4568,0.541,0.40562,0.34281
27693,103386,Butler,Bulldogs,0.26018,0.74838,0.53846,63.889,97.95314,105.91029,0.29433,0.15381,0.16687,0.08538,0.06,2020-21 Men's Basketball,True,0.2506,0.1017,0.6005,0.3037,0.3365,0.1493,0.3317,0.1493,0.453,0.5135,0.3977,0.3231,0.3484,0.1623,0.4618,0.5994,0.37592,0.34961
27693,103643,Georgetown,Hoyas,0.32158,0.73081,0.51708,69.04,102.95623,103.28889,0.30835,0.18611,0.14258,0.08474,0.10434,2020-21 Men's Basketball,True,0.2289,0.1649,0.5943,0.2091,0.3961,0.2373,0.3825,0.165,0.4464,0.489,0.38856,0.36548,0.3686,0.1585,0.4431,0.5161,0.39838,0.33853
27693,104112,Providence,Friars,0.29131,0.7014,0.53272,65.978,103.86579,103.69421,0.31589,0.14945,0.14691,0.08446,0.07685,2020-21 Men's Basketball,True,0.2521,0.1424,0.6065,0.3224,0.3977,0.1694,0.346,0.172,0.4918,0.5346,0.33617,0.31907,0.3467,0.1298,0.5329,0.5447,0.33725,0.29787
27693,103863,Marquette,Golden Eagles,0.2912,0.7167,0.50378,66.985,103.63473,103.74481,0.3504,0.18469,0.13897,0.07568,0.09872,2020-21 Men's Basketball,True,0.2558,0.1302,0.6509,0.2992,0.4015,0.1779,0.3937,0.1489,0.4771,0.5579,0.37399,0.32252,0.3296,0.1659,0.4636,0.504,0.37042,0.33893
27693,104210,Seton Hall,Pirates,0.29677,0.70222,0.5156,66.494,105.69806,103.33579,0.35672,0.16553,0.16783,0.09348,0.11401,2020-21 Men's Basketball,True,0.2429,0.1452,0.6139,0.3482,0.4053,0.1731,0.3529,0.1115,0.5213,0.5447,0.36721,0.32143,0.3746,0.1897,0.4664,0.5034,0.34391,0.36531
27693,104270,St. John's (NY),Red Storm,0.29207,0.69688,0.56483,72.772,107.02141,104.00955,0.28612,0.14797,0.19247,0.12292,0.10184,2020-21 Men's Basketball,True,0.2476,0.2124,0.6162,0.2689,0.4476,0.2024,0.386,0.1961,0.4713,0.5438,0.33257,0.34483,0.3487,0.1193,0.5116,0.5766,0.36903,0.34163
30629,103643,Georgetown,Hoyas,0.32269,0.70138,0.47532,69.661,101.50593,110.58219,0.29002,0.16025,0.15874,0.10296,0.10858,2021-22 Men's Basketball,True,0.2325,0.155,0.5661,0.3067,0.3164,0.1741,0.3049,0.1585,0.4808,0.4757,0.36071,0.3415,0.3263,0.1258,0.4563,0.5806,0.41791,0.36735
30629,103525,DePaul,Blue Demons,0.31693,0.71478,0.43382,69.051,105.71373,104.13175,0.33404,0.14996,0.14691,0.08999,0.1252,2021-22 Men's Basketball,True,0.2272,0.1757,0.6243,0.2756,0.4301,0.2432,0.3473,0.1391,0.5189,0.5333,0.34201,0.31677,0.3525,0.1276,0.5199,0.5091,0.35251,0.3368
27693,103510,Creighton,Bluejays,0.24553,0.71658,0.55239,68.311,110.31883,99.07615,0.25671,0.14165,0.15656,0.10128,0.08972,2020-21 Men's Basketball,True,0.2229,0.1913,0.6938,0.2771,0.4529,0.1767,0.3805,0.1101,0.4538,0.6,0.43609,0.36084,0.3245,0.1599,0.4484,0.5171,0.39174,0.31757
33533,103386,Butler,Bulldogs,0.19904,0.69601,0.5227,65.98,98.89391,102.96712,0.25976,0.16106,0.16259,0.10255,0.11031,2022-23 Men's Basketball,True,0.2031,0.1523,0.6208,0.2552,0.4864,0.2083,0.3355,0.1771,0.4635,0.5604,0.35937,0.32598,0.3319,0.1238,0.5438,0.5505,0.33244,0.32103
41097,103525,DePaul,Blue Demons,0.30046,0.68949,0.60914,66.148,106.20073,105.1614,0.35265,0.15536,0.16351,0.10473,0.09394,2025-26 Men's Basketball,True,0.2707,0.1503,0.6069,0.3383,0.375,0.1634,0.3827,0.1082,0.5017,0.5314,0.39018,0.32532,0.3361,0.1343,0.5265,0.508,0.33916,0.35441
36046,103525,DePaul,Blue Demons,0.22002,0.67672,0.54069,66.997,96.59952,122.02045,0.33489,0.18113,0.12671,0.07843,0.08631,2023-24 Men's Basketball,True,0.2248,0.1184,0.5775,0.3314,0.4055,0.1914,0.2896,0.1289,0.5228,0.5145,0.34831,0.33501,0.4271,0.1022,0.4867,0.5897,0.41119,0.38077
38409,104112,Providence,Friars,0.33181,0.7128,0.51177,65.298,108.83303,110.59685,0.29569,0.16421,0.12007,0.07561,0.09152,2024-25 Men's Basketball,True,0.2623,0.1417,0.6015,0.2957,0.4286,0.1948,0.31,0.0546,0.4905,0.5328,0.45499,0.35612,0.3867,0.1588,0.4717,0.5253,0.36951,0.33524
30629,104210,Seton Hall,Pirates,0.32658,0.70854,0.40842,67.199,106.63549,98.43633,0.31169,0.15056,0.16012,0.10488,0.13796,2021-22 Men's Basketball,True,0.2316,0.1567,0.6,0.3013,0.3678,0.1808,0.3256,0.1564,0.4821,0.5129,0.36156,0.33621,0.3567,0.1727,0.4871,0.4832,0.34018,0.3096
36046,103643,Georgetown,Hoyas,0.33419,0.69307,0.50452,65.972,106.55179,117.12706,0.33905,0.15381,0.14419,0.08569,0.08612,2023-24 Men's Basketball,True,0.2505,0.1232,0.598,0.2651,0.3702,0.1939,0.3279,0.1307,0.459,0.5018,0.41028,0.34595,0.3529,0.12,0.4981,0.627,0.38186,0.35277
33533,103643,Georgetown,Hoyas,0.2887,0.69965,0.46455,68.388,100.88395,113.35276,0.29111,0.15231,0.13841,0.08936,0.12066,2022-23 Men's Basketball,True,0.2094,0.1493,0.6282,0.2461,0.3711,0.1965,0.4029,0.2477,0.4426,0.514,0.30972,0.30885,0.3005,0.1064,0.4983,0.5476,0.3953,0.38938
30629,103863,Marquette,Golden Eagles,0.22531,0.68358,0.5935,70.256,104.55741,101.15896,0.26214,0.15641,0.16214,0.10951,0.12891,2021-22 Men's Basketball,True,0.2453,0.191,0.6416,0.306,0.3931,0.1661,0.4048,0.1097,0.4721,0.5542,0.41828,0.34332,0.2894,0.1366,0.5038,0.5114,0.35968,0.31989
30629,104270,St. John's (NY),Red Storm,0.30665,0.68543,0.6192,72.849,108.41119,101.00501,0.26065,0.13789,0.18578,0.1213,0.14547,2021-22 Men's Basketball,True,0.2434,0.2197,0.645,0.3098,0.4213,0.1933,0.3666,0.1736,0.503,0.5591,0.32335,0.33575,0.2896,0.1133,0.5036,0.5173,0.38308,0.34137
38409,104210,Seton Hall,Pirates,0.31217,0.68201,0.50706,63.368,96.02613,109.47953,0.32881,0.16488,0.19606,0.12652,0.11934,2024-25 Men's Basketball,True,0.2815,0.1275,0.5712,0.3412,0.2979,0.1915,0.3264,0.1627,0.5328,0.473,0.30452,0.31169,0.3885,0.0854,0.4708,0.5731,0.44376,0.36565
41097,103863,Marquette,Golden Eagles,0.29707,0.65313,0.58061,68.598,108.2908,109.19135,0.32753,0.14002,0.16576,0.13488,0.0839,2025-26 Men's Basketball,True,0.2455,0.2056,0.5895,0.4176,0.369,0.129,0.3387,0.0317,0.5466,0.5375,0.4217,0.31675,0.3652,0.119,0.4855,0.5522,0.39545,0.32723
41097,103386,Butler,Bulldogs,0.34555,0.69966,0.57192,68.44,114.19272,111.54021,0.4207,0.13707,0.132,0.09329,0.08006,2025-26 Men's Basketball,True,0.2203,0.1674,0.6159,0.3859,0.4041,0.1763,0.3235,0.0884,0.5621,0.5495,0.34945,0.32738,0.3486,0.1069,0.5179,0.5682,0.37518,0.33333
41097,104210,Seton Hall,Pirates,0.3564,0.68085,0.51613,64.964,108.26522,100.56864,0.35276,0.14151,0.18663,0.14191,0.18681,2025-26 Men's Basketball,True,0.2892,0.1642,0.5751,0.3845,0.4006,0.1857,0.3601,0.1618,0.5702,0.5182,0.26795,0.30485,0.2457,0.101,0.4775,0.5079,0.42148,0.32466
33533,104210,Seton Hall,Pirates,0.3094,0.70261,0.51148,66.572,102.69071,97.82019,0.40672,0.17745,0.18555,0.12387,0.12338,2022-23 Men's Basketball,True,0.2667,0.1615,0.6056,0.3793,0.3727,0.1804,0.32,0.112,0.5597,0.5305,0.32829,0.32423,0.3363,0.1232,0.5084,0.5048,0.36839,0.31805
36046,104270,St. John's (NY),Red Storm,0.38636,0.69644,0.53402,68.038,115.88818,105.73349,0.27302,0.13063,0.16271,0.10352,0.14742,2023-24 Men's Basketball,True,0.2642,0.1651,0.5851,0.302,0.4199,0.1692,0.4656,0.2038,0.4712,0.5258,0.32492,0.34101,0.3692,0.1024,0.5389,0.5,0.35872,0.34993
41097,104509,Xavier,Musketeers,0.26532,0.70465,0.62162,69.831,111.37493,114.60506,0.28119,0.12351,0.13664,0.09207,0.10312,2025-26 Men's Basketball,True,0.2486,0.186,0.6234,0.2625,0.4202,0.1804,0.3714,0.1512,0.4429,0.5406,0.40595,0.36525,0.3825,0.107,0.5242,0.588,0.36884,0.34759
30629,103386,Butler,Bulldogs,0.26679,0.72217,0.48465,63.546,99.34663,104.156,0.3035,0.16227,0.15192,0.08032,0.06963,2021-22 Men's Basketball,True,0.2592,0.1169,0.6453,0.3041,0.348,0.1518,0.3158,0.1267,0.4558,0.5463,0.41745,0.30493,0.3745,0.1402,0.4816,0.5483,0.37825,0.31044
41097,104403,Villanova,Wildcats,0.32228,0.68211,0.56826,65.281,116.81081,107.90657,0.30937,0.12923,0.1616,0.11216,0.05863,2025-26 Men's Basketball,True,0.245,0.1461,0.6715,0.3114,0.3846,0.1316,0.335,0.0997,0.443,0.5863,0.45722,0.35659,0.3672,0.1356,0.4968,0.564,0.36758,0.33429
33533,103525,DePaul,Blue Demons,0.25804,0.65891,0.54535,68.394,102.52232,111.33863,0.27588,0.1626,0.15308,0.09222,0.12046,2022-23 Men's Basketball,True,0.2637,0.1599,0.6157,0.2667,0.3915,0.181,0.3059,0.1734,0.4477,0.5251,0.37889,0.36743,0.3769,0.131,0.5217,0.5449,0.34728,0.34978
33533,104270,St. John's (NY),Red Storm,0.34041,0.72439,0.51546,72.418,105.19386,102.26723,0.27744,0.16016,0.1743,0.11219,0.0996,2022-23 Men's Basketball,True,0.2207,0.1928,0.613,0.3566,0.4341,0.1931,0.3188,0.1802,0.5498,0.5501,0.27003,0.33105,0.3385,0.1276,0.4786,0.5333,0.39372,0.34539
30629,104112,Providence,Friars,0.3034,0.72602,0.54084,64.656,108.55259,100.45714,0.37009,0.14884,0.13595,0.07625,0.09649,2021-22 Men's Basketball,True,0.2424,0.1527,0.6003,0.3405,0.3966,0.156,0.3043,0.1237,0.4965,0.5363,0.37977,0.34419,0.3281,0.1291,0.5107,0.5065,0.3602,0.30028
30629,104361,UConn,Huskies,0.37728,0.72442,0.52614,65.408,112.26059,97.98363,0.3048,0.14477,0.15772,0.08893,0.16614,2021-22 Men's Basketball,True,0.2524,0.1791,0.6013,0.2954,0.4181,0.2355,0.3068,0.1242,0.5309,0.52,0.34488,0.35151,0.2879,0.1395,0.5346,0.4625,0.32594,0.35332
33533,104112,Providence,Friars,0.34813,0.72812,0.53496,66.828,113.56835,104.26749,0.36304,0.14454,0.14954,0.10065,0.11179,2022-23 Men's Basketball,True,0.2203,0.1685,0.6302,0.3519,0.4171,0.2015,0.3135,0.1276,0.5534,0.5526,0.31899,0.34603,0.3663,0.1227,0.5414,0.5205,0.33586,0.33835
36046,103386,Butler,Bulldogs,0.269,0.7093,0.54121,67.904,111.00675,106.11966,0.26326,0.13711,0.14201,0.08898,0.08352,2023-24 Men's Basketball,True,0.1981,0.1408,0.5935,0.2888,0.4529,0.2191,0.4241,0.11,0.5079,0.5329,0.38212,0.35476,0.3763,0.1332,0.4957,0.5443,0.37106,0.32304
41097,104112,Providence,Friars,0.31731,0.69155,0.47482,70.69,117.5552,115.75951,0.36693,0.14666,0.11339,0.07372,0.09563,2025-26 Men's Basketball,True,0.2535,0.1826,0.6616,0.3224,0.4505,0.1879,0.3642,0.0846,0.5103,0.5839,0.40509,0.36353,0.3588,0.1194,0.4954,0.5391,0.38514,0.35266
38409,103643,Georgetown,Hoyas,0.31575,0.71117,0.52689,66.992,107.43094,103.83089,0.2557,0.14696,0.17036,0.11769,0.10684,2024-25 Men's Basketball,True,0.2328,0.1681,0.6319,0.3164,0.4272,0.1567,0.3567,0.1456,0.4731,0.5641,0.38137,0.32316,0.3388,0.1249,0.4788,0.5323,0.39628,0.33594
36046,104509,Xavier,Musketeers,0.31851,0.71055,0.59697,69.942,108.45105,106.72694,0.31758,0.14104,0.14016,0.09908,0.08431,2023-24 Men's Basketball,True,0.2405,0.2031,0.6058,0.3105,0.3707,0.2065,0.3808,0.1626,0.517,0.5119,0.32042,0.34218,0.371,0.1341,0.5121,0.5236,0.35386,0.33467
33533,104403,Villanova,Wildcats,0.2261,0.7482,0.46716,63.648,108.93267,105.94001,0.30005,0.14054,0.15463,0.08905,0.05316,2022-23 Men's Basketball,True,0.2477,0.0888,0.6654,0.292,0.3755,0.1409,0.3193,0.0896,0.4328,0.5711,0.4776,0.33446,0.3542,0.1539,0.4286,0.5623,0.41742,0.33803
41097,103510,Creighton,Bluejays,0.26861,0.70536,0.58417,67.385,111.15416,111.19765,0.28308,0.14532,0.11919,0.08333,0.06607,2025-26 Men's Basketball,True,0.2132,0.1893,0.6924,0.2776,0.3686,0.1558,0.4,0.0849,0.4333,0.576,0.48178,0.34093,0.3143,0.1309,0.5484,0.5482,0.32071,0.35131
38409,103863,Marquette,Golden Eagles,0.30024,0.68975,0.49523,66.719,113.91065,102.27015,0.25907,0.11852,0.1873,0.13328,0.10699,2024-25 Men's Basketball,True,0.2383,0.1685,0.6387,0.3533,0.3954,0.1441,0.2651,0.0391,0.4974,0.5682,0.4635,0.32622,0.3816,0.1082,0.4976,0.542,0.39415,0.3183
38409,104509,Xavier,Musketeers,0.24444,0.74549,0.62762,67.883,114.23669,104.68829,0.36687,0.1415,0.15783,0.11303,0.06935,2024-25 Men's Basketball,True,0.2294,0.2028,0.6527,0.3194,0.3515,0.2172,0.4,0.0877,0.5366,0.5308,0.37564,0.39148,0.3059,0.1287,0.4972,0.5584,0.37405,0.34413
41097,103643,Georgetown,Hoyas,0.32483,0.68538,0.57768,65.438,111.27232,110.20538,0.37253,0.1365,0.14017,0.09767,0.10342,2025-26 Men's Basketball,True,0.2695,0.1698,0.6159,0.3193,0.411,0.1936,0.3858,0.1353,0.5129,0.5385,0.35175,0.31844,0.4122,0.1401,0.4475,0.5275,0.41236,0.33252
36046,104403,Villanova,Wildcats,0.2487,0.7574,0.52906,62.944,109.17545,101.99767,0.26787,0.13074,0.14397,0.08987,0.07685,2023-24 Men's Basketball,True,0.2377,0.1141,0.6036,0.2879,0.3908,0.1342,0.3717,0.0982,0.4221,0.5359,0.47969,0.33762,0.3087,0.1194,0.4278,0.5231,0.45275,0.32798
38409,103525,DePaul,Blue Demons,0.26903,0.71286,0.59478,66.438,106.68179,109.67044,0.27783,0.16115,0.13623,0.09,0.0933,2024-25 Men's Basketball,True,0.2404,0.136,0.6476,0.3001,0.4181,0.1513,0.3353,0.0876,0.4514,0.5706,0.46103,0.34468,0.3534,0.1211,0.5253,0.55,0.3536,0.34663
38409,103386,Butler,Bulldogs,0.26102,0.71077,0.54474,66.146,112.59535,112.76752,0.3678,0.14531,0.09911,0.06019,0.06638,2024-25 Men's Basketball,True,0.2054,0.1105,0.6097,0.286,0.4602,0.2068,0.3989,0.0916,0.4928,0.547,0.41564,0.37005,0.3451,0.1261,0.5031,0.5569,0.37078,0.31856
30629,103510,Creighton,Bluejays,0.28354,0.71408,0.52009,66.932,102.29302,98.154,0.26723,0.18026,0.13367,0.08125,0.10074,2021-22 Men's Basketball,True,0.201,0.1758,0.6607,0.3062,0.445,0.1908,0.3525,0.1219,0.497,0.5779,0.38112,0.30799,0.3276,0.1833,0.4844,0.4772,0.33228,0.31658
36046,104112,Providence,Friars,0.26952,0.72222,0.53535,67.022,106.87924,101.52263,0.31825,0.15608,0.1489,0.09478,0.11675,2023-24 Men's Basketball,True,0.2328,0.15,0.6236,0.358,0.3993,0.1407,0.3333,0.0582,0.4988,0.5603,0.44306,0.32548,0.3602,0.1657,0.4928,0.4864,0.34145,0.34266
38409,104361,UConn,Huskies,0.35539,0.72246,0.63522,63.049,120.45109,106.37762,0.30777,0.14575,0.13866,0.08508,0.17458,2024-25 Men's Basketball,True,0.2855,0.1296,0.6927,0.3322,0.4072,0.1932,0.3684,0.0473,0.5254,0.5877,0.42729,0.34848,0.3407,0.1196,0.5384,0.4838,0.34198,0.34985
36046,103510,Creighton,Bluejays,0.26133,0.7509,0.57874,66.275,118.39544,102.87575,0.24655,0.13773,0.0966,0.05634,0.08532,2023-24 Men's Basketball,True,0.1694,0.1542,0.7207,0.2556,0.4618,0.1556,0.4703,0.1042,0.4112,0.6227,0.48453,0.36837,0.4155,0.1833,0.5379,0.4688,0.27883,0.32253
38409,104403,Villanova,Wildcats,0.30308,0.7229,0.4838,62.451,118.08227,108.77398,0.29181,0.13406,0.13876,0.0897,0.07778,2024-25 Men's Basketball,True,0.2504,0.0909,0.6385,0.2581,0.3825,0.1246,0.4242,0.1801,0.3826,0.5551,0.43722,0.39047,0.3733,0.1089,0.433,0.5377,0.4581,0.34502
38409,103510,Creighton,Bluejays,0.26417,0.72784,0.63142,66.498,112.71332,104.58236,0.28613,0.1607,0.10079,0.05398,0.10523,2024-25 Men's Basketball,True,0.166,0.1647,0.7071,0.2744,0.5249,0.1671,0.3873,0.0696,0.4415,0.6382,0.48898,0.34469,0.3815,0.1464,0.5008,0.4856,0.35279,0.32614
30629,104509,Xavier,Musketeers,0.29314,0.73906,0.55929,67.825,107.77161,100.66224,0.35275,0.14686,0.16055,0.10826,0.11437,2021-22 Men's Basketball,True,0.2234,0.1558,0.6419,0.2552,0.4867,0.25,0.3673,0.1392,0.5052,0.5651,0.35559,0.32224,0.3652,0.1363,0.4972,0.5164,0.36651,0.32107
33533,103863,Marquette,Golden Eagles,0.26242,0.68287,0.59091,68.076,114.94052,101.82056,0.27047,0.13694,0.19642,0.13262,0.08366,2022-23 Men's Basketball,True,0.2342,0.1739,0.6695,0.373,0.4402,0.1578,0.367,0.0501,0.5308,0.6014,0.41904,0.35346,0.3413,0.1418,0.4828,0.5511,0.37542,0.34665
38409,104270,St. John's (NY),Red Storm,0.37916,0.70206,0.53605,68.769,112.54684,94.34015,0.30347,0.12752,0.18617,0.12763,0.14916,2024-25 Men's Basketball,True,0.2394,0.1858,0.6433,0.3259,0.4055,0.1834,0.3762,0.1809,0.5093,0.5577,0.30981,0.3015,0.2522,0.1073,0.485,0.5049,0.40769,0.30617
36046,103863,Marquette,Golden Eagles,0.25739,0.69153,0.54453,68.076,114.27038,102.20235,0.25532,0.12819,0.18408,0.12561,0.10624,2023-24 Men's Basketball,True,0.22,0.1788,0.6329,0.3768,0.4672,0.1689,0.3608,0.043,0.5457,0.5816,0.41135,0.35237,0.3295,0.1211,0.4513,0.5365,0.42764,0.33731
41097,104270,St. John's (NY),Red Storm,0.35225,0.70082,0.57905,68.984,116.90573,100.62327,0.4021,0.12333,0.16676,0.11147,0.12134,2025-26 Men's Basketball,True,0.2488,0.193,0.6244,0.3557,0.3956,0.1805,0.3594,0.1121,0.5361,0.5474,0.35173,0.33499,0.3548,0.1273,0.542,0.5067,0.33075,0.3131
33533,104509,Xavier,Musketeers,0.30744,0.74982,0.63571,70.657,114.17573,104.49271,0.31383,0.15166,0.14511,0.08989,0.07895,2022-23 Men's Basketball,True,0.2261,0.1611,0.6488,0.3143,0.4791,0.2332,0.3868,0.141,0.5474,0.5765,0.31161,0.38976,0.3622,0.1619,0.5037,0.5248,0.33435,0.35864
33533,103510,Creighton,Bluejays,0.25289,0.7653,0.57298,67.955,111.72035,99.98734,0.28373,0.14983,0.12377,0.07297,0.09246,2022-23 Men's Basketball,True,0.192,0.1568,0.6748,0.3013,0.446,0.1627,0.3798,0.1192,0.464,0.5946,0.41682,0.35366,0.3556,0.205,0.4996,0.4996,0.29545,0.33527
36046,104210,Seton Hall,Pirates,0.35178,0.70973,0.48734,65.911,110.45199,104.66641,0.30861,0.15815,0.15569,0.11316,0.14184,2023-24 Men's Basketball,True,0.2274,0.1503,0.5806,0.3832,0.4433,0.1859,0.3538,0.119,0.5691,0.5358,0.31181,0.33627,0.313,0.1122,0.4633,0.5335,0.42453,0.32975
30629,104403,Villanova,Wildcats,0.31185,0.71123,0.48915,62.183,114.98521,100.51715,0.2977,0.13484,0.16022,0.09611,0.06885,2021-22 Men's Basketball,True,0.2387,0.0776,0.6127,0.2954,0.3702,0.1355,0.3274,0.106,0.4308,0.5365,0.4632,0.35931,0.3711,0.1378,0.4401,0.5156,0.42207,0.30752
33533,104361,UConn,Huskies,0.38438,0.73991,0.63216,66.825,117.56674,95.96423,0.30819,0.15956,0.16464,0.09411,0.12735,2022-23 Men's Basketball,True,0.2655,0.1516,0.6622,0.321,0.4099,0.1736,0.3252,0.0883,0.4946,0.5737,0.41706,0.3628,0.319,0.1622,0.5333,0.4816,0.30443,0.29709
36046,104361,UConn,Huskies,0.36698,0.73293,0.63551,64.665,125.87898,98.04333,0.31939,0.12424,0.14011,0.09505,0.14192,2023-24 Men's Basketball,True,0.2513,0.1569,0.6892,0.3629,0.4695,0.1665,0.3681,0.0689,0.5294,0.6201,0.40177,0.35752,0.3867,0.1453,0.5259,0.4441,0.3288,0.31242
41097,104361,UConn,Huskies,0.35714,0.71202,0.64928,64.301,118.38781,100.76874,0.29864,0.1404,0.15636,0.10579,0.14648,2025-26 Men's Basketball,True,0.2811,0.1269,0.6636,0.3195,0.447,0.1882,0.4286,0.0833,0.5076,0.5833,0.40909,0.34372,0.3455,0.1142,0.5258,0.4846,0.36009,0.30155
27693,103619,Fordham,Rams,0.19231,0.69631,0.59533,63.171,81.97762,105.38365,0.27514,0.18895,0.16792,0.0987,0.07018,2020-21 Men's Basketball,True,0.2498,0.1063,0.5779,0.2779,0.3034,0.2025,0.2436,0.1089,0.4804,0.4622,0.41061,0.26871,0.4151,0.1387,0.3822,0.5685,0.47906,0.33333
27693,103876,Massachusetts,Minutemen,0.24286,0.74414,0.56853,70.84,105.67743,100.53587,0.34239,0.14601,0.17962,0.1011,0.09935,2020-21 Men's Basketball,True,0.2396,0.1782,0.5872,0.3054,0.4388,0.1511,0.3789,0.1033,0.4565,0.5381,0.44022,0.32593,0.3469,0.1114,0.5864,0.5407,0.30227,0.33835
27693,103642,George Washington,Revolutionaries,0.2446,0.71474,0.47202,67.726,99.84462,105.96635,0.36099,0.17808,0.14652,0.09225,0.07002,2020-21 Men's Basketball,True,0.2143,0.1451,0.6288,0.301,0.4012,0.1847,0.3865,0.1859,0.4857,0.5423,0.32839,0.32292,0.4,0.1032,0.5315,0.5301,0.36533,0.33616
27693,103550,Duquesne,Dukes,0.31014,0.69938,0.55023,67.166,99.6705,99.91864,0.31635,0.16845,0.17093,0.10032,0.12987,2020-21 Men's Basketball,True,0.2563,0.1575,0.6269,0.3221,0.3441,0.1788,0.3657,0.1288,0.501,0.5259,0.37019,0.2987,0.4286,0.0969,0.5124,0.5174,0.3907,0.28354
27693,104181,Saint Joseph's,Hawks,0.2179,0.69074,0.56719,71.623,97.68362,111.83184,0.26737,0.16881,0.15116,0.08143,0.04455,2020-21 Men's Basketball,True,0.2422,0.1592,0.6114,0.2682,0.3972,0.1729,0.3253,0.067,0.441,0.5275,0.49192,0.31363,0.4324,0.1158,0.5164,0.5652,0.36776,0.35106
27693,104263,St. Bonaventure,Bonnies,0.32782,0.70938,0.56458,64.004,109.44259,95.45537,0.28023,0.14063,0.16688,0.09171,0.125,2020-21 Men's Basketball,True,0.2404,0.1109,0.6296,0.3529,0.3227,0.2051,0.3667,0.1225,0.558,0.5168,0.31944,0.34271,0.2328,0.0995,0.47,0.4982,0.43053,0.30677
27693,104183,Saint Louis,Billikens,0.35841,0.77952,0.62969,67.244,111.53485,97.30088,0.29787,0.15086,0.18102,0.10985,0.10015,2020-21 Men's Basketball,True,0.2543,0.1653,0.6145,0.3578,0.4781,0.1797,0.3161,0.1521,0.5374,0.5689,0.31048,0.34772,0.3908,0.1562,0.4623,0.4971,0.38151,0.33647
27693,103522,Davidson,Wildcats,0.28183,0.78134,0.57941,62.513,114.16362,102.01702,0.2603,0.14852,0.14798,0.0817,0.08201,2020-21 Men's Basketball,True,0.2363,0.1028,0.6803,0.3015,0.4025,0.131,0.4632,0.0783,0.4325,0.5962,0.48929,0.36364,0.3433,0.1139,0.477,0.5241,0.40901,0.3368
27693,103641,George Mason,Patriots,0.30166,0.75718,0.49654,68.104,101.82711,99.81523,0.2925,0.15693,0.17786,0.10309,0.116,2020-21 Men's Basketball,True,0.2291,0.1689,0.7035,0.2353,0.4024,0.2472,0.2919,0.1552,0.4826,0.5492,0.36229,0.32787,0.3351,0.1451,0.4965,0.5276,0.35843,0.35449
27693,104136,Richmond,Spiders,0.20561,0.71829,0.52404,68.419,109.11039,100.84926,0.3081,0.13842,0.19677,0.12946,0.06005,2020-21 Men's Basketball,True,0.2261,0.154,0.6921,0.2877,0.4222,0.2044,0.3978,0.1408,0.4921,0.58,0.36715,0.3567,0.3621,0.1355,0.5,0.5935,0.36449,0.31624
27693,103524,Dayton,Flyers,0.23,0.70979,0.54899,65.083,104.45066,101.51806,0.3371,0.19549,0.15136,0.06701,0.05281,2020-21 Men's Basketball,True,0.2303,0.1664,0.646,0.3121,0.4254,0.1839,0.4862,0.0879,0.496,0.5642,0.41613,0.37209,0.3641,0.1439,0.477,0.5242,0.37919,0.32044
27693,103782,La Salle,Explorers,0.26804,0.70749,0.50237,68.447,98.96835,106.87651,0.24226,0.18335,0.17307,0.10815,0.09389,2020-21 Men's Basketball,True,0.2506,0.1755,0.6481,0.2719,0.4098,0.2099,0.3167,0.1239,0.4818,0.5443,0.39436,0.34031,0.3151,0.103,0.5205,0.5745,0.37659,0.32772
27693,104132,Rhode Island,Rams,0.29966,0.7339,0.47717,68.945,101.58701,101.07509,0.38858,0.17351,0.15472,0.09314,0.12232,2020-21 Men's Basketball,True,0.2524,0.186,0.6118,0.4018,0.3279,0.1699,0.3758,0.1093,0.5717,0.5274,0.31894,0.31223,0.3274,0.1124,0.511,0.4987,0.37659,0.33037
27693,104393,VCU,Rams,0.28655,0.68427,0.52656,68.894,103.56408,94.11886,0.34041,0.18458,0.20566,0.13285,0.14799,2020-21 Men's Basketball,True,0.2694,0.2036,0.6271,0.3986,0.3291,0.1623,0.3692,0.089,0.561,0.5409,0.35,0.32877,0.3314,0.1201,0.5292,0.4877,0.35072,0.30528
30629,104181,Saint Joseph's,Hawks,0.27012,0.75862,0.54351,67.237,99.70945,101.87277,0.22943,0.17175,0.12247,0.07316,0.05934,2021-22 Men's Basketball,True,0.2382,0.1294,0.6114,0.1871,0.4683,0.2576,0.3316,0.1054,0.4448,0.5285,0.44983,0.33584,0.3367,0.1655,0.5229,0.52,0.31164,0.31858
30629,103782,La Salle,Explorers,0.2894,0.72316,0.5397,66.965,99.55498,105.50369,0.25111,0.16145,0.14843,0.08703,0.11459,2021-22 Men's Basketball,True,0.2543,0.1492,0.6034,0.2906,0.3519,0.1503,0.3624,0.1598,0.441,0.5177,0.39922,0.31939,0.3221,0.118,0.5159,0.5116,0.36606,0.35969
30629,103642,George Washington,Revolutionaries,0.23277,0.68997,0.48549,68.407,98.70663,105.15552,0.2606,0.16086,0.15656,0.0997,0.10504,2021-22 Men's Basketball,True,0.2465,0.1706,0.6224,0.3024,0.3866,0.1769,0.3136,0.1622,0.4794,0.5354,0.35839,0.33754,0.2938,0.1161,0.5385,0.5618,0.34543,0.30732
30629,103550,Duquesne,Dukes,0.29331,0.68511,0.40431,65.798,97.46668,109.72476,0.21878,0.14556,0.16524,0.09892,0.108,2021-22 Men's Basketball,True,0.2073,0.1529,0.5745,0.3062,0.3793,0.1732,0.3188,0.1873,0.4794,0.504,0.33333,0.30456,0.3333,0.1262,0.5541,0.5536,0.31969,0.39825
30629,103641,George Mason,Patriots,0.25276,0.76127,0.56458,65.276,106.14908,102.84755,0.2908,0.16185,0.15393,0.0759,0.09664,2021-22 Men's Basketball,True,0.2401,0.1276,0.6935,0.2362,0.4335,0.2053,0.2866,0.0932,0.4415,0.5726,0.46528,0.35714,0.3307,0.1492,0.4283,0.5336,0.42244,0.34353
30629,104132,Rhode Island,Rams,0.28804,0.7232,0.54226,66.988,100.21104,97.0328,0.3604,0.18443,0.16951,0.11095,0.18164,2021-22 Men's Basketball,True,0.2563,0.1824,0.651,0.3634,0.3639,0.186,0.318,0.1591,0.5494,0.5538,0.29146,0.3431,0.3319,0.1412,0.4484,0.4749,0.41044,0.32803
33533,103876,Massachusetts,Minutemen,0.34471,0.72099,0.54581,69.243,100.76765,103.14359,0.32227,0.17198,0.1704,0.0984,0.11195,2022-23 Men's Basketball,True,0.2521,0.1924,0.5466,0.3967,0.3102,0.1777,0.3542,0.1285,0.5744,0.4734,0.29711,0.32793,0.3369,0.1042,0.4883,0.5411,0.40747,0.33105
36046,103876,Massachusetts,Minutemen,0.3662,0.69864,0.56294,67.745,113.86883,104.00431,0.35767,0.13537,0.16543,0.11208,0.08603,2023-24 Men's Basketball,True,0.2746,0.1575,0.6328,0.3718,0.4043,0.1702,0.3431,0.1071,0.542,0.561,0.35084,0.31287,0.3642,0.0923,0.5236,0.494,0.38405,0.33531
33533,104132,Rhode Island,Rams,0.31565,0.7053,0.49856,66.94,97.41755,104.27392,0.36997,0.17555,0.15127,0.09484,0.10008,2022-23 Men's Basketball,True,0.2653,0.1939,0.534,0.2833,0.3876,0.2646,0.3279,0.1382,0.5479,0.4633,0.31388,0.30325,0.3881,0.1103,0.5423,0.5182,0.34742,0.3207
33533,103833,Loyola Chicago,Ramblers,0.24526,0.71485,0.56539,65.75,101.26492,108.92401,0.31074,0.19949,0.15915,0.08531,0.08902,2022-23 Men's Basketball,True,0.2912,0.1371,0.6574,0.3297,0.4253,0.188,0.3864,0.0806,0.5177,0.5731,0.40171,0.33435,0.3456,0.1273,0.4921,0.5614,0.38065,0.34361
38409,104132,Rhode Island,Rams,0.2893,0.71465,0.51932,69.853,110.37404,106.2219,0.42593,0.15932,0.13977,0.08394,0.08881,2024-25 Men's Basketball,True,0.2318,0.1953,0.6045,0.4001,0.4247,0.1678,0.3505,0.0544,0.5679,0.5514,0.37767,0.35067,0.3673,0.1011,0.5031,0.5251,0.39577,0.31943
36046,104132,Rhode Island,Rams,0.30018,0.72184,0.49395,67.863,106.92547,112.49738,0.39611,0.16013,0.11506,0.06965,0.08312,2023-24 Men's Basketball,True,0.2491,0.1665,0.5874,0.4228,0.4295,0.1656,0.2958,0.0789,0.5883,0.543,0.33278,0.34891,0.3434,0.0844,0.5211,0.5424,0.39451,0.35696
36046,103641,George Mason,Patriots,0.31729,0.72528,0.46144,63.767,111.39232,103.35521,0.37035,0.15894,0.14412,0.08563,0.10587,2023-24 Men's Basketball,True,0.258,0.1327,0.6521,0.3118,0.4159,0.2027,0.4263,0.1178,0.5146,0.559,0.36764,0.34233,0.3009,0.1282,0.4469,0.4821,0.42493,0.34777
41097,103782,La Salle,Explorers,0.33764,0.68288,0.55705,65.251,102.87154,113.50352,0.36854,0.15515,0.1497,0.10432,0.0794,2025-26 Men's Basketball,True,0.2505,0.1263,0.5534,0.3608,0.3764,0.2002,0.3289,0.1238,0.5611,0.4902,0.31518,0.29843,0.3728,0.0922,0.485,0.5714,0.4228,0.36258
30629,104393,VCU,Rams,0.2664,0.67958,0.56101,67.348,99.18931,92.30245,0.30934,0.19791,0.2128,0.13533,0.14674,2021-22 Men's Basketball,True,0.277,0.1907,0.6181,0.3981,0.4036,0.1956,0.3017,0.1039,0.5937,0.5474,0.30238,0.34741,0.2811,0.1074,0.5331,0.4956,0.35947,0.27787
41097,104136,Richmond,Spiders,0.25297,0.69635,0.5471,67.203,113.71547,109.59299,0.36683,0.12638,0.15674,0.10411,0.0743,2025-26 Men's Basketball,True,0.2654,0.1578,0.6302,0.2717,0.4458,0.1345,0.3648,0.1659,0.4063,0.5691,0.42788,0.36364,0.4241,0.0861,0.4564,0.5644,0.45752,0.32381
41097,103619,Fordham,Rams,0.34821,0.74887,0.54708,64.549,107.78191,101.03047,0.25747,0.1467,0.15892,0.11316,0.06838,2025-26 Men's Basketball,True,0.2418,0.1175,0.6104,0.3445,0.4519,0.1799,0.3886,0.0918,0.5244,0.556,0.38385,0.29372,0.355,0.1133,0.4581,0.5216,0.42865,0.33157
33533,104263,St. Bonaventure,Bonnies,0.27514,0.70605,0.49415,65.306,101.41883,102.79577,0.29487,0.16655,0.17138,0.10649,0.10405,2022-23 Men's Basketball,True,0.2831,0.1339,0.5829,0.2993,0.3704,0.1806,0.3873,0.1583,0.4799,0.5029,0.36176,0.34823,0.3598,0.1103,0.4956,0.5571,0.39405,0.28741
38409,103550,Duquesne,Dukes,0.33274,0.69477,0.55597,64.144,106.93007,104.17464,0.29597,0.15704,0.17887,0.10987,0.12628,2024-25 Men's Basketball,True,0.2727,0.1553,0.6123,0.327,0.3919,0.1485,0.2921,0.0968,0.4755,0.5435,0.42764,0.34097,0.3391,0.1033,0.5362,0.5017,0.36045,0.35914
41097,104132,Rhode Island,Rams,0.31044,0.68195,0.47889,64.733,107.10677,104.52011,0.38387,0.16679,0.18482,0.12941,0.11988,2025-26 Men's Basketball,True,0.279,0.1746,0.5891,0.3564,0.4179,0.115,0.4329,0.0938,0.4714,0.5473,0.43478,0.31053,0.3188,0.0827,0.5024,0.5215,0.41487,0.34682
30629,103876,Massachusetts,Minutemen,0.29335,0.70255,0.53098,67.849,110.26119,113.72108,0.32772,0.14571,0.15846,0.09365,0.0682,2021-22 Men's Basketball,True,0.2486,0.1645,0.56,0.3156,0.4053,0.1389,0.3486,0.1147,0.4545,0.5127,0.43083,0.37118,0.3557,0.1023,0.539,0.5841,0.35865,0.37353
33533,103522,Davidson,Wildcats,0.2479,0.72121,0.53503,64.899,106.42032,104.56416,0.33935,0.14544,0.15278,0.0818,0.03519,2022-23 Men's Basketball,True,0.231,0.132,0.5957,0.3681,0.402,0.1697,0.3782,0.0879,0.5378,0.5346,0.3743,0.3253,0.3063,0.1205,0.5117,0.5599,0.36788,0.32596
30629,103619,Fordham,Rams,0.2707,0.73702,0.51425,67.424,96.51946,97.52345,0.29733,0.16603,0.17369,0.10649,0.09917,2021-22 Men's Basketball,True,0.2583,0.1467,0.5769,0.3235,0.3712,0.1599,0.2395,0.0893,0.4834,0.5088,0.42727,0.29662,0.3843,0.1391,0.5155,0.5122,0.34534,0.3128
36046,103522,Davidson,Wildcats,0.26481,0.72484,0.51469,64.643,106.7164,103.47968,0.3315,0.13973,0.15444,0.09859,0.10749,2023-24 Men's Basketball,True,0.2433,0.1368,0.5946,0.3491,0.4205,0.1938,0.2706,0.0468,0.543,0.5325,0.41024,0.31544,0.3828,0.1162,0.465,0.5132,0.4188,0.33466
38409,103876,Massachusetts,Minutemen,0.34809,0.69487,0.49108,69.361,103.49372,106.42153,0.34194,0.13702,0.1538,0.11061,0.1342,2024-25 Men's Basketball,True,0.2573,0.1857,0.5478,0.4028,0.3702,0.1895,0.3296,0.0872,0.5923,0.491,0.32051,0.28116,0.3526,0.0808,0.5173,0.5165,0.40186,0.32732
33533,103642,George Washington,Revolutionaries,0.26868,0.70261,0.4672,68.304,109.54039,110.16865,0.3483,0.15895,0.13633,0.08165,0.08971,2022-23 Men's Basketball,True,0.2361,0.1521,0.696,0.3007,0.4563,0.192,0.4035,0.1233,0.4927,0.6026,0.38399,0.32113,0.3516,0.1281,0.4797,0.5506,0.3922,0.34949
38409,104136,Richmond,Spiders,0.19641,0.72828,0.51166,63.366,102.97549,110.92633,0.3106,0.14153,0.13911,0.09204,0.07089,2024-25 Men's Basketball,True,0.2698,0.0778,0.6469,0.2418,0.4264,0.1479,0.3582,0.1536,0.3897,0.5632,0.45673,0.31368,0.2683,0.0923,0.4316,0.5619,0.47608,0.3487
36046,103642,George Washington,Revolutionaries,0.25883,0.70903,0.46968,68.885,108.49589,109.15825,0.34403,0.15353,0.12147,0.08351,0.11608,2023-24 Men's Basketball,True,0.2053,0.1637,0.6127,0.2988,0.4189,0.1946,0.3054,0.0878,0.4934,0.5362,0.41873,0.36055,0.3654,0.1414,0.4779,0.5162,0.38064,0.34815
33533,104183,Saint Louis,Billikens,0.29964,0.73756,0.58958,68.501,110.28304,103.86867,0.29239,0.15215,0.13533,0.07352,0.10793,2022-23 Men's Basketball,True,0.2469,0.1699,0.6703,0.2787,0.4447,0.266,0.3571,0.1279,0.5447,0.5601,0.32741,0.35659,0.3047,0.1179,0.5008,0.499,0.38139,0.33687
33533,103550,Duquesne,Dukes,0.33442,0.6687,0.56299,68.118,109.96953,104.6312,0.26413,0.14709,0.17993,0.11847,0.09992,2022-23 Men's Basketball,True,0.2738,0.1665,0.6198,0.304,0.372,0.1648,0.3233,0.1337,0.4688,0.5327,0.39749,0.3641,0.3602,0.116,0.5448,0.5146,0.3392,0.35332
36046,104183,Saint Louis,Billikens,0.25856,0.71181,0.50414,68.31,109.70549,116.22661,0.3732,0.15106,0.12852,0.0888,0.08899,2023-24 Men's Basketball,True,0.2644,0.1362,0.5936,0.2851,0.4531,0.2274,0.3671,0.1105,0.5125,0.5313,0.37694,0.36686,0.3825,0.0931,0.4845,0.5599,0.42239,0.36506
38409,103522,Davidson,Wildcats,0.24563,0.736,0.57159,65.317,111.02081,108.28356,0.28979,0.12979,0.14095,0.08728,0.07371,2024-25 Men's Basketball,True,0.2263,0.1195,0.6511,0.3168,0.4162,0.1893,0.3649,0.0783,0.5061,0.5632,0.41565,0.33842,0.3207,0.0974,0.4984,0.552,0.40423,0.3534
41097,103641,George Mason,Patriots,0.31636,0.71813,0.4958,63.55,115.29956,106.66878,0.4204,0.14265,0.13699,0.07905,0.09099,2025-26 Men's Basketball,True,0.2419,0.1346,0.6854,0.3133,0.4353,0.2278,0.359,0.1105,0.5411,0.5801,0.34844,0.33984,0.3333,0.0991,0.4808,0.5344,0.42004,0.32614
30629,104263,St. Bonaventure,Bonnies,0.26934,0.72525,0.51959,65.002,107.23677,101.89583,0.25926,0.13803,0.16868,0.09717,0.14938,2021-22 Men's Basketball,True,0.2039,0.1365,0.6521,0.3224,0.3978,0.1941,0.3622,0.1685,0.5164,0.5566,0.31508,0.33113,0.3669,0.1318,0.4269,0.5355,0.44125,0.34217
36046,103524,Dayton,Flyers,0.2629,0.71356,0.58123,63.502,116.37817,104.25544,0.36701,0.14424,0.13802,0.0861,0.11063,2023-24 Men's Basketball,True,0.2126,0.1354,0.666,0.3008,0.4101,0.1809,0.3053,0.0748,0.4817,0.5699,0.44349,0.39897,0.37,0.1401,0.4594,0.5196,0.40041,0.32051
36046,104136,Richmond,Spiders,0.17279,0.73377,0.49886,66.21,108.15179,99.76227,0.27634,0.11857,0.15005,0.1004,0.08464,2023-24 Men's Basketball,True,0.2134,0.1106,0.6235,0.3065,0.4401,0.1636,0.4054,0.1763,0.4701,0.5597,0.35363,0.36228,0.3448,0.1351,0.4576,0.5045,0.40735,0.31385
38409,103782,La Salle,Explorers,0.30964,0.70755,0.45917,68.144,105.26035,109.20318,0.30694,0.13227,0.14664,0.10525,0.10086,2024-25 Men's Basketball,True,0.2308,0.1623,0.5537,0.3143,0.3657,0.1711,0.356,0.1799,0.4853,0.4874,0.3348,0.33577,0.3655,0.0731,0.5119,0.5626,0.41503,0.32807
41097,103833,Loyola Chicago,Ramblers,0.30466,0.70304,0.60766,64.28,103.5101,117.41164,0.34766,0.1726,0.11311,0.0631,0.1165,2025-26 Men's Basketball,True,0.2618,0.1283,0.6096,0.3131,0.4015,0.1473,0.3393,0.0625,0.4604,0.543,0.47712,0.31696,0.3692,0.1012,0.4559,0.5228,0.44289,0.36811
33533,103641,George Mason,Patriots,0.2786,0.75236,0.565,66.377,102.76244,100.58758,0.37035,0.18004,0.15056,0.06864,0.08484,2022-23 Men's Basketball,True,0.2574,0.129,0.6843,0.2768,0.412,0.2435,0.2771,0.0936,0.5203,0.5569,0.38613,0.35036,0.3528,0.1832,0.4653,0.5499,0.3515,0.30091
33533,103619,Fordham,Rams,0.29866,0.74783,0.52447,68.513,104.2996,97.93451,0.37612,0.16757,0.17289,0.10457,0.1251,2022-23 Men's Basketball,True,0.284,0.132,0.5741,0.3693,0.3783,0.121,0.3107,0.0931,0.4903,0.5258,0.41662,0.31818,0.3605,0.1266,0.5676,0.488,0.30581,0.31972
33533,104181,Saint Joseph's,Hawks,0.28934,0.69264,0.48778,67.917,105.74599,105.79027,0.34219,0.16007,0.16571,0.09584,0.09614,2022-23 Men's Basketball,True,0.253,0.156,0.6318,0.2219,0.4685,0.2368,0.3094,0.0767,0.4586,0.5475,0.46468,0.3361,0.3895,0.105,0.4748,0.5308,0.42012,0.34211
36046,103833,Loyola Chicago,Ramblers,0.28078,0.75168,0.63977,67.853,106.909,98.75343,0.33105,0.16271,0.16082,0.10348,0.1395,2023-24 Men's Basketball,True,0.2849,0.1759,0.6414,0.3405,0.3858,0.1705,0.2662,0.0811,0.5111,0.5561,0.40789,0.35355,0.2571,0.1319,0.5086,0.4825,0.35953,0.34132
36046,104263,St. Bonaventure,Bonnies,0.2974,0.71615,0.483,64.598,112.43255,105.05765,0.32212,0.14347,0.17085,0.10069,0.11996,2023-24 Men's Basketball,True,0.2564,0.1418,0.6254,0.2981,0.4501,0.1982,0.3373,0.1362,0.4963,0.5554,0.36752,0.36483,0.3516,0.1012,0.4919,0.5525,0.40689,0.3347
38409,103619,Fordham,Rams,0.31923,0.69755,0.53176,69.189,106.18398,111.42389,0.33267,0.15863,0.14916,0.10847,0.08712,2024-25 Men's Basketball,True,0.2675,0.1579,0.5897,0.3581,0.3407,0.1345,0.3388,0.0911,0.4925,0.5217,0.41633,0.32536,0.355,0.103,0.5767,0.5563,0.32029,0.34887
33533,104136,Richmond,Spiders,0.20984,0.74623,0.51145,65.088,104.24481,102.59377,0.32998,0.15631,0.15287,0.08673,0.06897,2022-23 Men's Basketball,True,0.2289,0.1067,0.6543,0.3166,0.3837,0.1441,0.3125,0.0983,0.4606,0.5697,0.44109,0.33038,0.2795,0.121,0.4765,0.5521,0.40254,0.3294
36046,103782,La Salle,Explorers,0.27541,0.69663,0.55188,65.954,108.53366,109.12204,0.24596,0.12258,0.13843,0.09482,0.08403,2023-24 Men's Basketball,True,0.2487,0.1376,0.5911,0.2876,0.402,0.1499,0.3728,0.1656,0.4375,0.5263,0.39686,0.34691,0.413,0.1184,0.5566,0.5069,0.32492,0.35341
41097,103550,Duquesne,Dukes,0.31074,0.70738,0.56194,68.282,112.96494,108.46208,0.3781,0.15494,0.16387,0.11269,0.08907,2025-26 Men's Basketball,True,0.2795,0.1746,0.6213,0.3683,0.4321,0.1446,0.4063,0.0496,0.5129,0.568,0.4375,0.33648,0.4095,0.1113,0.4897,0.5281,0.39905,0.35724
36046,103619,Fordham,Rams,0.326,0.72603,0.52506,67.954,101.75199,104.55291,0.35173,0.15619,0.17586,0.11585,0.12601,2023-24 Men's Basketball,True,0.2915,0.1558,0.5307,0.3517,0.3563,0.1239,0.3578,0.1024,0.4757,0.4852,0.42198,0.3151,0.3287,0.1203,0.5699,0.523,0.30975,0.35791
30629,103522,Davidson,Wildcats,0.23886,0.78082,0.54846,64.842,116.01,101.41271,0.31638,0.13413,0.15069,0.07082,0.08247,2021-22 Men's Basketball,True,0.2277,0.1087,0.6738,0.3217,0.3964,0.1484,0.3919,0.1176,0.4701,0.5862,0.41229,0.38689,0.3905,0.1111,0.454,0.507,0.43492,0.33455
38409,104263,St. Bonaventure,Bonnies,0.28007,0.73357,0.43779,64.002,106.8651,101.55389,0.29979,0.13986,0.16892,0.11708,0.10989,2024-25 Men's Basketball,True,0.2088,0.1776,0.6246,0.318,0.4638,0.2304,0.2895,0.0991,0.5485,0.557,0.35245,0.31213,0.3063,0.0847,0.4452,0.5446,0.47009,0.3277
33533,103524,Dayton,Flyers,0.30806,0.7299,0.62185,62.398,109.21137,97.09237,0.35538,0.16613,0.1409,0.0762,0.12521,2022-23 Men's Basketball,True,0.22,0.1402,0.6513,0.352,0.4498,0.1732,0.3297,0.102,0.5252,0.5848,0.37276,0.33835,0.3725,0.1313,0.4815,0.4802,0.38723,0.29255
38409,104183,Saint Louis,Billikens,0.23735,0.72419,0.56618,67.327,109.58571,105.07566,0.30594,0.16797,0.13058,0.09335,0.08165,2024-25 Men's Basketball,True,0.2165,0.1519,0.6591,0.325,0.5142,0.131,0.4321,0.0429,0.456,0.6174,0.50106,0.35238,0.3906,0.1209,0.4865,0.5029,0.39254,0.33093
41097,104263,St. Bonaventure,Bonnies,0.34749,0.70308,0.55929,66.069,114.72186,111.89358,0.29686,0.14412,0.15332,0.1141,0.13688,2025-26 Men's Basketball,True,0.2467,0.1771,0.6114,0.3194,0.4277,0.2341,0.4142,0.1315,0.5535,0.5337,0.31501,0.37383,0.3882,0.0879,0.5052,0.5455,0.40693,0.35705
33533,103782,La Salle,Explorers,0.30525,0.69533,0.47277,67.25,102.69486,106.76113,0.28326,0.15711,0.15657,0.09905,0.08462,2022-23 Men's Basketball,True,0.2622,0.147,0.5642,0.3211,0.4109,0.1708,0.3344,0.1512,0.4919,0.511,0.3569,0.34113,0.3795,0.0977,0.5541,0.528,0.3482,0.34532
38409,103642,George Washington,Revolutionaries,0.31665,0.67654,0.55529,66.148,109.46279,102.33825,0.40399,0.16045,0.1677,0.13348,0.08532,2024-25 Men's Basketball,True,0.2248,0.1561,0.6162,0.3814,0.4286,0.1616,0.2361,0.0378,0.543,0.5604,0.4192,0.31665,0.3307,0.1284,0.4808,0.5343,0.3908,0.31586
41097,103522,Davidson,Wildcats,0.28659,0.70635,0.54191,63.631,111.87234,105.56323,0.31697,0.13755,0.1554,0.10279,0.12659,2025-26 Men's Basketball,True,0.2634,0.1242,0.621,0.2632,0.4578,0.2042,0.4303,0.0862,0.4674,0.5497,0.44648,0.36023,0.3564,0.1017,0.5349,0.5329,0.36344,0.3244
38409,103524,Dayton,Flyers,0.2965,0.71318,0.59268,64.713,114.84312,107.85578,0.37592,0.13755,0.15504,0.10706,0.1064,2024-25 Men's Basketball,True,0.2392,0.1663,0.6352,0.366,0.3511,0.1372,0.3333,0.0864,0.5031,0.5578,0.41047,0.36097,0.3802,0.0992,0.4739,0.5485,0.42687,0.32809
33533,104393,VCU,Rams,0.28851,0.70042,0.52778,67.007,105.74634,93.89251,0.41564,0.17486,0.2091,0.13208,0.12759,2022-23 Men's Basketball,True,0.2452,0.1686,0.6212,0.4044,0.3344,0.1682,0.4149,0.1007,0.5726,0.537,0.32673,0.34754,0.2816,0.0914,0.5675,0.4935,0.34104,0.31895
41097,104183,Saint Louis,Billikens,0.31523,0.73253,0.60167,70.715,123.35289,99.63584,0.33223,0.15137,0.1409,0.10147,0.09847,2025-26 Men's Basketball,True,0.259,0.2141,0.6484,0.4226,0.4887,0.1046,0.2683,0.0194,0.5272,0.6167,0.45338,0.39562,0.3227,0.1033,0.4784,0.4701,0.41831,0.29742
30629,103524,Dayton,Flyers,0.30093,0.76406,0.55938,63.271,109.02649,96.42748,0.30483,0.16858,0.15342,0.08757,0.11111,2021-22 Men's Basketball,True,0.2195,0.164,0.6706,0.3579,0.4262,0.1907,0.3116,0.1142,0.5486,0.5857,0.33723,0.36063,0.3112,0.1479,0.4804,0.5038,0.37177,0.32406
38409,104393,VCU,Rams,0.36922,0.69586,0.56405,65.289,117.43106,95.97689,0.32088,0.14189,0.17806,0.12291,0.15298,2024-25 Men's Basketball,True,0.2756,0.1945,0.6572,0.2878,0.4145,0.1652,0.3857,0.067,0.4531,0.5687,0.47989,0.33633,0.3333,0.1209,0.529,0.4609,0.35008,0.30493
41097,103642,George Washington,Revolutionaries,0.35877,0.71924,0.55691,68.841,117.78092,107.40065,0.34432,0.15546,0.16049,0.10798,0.10776,2025-26 Men's Basketball,True,0.2597,0.1478,0.6541,0.3486,0.3854,0.1479,0.3784,0.0349,0.4965,0.574,0.46868,0.35276,0.2935,0.091,0.4827,0.5707,0.42631,0.33527
36046,104181,Saint Joseph's,Hawks,0.29149,0.7081,0.5528,67.133,111.60263,104.3343,0.28695,0.14592,0.15414,0.10425,0.1112,2023-24 Men's Basketball,True,0.2256,0.159,0.6024,0.2764,0.4749,0.2011,0.3333,0.0446,0.4774,0.5487,0.47793,0.35241,0.3619,0.101,0.474,0.5122,0.425,0.33032
38409,104181,Saint Joseph's,Hawks,0.30293,0.72084,0.56229,66.84,111.49676,101.94717,0.31739,0.14342,0.14192,0.09655,0.13834,2024-25 Men's Basketball,True,0.2135,0.1652,0.6705,0.2507,0.4125,0.2237,0.36,0.0604,0.4744,0.5489,0.46522,0.33541,0.2971,0.1301,0.541,0.4904,0.32893,0.33381
30629,104183,Saint Louis,Billikens,0.34494,0.73474,0.53967,67.54,111.58428,99.44645,0.32249,0.15864,0.15962,0.09427,0.08365,2021-22 Men's Basketball,True,0.2624,0.1639,0.6049,0.3124,0.447,0.2526,0.3396,0.1282,0.5651,0.5343,0.3067,0.36817,0.292,0.1801,0.4663,0.5468,0.35367,0.32258
41097,104393,VCU,Rams,0.31642,0.69977,0.51871,67.788,118.8324,105.51991,0.42023,0.13155,0.14804,0.10789,0.11199,2025-26 Men's Basketball,True,0.2528,0.1835,0.5869,0.3689,0.4116,0.1477,0.4479,0.0456,0.5166,0.5368,0.4378,0.36334,0.348,0.0957,0.5535,0.511,0.35084,0.33021
41097,104181,Saint Joseph's,Hawks,0.32537,0.69786,0.60043,66.922,108.91141,104.60955,0.30143,0.14635,0.12795,0.08299,0.12621,2025-26 Men's Basketball,True,0.2106,0.1695,0.6368,0.3245,0.3821,0.1706,0.3175,0.0583,0.4951,0.549,0.4466,0.30849,0.385,0.0947,0.5007,0.4867,0.40462,0.31538
38409,103641,George Mason,Patriots,0.32014,0.70968,0.52474,63.897,109.18882,97.77595,0.42296,0.17075,0.16642,0.11547,0.10766,2024-25 Men's Basketball,True,0.2529,0.1391,0.6672,0.326,0.3669,0.1871,0.3259,0.1174,0.5131,0.5577,0.3695,0.35461,0.2702,0.1221,0.4175,0.4988,0.46036,0.30802
36046,103550,Duquesne,Dukes,0.30534,0.70125,0.53963,65.607,107.56067,101.62856,0.32275,0.15232,0.17127,0.11409,0.12608,2023-24 Men's Basketball,True,0.2612,0.1575,0.5855,0.3327,0.4051,0.1673,0.3761,0.1109,0.5,0.5251,0.3891,0.33983,0.3502,0.1262,0.4968,0.5217,0.37703,0.31771
30629,104136,Richmond,Spiders,0.22373,0.72482,0.57388,66.089,106.75006,102.85051,0.31013,0.13074,0.16708,0.11333,0.06341,2021-22 Men's Basketball,True,0.2085,0.1301,0.6435,0.3267,0.4087,0.1529,0.3119,0.1032,0.4796,0.5686,0.41714,0.32917,0.3491,0.1281,0.5109,0.5369,0.36097,0.34323
38409,103833,Loyola Chicago,Ramblers,0.29621,0.72252,0.60802,66.019,110.27586,103.46721,0.32234,0.1531,0.1558,0.09287,0.13422,2024-25 Men's Basketball,True,0.2658,0.1441,0.6497,0.3431,0.4096,0.1381,0.3351,0.09,0.4811,0.5808,0.42884,0.34615,0.3968,0.1176,0.4888,0.4946,0.39362,0.33253
41097,103524,Dayton,Flyers,0.26936,0.71234,0.59142,66.23,110.8135,103.58214,0.46154,0.15142,0.18512,0.12232,0.11987,2025-26 Men's Basketball,True,0.2493,0.1623,0.6229,0.3866,0.3382,0.1383,0.2893,0.0608,0.5249,0.5479,0.41428,0.33859,0.3576,0.0748,0.5164,0.5163,0.40882,0.35394
36046,104393,VCU,Rams,0.27751,0.73068,0.56843,64.782,108.84131,102.26321,0.35017,0.16278,0.1474,0.09884,0.12777,2023-24 Men's Basketball,True,0.2523,0.1641,0.6032,0.3317,0.4052,0.1666,0.2705,0.0593,0.4983,0.537,0.44245,0.35346,0.3272,0.1015,0.5098,0.4945,0.38868,0.31288
27693,104174,Sacramento St.,Hornets,0.27101,0.74124,0.48023,65.016,108.93087,108.85538,0.31547,0.13293,0.17187,0.10408,0.06365,2020-21 Men's Basketball,True,0.2695,0.1133,0.6222,0.3042,0.4307,0.1746,0.3817,0.2083,0.4788,0.5523,0.31288,0.3674,0.3286,0.1284,0.5202,0.6067,0.35138,0.3577
27693,104106,Portland St.,Vikings,0.32616,0.76512,0.46429,69.225,98.71995,95.52069,0.32734,0.16646,0.21065,0.11906,0.08719,2020-21 Men's Basketball,True,0.2895,0.1584,0.6305,0.221,0.3929,0.2307,0.3395,0.161,0.4517,0.5091,0.38727,0.294,0.3571,0.1474,0.5167,0.5076,0.33596,0.36292
27693,104009,Northern Colo.,Bears,0.24861,0.78833,0.4408,67.908,103.23053,101.10069,0.31204,0.18298,0.13919,0.06336,0.06095,2020-21 Men's Basketball,True,0.2649,0.1416,0.5518,0.3043,0.5,0.191,0.3218,0.0742,0.4953,0.5318,0.43052,0.38218,0.39,0.1668,0.5955,0.5238,0.2377,0.29474
27693,104008,Northern Ariz.,Lumberjacks,0.23765,0.72115,0.47129,64.106,98.00175,115.62797,0.30409,0.16026,0.16627,0.08504,0.05223,2020-21 Men's Basketball,True,0.2784,0.1227,0.5913,0.325,0.3492,0.1579,0.3153,0.1855,0.4829,0.5121,0.33166,0.35013,0.5079,0.1082,0.451,0.6267,0.44072,0.37037
27693,103716,Idaho,Vandals,0.21965,0.70334,0.54397,66.211,91.16174,114.17278,0.29568,0.21946,0.15146,0.07411,0.05464,2020-21 Men's Basketball,True,0.2823,0.1092,0.6354,0.2542,0.4027,0.1995,0.3563,0.2304,0.4537,0.5331,0.31598,0.34078,0.4424,0.1326,0.5,0.5482,0.36736,0.38074
27693,104434,Weber St.,Wildcats,0.22222,0.75561,0.52591,70.809,115.49812,97.8756,0.36769,0.16015,0.17735,0.09441,0.07995,2020-21 Men's Basketball,True,0.2308,0.188,0.7277,0.3108,0.4156,0.1777,0.432,0.13,0.4885,0.6142,0.38154,0.38911,0.3238,0.182,0.4616,0.5299,0.35645,0.33891
27693,103941,Montana St.,Bobcats,0.2635,0.74548,0.43345,68.211,106.80913,103.79866,0.39676,0.15981,0.17126,0.08085,0.06557,2020-21 Men's Basketball,True,0.2703,0.1445,0.6594,0.2827,0.4312,0.2519,0.3547,0.1325,0.5347,0.5519,0.33282,0.3287,0.3122,0.1463,0.4675,0.5348,0.38622,0.34469
27693,103567,Eastern Wash.,Eagles,0.23423,0.74308,0.54723,70.122,111.65074,100.42031,0.30246,0.14643,0.14423,0.06839,0.07368,2020-21 Men's Basketball,True,0.242,0.1627,0.6373,0.2863,0.4795,0.2049,0.4172,0.106,0.4912,0.5714,0.40281,0.3554,0.3725,0.1724,0.4699,0.5122,0.35767,0.3138
27693,104249,Southern Utah,Thunderbirds,0.31769,0.78211,0.48355,71.519,117.13205,96.73102,0.37356,0.14446,0.16985,0.09716,0.07216,2020-21 Men's Basketball,True,0.2347,0.1952,0.6754,0.3363,0.4542,0.1627,0.3607,0.0827,0.499,0.6033,0.41831,0.34198,0.392,0.1751,0.4356,0.5257,0.38936,0.32734
27693,103717,Idaho St.,Bengals,0.321,0.75453,0.48837,64.937,103.95452,94.04805,0.39334,0.1953,0.17129,0.06869,0.09347,2020-21 Men's Basketball,True,0.2807,0.1275,0.6741,0.2506,0.4475,0.2569,0.2869,0.0967,0.5075,0.5594,0.39572,0.33267,0.2835,0.1958,0.4888,0.4921,0.31534,0.3423
27693,103940,Montana,Grizzlies,0.24714,0.73532,0.51076,66.5,104.9851,99.42052,0.36592,0.17428,0.16362,0.07274,0.06957,2020-21 Men's Basketball,True,0.2923,0.1172,0.6056,0.2378,0.4915,0.2728,0.3861,0.2087,0.5106,0.5446,0.28071,0.36235,0.3727,0.1415,0.5241,0.519,0.33441,0.31154
30629,104174,Sacramento St.,Hornets,0.22366,0.72436,0.45833,65.266,99.8482,107.05537,0.28297,0.1502,0.16146,0.09091,0.08087,2021-22 Men's Basketball,True,0.2619,0.1282,0.5854,0.2793,0.4135,0.2291,0.3347,0.1536,0.5084,0.5079,0.33808,0.35897,0.3189,0.1158,0.5181,0.5664,0.36608,0.34359
30629,103717,Idaho St.,Bengals,0.29126,0.7263,0.46508,64.605,99.21839,110.26549,0.33893,0.18304,0.15172,0.06997,0.0634,2021-22 Men's Basketball,True,0.2799,0.1157,0.6298,0.2755,0.41,0.1866,0.3242,0.1132,0.4621,0.541,0.42475,0.3104,0.3627,0.1247,0.5116,0.5878,0.36369,0.33613
38409,103717,Idaho St.,Bengals,0.39736,0.74793,0.51091,65.073,113.75697,107.07438,0.3361,0.13389,0.16181,0.09117,0.12943,2024-25 Men's Basketball,True,0.252,0.1302,0.6362,0.2963,0.3799,0.1979,0.3462,0.1294,0.4942,0.5336,0.37645,0.32452,0.3542,0.1155,0.512,0.5394,0.37244,0.37318
33533,104106,Portland St.,Vikings,0.26036,0.70113,0.51617,70.829,107.6195,106.572,0.33834,0.14895,0.19813,0.10064,0.09519,2022-23 Men's Basketball,True,0.3188,0.2097,0.6325,0.3239,0.387,0.1898,0.3744,0.1174,0.5137,0.5418,0.3689,0.34012,0.3192,0.1276,0.5333,0.5809,0.33913,0.35689
33533,103940,Montana,Grizzlies,0.24544,0.75132,0.49606,62.711,109.99626,108.30558,0.29152,0.15711,0.14485,0.07496,0.07041,2022-23 Men's Basketball,True,0.287,0.0865,0.6239,0.2079,0.5086,0.2467,0.3943,0.1491,0.4545,0.5613,0.39636,0.37309,0.3976,0.1562,0.4902,0.5609,0.35363,0.32174
41097,104174,Sacramento St.,Hornets,0.25405,0.68,0.50822,71.267,108.557,114.59797,0.40723,0.12711,0.14696,0.1062,0.09083,2025-26 Men's Basketball,True,0.2592,0.1964,0.5785,0.3456,0.3717,0.143,0.3123,0.143,0.4886,0.518,0.36842,0.33333,0.4245,0.055,0.5104,0.564,0.43465,0.3401
30629,103716,Idaho,Vandals,0.23628,0.74081,0.47436,70.021,103.4205,112.78912,0.35071,0.17159,0.13063,0.05021,0.05502,2021-22 Men's Basketball,True,0.2774,0.1344,0.6161,0.3246,0.3486,0.1853,0.3299,0.1116,0.5099,0.5189,0.37847,0.37126,0.3991,0.1155,0.5495,0.5767,0.33492,0.34968
30629,104106,Portland St.,Vikings,0.27414,0.68539,0.42927,70.811,103.0345,101.0913,0.31759,0.15028,0.20868,0.13059,0.09444,2021-22 Men's Basketball,True,0.2776,0.1946,0.6301,0.3066,0.4172,0.2378,0.3158,0.1197,0.5444,0.5371,0.33596,0.29844,0.3103,0.1339,0.4893,0.5519,0.3768,0.35375
41097,104106,Portland St.,Vikings,0.31923,0.74323,0.52761,68.045,111.73796,102.47349,0.35714,0.14443,0.16386,0.1113,0.11501,2025-26 Men's Basketball,True,0.2863,0.1568,0.6284,0.3539,0.4442,0.2229,0.3448,0.0785,0.5768,0.5572,0.3447,0.32496,0.3317,0.1217,0.4798,0.5171,0.39848,0.32305
38409,104174,Sacramento St.,Hornets,0.27681,0.73775,0.56032,64.971,101.92101,108.55862,0.31074,0.17576,0.15863,0.09164,0.10509,2024-25 Men's Basketball,True,0.2847,0.1297,0.5828,0.3745,0.3867,0.104,0.3091,0.0632,0.4785,0.5402,0.45836,0.32832,0.3923,0.1058,0.4339,0.5647,0.46023,0.34943
38409,103567,Eastern Wash.,Eagles,0.26976,0.67515,0.53423,66.859,106.70842,112.87816,0.30915,0.16456,0.16737,0.11233,0.09042,2024-25 Men's Basketball,True,0.2724,0.1566,0.631,0.3281,0.4651,0.192,0.3622,0.1094,0.5201,0.5697,0.37054,0.3253,0.2938,0.0895,0.5294,0.5698,0.38109,0.36564
41097,104008,Northern Ariz.,Lumberjacks,0.24187,0.67798,0.51762,65.458,108.94315,116.72481,0.32956,0.14228,0.15267,0.10496,0.07923,2025-26 Men's Basketball,True,0.2642,0.1345,0.6092,0.3211,0.4412,0.2114,0.4148,0.0995,0.5325,0.5425,0.368,0.36713,0.3786,0.077,0.527,0.5731,0.39604,0.38194
30629,103940,Montana,Grizzlies,0.19531,0.75,0.52897,66.126,108.7415,100.78595,0.36187,0.13904,0.17589,0.08321,0.07745,2021-22 Men's Basketball,True,0.2819,0.1345,0.6923,0.2152,0.4511,0.2974,0.3474,0.1216,0.5126,0.5523,0.36587,0.34945,0.3174,0.1367,0.5615,0.5153,0.30184,0.3563
36046,103567,Eastern Wash.,Eagles,0.26791,0.73074,0.62864,69.313,116.13746,108.09856,0.38194,0.16849,0.14969,0.08562,0.10168,2023-24 Men's Basketball,True,0.26,0.1691,0.6922,0.3225,0.5051,0.1643,0.4518,0.0931,0.4868,0.629,0.42008,0.36449,0.3636,0.1266,0.465,0.5253,0.40847,0.3598
36046,103716,Idaho,Vandals,0.24076,0.72692,0.49936,64.633,104.51068,109.71213,0.2739,0.15556,0.14974,0.08653,0.0956,2023-24 Men's Basketball,True,0.2729,0.0984,0.6508,0.2835,0.4319,0.194,0.3202,0.1142,0.4775,0.5618,0.40832,0.33471,0.369,0.1077,0.5069,0.55,0.38537,0.35277
38409,104106,Portland St.,Vikings,0.34187,0.70841,0.5126,68.746,109.48761,100.83909,0.32143,0.1558,0.18183,0.11988,0.13968,2024-25 Men's Basketball,True,0.2536,0.1637,0.6645,0.398,0.4019,0.2189,0.248,0.0647,0.617,0.5713,0.31832,0.32683,0.2878,0.1127,0.5058,0.5402,0.38153,0.31844
30629,104008,Northern Ariz.,Lumberjacks,0.28816,0.77015,0.52338,66.528,100.72078,109.38994,0.28076,0.17246,0.12917,0.06734,0.06861,2021-22 Men's Basketball,True,0.273,0.1256,0.5797,0.2618,0.331,0.1523,0.3909,0.1664,0.4141,0.4882,0.41951,0.35788,0.3829,0.1218,0.5178,0.5371,0.36039,0.36073
33533,104009,Northern Colo.,Bears,0.2424,0.73115,0.43947,68.009,107.37253,113.07171,0.31905,0.1538,0.12492,0.06712,0.04209,2022-23 Men's Basketball,True,0.2719,0.1503,0.6313,0.2914,0.4233,0.2333,0.2963,0.0733,0.5247,0.5388,0.40206,0.35762,0.3957,0.1223,0.5453,0.5792,0.33247,0.3302
36046,104106,Portland St.,Vikings,0.30169,0.71964,0.46848,68.179,104.69543,104.55899,0.33453,0.13901,0.16589,0.10297,0.09386,2023-24 Men's Basketball,True,0.2634,0.1764,0.5744,0.293,0.3987,0.2329,0.3247,0.0995,0.5259,0.4966,0.37455,0.32466,0.3284,0.1108,0.5084,0.5385,0.38077,0.35235
36046,104434,Weber St.,Wildcats,0.238,0.76779,0.46263,65.617,114.07519,102.1195,0.35448,0.13204,0.17151,0.10487,0.04788,2023-24 Men's Basketball,True,0.2339,0.1619,0.6488,0.3422,0.4712,0.1547,0.337,0.1024,0.4969,0.5935,0.40067,0.34861,0.4141,0.1302,0.506,0.5499,0.36374,0.347
41097,103941,Montana St.,Bobcats,0.28166,0.72753,0.41686,66.022,117.08613,107.31721,0.29968,0.1306,0.14632,0.10265,0.0738,2025-26 Men's Basketball,True,0.2358,0.1383,0.644,0.2343,0.4921,0.2019,0.4348,0.11,0.4362,0.5737,0.45377,0.37119,0.4222,0.0964,0.5645,0.5247,0.33905,0.33333
33533,103716,Idaho,Vandals,0.22024,0.73211,0.46238,65.837,109.54798,109.40723,0.35318,0.15207,0.15197,0.07719,0.04676,2022-23 Men's Basketball,True,0.2529,0.1071,0.7163,0.2461,0.4658,0.2765,0.3776,0.1122,0.5226,0.5838,0.3652,0.34013,0.3709,0.1524,0.5235,0.5545,0.3241,0.37949
41097,104434,Weber St.,Wildcats,0.32687,0.73953,0.46841,69.255,115.87241,110.34193,0.37162,0.13443,0.14864,0.10249,0.04421,2025-26 Men's Basketball,True,0.2622,0.1839,0.6237,0.4354,0.3344,0.1542,0.3775,0.0771,0.5896,0.5481,0.33333,0.34916,0.3864,0.0936,0.508,0.5979,0.3984,0.31909
41097,104009,Northern Colo.,Bears,0.28585,0.7627,0.54809,68.517,118.55597,109.97863,0.26724,0.13637,0.11784,0.06233,0.06811,2025-26 Men's Basketball,True,0.2568,0.1185,0.6501,0.358,0.4862,0.1648,0.4583,0.0487,0.5228,0.5984,0.4285,0.36213,0.4093,0.1005,0.5492,0.5441,0.35034,0.30163
33533,104174,Sacramento St.,Hornets,0.33143,0.76177,0.56041,62.259,104.07665,106.78441,0.27927,0.17843,0.13122,0.07031,0.06789,2022-23 Men's Basketball,True,0.2447,0.1072,0.5901,0.3232,0.4424,0.253,0.2743,0.0645,0.5762,0.5253,0.35922,0.34499,0.377,0.1738,0.5214,0.5442,0.30483,0.35155
33533,103717,Idaho St.,Bengals,0.24527,0.72568,0.4937,64.376,104.9661,107.76456,0.28964,0.1553,0.15967,0.08748,0.07725,2022-23 Men's Basketball,True,0.2676,0.1144,0.6223,0.2566,0.438,0.1944,0.4409,0.1423,0.451,0.5429,0.40672,0.33747,0.3291,0.1327,0.5278,0.565,0.33957,0.3222
30629,104434,Weber St.,Wildcats,0.20762,0.75583,0.39977,69.577,109.03608,100.61865,0.37683,0.15135,0.18427,0.10927,0.07137,2021-22 Men's Basketball,True,0.2199,0.1977,0.7018,0.3286,0.4118,0.1841,0.3725,0.1104,0.5127,0.5977,0.37683,0.33908,0.2749,0.11,0.4961,0.5336,0.39396,0.36772
38409,103716,Idaho,Vandals,0.29929,0.6941,0.4921,65.851,111.40149,114.28967,0.33886,0.15355,0.13812,0.08884,0.08144,2024-25 Men's Basketball,True,0.27,0.1244,0.623,0.2934,0.4301,0.1529,0.3289,0.0812,0.4463,0.5569,0.47247,0.34842,0.3433,0.1062,0.4974,0.5866,0.39641,0.348
41097,103717,Idaho St.,Bengals,0.34213,0.72989,0.4673,65.028,114.15745,116.66437,0.38172,0.14419,0.13307,0.07968,0.11962,2025-26 Men's Basketball,True,0.2702,0.1118,0.6044,0.3425,0.4413,0.1694,0.4539,0.0758,0.5118,0.5504,0.41237,0.32986,0.445,0.1029,0.5232,0.5664,0.37392,0.35303
38409,103941,Montana St.,Bobcats,0.21617,0.70874,0.52096,65.21,108.97765,106.38515,0.31134,0.13592,0.13841,0.09719,0.0914,2024-25 Men's Basketball,True,0.2445,0.1447,0.6421,0.2666,0.4823,0.2001,0.3978,0.1014,0.4667,0.5736,0.43184,0.34091,0.3603,0.1295,0.5535,0.5284,0.31709,0.29917
36046,104008,Northern Ariz.,Lumberjacks,0.24077,0.68903,0.53818,67.74,100.56177,112.28288,0.31121,0.1627,0.14734,0.08334,0.08102,2023-24 Men's Basketball,True,0.2686,0.1498,0.6193,0.3473,0.3983,0.188,0.3396,0.1126,0.5353,0.5417,0.3521,0.31222,0.3687,0.0938,0.566,0.5843,0.34015,0.32049
41097,103567,Eastern Wash.,Eagles,0.31461,0.69429,0.49015,67.429,114.89603,116.2341,0.35714,0.154,0.14431,0.0876,0.09605,2025-26 Men's Basketball,True,0.2667,0.1397,0.665,0.3191,0.4099,0.2112,0.434,0.1225,0.5302,0.5634,0.34724,0.35886,0.4451,0.0862,0.5265,0.5778,0.38728,0.35278
33533,104434,Weber St.,Wildcats,0.21268,0.77376,0.45058,64.499,102.31637,102.77747,0.33468,0.17559,0.17652,0.09204,0.04554,2022-23 Men's Basketball,True,0.2675,0.1384,0.6525,0.2716,0.4518,0.2102,0.3669,0.1436,0.4818,0.5649,0.37464,0.33694,0.3661,0.1271,0.4586,0.5396,0.4143,0.37123
33533,103567,Eastern Wash.,Eagles,0.29187,0.74432,0.56176,67.647,113.34747,105.60837,0.30984,0.17588,0.1448,0.07634,0.09528,2022-23 Men's Basketball,True,0.257,0.142,0.6837,0.2977,0.508,0.1636,0.4599,0.0984,0.4613,0.6214,0.44029,0.35842,0.43,0.0998,0.4603,0.5081,0.4399,0.33333
36046,104009,Northern Colo.,Bears,0.24368,0.75042,0.49742,68.614,112.17955,108.96463,0.29194,0.14038,0.14077,0.08863,0.06491,2023-24 Men's Basketball,True,0.2345,0.1536,0.6824,0.3295,0.4709,0.1978,0.3738,0.1072,0.5273,0.603,0.36555,0.34795,0.3871,0.1376,0.4625,0.5533,0.3999,0.35142
36046,104174,Sacramento St.,Hornets,0.35435,0.75419,0.55639,64.234,104.48885,109.61714,0.32237,0.18943,0.14199,0.08167,0.08201,2023-24 Men's Basketball,True,0.2641,0.1143,0.594,0.3213,0.4118,0.165,0.3468,0.0933,0.4863,0.5322,0.42049,0.33077,0.4198,0.1413,0.4703,0.5711,0.38835,0.34861
38409,104008,Northern Ariz.,Lumberjacks,0.32983,0.76543,0.5288,66.774,113.68466,107.25383,0.28599,0.1268,0.14312,0.09191,0.04279,2024-25 Men's Basketball,True,0.238,0.155,0.6227,0.3437,0.3943,0.1849,0.3824,0.0972,0.5286,0.5428,0.37417,0.35032,0.3843,0.1127,0.5094,0.54,0.37787,0.35773
41097,103940,Montana,Grizzlies,0.22037,0.72671,0.55446,69.756,110.7635,106.88446,0.37157,0.1771,0.12821,0.0802,0.06265,2025-26 Men's Basketball,True,0.2534,0.1578,0.6534,0.2703,0.5579,0.2326,0.4247,0.0786,0.503,0.6092,0.41842,0.35779,0.3,0.1095,0.5059,0.5447,0.38458,0.31683
30629,103567,Eastern Wash.,Eagles,0.26661,0.7492,0.59116,70.051,108.90854,105.69922,0.33283,0.16471,0.14265,0.0784,0.07724,2021-22 Men's Basketball,True,0.2643,0.1586,0.6481,0.2977,0.4229,0.1754,0.3586,0.0992,0.4732,0.5646,0.42757,0.35287,0.3581,0.1497,0.4317,0.5503,0.41864,0.32757
38409,104434,Weber St.,Wildcats,0.2553,0.71997,0.44919,65.641,108.66439,108.66439,0.34314,0.14551,0.14735,0.09855,0.07434,2024-25 Men's Basketball,True,0.2693,0.1455,0.6412,0.3237,0.3856,0.1676,0.3983,0.1266,0.4913,0.554,0.38203,0.34663,0.3194,0.1131,0.4649,0.5417,0.42199,0.35112
36046,103717,Idaho St.,Bengals,0.30443,0.74483,0.46629,63.616,108.82114,108.18556,0.3286,0.14594,0.16606,0.1074,0.0955,2023-24 Men's Basketball,True,0.2479,0.1104,0.6637,0.2971,0.4336,0.2376,0.3874,0.1167,0.5347,0.5615,0.34858,0.32881,0.3795,0.1063,0.5842,0.5672,0.30954,0.35035
38409,103940,Montana,Grizzlies,0.23711,0.72152,0.4917,66.665,114.45043,109.53931,0.3485,0.14556,0.14102,0.09336,0.08396,2024-25 Men's Basketball,True,0.2407,0.1345,0.7126,0.3149,0.5026,0.1975,0.3612,0.1174,0.5124,0.6317,0.37022,0.35754,0.3643,0.1314,0.5203,0.5681,0.34831,0.32679
33533,103941,Montana St.,Bobcats,0.26624,0.76035,0.49829,66.437,110.50843,100.00415,0.4339,0.15665,0.18063,0.0974,0.08448,2022-23 Men's Basketball,True,0.2737,0.1515,0.6764,0.2916,0.4436,0.2127,0.4028,0.1535,0.5043,0.5782,0.34222,0.33645,0.3636,0.1459,0.5072,0.5157,0.34695,0.33945
30629,103941,Montana St.,Bobcats,0.27354,0.77045,0.50054,68.047,111.29235,100.74056,0.38371,0.16505,0.16566,0.07584,0.10063,2021-22 Men's Basketball,True,0.2654,0.1356,0.6746,0.2787,0.4418,0.2331,0.3901,0.1142,0.5118,0.5686,0.37398,0.36712,0.3712,0.1522,0.4952,0.5159,0.35267,0.329
38409,104009,Northern Colo.,Bears,0.26728,0.78005,0.53906,67.468,118.23898,106.63296,0.32838,0.14314,0.14341,0.08962,0.06284,2024-25 Men's Basketball,True,0.2556,0.1835,0.6812,0.3294,0.5046,0.2159,0.3931,0.0718,0.5453,0.6113,0.38286,0.38034,0.3609,0.1155,0.5397,0.5414,0.34488,0.34789
30629,104249,Southern Utah,Thunderbirds,0.2878,0.77832,0.43867,69.381,110.43315,103.04388,0.33812,0.1559,0.15554,0.0862,0.06877,2021-22 Men's Basketball,True,0.242,0.1758,0.6752,0.2979,0.4357,0.2011,0.3436,0.0934,0.499,0.5787,0.40757,0.34313,0.3388,0.1481,0.4616,0.5559,0.39026,0.34116
33533,104008,Northern Ariz.,Lumberjacks,0.28006,0.74888,0.52043,66.712,108.98176,110.4174,0.27131,0.13723,0.15916,0.0783,0.04499,2022-23 Men's Basketball,True,0.274,0.1373,0.6099,0.2765,0.3984,0.1715,0.3697,0.1682,0.448,0.5289,0.38389,0.36196,0.3793,0.1059,0.5091,0.5809,0.38498,0.35366
36046,103941,Montana St.,Bobcats,0.20771,0.71638,0.49203,68.414,108.49513,107.30107,0.29622,0.15211,0.16992,0.11859,0.06368,2023-24 Men's Basketball,True,0.2664,0.1587,0.6893,0.2416,0.4405,0.1963,0.4232,0.1327,0.4379,0.5778,0.42942,0.36921,0.3454,0.1245,0.535,0.5785,0.3405,0.3348
41097,103716,Idaho,Vandals,0.2948,0.76452,0.46757,67.953,114.06296,106.64887,0.33813,0.13287,0.13836,0.08523,0.06565,2025-26 Men's Basketball,True,0.2645,0.1353,0.6265,0.2736,0.4469,0.1923,0.3381,0.0646,0.4659,0.5523,0.46958,0.35114,0.3833,0.139,0.4954,0.5103,0.36562,0.34702
36046,103940,Montana,Grizzlies,0.26205,0.73709,0.53327,65.899,115.87166,108.25293,0.29012,0.13686,0.12716,0.07196,0.07578,2023-24 Men's Basketball,True,0.2511,0.1327,0.6822,0.2593,0.5112,0.2159,0.4241,0.1523,0.4752,0.6045,0.37253,0.35834,0.3344,0.1506,0.5266,0.5428,0.32278,0.33432
30629,104009,Northern Colo.,Bears,0.23267,0.76226,0.44519,69.239,111.47711,110.04695,0.3033,0.15805,0.12452,0.05685,0.0706,2021-22 Men's Basketball,True,0.2513,0.1623,0.6605,0.3174,0.4173,0.1368,0.3567,0.0842,0.4542,0.5872,0.46161,0.38273,0.3837,0.1149,0.5455,0.5305,0.33959,0.3674
27693,103269,Alabama A&M,Bulldogs,0.28246,0.70628,0.4755,68.725,90.6439,96.17795,0.31797,0.18795,0.15616,0.07838,0.09091,2020-21 Men's Basketball,True,0.268,0.1883,0.6737,0.2527,0.2794,0.1809,0.3269,0.2766,0.4335,0.5092,0.28989,0.30275,0.3295,0.2234,0.4442,0.5371,0.33249,0.34351
27693,103270,Alabama St.,Hornets,0.29539,0.7044,0.45692,70.922,90.55314,100.89312,0.42716,0.19535,0.18115,0.08603,0.06056,2020-21 Men's Basketball,True,0.2712,0.2108,0.6358,0.2271,0.331,0.218,0.3165,0.209,0.4451,0.4865,0.34586,0.35652,0.3357,0.2046,0.4964,0.585,0.299,0.34928
27693,103742,Jackson St.,Tigers,0.29077,0.73602,0.47859,68.774,94.09409,90.11042,0.42032,0.18609,0.19682,0.1172,0.08417,2020-21 Men's Basketball,True,0.2774,0.193,0.6167,0.2531,0.3452,0.2196,0.267,0.2464,0.4727,0.4906,0.28094,0.35317,0.2764,0.2815,0.4416,0.5311,0.27689,0.30165
27693,103278,Alcorn,Braves,0.30086,0.69459,0.4069,69.488,95.13226,108.8416,0.33966,0.17824,0.19806,0.10881,0.04959,2020-21 Men's Basketball,True,0.2919,0.1872,0.5841,0.2309,0.3926,0.1758,0.3506,0.2492,0.4067,0.5013,0.34412,0.27586,0.4615,0.1393,0.469,0.6371,0.39167,0.37386
27693,104248,Southern U.,Jaguars,0.29771,0.73442,0.57419,70.78,96.76466,97.34802,0.40483,0.19584,0.18484,0.11254,0.06622,2020-21 Men's Basketball,True,0.2868,0.2352,0.6228,0.2906,0.3652,0.1841,0.3886,0.2182,0.4747,0.5229,0.30714,0.32323,0.2635,0.1725,0.5083,0.5325,0.31921,0.32686
27693,104108,Prairie View,Panthers,0.3088,0.68571,0.5873,69.697,102.27894,92.1672,0.27036,0.16955,0.22455,0.13768,0.12209,2020-21 Men's Basketball,True,0.3023,0.2101,0.658,0.3371,0.4564,0.1717,0.3092,0.1338,0.5088,0.59,0.35739,0.31034,0.2966,0.1451,0.5165,0.5174,0.33834,0.31361
27693,103927,Mississippi Val.,Delta Devils,0.17957,0.64238,0.55,72.61,78.2725,120.33536,0.24647,0.2232,0.12416,0.06311,0.07002,2020-21 Men's Basketball,True,0.253,0.2118,0.5622,0.1853,0.2926,0.1605,0.2872,0.1665,0.3459,0.437,0.48762,0.338,0.3535,0.1438,0.4895,0.6291,0.36674,0.36238
27693,103658,Grambling,Tigers,0.26173,0.68638,0.59964,70.078,95.64456,97.53734,0.42117,0.19208,0.18033,0.11497,0.0843,2020-21 Men's Basketball,True,0.26,0.1797,0.6624,0.3303,0.3,0.2096,0.3088,0.171,0.5398,0.5217,0.28919,0.32464,0.3438,0.1751,0.4394,0.4698,0.38546,0.34888
27693,103300,Ark.-Pine Bluff,Golden Lions,0.27222,0.67793,0.45802,67.973,90.25193,111.92638,0.38569,0.19898,0.1612,0.09325,0.09937,2020-21 Men's Basketball,True,0.2635,0.1545,0.617,0.2342,0.3625,0.2566,0.2752,0.2143,0.4909,0.4839,0.29485,0.30423,0.3333,0.152,0.5075,0.5725,0.34046,0.39535
27693,104322,Texas Southern,Tigers,0.32653,0.73518,0.4518,72.334,101.65436,95.56885,0.37852,0.17945,0.17376,0.09664,0.12067,2020-21 Men's Basketball,True,0.2751,0.1793,0.7041,0.3065,0.4256,0.2778,0.2378,0.1642,0.5844,0.5717,0.25144,0.26941,0.2273,0.1257,0.4514,0.5544,0.42286,0.31622
30629,104108,Prairie View,Panthers,0.31872,0.65923,0.48457,70.587,97.08607,106.55662,0.38375,0.21267,0.17804,0.11831,0.08284,2021-22 Men's Basketball,True,0.294,0.22,0.6049,0.3354,0.3829,0.1856,0.2896,0.1525,0.521,0.5258,0.32643,0.34672,0.2961,0.1364,0.5132,0.5445,0.35033,0.35917
30629,103927,Mississippi Val.,Delta Devils,0.23661,0.66165,0.48722,71.525,91.92113,113.46056,0.31283,0.16131,0.183,0.10112,0.06,2021-22 Men's Basketball,True,0.2527,0.2007,0.5605,0.2799,0.3295,0.1783,0.3463,0.1596,0.4582,0.4706,0.38217,0.30922,0.4372,0.154,0.5294,0.6022,0.31662,0.41855
33533,103615,Florida A&M,Rattlers,0.29324,0.66532,0.47059,65.237,89.47173,106.83977,0.32292,0.20917,0.16215,0.10069,0.10184,2022-23 Men's Basketball,True,0.2872,0.1515,0.6039,0.2521,0.3688,0.1837,0.273,0.22,0.4358,0.5048,0.34427,0.31237,0.2551,0.1342,0.5205,0.5711,0.34521,0.33929
36046,103615,Florida A&M,Rattlers,0.27634,0.68626,0.56946,68.551,96.37761,110.7675,0.27635,0.19009,0.14108,0.08567,0.07414,2023-24 Men's Basketball,True,0.2677,0.1768,0.6104,0.2859,0.4182,0.1965,0.3369,0.2228,0.4824,0.5321,0.29482,0.34343,0.3475,0.1628,0.4763,0.5491,0.36085,0.3616
30629,103742,Jackson St.,Tigers,0.31279,0.71976,0.47186,64.717,93.71088,100.68662,0.26452,0.17258,0.16438,0.09614,0.10236,2021-22 Men's Basketball,True,0.2653,0.1402,0.664,0.2655,0.3542,0.2277,0.3299,0.2077,0.4932,0.521,0.29907,0.29117,0.3317,0.1529,0.5444,0.5164,0.30276,0.33251
30629,103615,Florida A&M,Rattlers,0.26265,0.66511,0.49113,65.841,98.00733,103.6307,0.29049,0.16327,0.16405,0.09499,0.08464,2021-22 Men's Basketball,True,0.2688,0.1672,0.6318,0.2165,0.4618,0.2107,0.3655,0.3182,0.4272,0.5479,0.25457,0.3046,0.264,0.1842,0.4584,0.5498,0.35741,0.34227
30629,103350,Bethune-Cookman,Wildcats,0.28249,0.69856,0.45634,66.019,95.18917,104.45272,0.2868,0.17311,0.18164,0.11946,0.07115,2021-22 Men's Basketball,True,0.2622,0.1831,0.6138,0.3164,0.2627,0.2087,0.3699,0.2285,0.5251,0.4742,0.24637,0.32976,0.3304,0.1614,0.4639,0.593,0.37474,0.32959
30629,103269,Alabama A&M,Bulldogs,0.28719,0.69085,0.43445,67.094,90.06269,98.22356,0.33526,0.16989,0.16895,0.10335,0.08775,2021-22 Men's Basketball,True,0.2524,0.153,0.572,0.2791,0.3616,0.2307,0.2863,0.2338,0.5098,0.4768,0.25644,0.249,0.392,0.1291,0.4442,0.486,0.42665,0.33172
41097,104322,Texas Southern,Tigers,0.29423,0.69991,0.42839,69.688,105.90475,110.04496,0.38848,0.16615,0.15125,0.09622,0.10119,2025-26 Men's Basketball,True,0.2777,0.1931,0.6386,0.3314,0.4133,0.1974,0.3422,0.15,0.5288,0.5545,0.32116,0.3286,0.3515,0.115,0.4596,0.5613,0.4254,0.33467
36046,103300,Ark.-Pine Bluff,Golden Lions,0.24279,0.68465,0.57442,72.757,110.08832,112.43817,0.37452,0.16298,0.13598,0.08076,0.0539,2023-24 Men's Basketball,True,0.2517,0.2251,0.6067,0.3295,0.3333,0.1137,0.3675,0.0643,0.4432,0.5366,0.49259,0.3757,0.3633,0.1273,0.4913,0.5951,0.3814,0.30508
36046,104108,Prairie View,Panthers,0.26909,0.66157,0.48442,71.071,98.76549,107.4801,0.36865,0.15689,0.20058,0.12777,0.07585,2023-24 Men's Basketball,True,0.284,0.2008,0.6138,0.3239,0.3175,0.172,0.3618,0.237,0.4959,0.511,0.26707,0.3047,0.3348,0.1329,0.5386,0.5837,0.32845,0.34759
38409,103927,Mississippi Val.,Delta Devils,0.23425,0.6319,0.42295,65.342,82.83979,123.71664,0.3074,0.21963,0.13275,0.09165,0.05386,2024-25 Men's Basketball,True,0.2501,0.1402,0.5625,0.2857,0.3757,0.2207,0.2914,0.1926,0.5064,0.4811,0.30102,0.29661,0.3883,0.1046,0.5156,0.6149,0.37987,0.37335
38409,103300,Ark.-Pine Bluff,Golden Lions,0.26913,0.67237,0.54197,71.962,100.5017,116.63935,0.32046,0.17634,0.14768,0.09874,0.06304,2024-25 Men's Basketball,True,0.2637,0.1761,0.6177,0.3999,0.3889,0.1763,0.3494,0.0452,0.5762,0.5477,0.37867,0.32328,0.3072,0.081,0.4735,0.6163,0.44544,0.35196
38409,103615,Florida A&M,Rattlers,0.28599,0.68525,0.51715,67.839,106.27631,110.98385,0.35851,0.1758,0.13926,0.07685,0.08584,2024-25 Men's Basketball,True,0.2606,0.1703,0.6299,0.2952,0.4248,0.1546,0.3286,0.0813,0.4497,0.5594,0.46891,0.34572,0.3063,0.1217,0.517,0.5483,0.36129,0.34143
30629,103300,Ark.-Pine Bluff,Golden Lions,0.2491,0.64848,0.50141,67.955,97.15844,114.69897,0.34449,0.17181,0.1666,0.10484,0.06405,2021-22 Men's Basketball,True,0.2554,0.2057,0.6789,0.2367,0.3515,0.2447,0.3509,0.114,0.4813,0.5125,0.40467,0.29654,0.32,0.1279,0.555,0.6002,0.31714,0.35887
30629,104248,Southern U.,Jaguars,0.27679,0.69379,0.52465,70.474,101.61784,95.9648,0.34763,0.17828,0.23311,0.14835,0.07759,2021-22 Men's Basketball,True,0.2878,0.2288,0.645,0.3215,0.3429,0.1503,0.3355,0.192,0.4718,0.5488,0.3362,0.35584,0.3756,0.1466,0.4921,0.586,0.36132,0.29333
33533,103270,Alabama St.,Hornets,0.32358,0.66063,0.45242,66.963,94.18323,108.04922,0.3207,0.16613,0.15184,0.08692,0.09136,2022-23 Men's Basketball,True,0.2674,0.1916,0.5055,0.3112,0.3402,0.1652,0.3156,0.1925,0.4764,0.4482,0.33106,0.30875,0.3143,0.1564,0.4994,0.5403,0.34413,0.34091
36046,103927,Mississippi Val.,Delta Devils,0.27877,0.64323,0.44209,64.837,85.18099,119.37231,0.33023,0.21153,0.14887,0.10174,0.06532,2023-24 Men's Basketball,True,0.2746,0.1313,0.5378,0.326,0.3273,0.1805,0.3136,0.1864,0.5065,0.4628,0.30714,0.29175,0.3453,0.0842,0.5524,0.5855,0.36342,0.365
41097,103615,Florida A&M,Rattlers,0.30877,0.69399,0.52375,68.861,101.85198,107.87071,0.37392,0.18787,0.17057,0.11724,0.08129,2025-26 Men's Basketball,True,0.2605,0.1708,0.6198,0.3188,0.4328,0.1924,0.2828,0.1137,0.5112,0.5494,0.37507,0.32619,0.317,0.1279,0.5251,0.5457,0.34703,0.34868
30629,103270,Alabama St.,Hornets,0.29646,0.66757,0.49667,69.971,98.78333,106.64941,0.37798,0.18903,0.17079,0.10702,0.09569,2021-22 Men's Basketball,True,0.2562,0.203,0.6004,0.3142,0.3776,0.1536,0.3628,0.202,0.4678,0.5272,0.33015,0.33784,0.4181,0.1388,0.4773,0.5388,0.38397,0.33489
33533,103300,Ark.-Pine Bluff,Golden Lions,0.2721,0.7251,0.56491,69.852,95.01299,99.0444,0.32775,0.18753,0.19945,0.11445,0.07919,2022-23 Men's Basketball,True,0.2798,0.2057,0.5854,0.3067,0.2974,0.1548,0.2908,0.1128,0.4614,0.4888,0.42578,0.31081,0.3476,0.1429,0.4954,0.5421,0.36174,0.32712
30629,103658,Grambling,Tigers,0.27889,0.68814,0.46729,69.201,94.47158,102.64527,0.32953,0.17745,0.17081,0.09525,0.09075,2021-22 Men's Basketball,True,0.2704,0.1871,0.5581,0.2894,0.374,0.2372,0.2574,0.1886,0.5266,0.4752,0.28478,0.31803,0.3235,0.1517,0.479,0.5084,0.36931,0.36232
38409,104108,Prairie View,Panthers,0.24759,0.61284,0.47561,70.152,101.83249,117.46819,0.3413,0.14953,0.17274,0.11514,0.08134,2024-25 Men's Basketball,True,0.2689,0.1909,0.6214,0.3323,0.3851,0.1847,0.3442,0.1465,0.517,0.537,0.33652,0.31861,0.3889,0.0963,0.5746,0.6089,0.32905,0.35772
41097,103270,Alabama St.,Hornets,0.32706,0.69315,0.48649,70.328,104.02119,109.88654,0.35041,0.1565,0.16841,0.11615,0.10999,2025-26 Men's Basketball,True,0.2714,0.1903,0.6065,0.332,0.3262,0.1665,0.3305,0.1194,0.4985,0.5128,0.38217,0.31903,0.3085,0.1023,0.4921,0.5697,0.40555,0.3396
33533,103350,Bethune-Cookman,Wildcats,0.27625,0.66052,0.46891,68.064,99.3347,109.80784,0.31455,0.16299,0.16937,0.10571,0.07653,2022-23 Men's Basketball,True,0.2537,0.2169,0.5844,0.2415,0.3682,0.2362,0.3469,0.1981,0.4777,0.4775,0.32421,0.36258,0.3218,0.1402,0.4925,0.566,0.36735,0.3538
36046,103278,Alcorn,Braves,0.33582,0.69674,0.45355,66.534,107.60773,115.88885,0.37763,0.14633,0.15187,0.10255,0.05657,2023-24 Men's Basketball,True,0.2655,0.1868,0.6037,0.3204,0.3825,0.1977,0.385,0.2161,0.5181,0.5193,0.2658,0.3374,0.3447,0.1133,0.4318,0.5847,0.4549,0.37606
36046,103742,Jackson St.,Tigers,0.34866,0.68007,0.4806,68.45,103.6404,109.9616,0.34737,0.16182,0.16605,0.10868,0.09875,2023-24 Men's Basketball,True,0.2475,0.1717,0.5677,0.2767,0.3929,0.2064,0.3768,0.1794,0.4831,0.493,0.33749,0.32512,0.3525,0.131,0.4726,0.5716,0.39635,0.3523
38409,103278,Alcorn,Braves,0.33541,0.67426,0.43634,64.78,99.99741,110.85729,0.30606,0.16734,0.15968,0.10174,0.08722,2024-25 Men's Basketball,True,0.2571,0.1829,0.6335,0.2721,0.354,0.2276,0.3278,0.2045,0.4997,0.5062,0.29577,0.3181,0.3264,0.0825,0.4653,0.5837,0.45215,0.34094
30629,104322,Texas Southern,Tigers,0.32985,0.72163,0.43088,68.441,100.46993,96.19461,0.33585,0.18366,0.1519,0.08099,0.13591,2021-22 Men's Basketball,True,0.2678,0.1697,0.6233,0.2936,0.4037,0.2562,0.3,0.175,0.5497,0.521,0.27526,0.30347,0.3562,0.1719,0.4592,0.4991,0.36892,0.30426
41097,103278,Alcorn,Braves,0.26947,0.64466,0.46597,67.987,98.02748,117.48646,0.31811,0.17389,0.15658,0.11245,0.09076,2025-26 Men's Basketball,True,0.2586,0.1704,0.6078,0.3115,0.3724,0.2113,0.2852,0.1409,0.5228,0.5126,0.33627,0.33388,0.3478,0.0995,0.5497,0.6224,0.35081,0.32974
41097,103300,Ark.-Pine Bluff,Golden Lions,0.2927,0.67297,0.58129,70.678,108.87353,114.20269,0.3634,0.16355,0.14855,0.10108,0.07769,2025-26 Men's Basketball,True,0.2745,0.198,0.7135,0.2853,0.3555,0.23,0.3364,0.1129,0.5153,0.5537,0.37184,0.34326,0.3554,0.1268,0.5005,0.578,0.37264,0.33474
33533,104248,Southern U.,Jaguars,0.25067,0.71863,0.56095,71.259,100.08252,99.21223,0.33494,0.17891,0.21112,0.1213,0.0736,2022-23 Men's Basketball,True,0.277,0.2175,0.6181,0.3188,0.3648,0.1289,0.3607,0.155,0.4477,0.5451,0.39734,0.33008,0.375,0.1378,0.4439,0.5556,0.4183,0.33523
33533,103927,Mississippi Val.,Delta Devils,0.28623,0.67586,0.46999,66.941,90.46505,110.8,0.38013,0.20886,0.1699,0.11205,0.06007,2022-23 Men's Basketball,True,0.2656,0.1585,0.5619,0.3314,0.3305,0.2124,0.297,0.1802,0.5437,0.4716,0.27603,0.34914,0.3831,0.1124,0.4933,0.5624,0.3943,0.35887
36046,104248,Southern U.,Jaguars,0.28756,0.70871,0.54523,68.933,102.335,98.87135,0.35703,0.17727,0.20786,0.13141,0.09813,2023-24 Men's Basketball,True,0.2838,0.1671,0.6455,0.3362,0.4015,0.1443,0.3086,0.1471,0.4806,0.5722,0.37233,0.32452,0.2947,0.1802,0.4588,0.5813,0.36098,0.31901
38409,104248,Southern U.,Jaguars,0.35962,0.72804,0.48881,68.774,107.8462,98.46827,0.36993,0.15034,0.19479,0.13914,0.11793,2024-25 Men's Basketball,True,0.2683,0.1882,0.6176,0.4012,0.3084,0.158,0.2783,0.1088,0.5593,0.5303,0.33197,0.32767,0.3376,0.1353,0.4719,0.5135,0.39271,0.33726
38409,104322,Texas Southern,Tigers,0.30769,0.66747,0.51773,70.144,102.77858,101.98288,0.28065,0.16681,0.16695,0.12145,0.09604,2024-25 Men's Basketball,True,0.2379,0.2029,0.648,0.2806,0.3646,0.1945,0.3333,0.1733,0.4752,0.532,0.35157,0.33573,0.3049,0.126,0.4565,0.5017,0.41752,0.33129
41097,103350,Bethune-Cookman,Wildcats,0.30411,0.68293,0.51111,69.712,106.87087,109.08627,0.41112,0.16949,0.14115,0.09979,0.1136,2025-26 Men's Basketball,True,0.2569,0.1879,0.6616,0.2884,0.4871,0.2743,0.3047,0.1396,0.5627,0.5766,0.29771,0.33333,0.3242,0.1121,0.5507,0.5297,0.33726,0.32777
33533,103278,Alcorn,Braves,0.33714,0.68585,0.41415,66.007,100.92098,105.30277,0.35278,0.15769,0.18487,0.11934,0.07737,2022-23 Men's Basketball,True,0.2855,0.1754,0.6272,0.2654,0.4094,0.2257,0.2881,0.2139,0.4911,0.5271,0.29502,0.29317,0.3013,0.1507,0.4483,0.6076,0.40101,0.32233
36046,103270,Alabama St.,Hornets,0.3245,0.71922,0.44689,68.187,99.04861,100.22185,0.28366,0.13329,0.18405,0.12568,0.12,2023-24 Men's Basketball,True,0.2746,0.2086,0.5527,0.2956,0.3485,0.1471,0.2715,0.1782,0.4427,0.4848,0.37901,0.28192,0.3205,0.1479,0.438,0.5124,0.41405,0.33793
38409,103269,Alabama A&M,Bulldogs,0.35059,0.6621,0.5434,71.555,100.49281,108.40496,0.37538,0.18297,0.19,0.11485,0.11481,2024-25 Men's Basketball,True,0.2953,0.2269,0.5491,0.352,0.3763,0.1419,0.2819,0.0956,0.4939,0.4995,0.41048,0.31846,0.2914,0.0964,0.5319,0.5414,0.3717,0.38519
33533,104108,Prairie View,Panthers,0.32253,0.7233,0.45537,67.795,98.01981,99.28575,0.32863,0.16662,0.19503,0.10932,0.0979,2022-23 Men's Basketball,True,0.2757,0.1961,0.5576,0.3177,0.3815,0.1917,0.3333,0.1614,0.5094,0.4913,0.32915,0.30317,0.3786,0.141,0.5229,0.5028,0.33604,0.34024
38409,103350,Bethune-Cookman,Wildcats,0.28843,0.69967,0.52875,68.218,100.61263,105.76542,0.35882,0.17143,0.14588,0.09794,0.09742,2024-25 Men's Basketball,True,0.2358,0.1733,0.6311,0.3262,0.3469,0.1711,0.3333,0.1636,0.4973,0.5333,0.33904,0.31861,0.3409,0.1118,0.5193,0.5323,0.3689,0.31267
41097,103658,Grambling,Tigers,0.30804,0.68577,0.50834,68.279,103.00899,102.69832,0.41004,0.18359,0.1858,0.11787,0.07973,2025-26 Men's Basketball,True,0.2734,0.1816,0.589,0.3411,0.4137,0.1694,0.3467,0.1098,0.5105,0.5308,0.37969,0.31831,0.3454,0.1364,0.5093,0.5398,0.35433,0.32148
36046,104322,Texas Southern,Tigers,0.30215,0.69025,0.46772,67.879,103.00313,104.33737,0.30152,0.15615,0.15915,0.10188,0.10351,2023-24 Men's Basketball,True,0.2768,0.1796,0.6521,0.2361,0.3534,0.1893,0.3459,0.1872,0.4255,0.5192,0.38738,0.30478,0.3986,0.1609,0.4748,0.5175,0.36426,0.32547
33533,103658,Grambling,Tigers,0.32763,0.68534,0.49938,66.599,103.16841,93.10541,0.41737,0.18355,0.18615,0.11022,0.12121,2022-23 Men's Basketball,True,0.2943,0.174,0.6061,0.3636,0.4023,0.1832,0.3346,0.1832,0.5468,0.5378,0.26997,0.34184,0.3028,0.1718,0.4422,0.4644,0.38604,0.3156
41097,103269,Alabama A&M,Bulldogs,0.27993,0.71241,0.49362,66.289,108.29589,108.979,0.44939,0.14864,0.1461,0.09007,0.07895,2025-26 Men's Basketball,True,0.2766,0.1525,0.6404,0.2892,0.382,0.2097,0.3263,0.1585,0.4989,0.5318,0.3426,0.3474,0.3148,0.1452,0.4882,0.5573,0.36667,0.33871
33533,103269,Alabama A&M,Bulldogs,0.29982,0.65122,0.50911,68.325,101.10924,103.00201,0.34743,0.18781,0.19038,0.11716,0.12014,2022-23 Men's Basketball,True,0.2736,0.1876,0.5742,0.2844,0.4268,0.22,0.3782,0.1733,0.5044,0.5099,0.32222,0.36897,0.3502,0.1325,0.4673,0.5156,0.40022,0.3352
41097,103927,Mississippi Val.,Delta Devils,0.26602,0.65005,0.53448,68.335,93.3045,120.54765,0.33733,0.19393,0.15158,0.10564,0.07951,2025-26 Men's Basketball,True,0.3103,0.1745,0.6008,0.2594,0.3633,0.1635,0.3834,0.2687,0.4229,0.509,0.30845,0.30035,0.3886,0.0944,0.4825,0.5805,0.4231,0.36862
41097,103742,Jackson St.,Tigers,0.29715,0.62773,0.45817,69.415,100.43145,119.75519,0.37397,0.16915,0.14023,0.09014,0.08072,2025-26 Men's Basketball,True,0.2763,0.1504,0.5692,0.265,0.3469,0.1519,0.3299,0.1503,0.4168,0.4882,0.43285,0.31384,0.2939,0.1132,0.4896,0.5913,0.39722,0.3475
33533,103742,Jackson St.,Tigers,0.33132,0.70771,0.5075,68.096,98.20862,106.87668,0.32967,0.19022,0.17169,0.10962,0.07193,2022-23 Men's Basketball,True,0.2494,0.1816,0.6315,0.2683,0.3831,0.2233,0.3094,0.1706,0.4917,0.5186,0.33778,0.31743,0.3674,0.1492,0.4534,0.5636,0.3974,0.34851
38409,103658,Grambling,Tigers,0.26714,0.703,0.48375,65.5,101.23069,102.56795,0.3328,0.16791,0.15944,0.10095,0.09828,2024-25 Men's Basketball,True,0.2484,0.1614,0.6027,0.3188,0.3694,0.1787,0.346,0.1551,0.4976,0.5189,0.34729,0.33849,0.3026,0.1555,0.5013,0.5,0.34322,0.34873
30629,103278,Alcorn,Braves,0.32092,0.72144,0.43084,67.482,97.86826,104.57453,0.32426,0.1745,0.1703,0.10982,0.07597,2021-22 Men's Basketball,True,0.2573,0.1654,0.6011,0.2607,0.3769,0.2226,0.2943,0.2309,0.4834,0.4978,0.28571,0.30825,0.3698,0.1401,0.4803,0.5881,0.37956,0.33846
36046,103350,Bethune-Cookman,Wildcats,0.29866,0.675,0.4814,70.039,102.96654,102.46811,0.37212,0.16873,0.19923,0.1453,0.0975,2023-24 Men's Basketball,True,0.2887,0.2106,0.6215,0.2756,0.4273,0.2283,0.338,0.1858,0.5039,0.5335,0.31033,0.32107,0.3083,0.1402,0.4981,0.5384,0.36177,0.33997
41097,104248,Southern U.,Jaguars,0.32048,0.69647,0.5396,70.839,111.16562,108.82486,0.39493,0.14206,0.17666,0.13009,0.10647,2025-26 Men's Basketball,True,0.2616,0.198,0.643,0.3581,0.3436,0.1867,0.3493,0.1302,0.5448,0.5404,0.32504,0.34904,0.36,0.1399,0.4814,0.5571,0.37863,0.35215
38409,103742,Jackson St.,Tigers,0.30073,0.70032,0.49701,68.688,102.45933,106.97462,0.37462,0.16973,0.15214,0.10289,0.09559,2024-25 Men's Basketball,True,0.2363,0.1417,0.6038,0.3215,0.3705,0.1951,0.3138,0.1466,0.5167,0.5157,0.3367,0.32583,0.3657,0.1047,0.4784,0.5329,0.41687,0.3407
36046,103269,Alabama A&M,Bulldogs,0.31851,0.67297,0.45782,70.147,97.97452,107.67456,0.47237,0.19607,0.16957,0.10604,0.10726,2023-24 Men's Basketball,True,0.2949,0.2117,0.5702,0.3676,0.378,0.2179,0.3513,0.1455,0.5855,0.4987,0.26903,0.28682,0.2857,0.1045,0.5264,0.5057,0.36915,0.35175
33533,104322,Texas Southern,Tigers,0.31011,0.72698,0.46085,69.448,97.55257,101.41923,0.33842,0.17512,0.16913,0.09497,0.08889,2022-23 Men's Basketball,True,0.2799,0.1752,0.62,0.3004,0.4225,0.2551,0.2734,0.1703,0.5555,0.5293,0.27423,0.28837,0.2982,0.151,0.4934,0.5705,0.35563,0.3352
38409,103270,Alabama St.,Hornets,0.2866,0.69545,0.45092,68.157,106.81624,105.88211,0.29039,0.11239,0.16538,0.11589,0.08225,2024-25 Men's Basketball,True,0.2689,0.2137,0.5805,0.3039,0.3375,0.141,0.3176,0.1293,0.445,0.5034,0.42576,0.32821,0.3669,0.1213,0.4799,0.5403,0.39873,0.33374
36046,103658,Grambling,Tigers,0.29802,0.67667,0.41163,65.281,102.5853,105.53315,0.38363,0.1715,0.16493,0.11222,0.08588,2023-24 Men's Basketball,True,0.2421,0.163,0.6009,0.3365,0.3949,0.2254,0.3411,0.159,0.5619,0.5183,0.27909,0.34151,0.3289,0.1532,0.4985,0.5339,0.34829,0.34298
41097,104108,Prairie View,Panthers,0.27586,0.66188,0.43955,71.701,108.30571,106.35222,0.41989,0.14125,0.17758,0.11001,0.12212,2025-26 Men's Basketball,True,0.2619,0.2098,0.6252,0.3074,0.4124,0.2183,0.3289,0.1697,0.5257,0.5368,0.30468,0.33235,0.3175,0.0962,0.5572,0.5286,0.34656,0.33553
