key,tables,isKeeper,label1,label2,label3,label4,shortDesc,sign,unit,tipTitle,mainTip,teamTip,playerTip,isLabeled
_id,"pps,ppps,pgps,tpcs,tgs,pas,tas,taac,tgcs,tpps,tps,pgs,taps,paps,tgps,oo",FALSE,_id,_id,_id,_id,NA,neu,txt,_id,Unique identifier for row in a table,NA,NA,TRUE
actionNumber,pbptga,FALSE,NA,NA,NA,NA,NA,NA,NA,NA,NA,NA,NA,FALSE
actionType,"pbptga,pssh,tssh",FALSE,NA,NA,NA,NA,NA,NA,NA,NA,NA,NA,NA,FALSE
afgmScorer,taac,TRUE,aFGM,aFGM SCO,Scorer Assisted FGM,Scorer Assisted FGM,NA,pos,int,Scorer Total Assisted FGM,"Total number of baskets scored off an assist by this scorer, assisted by any teammates.",NA,NA,TRUE
allPct,taac,TRUE,NA,NA,NA,NA,NA,NA,NA,NA,NA,NA,NA,FALSE
and1,"ppps,pgps,tpps,taps,paps,tgps",TRUE,And1s,And 1s,And 1s,And 1s,NA,pos,int,And 1s,The total number of times a shot was made while being fouled by a defender from the opposing team (total number of And 1s).,NA,NA,TRUE
and1P100,taps,TRUE,And1/100,And1/100,And 1s / 100 Poss,And 1s / 100 Poss,NA,pos,num,And 1s / 100 Poss,The number of and 1s (made shot + foul drawn) per 100 possessions.,NA,NA,TRUE
and1P40,"taps,paps",TRUE,And1/40,And1/40,And 1s / 40 Mins,And 1s / 40 Mins,NA,pos,num,And 1s / 40 Mins,The number of and 1s (made shot + foul drawn) per 40 minutes.,NA,NA,TRUE
and1Pct,"pgps,taps,paps,tgps",TRUE,And1%,And1%,And 1 Pct,And 1 Percentage,NA,pos,pct,And 1 Percentage,The percentage of shooting fouls drawn where the shot was made.,NA,NA,TRUE
and1Pct3P,"pgps,taps,paps,tgps",TRUE,3A1%,3And1%,And 1 Pct on SFL3,And 1 Percentage on 3P SFLs,NA,pos,pct,And 1 Percentage (On 3-Point Shooting Foul),The percentage of 3-point shooting fouls drawn where the shot was made.,NA,NA,TRUE
and1Pg,"taps,paps",TRUE,And1/G,And1/G,And 1s / Game,And 1s / Game,NA,pos,num,And 1s / Game,The number of and 1s (made shot + foul drawn) per game.,NA,NA,TRUE
and1on2s,"pgps,taps,tgps",TRUE,2A1s,2P And 1s,And 1s on SFL2,And 1s on 2P SFLs,NA,pos,int,And 1s Made (On 2-Point Shooting Foul),The total number of times a 2-point shot was made while being fouled by a defender from the opposing team (total number of And 1s made on 2-point shooting fouls).,NA,NA,TRUE
and1on3s,"ppps,pgps,tpps,taps,paps,tgps",TRUE,3A1s,3P And 1s,And 1s on SFL3,And 1s on 3P SFLs,NA,pos,int,And 1s Made (On 3-Point Shooting Foul),The total number of times a 3-point shot was made while being fouled by a defender from the opposing team (total number of And 1s made on 3-point shooting fouls).,NA,NA,TRUE
aoopAst,"ppps,pgps,paps",TRUE,AST,OOP AST,Alley-Oop Assists,Alley-Oop Assists,NA,pos,int,Alley-Oop Assists,NA,NA,The total number of alley-oops assisted by the player.,TRUE
aoopAstP40,paps,TRUE,AST/40,OOP AST/40,Alley-Oop Assists / 40 Mins,Alley-Oop Assists / 40 Mins,NA,pos,num,Alley-Oop Assists / 40 Mins,NA,NA,"The number of alley-oops assisted by the player, per 40 minutes played.",TRUE
aoopAstPg,paps,TRUE,AST/G,OOP AST/G,Alley-Oop Assists / Game,Alley-Oop Assists / Game,NA,pos,num,Alley-Oop Assists / Game,NA,NA,"The number of alley-oops assisted by the player, per game.",TRUE
aoopFgPct,"taps,paps",TRUE,FG%,OOP FG%,Alley-Oop FG%,Alley-Oop FG%,NA,pos,pct,Alley-Oop FG%,NA,Field goal percentage on alley-oops.,Field goal percentage on alley-oops.,TRUE
aoopFga,"pgps,taps,paps,tgps",TRUE,FGA,OOP FGA,Alley-Oop Field Goals Attempted,Alley-Oop Field Goals Attempted,NA,pos,int,Alley-Oop Field Goals Attempted,NA,The total number of alley-oop field goal attempts by the team.,The total number of alley-oop field goal attempts by the player.,TRUE
aoopFgaFreq,"taps,paps",TRUE,FGA%,OOP FGA%,Alley-Oop % of Shots,Alley-Oop % of Shots,NA,pos,pct,Alley-Oop % of Shots,NA,The percentage of shots taken that were alley-oop dunk attempts.,The percentage of shots taken that were alley-oop dunk attempts.,TRUE
aoopFgaP100,taps,TRUE,FGA/100,OOP FGA/100,Alley-Oop FGA / 100 Poss,Alley-Oop FGA / 100 Poss,NA,pos,num,Alley-Oop FGA / 100 Poss,NA,"The number of alley-oop field goal attempts by the team, per 100 possessions played.","The number of alley-oop field goal attempts by the player, per 100 possessions played.",TRUE
aoopFgaP40,"taps,paps",TRUE,FGA/40,OOP FGA/40,Alley-Oop FGA / 40 Mins,Alley-Oop FGA / 40 Mins,NA,pos,num,Alley-Oop FGA / 40 Mins,NA,"The number of alley-oop field goal attempts by the team, per 40 minutes played.","The number of alley-oop field goal attempts by the player, per 40 minutes played.",TRUE
aoopFgaPg,"taps,paps",TRUE,FGA/G,OOP FGA/G,Alley-Oop FGA / Game,Alley-Oop FGA / Game,NA,pos,num,Alley-Oop FGA / Game,NA,"The number of alley-oop field goal attempts by the team, per game.","The number of alley-oop field goal attempts by the player, per game.",TRUE
aoopFgm,"ppps,pgps,tpps,taps,paps,tgps",TRUE,FGM,OOP FGM,Alley-Oop Field Goals Made,Alley-Oop Field Goals Made,NA,pos,int,Alley-Oop Field Goals Made,NA,The total number of alley-oop field goals made by the team.,The total number of alley-oop field goals made by the player.,TRUE
apPoll,"pps,ppps,pgps,tpcs,tgs,pbptga,pssh,tssc,tgcs,pssc,tssh,tpps,tps,pgs,tgps",TRUE,AP,AP Poll,AP Poll Rank,AP Poll Rank,NA,neg,int,AP Poll Rank,NA,The AP Poll ranking of the team in a given game.,NA,TRUE
apPollAgst,"pps,ppps,pgps,tpcs,tgs,pbptga,pssh,tssc,tgcs,pssc,tssh,tpps,tps,pgs,tgps",TRUE,vs AP,AP Poll Agst,AP Poll Rank Agst,AP Poll Rank Against,NA,neg,int,AP Poll Rank Against,NA,The AP Poll ranking of the team's opponent in a given game.,NA,TRUE
assisterId,taac,FALSE,NA,NA,NA,NA,NA,NA,NA,NA,NA,NA,NA,FALSE
assisterName,taac,FALSE,NA,NA,NA,NA,NA,NA,NA,NA,NA,NA,NA,FALSE
assisterPct,taac,TRUE,NA,NA,NA,NA,NA,NA,NA,NA,NA,NA,NA,FALSE
assisterTotal,taac,TRUE,NA,NA,NA,NA,NA,NA,NA,NA,NA,NA,NA,FALSE
ast,"pps,pgps,tpcs,tgs,gfl,pas,tssc,tas,tgcs,tps,pgs,taps,paps,tass,lu,tgps,oo",TRUE,AST,AST,Assists,Assists,NA,pos,int,Assists,The total number of assists.,NA,NA,TRUE
ast2,"pgps,paps",TRUE,AST2,AST2,2P Assists,2P Assists,NA,pos,int,2P Assists,The total number of assists where the shooter scored on a 2-point shot.,NA,NA,TRUE
ast2P40,paps,TRUE,AST/40,AST2/40,2P Assists / 40 Mins,2P Assists / 40 Mins,NA,pos,num,2P Assists / 40 Mins,The total number of assists per 40 minutes where the shooter scored on a 2-point shot.,NA,NA,TRUE
ast2Pg,paps,TRUE,AST/G,AST2/G,2P Assists / Game,2P Assists / Game,NA,pos,num,2P Assists / Game,The total number of assists per game where the shooter scored on a 2-point shot.,NA,NA,TRUE
ast3,"pgps,paps",TRUE,AST3,AST3,3P Assists,3P Assists,NA,pos,int,3P Assists,The total number of assists where the shooter scored on a 3-point shot.,NA,NA,TRUE
ast3P40,paps,TRUE,AST/40,AST3/40,3P Assists / 40 Mins,3P Assists / 40 Mins,NA,pos,num,3P Assists / 40 Mins,The total number of assists per 40 minutes where the shooter scored on a 3-point shot.,NA,NA,TRUE
ast3Pg,paps,TRUE,AST/G,AST3/G,3P Assists / Game,3P Assists / Game,NA,pos,num,3P Assists / Game,The total number of assists per game where the shooter scored on a 3-point shot.,NA,NA,TRUE
astAgst,gfl,TRUE,AST,AST AGST,Opponent Assists,Opponent Assists,NA,neg,int,Opponent Assists,The total number of assists by the opponent.,NA,NA,TRUE
astAssister,taac,TRUE,AST,AST ASTR,Assister Assists,Assister Assists,NA,pos,int,Assister Total Assists,The total number of assists by this assister to all teammates.,NA,NA,TRUE
astP100,"tas,lu,oo",TRUE,AST/100,AST/100,Assists / 100 Poss,Assists / 100 Poss,NA,pos,num,Assists / 100 Poss,An estimate of the number of assists per 100 possessions played.,NA,NA,TRUE
astP40,"pas,tas,lu,oo",TRUE,AST/40,AST/40,Assists / 40 Mins,Assists / 40 Mins,NA,pos,num,Assists / 40 Mins,The number of assists per 40 minutes played.,NA,NA,TRUE
astPct,"pps,tpcs,tgs,pas,tas,tgcs,tps,pgs,tass,lu,oo",TRUE,AST%,AST%,Assist Pct,Assist Percentage,Percentage of on-court team FGMs assisted,pos,pct,Assist Percentage,NA,Percentage of the team's made shots that were assisted.,An estimate of the percentage of teammate field goals a player assisted while he was on the floor.,TRUE
astPg,"pas,tas",TRUE,AST/G,AST/G,Assists / Game,Assists / Game,NA,pos,num,Assists / Game,The number of assists per game.,NA,NA,TRUE
astRatio,"pps,tpcs,tgs,pas,tas,tgcs,tps,pgs,lu,oo",TRUE,AST Ratio,AST Ratio,Assist Ratio,Assist Ratio,NA,pos,pct,Assist Ratio,NA,Percentage of the team's possessions that ends in an assist.,The percentage of possessions used by the player that ends in an assist.,TRUE
astTeam,taac,TRUE,AstTm,Ast Tm,Team Assists,Team Assists,NA,pos,int,Total Team Assists,The total number of assists by the team.,NA,NA,TRUE
astTm,"pgps,paps",TRUE,NA,NA,NA,NA,NA,NA,NA,Team Assists,NA,NA,NA,FALSE
astToScoPct,taac,TRUE,%AST,%Ast to Sco,Assists to Scorer Pct,Assists to Scorer Percentage,NA,pos,pct,% of Assister's Assists to this Scorer,The percentage of this Assister's assists that were assists to this specific Scorer.,NA,NA,TRUE
astTov,"pps,tpcs,tgs,pas,tssc,tas,tgcs,tps,pgs,tass,lu,oo",TRUE,AST/TOV,AST/TOV,Ast/Tov Ratio,Assist-To-Turnover Ratio,NA,pos,ratio,Assist To Turnover Ratio,NA,The ratio of total assists to total turnovers committed by the team.,The ratio of total assists to total turnovers committed by the player.,TRUE
astUsage,"pps,pas,pgs",TRUE,AST/USG,AST/USG,Assist-Usage Ratio,Assist-To-Usage Ratio,NA,pos,ratio,Ratio of Assist Percentage to Usage Rate,NA,NA,"A player's assist percentage can be inflated from a player having a high usage rate, as he'll have more opportunities to generate assists. With AST% / USG%, a player must have a high AST% relative to their USG% to perform well.",TRUE
astdPts,"ppps,pgps,paps",TRUE,ASTDPTS,ASTDPTS,Assisted PTS,Points Assisted On,NA,pos,int,Assisted Points Scored,NA,NA,The total number of points scored by the player that were assisted by a teammate.,TRUE
atb3Ast,"pgps,paps",TRUE,AST,ATB3 AST,Above Break 3s Assists,Above Break 3s Assists,NA,pos,int,Above The Break 3s Assists,The total number of assists where the shooter scored an above the break 3.,NA,NA,TRUE
atb3AstP40,"pgps,paps",TRUE,AST/40,ATB3 AST/40,Above Break 3s Assists / 40 Mins,Above Break 3s Assists / 40 Mins,NA,pos,num,Above The Break 3s Assists / 40 Mins,The total number of assists per 40 minutes where the shooter scored an above the break 3.,NA,NA,TRUE
atb3AstPg,paps,TRUE,AST/G,ATB3 AST/G,Above Break 3s Assists / Game,Above Break 3s Assists / Game,NA,pos,num,Above The Break 3s Assists / Game,The total number of assists per game where the shooter scored an above the break 3.,NA,NA,TRUE
atb3AstdPct,"pgps,taps,paps,tgps",TRUE,ASTD%,ATB3 ASTD%,Above Break 3s Assisted Pct,Above Break 3s Assisted Pct,NA,pos,pct,Above The Break 3s Assisted Percentage,The percentage of shots made on above the break 3s that were assisted.,NA,NA,TRUE
atb3AvgDist,"pgps,taps,paps,tgps",TRUE,AvgDist,ATB3 Avg Dist,Avg Shot Dist on ATB 3s,Average Shot Distance on Above Break 3s,NA,neg,num,Average Shot Distance on Above Break 3s,Average shot distance of above the break 3s attempts. Shot distances are based on scorekeeper-tagged locations and may contain minor shot-location inaccuracies. Heaves (above 35 feet) are removed.,NA,NA,TRUE
atb3Drb,"taps,tgps",TRUE,DRB,ATB3 DRB,Above Break 3s Def Rebounds,Above Break 3s Defensive Rebounds,NA,pos,int,Above The Break 3s Defensive Rebounds,The total number of defensive rebounds grabbed on opponent's missed above the break 3s.,NA,NA,TRUE
atb3DrbChnc,"taps,tgps",TRUE,CHNC,ATB3 DRB CHNC,Above Break 3s Def Rebound Chances,Above Break 3s Defensive Rebound Chances,NA,pos,int,Above The Break 3s Defensive Rebound Chances,The total number of defensive rebounds chances (defensive rebounds grabbed plus opponent offensive rebounds) on opponent's missed above the break 3s.,NA,NA,TRUE
atb3DrbPct,"taps,tgps",TRUE,DRB%,ATB3 DRB%,Above Break 3s Def Rebound Pct,Above Break 3s Defensive Rebounding Percentage,NA,pos,pct,Above The Break 3s Defensive Rebounding Percentage,Percentage of the opponent's missed above the break 3s that were defensive rebounded by the team.,NA,NA,TRUE
atb3FgPct,"ppps,pgps,tpps,taps,paps,lu,tgps,oo",TRUE,FG%,ATB3 FG%,ATB 3s FG%,Above Break 3s FG%,NA,pos,pct,Above The Break 3s Field Goal Percentage,Field goal percentage on above the break 3s.,NA,NA,TRUE
atb3FgPctS01,"pgps,taps,paps,tgps",TRUE,FG%,ATB3 FG% (0-10s),ATB3 FG% (0-10s on Shot Clock),Above Break 3s FG% with 0-10 Secs on Shot Clock,NA,pos,pct,Above The Break 3s FG% with 0 - 10 Seconds Left on Shot Clock,Field goal percentage on above the break 3s taken with 0 - 10 seconds remaining on the shot clock.,NA,NA,TRUE
atb3FgPctS12,"pgps,taps,paps,tgps",TRUE,FG%,ATB3 FG% (10-20s),ATB3 FG% (10-20s on Shot Clock),Above Break 3s FG% with 10-20 Secs on Shot Clock,NA,pos,pct,Above The Break 3s FG% with 10 - 20 Seconds Left on Shot Clock,Field goal percentage on above the break 3s taken with 10 - 20 seconds remaining on the shot clock.,NA,NA,TRUE
atb3FgPctS23,"pgps,taps,paps,tgps",TRUE,FG%,ATB3 FG% (20-30s),ATB3 FG% (20-30s on Shot Clock),Above Break 3s FG% with 20-30 Secs on Shot Clock,NA,pos,pct,Above The Break 3s FG% with 20 - 30 Seconds Left on Shot Clock,Field goal percentage on above the break 3s taken with 20 - 30 seconds remaining on the shot clock.,NA,NA,TRUE
atb3Fga,"ppps,pgps,tpps,taps,paps,lu,tgps,oo",TRUE,FGA,ATB3 FGA,ATB 3s FGA,Above Break 3s FGA,NA,pos,int,Above The Break 3s Field Goal Attempts,The total number of field goal attempts on above the break 3s.,NA,NA,TRUE
atb3FgaFreq,"ppps,pgps,tpps,taps,paps,lu,tgps,oo",TRUE,FGA%,ATB3 FGA%,ATB 3s FGA%,Above Break 3s FGA%,NA,pos,pct,Above The Break 3s Field Goal Attempt Frequency,Percentage of shots taken as above the break 3s.,NA,NA,TRUE
atb3FgaFreqAllS01,"pgps,taps,paps,tgps",TRUE,FGA%,ATB3 FGA% (0-10s) A,Above Break 3s FGA% (0-10s) % All,Above Break 3s FGA% (0-10s) % of all shots,NA,pos,pct,"Above The Break 3s FGA Freq, 0 - 10 Seconds Left on Shot Clock (% of all shots)",Percentage of all shots taken that were above the break 3s with 0 - 10 seconds remaining on the shot clock.,NA,NA,TRUE
atb3FgaFreqAllS12,"pgps,taps,paps,tgps",TRUE,FGA%,ATB3 FGA% (10-20s) A,Above Break 3s FGA% (10-20s) % All,Above Break 3s FGA% (10-20s) % of all shots,NA,pos,pct,"Above The Break 3s FGA Freq, 10 - 20 Seconds Left on Shot Clock (% of all shots)",Percentage of all shots taken that were above the break 3s with 10 - 20 seconds remaining on the shot clock.,NA,NA,TRUE
atb3FgaFreqAllS23,"pgps,taps,paps,tgps",TRUE,FGA%,ATB3 FGA% (20-30s) A,Above Break 3s FGA% (20-30s) % All,Above Break 3s FGA% (20-30s) % of all shots,NA,pos,pct,"Above The Break 3s FGA Freq, 20 - 30 Seconds Left on Shot Clock (% of all shots)",Percentage of all shots taken that were above the break 3s with 20 - 30 seconds remaining on the shot clock.,NA,NA,TRUE
atb3FgaFreqClockS01,"pgps,taps,paps,tgps",TRUE,FGA%,ATB3 FGA% (0-10s) C,Above Break 3s FGA% (0-10s) % Clock,Above Break 3s FGA% (0-10s) % of 0-10s shots,NA,pos,pct,"Above The Break 3s FGA Freq, 0 - 10 Seconds Left on Shot Clock (% of 0 - 10s shots)",Percentage of all shots taken with 0 - 10 seconds remaining on the shot clock that were above the break 3s.,NA,NA,TRUE
atb3FgaFreqClockS12,"pgps,taps,paps,tgps",TRUE,FGA%,ATB3 FGA% (10-20s) C,Above Break 3sFGA% (10-20s) % Clock,Above Break 3s FGA% (10-20s) % of 10-20s shots,NA,pos,pct,"Above The Break 3s FGA Freq, 10 - 20 Seconds Left on Shot Clock (% of 10 - 20s shots)",Percentage of all shots taken with 10 - 20 seconds remaining on the shot clock that were above the break 3s.,NA,NA,TRUE
atb3FgaFreqClockS23,"pgps,taps,paps,tgps",TRUE,FGA%,ATB3 FGA% (20-30s) C,Above Break 3s FGA% (20-30s) % Clock,Above Break 3s FGA% (20-30s) % of 20-30s shots,NA,pos,pct,"Above The Break 3s FGA Freq, 20 - 30 Seconds Left on Shot Clock (% of 20 - 30s shots)",Percentage of all shots taken with 20 - 30 seconds remaining on the shot clock that were above the break 3s.,NA,NA,TRUE
atb3FgaFreqZoneS01,"pgps,taps,paps,tgps",TRUE,FGA%,ATB3 FGA% (0-10s) Z,Above Break 3s FGA% (0-10s) % ATB 3s,Above Break 3s FGA% (0-10s) % of ATB 3s,NA,pos,pct,"Above The Break 3s FGA Freq, 0 - 10 Seconds Left on Shot Clock (% of ATB 3s)",Percentage of all above the break 3s that were taken with 0 - 10 seconds remaining on the shot clock.,NA,NA,TRUE
atb3FgaFreqZoneS12,"pgps,taps,paps,tgps",TRUE,FGA%,ATB3 FGA% (10-20s) Z,Above Break 3s FGA% (10-20s) % ATB 3s,Above Break 3s FGA% (10-20s) % of ATB 3s,NA,pos,pct,"Above The Break 3s FGA Freq, 10 - 20 Seconds Left on Shot Clock (% of ATB 3s)",Percentage of all above the break 3s that were taken with 10 - 20 seconds remaining on the shot clock.,NA,NA,TRUE
atb3FgaFreqZoneS23,"pgps,taps,paps,tgps",TRUE,FGA%,ATB3 FGA% (20-30s) Z,Above Break 3s FGA% (20-30s) % ATB 3s,Above Break 3s FGA% (20-30s) % of ATB 3s,NA,pos,pct,"Above The Break 3s FGA Freq, 20 - 30 Seconds Left on Shot Clock (% of ATB 3s)",Percentage of all above the break 3s that were taken with 20 - 30 seconds remaining on the shot clock.,NA,NA,TRUE
atb3FgaP100,"taps,lu,oo",TRUE,FGA/100,ATB3 FGA/100,Above Break 3s FGA / 100,Above Break 3s FGA / 100 Poss,NA,pos,num,Above The Break 3s Field Goal Attempts / 100 Possessions,Field goal attempts on above the break 3s per 100 possessions played.,NA,NA,TRUE
atb3FgaP40,"taps,paps,lu,oo",TRUE,FGA/40,ATB3 FGA/40,Above Break 3s FGA / 40,Above Break 3s FGA / 40 Mins,NA,pos,num,Above The Break 3s Field Goal Attempts / 40 Minutes,Field goal attempts on above the break 3s per 40 minutes played.,NA,NA,TRUE
atb3FgaPg,"taps,paps",TRUE,FGA/G,ATB3 FGA/G,Above Break 3s FGA / Game,Above Break 3s FGA / Game,NA,pos,num,Above The Break 3s Field Goal Attempts / Game,Field goal attempts on above the break 3s per game.,NA,NA,TRUE
atb3FgaS01,"pgps,taps,paps,tgps",TRUE,FGA,ATB3 FGA (0-10s),Above Break 3s FGA (0-10s),Above Break 3s FGAs with 0-10 Secs on Shot Clock,NA,pos,int,Above Break 3s FGAs with 0 - 10 Seconds Left on Shot Clock,The total number of field goal attempts on above the break 3s taken with 0 - 10 seconds remaining on the shot clock.,NA,NA,TRUE
atb3FgaS12,"pgps,taps,paps,tgps",TRUE,FGA,ATB3 FGA (10-20s),Above Break 3s FGA (10-20s),Above Break 3s FGAs with 10-20 Secs on Shot Clock,NA,pos,int,Above Break 3s FGAs with 10 - 20 Seconds Left on Shot Clock,The total number of field goal attempts on above the break 3s taken with 10 - 20 seconds remaining on the shot clock.,NA,NA,TRUE
atb3FgaS23,"pgps,taps,paps,tgps",TRUE,FGA,ATB3 FGA (20-30s),Above Break 3s FGA (20-30s),Above Break 3s FGAs with 20-30 Secs on Shot Clock,NA,pos,int,Above Break 3s FGAs with 20 - 30 Seconds Left on Shot Clock,The total number of field goal attempts on above the break 3s taken with 20 - 30 seconds remaining on the shot clock.,NA,NA,TRUE
atb3Fgm,"ppps,pgps,tpps,taps,paps,lu,tgps,oo",TRUE,FGM,ATB3 FGM,Above Break 3s FGM,Above Break 3s FGM,NA,pos,int,Above The Break 3s Field Goals Made,The total number of field goals made on above the break 3s.,NA,NA,TRUE
atb3FgmA,"pgps,taps,paps,tgps",TRUE,aFGM,ATB3 aFGM,Assisted Above Break 3s,Assisted Above Break 3s,NA,pos,int,Assisted Above The Break 3s,NA,The total number of assisted above the break 3s made by the team.,The total number of assisted above the break 3s made by the player.,TRUE
atb3FgmAP100,taps,TRUE,aFGM/100,ATB3 aFGM/100,Assisted Above Break 3s / 100 Poss,Assisted Above Break 3s / 100 Poss,NA,pos,num,Assisted Above The Break 3s / 100 Possessions,NA,"The number of assisted above the break 3s made by the team, per 100 possessions played.","The number of assisted above the break 3s made by the player, per 100 possessions played.",TRUE
atb3FgmAP40,"taps,paps",TRUE,aFGM/40,ATB3 aFGM/40,Assisted Above Break 3s / 40 Mins,Assisted Above Break 3s / 40 Mins,NA,pos,num,Assisted Above The Break 3s / 40 Minutes,NA,"The number of assisted above the break 3s made by the team, per 40 minutes played.","The number of assisted above the break 3s made by the player, per 40 minutes played.",TRUE
atb3FgmAPg,"taps,paps",TRUE,aFGM/G,ATB3 aFGM/G,Assisted Above Break 3s / Game,Assisted Above Break 3s / Game,NA,pos,num,Assisted Above The Break 3s / Game,NA,"The number of assisted above the break 3s made by the team, per game.","The number of assisted above the break 3s made by the player, per game.",TRUE
atb3FgmS01,"pgps,taps,paps,tgps",TRUE,FGM,ATB3 FGM (0-10s),Above Break 3s FGM (0-10s),Above Break 3s FGMs with 0-10 Secs on Shot Clock,NA,pos,int,Above Break 3s FGMs with 0 - 10 Seconds Left on Shot Clock,The total number of field goals made on above the break 3s taken with 0 - 10 seconds remaining on the shot clock.,NA,NA,TRUE
atb3FgmS12,"pgps,taps,paps,tgps",TRUE,FGM,ATB3 FGM (10-20s),Above Break 3s FGM (10-20s),Above Break 3s FGMs with 10-20 Secs on Shot Clock,NA,pos,int,Above Break 3s FGMs with 10 - 20 Seconds Left on Shot Clock,The total number of field goals made on above the break 3s taken with 10 - 20 seconds remaining on the shot clock.,NA,NA,TRUE
atb3FgmS23,"pgps,taps,paps,tgps",TRUE,FGM,ATB3 FGM (20-30s),Above Break 3s FGM (20-30s),Above Break 3s FGMs with 20-30 Secs on Shot Clock,NA,pos,int,Above Break 3s FGMs with 20 - 30 Seconds Left on Shot Clock,The total number of field goals made on above the break 3s taken with 20 - 30 seconds remaining on the shot clock.,NA,NA,TRUE
atb3FgmU,"pgps,taps,paps,tgps",TRUE,uFGM,ATB3 uFGM,NA,NA,NA,pos,int,NA,NA,NA,NA,TRUE
atb3Orb,"taps,tgps",TRUE,ORB,ATB3 ORB,Above Break 3s Off Rebounds,Above Break 3s Offensive Rebounds,NA,pos,int,Above The Break 3s Offensive Rebounds,The total number of offensive rebounds grabbed on the team's missed above the break 3s.,NA,NA,TRUE
atb3OrbChnc,"taps,tgps",TRUE,CHNC,ATB3 ORB CHNC,Above Break 3s Off Rebound Chances,Above Break 3s Offensive Rebound Chances,NA,pos,int,Above The Break 3s Offensive Rebound Chances,The total number of offensive rebounds chances (offensive rebounds grabbed plus opponent defensive rebounds) on the team's missed above the break 3s.,NA,NA,TRUE
atb3OrbPct,"taps,tgps",TRUE,ORB%,ATB3 ORB%,Above Break 3s Off Rebound Pct,Above Break 3s Offensive Rebounding Percentage,NA,pos,pct,Above The Break 3s Offensive Rebounding Percentage,Percentage of the team's missed above the break 3s that were offensive rebounded by the team.,NA,NA,TRUE
atb3Reb,"taps,tgps",TRUE,REB,ATB3 REB,Above Break 3s Rebounds,Above Break 3s Rebounds,NA,pos,int,Above The Break 3s Rebounds,The total number of rebounds grabbed on the team's and opponent's missed above the break 3s.,NA,NA,TRUE
atb3RebChnc,"taps,tgps",TRUE,CHNC,ATB3 REB CHNC,Above Break 3s Rebound Chances,Above Break 3s Rebound Chances,NA,pos,int,Above The Break 3s Rebound Chances,The total number of rebounds chances (rebounds grabbed plus opponent rebounds) on the team's and opponent's missed above the break 3s.,NA,NA,TRUE
atb3RebPct,"taps,tgps",TRUE,REB%,ATB3 REB%,Above Break 3s Rebound Pct,Above Break 3s Rebounding Percentage,NA,pos,pct,Above The Break 3s Rebounding Percentage,Percentage of the team's and opponent's missed above the break 3s that were rebounded by the team.,NA,NA,TRUE
atb3ShotDists,"pgps,taps,paps,tgps",TRUE,SumDist,ATB Sum of Dist,Sum of Shot Dist on ATB 3s,Sum of All Shot Distances on Above Break 3s,NA,pos,num,Sum of All Shot Distances on Above Break 3s,Sum of shot distances for all above the break 3s attempted.,NA,NA,TRUE
atr2Ast,"pgps,paps",TRUE,AST,ATR2 AST,At Rim Assists,At The Rim Assists,NA,pos,int,At The Rim Assists,"The total number of assists where the shooter scored at the rim, within 4.5 feet of the basket.",NA,NA,TRUE
atr2AstP40,"pgps,paps",TRUE,AST/40,ATR2 AST/40,At Rim Assists / 40 Mins,At The Rim Assists / 40 Mins,NA,pos,num,At The Rim Assists / 40 Mins,"The total number of assists per 40 minutes where the shooter scored at the rim, within 4.5 feet of the basket.",NA,NA,TRUE
atr2AstPg,paps,TRUE,AST/G,ATR2 AST/G,At Rim Assists / Game,At The Rim Assists / Game,NA,pos,num,At The Rim Assists / Game,"The total number of assists per game where the shooter scored at the rim, within 4.5 feet of the basket.",NA,NA,TRUE
atr2AstdPct,"pgps,taps,paps,tgps",TRUE,ASTD%,ATR2 ASTD%,At Rim Assisted Pct,At The Rim Assisted Pct,NA,pos,pct,At The Rim Assisted Percentage,"The percentage of shots made at the rim that were assisted, within 4.5 feet of the basket.",NA,NA,TRUE
atr2Drb,"taps,tgps",TRUE,DRB,ATR2 DRB,At Rim Def Rebounds,At The Rim Defensive Rebounds,NA,pos,int,At The Rim Defensive Rebounds,The total number of defensive rebounds grabbed on opponent's missed shots at the rim.,NA,NA,TRUE
atr2DrbChnc,"taps,tgps",TRUE,CHNC,ATR2 DRB CHNC,At Rim Def Rebound Chances,At The Rim Defensive Rebound Chances,NA,pos,int,At The Rim Defensive Rebound Chances,The total number of defensive rebounds chances (defensive rebounds grabbed plus opponent offensive rebounds) on opponent's missed shots at the rim.,NA,NA,TRUE
atr2DrbPct,"taps,tgps",TRUE,DRB%,ATR2 DRB%,At Rim Def Rebound Pct,At The Rim Defensive Rebounding Percentage,NA,pos,pct,At The Rim Defensive Rebounding Percentage,Percentage of the opponent's missed shots at the rim that were defensive rebounded by the team.,NA,NA,TRUE
atr2FgPct,"ppps,pgps,tpps,taps,paps,lu,tgps,oo",TRUE,FG%,ATR2 FG%,At Rim FG%,At The Rim FG%,NA,pos,pct,At The Rim Field Goal Percentage,"Field goal percentage at the rim, within 4.5 feet of the basket.",NA,NA,TRUE
atr2FgPctS01,"pgps,taps,paps,tgps",TRUE,FG%,ATR2 FG% (0-10s),At Rim FG% (0-10s on Shot Clock),At The Rim FG% with 0-10 Secs on Shot Clock,NA,pos,pct,At The Rim FG% with 0-10 Secs on Shot Clock,Field goal percentage on shots taken at the rim with 0 - 10 seconds remaining on the shot clock.,NA,NA,TRUE
atr2FgPctS12,"pgps,taps,paps,tgps",TRUE,FG%,ATR2 FG% (10-20s),At Rim FG% (10-20s on Shot Clock),At The Rim FG% with 10-20 Secs on Shot Clock,NA,pos,pct,At The Rim FG% with 10-20 Secs on Shot Clock,Field goal percentage on shots taken at the rim with 10 - 20 seconds remaining on the shot clock.,NA,NA,TRUE
atr2FgPctS23,"pgps,taps,paps,tgps",TRUE,FG%,ATR2 FG% (20-30s),At Rim FG% (20-30s on Shot Clock),At The Rim FG% with 20-30 Secs on Shot Clock,NA,pos,pct,At The Rim FG% with 20-30 Secs on Shot Clock,Field goal percentage on shots taken at the rim with 20 - 30 seconds remaining on the shot clock.,NA,NA,TRUE
atr2Fga,"ppps,pgps,tpps,taps,paps,lu,tgps,oo",TRUE,FGA,ATR2 FGA,At Rim FGA,At The Rim FGA,NA,pos,int,At The Rim Field Goal Attempts,"Field goal attempts at the rim, within 4.5 feet of the basket.",NA,NA,TRUE
atr2FgaFreq,"ppps,pgps,tpps,taps,paps,lu,tgps,oo",TRUE,FGA%,ATR2 FGA%,At Rim FGA%,At The Rim FGA%,NA,pos,pct,At The Rim Field Goal Attempt Frequency,"Percentage of shots taken at the rim, within 4.5 feet of the basket.",NA,NA,TRUE
atr2FgaFreqAllS01,"pgps,taps,paps,tgps",TRUE,FGA%,ATR2 FGA% (0-10s) A,At Rim FGA% (0-10s) % All,At The Rim FGA% (0-10s) % of all shots,NA,pos,pct,"At The Rim FGA Freq, 0 - 10 Seconds Left on Shot Clock (% of all shots)",Percentage of all shots taken that were at the rim with 0 - 10 seconds remaining on the shot clock.,NA,NA,TRUE
atr2FgaFreqAllS12,"pgps,taps,paps,tgps",TRUE,FGA%,ATR2 FGA% (10-20s) A,At Rim FGA% (10-20s) % All,At The Rim FGA% (10-20s) % of all shots,NA,pos,pct,"At The Rim FGA Freq, 10 - 20 Seconds Left on Shot Clock (% of all shots)",Percentage of all shots taken that were at the rim with 10 - 20 seconds remaining on the shot clock.,NA,NA,TRUE
atr2FgaFreqAllS23,"pgps,taps,paps,tgps",TRUE,FGA%,ATR2 FGA% (20-30s) A,At Rim FGA% (20-30s) % All,At The Rim FGA% (20-30s) % of all shots,NA,pos,pct,"At The Rim FGA Freq, 20 - 30 Seconds Left on Shot Clock (% of all shots)",Percentage of all shots taken that were at the rim with 20 - 30 seconds remaining on the shot clock.,NA,NA,TRUE
atr2FgaFreqClockS01,"pgps,taps,paps,tgps",TRUE,FGA%,ATR2 FGA% (0-10s) C,At Rim FGA% (0-10s) % Clock,At The Rim FGA% (0-10s) % of 0-10s shots,NA,pos,pct,"At The Rim FGA Freq, 0 - 10 Seconds Left on Shot Clock (% of 0 - 10s shots)",Percentage of all shots taken with 0 - 10 seconds remaining on the shot clock that were at the rim.,NA,NA,TRUE
atr2FgaFreqClockS12,"pgps,taps,paps,tgps",TRUE,FGA%,ATR2 FGA% (10-20s) C,At Rim FGA% (10-20s) % Clock,At The Rim FGA% (10-20s) % of 10-20s shots,NA,pos,pct,"At The Rim FGA Freq, 10 - 20 Seconds Left on Shot Clock (% of 10 - 20s shots)",Percentage of all shots taken with 10 - 20 seconds remaining on the shot clock that were at the rim.,NA,NA,TRUE
atr2FgaFreqClockS23,"pgps,taps,paps,tgps",TRUE,FGA%,ATR2 FGA% (20-30s) C,At Rim FGA% (20-30s) % Clock,At The Rim FGA% (20-30s) % of 20-30s shots,NA,pos,pct,"At The Rim FGA Freq, 20 - 30 Seconds Left on Shot Clock (% of 20 - 30s shots)",Percentage of all shots taken with 20 - 30 seconds remaining on the shot clock that were at the rim.,NA,NA,TRUE
atr2FgaFreqZoneS01,"pgps,taps,paps,tgps",TRUE,FGA%,ATR2 FGA% (0-10s) Z,At Rim FGA% (0-10s) % ATR,At The Rim FGA% (0-10s) % of ATR,NA,pos,pct,"At The Rim FGA Freq, 0 - 10 Seconds Left on Shot Clock (% of ATR)",Percentage of all shots at the rim that were taken with 0 - 10 seconds remaining on the shot clock.,NA,NA,TRUE
atr2FgaFreqZoneS12,"pgps,taps,paps,tgps",TRUE,FGA%,ATR2 FGA% (10-20s) Z,At Rim FGA% (10-20s) % ATR,At The Rim FGA% (10-20s) % of ATR,NA,pos,pct,"At The Rim FGA Freq, 10 - 20 Seconds Left on Shot Clock (% of ATR)",Percentage of all shots at the rim that were taken with 10 - 20 seconds remaining on the shot clock.,NA,NA,TRUE
atr2FgaFreqZoneS23,"pgps,taps,paps,tgps",TRUE,FGA%,ATR2 FGA% (20-30s) Z,At Rim FGA% (20-30s) % ATR,At The Rim FGA% (20-30s) % of ATR,NA,pos,pct,"At The Rim FGA Freq, 20 - 30 Seconds Left on Shot Clock (% of ATR)",Percentage of all shots at the rim that were taken with 20 - 30 seconds remaining on the shot clock.,NA,NA,TRUE
atr2FgaP100,"taps,lu,oo",TRUE,FGA/100,ATR2 FGA/100,At Rim FGA / 100,At The Rim FGA / 100 Poss,NA,pos,num,At The Rim Field Goal Attempts / 100 Possessions,Field goal attempts at the rim (within 4.5 feet of the basket) per 100 possessions played.,NA,NA,TRUE
atr2FgaP40,"taps,paps,lu,oo",TRUE,FGA/40,ATR2 FGA/40,At Rim FGA / 40,At The Rim FGA / 40 Mins,NA,pos,num,At The Rim Field Goal Attempts / 40 Minutes,Field goal attempts at the rim (within 4.5 feet of the basket) per 40 minutes played.,NA,NA,TRUE
atr2FgaPg,"taps,paps",TRUE,FGA/G,ATR2 FGA/G,At Rim FGA / Game,At The Rim FGA / Game,NA,pos,num,At The Rim Field Goal Attempts / Game,Field goal attempts at the rim (within 4.5 feet of the basket) per game.,NA,NA,TRUE
atr2FgaS01,"pgps,taps,paps,tgps",TRUE,FGA,ATR2 FGA (0-10s),At Rim FGA (0-10s),At The Rim FGAs with 0-10 Secs on Shot Clock,NA,pos,int,At The Rim FGAs with 0 - 10 Seconds Left on Shot Clock,The total number of field goal attempts at the rim taken with 0 - 10 seconds remaining on the shot clock.,NA,NA,TRUE
atr2FgaS12,"pgps,taps,paps,tgps",TRUE,FGA,ATR2 FGA (10-20s),At Rim FGA (10-20s),At The Rim FGAs with 10-20 Secs on Shot Clock,NA,pos,int,At The Rim FGAs with 10 - 20 Seconds Left on Shot Clock,The total number of field goal attempts at the rim taken with 10 - 20 seconds remaining on the shot clock.,NA,NA,TRUE
atr2FgaS23,"pgps,taps,paps,tgps",TRUE,FGA,ATR2 FGA (20-30s),At Rim FGA (20-30s),At The Rim FGAs with 20-30 Secs on Shot Clock,NA,pos,int,At The Rim FGAs with 20 - 30 Seconds Left on Shot Clock,The total number of field goal attempts at the rim taken with 20 - 30 seconds remaining on the shot clock.,NA,NA,TRUE
atr2Fgm,"ppps,pgps,tpps,taps,paps,lu,tgps,oo",TRUE,FGM,ATR2 FGM,At Rim FGM,At The Rim FGM,NA,pos,int,At The Rim Field Goals Made,Field goals made at the rim (within 4.5 feet of the basket).,NA,NA,TRUE
atr2FgmA,"pgps,taps,paps,tgps",TRUE,aFGM,ATR2 aFGM,Assisted Shots At Rim,Assisted Shots At Rim,NA,pos,int,Assisted Shots At Rim,NA,The total number of assisted shots at the rim made by the team.,The total number of assisted shots at the rim made by the player.,TRUE
atr2FgmAP100,taps,TRUE,aFGM/100,ATR2 aFGM/100,Assisted Shots At Rim / 100 Poss,Assisted Shots At Rim / 100 Poss,NA,pos,num,Assisted Shots At Rim / 100 Possessions,NA,"The number of assisted shots at the rim (within 4.5 feet of the basket) made by the team, per 100 possessions played.","The number of assisted shots at the rim made by the player, per 100 possessions played.",TRUE
atr2FgmAP40,"taps,paps",TRUE,aFGM/40,ATR2 aFGM/40,Assisted Shots At Rim / 40 Mins,Assisted Shots At Rim / 40 Mins,NA,pos,num,Assisted Shots At Rim / 40 Minutes,NA,"The number of assisted shots at the rim (within 4.5 feet of the basket) made by the team, per 40 minutes played.","The number of assisted shots at the rim made by the player, per 40 minutes played.",TRUE
atr2FgmAPg,"taps,paps",TRUE,aFGM/G,ATR2 aFGM/G,Assisted Shots At Rim / Game,Assisted Shots At Rim / Game,NA,pos,num,Assisted Shots At Rim / Game,NA,"The number of assisted shots at the rim (within 4.5 feet of the basket) made by the team, per game.","The number of assisted shots at the rim made by the player, per game.",TRUE
atr2FgmS01,"pgps,taps,paps,tgps",TRUE,FGM,ATR2 FGM (0-10s),At Rim FGM (0-10s),At The Rim FGMs with 0-10 Secs on Shot Clock,NA,pos,int,At The Rim FGMs with 0 - 10 Seconds Left on Shot Clock,The total number of field goals made at the rim taken with 0 - 10 seconds remaining on the shot clock.,NA,NA,TRUE
atr2FgmS12,"pgps,taps,paps,tgps",TRUE,FGM,ATR2 FGM (10-20s),At Rim FGM (10-20s),At The Rim FGMs with 10-20 Secs on Shot Clock,NA,pos,int,At The Rim FGMs with 10 - 20 Seconds Left on Shot Clock,The total number of field goals made at the rim taken with 10 - 20 seconds remaining on the shot clock.,NA,NA,TRUE
atr2FgmS23,"pgps,taps,paps,tgps",TRUE,FGM,ATR2 FGM (20-30s),At Rim FGM (20-30s),At The Rim FGMs with 20-30 Secs on Shot Clock,NA,pos,int,At The Rim FGMs with 20 - 30 Seconds Left on Shot Clock,The total number of field goals made at the rim taken with 20 - 30 seconds remaining on the shot clock.,NA,NA,TRUE
atr2FgmU,"pgps,taps,paps,tgps",TRUE,uFGM,ATR2 uFGM,Unassisted Shots At Rim,Unassisted Shots At Rim,NA,pos,int,Unassisted Shots At Rim,NA,The total number of unassisted shots at the rim (within 4.5 feet of the basket) made by the team.,The total number of unassisted shots at the rim made by the player.,TRUE
atr2FgmUP100,taps,TRUE,uFGM/100,ATR2 uFGM/100,Unassisted Shots At Rim / 100 Poss,Unassisted Shots At Rim / 100 Poss,NA,pos,num,Unassisted Shots At Rim / 100 Possessions,NA,"The number of unassisted shots at the rim (within 4.5 feet of the basket) made by the team, per 100 possessions played.","The number of unassisted shots at the rim made by the player, per 100 possessions played.",TRUE
atr2FgmUP40,"taps,paps",TRUE,uFGM/40,ATR2 uFGM/40,Unassisted Shots At Rim / 40 Mins,Unassisted Shots At Rim / 40 Mins,NA,pos,num,Unassisted Shots At Rim / 40 Minutes,NA,"The number of unassisted shots at the rim (within 4.5 feet of the basket) made by the team, per 40 minutes played.","The number of unassisted shots at the rim made by the player, per 40 minutes played.",TRUE
atr2FgmUPg,"taps,paps",TRUE,uFGM/G,ATR2 uFGM/G,Unassisted Shots At Rim / Game,Unassisted Shots At Rim / Game,NA,pos,num,Unassisted Shots At Rim / Game,NA,"The number of unassisted shots at the rim (within 4.5 feet of the basket) made by the team, per game.","The number of unassisted shots at the rim made by the player, per game.",TRUE
atr2Orb,"taps,tgps",TRUE,ORB,ATR2 ORB,At Rim Off Rebounds,At The Rim Offensive Rebounds,NA,pos,int,At The Rim Offensive Rebounds,The total number of offensive rebounds grabbed on the team's missed shots at the rim.,NA,NA,TRUE
atr2OrbChnc,"taps,tgps",TRUE,CHNC,ATR2 ORB CHNC,At Rim Off Rebound Chances,At The Rim Offensive Rebound Chances,NA,pos,int,At The Rim Offensive Rebound Chances,The total number of offensive rebounds chances (offensive rebounds grabbed plus opponent defensive rebounds) on the team's missed shots at the rim.,NA,NA,TRUE
atr2OrbPct,"taps,tgps",TRUE,ORB%,ATR2 ORB%,At Rim Off Rebound Pct,At The Rim Offensive Rebounding Percentage,NA,pos,pct,At The Rim Offensive Rebounding Percentage,Percentage of the team's missed shots at the rim that were offensive rebounded by the team.,NA,NA,TRUE
atr2Reb,"taps,tgps",TRUE,REB,ATR2 REB,At Rim Rebounds,At The Rim Rebounds,NA,pos,int,At The Rim Rebounds,The total number of rebounds grabbed on the team's and opponent's missed shots at the rim.,NA,NA,TRUE
atr2RebChnc,"taps,tgps",TRUE,CHNC,ATR2 REB CHNC,At Rim Rebound Chances,At The Rim Rebound Chances,NA,pos,int,At The Rim Rebound Chances,The total number of rebounds chances (rebounds grabbed plus opponent rebounds) on the team's and opponent's missed shots at the rim.,NA,NA,TRUE
atr2RebPct,"taps,tgps",TRUE,REB%,ATR2 REB%,At Rim Rebound Pct,At The Rim Rebounding Percentage,NA,pos,pct,At The Rim Rebounding Percentage,Percentage of the team's and opponent's missed shots at the rim that were rebounded by the team.,NA,NA,TRUE
avgPoss,gfl,TRUE,NA,NA,NA,NA,NA,NA,NA,NA,NA,NA,NA,FALSE
awayId,"tpcs,tgs,tssc,tgcs,tps",FALSE,NA,NA,NA,NA,NA,NA,NA,NA,NA,NA,NA,FALSE
behindHoopFgPct,"pgps,taps,paps,tgps",TRUE,FG%,BH FG%,Behind The Hoop FG%,Behind The Hoop FG%,NA,pos,pct,Behind The Hoop Field Goal Percentage,Field goal percentage on shots taken behind the hoop.,NA,NA,TRUE
behindHoopFga,"pgps,taps,paps,tgps",TRUE,FGA,BH FGA,Behind The Hoop FGA,Behind The Hoop FGA,NA,pos,int,Behind The Hoop Field Goal Attempts,Field goal attempts taken behind the hoop.,NA,NA,TRUE
behindHoopFgaFreq,"pgps,taps,paps,tgps",TRUE,FGA%,BH FGA%,Behind The Hoop FGA%,Behind The Hoop FGA%,NA,pos,pct,Behind The Hoop Field Goal Attempt Frequency,Percentage of shots taken behind the hoop.,NA,NA,TRUE
behindHoopFgaP100,taps,TRUE,FGA/100,BH FGA/100,Behind The Hoop FGA / 100 Poss,Behind The Hoop FGA / 100 Poss,NA,pos,num,Behind The Hoop Field Goal Attempts / 100 Possessions,Field goal attempts taken behind the hoop per 100 possessions played.,NA,NA,TRUE
behindHoopFgaP40,"taps,paps",TRUE,FGA/40,BH FGA/40,Behind The Hoop FGA / 40 Mins,Behind The Hoop FGA / 40 Mins,NA,pos,num,Behind The Hoop Field Goal Attempts / 40 Minutes,Field goal attempts taken behind the hoop per 40 minutes played.,NA,NA,TRUE
behindHoopFgaPg,"taps,paps",TRUE,FGA/G,BH FGA/G,Behind The Hoop FGA / Game,Behind The Hoop FGA / Game,NA,pos,num,Behind The Hoop Field Goal Attempts / Game,Field goal attempts taken behind the hoop per game.,NA,NA,TRUE
behindHoopFgm,"pgps,taps,paps,tgps",TRUE,FGM,BH FGM,Behind The Hoop FGM,Behind The Hoop FGM,NA,pos,int,Behind The Hoop Field Goals Made,Field goals made on shots taken behind the hoop.,NA,NA,TRUE
benchPts,"tpcs,tgs,tas,tgcs,tps",TRUE,BENCH,BENCH,Bench Points,Bench Points,NA,pos,int,Bench Points,The total number of bench points.,NA,NA,TRUE
benchPtsP100,tas,TRUE,BENCH/100,BENCH/100,Bench / 100 Poss,Bench Points / 100 Poss,NA,pos,num,Bench Points / 100 Poss,An estimate of the number of bench points per 100 possessions played.,NA,NA,TRUE
benchPtsP40,tas,TRUE,BENCH/40,BENCH/40,Bench / 40 Mins,Bench Points / 40 Mins,NA,pos,num,Bench Points / 40 Mins,The number of bench points per 40 minutes played.,NA,NA,TRUE
benchPtsPg,tas,TRUE,BENCH/G,BENCH/G,Bench / Game,Bench Points / Game,NA,pos,num,Bench Points / Game,The number of bench points per game.,NA,NA,TRUE
biggestLead,"tgs,tps",TRUE,Largest Lead,Largest Lead,Largest Lead,Largest Lead,NA,pos,int,Largest Lead,The largest point difference by which a team was ahead at any point during the game.,NA,NA,TRUE
biggestLeadAgst,"tgs,tps",TRUE,Largest Deficit,Largest Deficit,Largest Deficit,Largest Deficit,NA,neg,int,Largest Deficit,The largest point difference by which a team was trailing at any point during the game.,NA,NA,TRUE
biggestLeadScore,"tgs,tps",TRUE,Largest Margin,Largest Score Margin,Largest Score Margin,Largest Score Margin,NA,pos,txt,Largest Score Margin,The score at the moment when a team had its largest lead in the game.,NA,NA,TRUE
biggestRun,"tgs,tps",TRUE,Longest Run,Longest Scoring Run,Longest Scoring Run,Longest Scoring Run,NA,pos,int,Longest Scoring Run,The longest sequence of consecutive points scored by a team without the opposing team scoring.,NA,NA,TRUE
biggestRunAgst,"tgs,tps",TRUE,NA,NA,NA,NA,NA,NA,NA,NA,NA,NA,NA,FALSE
biggestRunScore,"tgs,tps",TRUE,Longest Run Score,Longest Scoring Run Score,Longest Scoring Run Score,Longest Scoring Run Score,NA,pos,txt,Longest Scoring Run Score,The score at the moment when a team had its longest scoring run in the game.,NA,NA,TRUE
blk,"pps,pgps,tpcs,tgs,pas,tssc,tas,tgcs,tps,pgs,taps,paps,tass,lu,tgps,oo",TRUE,BLK,BLK,Blocks,Blocks,NA,pos,int,Blocks,The total number of blocks.,NA,NA,TRUE
blk2,"pgps,taps,paps,tgps",TRUE,BLK2,BLK2,Blocks on 2s,Blocks on 2s,NA,pos,int,Blocks on 2s,NA,The total number of blocks by the team on opposing 2P shot attempts.,The total number of blocks by the player on opposing 2P shot attempts.,TRUE
blk2P100,taps,TRUE,BLK2/100,BLK2/100,Blocks on 2s / 100 Poss,Blocks on 2s / 100 Poss,NA,pos,num,Blocks on 2s / 100 Poss,NA,"The number of blocks by the team on opposing 2P shot attempts, per 100 possessions played.","The number of blocks by the player on opposing 2P shot attempts, per 100 possessions played.",TRUE
blk2P40,"taps,paps",TRUE,BLK2/40,BLK2/40,Blocks on 2s / 40 Mins,Blocks on 2s / 40 Mins,NA,pos,num,Blocks on 2s / 40 Mins,NA,"The number of blocks by the team on opposing 2P shot attempts, per 40 minutes played.","The number of blocks by the player on opposing 2P shot attempts, per 40 minutes played.",TRUE
blk2Pg,"taps,paps",TRUE,BLK2/G,BLK2/G,Blocks on 2s / Game,Blocks on 2s / Game,NA,pos,num,Blocks on 2s / Game,NA,"The number of blocks by the team on opposing 2P shot attempts, per game.","The number of blocks by the player on opposing 2P shot attempts, per game.",TRUE
blk3,"pgps,taps,paps,tgps",TRUE,BLK3,BLK3,Blocks on 3s,Blocks on 3s,NA,pos,int,Blocks on 3s,NA,The total number of blocks by the team on opposing 3P shot attempts.,The total number of blocks by the player on opposing 3P shot attempts.,TRUE
blk3P100,taps,TRUE,BLK3/100,BLK3/100,Blocks on 3s / 100 Poss,Blocks on 3s / 100 Poss,NA,pos,num,Blocks on 3s / 100 Poss,NA,"The number of blocks by the team on opposing 3P shot attempts, per 100 possessions played.","The number of blocks by the player on opposing 3P shot attempts, per 100 possessions played.",TRUE
blk3P40,"taps,paps",TRUE,BLK3/40,BLK3/40,Blocks on 3s / 40 Mins,Blocks on 3s / 40 Mins,NA,pos,num,Blocks on 3s / 40 Mins,NA,"The number of blocks by the team on opposing 3P shot attempts, per 40 minutes played.","The number of blocks by the player on opposing 3P shot attempts, per 40 minutes played.",TRUE
blk3Pg,"taps,paps",TRUE,BLK3/G,BLK3/G,Blocks on 3s / Game,Blocks on 3s / Game,NA,pos,num,Blocks on 3s / Game,NA,"The number of blocks by the team on opposing 3P shot attempts, per game.","The number of blocks by the player on opposing 3P shot attempts, per game.",TRUE
blkAgst,tssc,TRUE,BLK,BLK AGST,Opponent Blocks,Opponent Blocks,NA,neg,int,Opponent Blocks,The total number of blocks by the opponent.,NA,NA,TRUE
blkP100,"tas,taps,lu,oo",TRUE,BLK/100,BLK/100,Blocks / 100 Poss,Blocks / 100 Poss,NA,pos,num,Blocks / 100 Poss,An estimate of the number of blocks per 100 possessions played.,NA,NA,TRUE
blkP40,"pas,tas,taps,paps,lu,oo",TRUE,BLK/40,BLK/40,Blocks / 40 Mins,Blocks / 40 Mins,NA,pos,num,Blocks / 40 Mins,The number of blocks per 40 minutes played.,NA,NA,TRUE
blkPct,"pps,tpcs,tgs,pas,tas,tgcs,tps,pgs,lu,oo",TRUE,BLK%,BLK%,Block Pct,Block Percentage,Percentage of opponent 2PMs blocked,pos,pct,Block Percentage,NA,Percentage of the opponent's two-point field goal attempts blocked by the team.,An estimate of the percentage of opponent two-point field goal attempts blocked by the player while he was on the floor.,TRUE
blkPerPf,"pps,tpcs,tgs,pas,tas,tgcs,tps,pgs,lu,oo",TRUE,BLK/PF,BLK/PF,Blocks / PF,Blocks / Personal Foul,NA,pos,ratio,Blocks Per Personal Foul,NA,The ratio of blocks to personal fouls committed by the team.,The ratio of blocks to personal fouls committed by the player.,TRUE
blkPg,"pas,tas,taps,paps",TRUE,BLK/G,BLK/G,Blocks / Game,Blocks / Game,NA,pos,num,Blocks / Game,The number of blocks per game.,NA,NA,TRUE
blkd,"pps,tpcs,tgs,pas,tas,tgcs,tps,pgs",TRUE,BLKD,BLKD,Blocked,Blocked,NA,neg,int,Blocked,The total number of times blocked.,NA,NA,TRUE
blkdP100,tas,TRUE,BLKD/100,BLKD/100,Blocked / 100 Poss,Blocked / 100 Poss,NA,neg,num,Blocked / 100 Poss,An estimate of the number of times blocked per 100 possessions played.,NA,NA,TRUE
blkdP40,"pas,tas",TRUE,BLKD/40,BLKD/40,Blocked / 40 Mins,Blocked / 40 Mins,NA,neg,num,Blocked / 40 Mins,The number of times blocked per 40 minutes played.,NA,NA,TRUE
blkdPerFga,pas,TRUE,BLKD/FGA,BLKD/FGA,Blocked / FGA,Blocked / FGA,NA,pos,ratio,Blocked / FGA,NA,NA,The ratio of shots blocked to field goal attempts by the player.,TRUE
blkdPg,"pas,tas",TRUE,BLKD/G,BLKD/G,Blocked / Game,Blocked / Game,NA,neg,num,Blocked / Game,The number of times blocked per game.,NA,NA,TRUE
c3Ast,"pgps,paps",TRUE,AST,C3 AST,Corner 3s Assists,Corner 3s Assists,NA,pos,int,Corner 3s Assists,The total number of assists where the shooter scored a corner 3.,NA,NA,TRUE
c3AstP40,"pgps,paps",TRUE,AST/40,C3 AST/40,Corner 3s Assists / 40 Mins,Corner 3s Assists / 40 Mins,NA,pos,num,Corner 3s Assists / 40 Mins,The total number of assists per 40 minutes where the shooter scored a corner 3.,NA,NA,TRUE
c3AstPg,paps,TRUE,AST/G,C3 AST/G,Corner 3s Assists / Game,Corner 3s Assists / Game,NA,pos,num,Corner 3s Assists / Game,The total number of assists per game where the shooter scored a corner 3.,NA,NA,TRUE
c3AstdPct,"pgps,taps,paps,tgps",TRUE,ASTD%,C3 ASTD%,Corner 3s Assisted Pct,Corner 3s Assisted Pct,NA,pos,pct,Corner 3s Assisted Percentage,The percentage of shots made on corner 3s that were assisted.,NA,NA,TRUE
c3Drb,"taps,tgps",TRUE,DRB,C3 DRB,Corner 3s Def Rebounds,Corner 3s Defensive Rebounds,NA,pos,int,Corner 3s Defensive Rebounds,The total number of defensive rebounds grabbed on opponent's missed corner 3s.,NA,NA,TRUE
c3DrbChnc,"taps,tgps",TRUE,CHNC,C3 DRB CHNC,Corner 3s Def Rebound Chances,Corner 3s Defensive Rebound Chances,NA,pos,int,Corner 3s Defensive Rebound Chances,The total number of defensive rebounds chances (defensive rebounds grabbed plus opponent offensive rebounds) on opponent's missed corner 3s.,NA,NA,TRUE
c3DrbPct,"taps,tgps",TRUE,DRB%,C3 DRB%,Corner 3s Def Rebound Pct,Corner 3s Defensive Rebounding Percentage,NA,pos,pct,Corner 3s Defensive Rebounding Percentage,Percentage of the opponent's missed corner 3s that were defensive rebounded by the team.,NA,NA,TRUE
c3FgPct,"ppps,pgps,tpps,taps,paps,lu,tgps,oo",TRUE,FG%,C3 FG%,Corner 3s FG%,Corner 3s FG%,NA,pos,pct,Corner 3s Field Goal Percentage,Field goal percentage on corner 3-pointers.,NA,NA,TRUE
c3FgPctS01,"pgps,taps,paps,tgps",TRUE,FG%,C3 FG% (0-10s),Corner 3s FG% (0-10s on Shot Clock),Corner 3s FG% with 0-10 Secs on Shot Clock,NA,pos,pct,Corner 3s FG% with 0-10 Secs on Shot Clock,Field goal percentage on corner 3s taken with 0 - 10 seconds remaining on the shot clock.,NA,NA,TRUE
c3FgPctS12,"pgps,taps,paps,tgps",TRUE,FG%,C3 FG% (10-20s),Corner 3s FG% (10-20s on Shot Clock),Corner 3s FG% with 10-20 Secs on Shot Clock,NA,pos,pct,Corner 3s FG% with 10-20 Secs on Shot Clock,Field goal percentage on corner 3s taken with 10 - 20 seconds remaining on the shot clock.,NA,NA,TRUE
c3FgPctS23,"pgps,taps,paps,tgps",TRUE,FG%,C3 FG% (20-30s),Corner 3s FG% (20-30s on Shot Clock),Corner 3s FG% with 20-30 Secs on Shot Clock,NA,pos,pct,Corner 3s FG% with 20-30 Secs on Shot Clock,Field goal percentage on corner 3s taken with 20 - 30 seconds remaining on the shot clock.,NA,NA,TRUE
c3Fga,"ppps,pgps,tpps,taps,paps,lu,tgps,oo",TRUE,FGA,C3 FGA,Corner 3s FGA,Corner 3s FGA,NA,pos,int,Corner 3s Field Goal Attempts,Field goal attempts on corner 3-pointers.,NA,NA,TRUE
c3FgaFreq,"ppps,pgps,tpps,taps,paps,lu,tgps,oo",TRUE,FGA%,C3 FGA%,Corner 3s FGA%,Corner 3s FGA%,NA,pos,pct,Corner 3s Field Goal Attempt Frequency,Percentage of shots taken as corner 3-pointers.,NA,NA,TRUE
c3FgaFreqAllS01,"pgps,taps,paps,tgps",TRUE,FGA%,C3 FGA% (0-10s) A,Corner 3s FGA% (0-10s) % All,Corner 3s FGA% (0-10s) % of all shots,NA,pos,pct,"Corner 3s FGA Freq, 0 - 10 Seconds Left on Shot Clock (% of all shots)",Percentage of all shots taken that were corner 3s with 0 - 10 seconds remaining on the shot clock.,NA,NA,TRUE
c3FgaFreqAllS12,"pgps,taps,paps,tgps",TRUE,FGA%,C3 FGA% (10-20s) A,Corner 3s FGA% (10-20s) % All,Corner 3s FGA% (10-20s) % of all shots,NA,pos,pct,"Corner 3s FGA Freq, 10 - 20 Seconds Left on Shot Clock (% of all shots)",Percentage of all shots taken that were corner 3s with 10 - 20 seconds remaining on the shot clock.,NA,NA,TRUE
c3FgaFreqAllS23,"pgps,taps,paps,tgps",TRUE,FGA%,C3 FGA% (20-30s) A,Corner 3s FGA% (20-30s) % All,Corner 3s FGA% (20-30s) % of all shots,NA,pos,pct,"Corner 3s FGA Freq, 20 - 30 Seconds Left on Shot Clock (% of all shots)",Percentage of all shots taken that were corner 3s with 20 - 30 seconds remaining on the shot clock.,NA,NA,TRUE
c3FgaFreqClockS01,"pgps,taps,paps,tgps",TRUE,FGA%,C3 FGA% (0-10s) C,Corner 3s FGA% (0-10s) % Clock,Corner 3s FGA% (0-10s) % of 0-10s shots,NA,pos,pct,"Corner 3s FGA Freq, 0 - 10 Seconds Left on Shot Clock (% of 0 - 10s shots)",Percentage of all shots taken with 0 - 10 seconds remaining on the shot clock that were corner 3s.,NA,NA,TRUE
c3FgaFreqClockS12,"pgps,taps,paps,tgps",TRUE,FGA%,C3 FGA% (10-20s) C,Corner 3s FGA% (10-20s) % Clock,Corner 3s FGA% (10-20s) % of 10-20s shots,NA,pos,pct,"Corner 3s FGA Freq, 10 - 20 Seconds Left on Shot Clock (% of 10 - 20s shots)",Percentage of all shots taken with 10 - 20 seconds remaining on the shot clock that were corner 3s.,NA,NA,TRUE
c3FgaFreqClockS23,"pgps,taps,paps,tgps",TRUE,FGA%,C3 FGA% (20-30s) C,Corner 3s FGA% (20-30s) % Clock,Corner 3s FGA% (20-30s) % of 20-30s shots,NA,pos,pct,"Corner 3s FGA Freq, 20 - 30 Seconds Left on Shot Clock (% of 20 - 30s shots)",Percentage of all shots taken with 20 - 30 seconds remaining on the shot clock that were corner 3s.,NA,NA,TRUE
c3FgaFreqZoneS01,"pgps,taps,paps,tgps",TRUE,FGA%,C3 FGA% (0-10s) Z,Corner 3s FGA% (0-10s) % Corner 3s,Corner 3s FGA% (0-10s) % of ATR,NA,pos,pct,"Corner 3s FGA Freq, 0 - 10 Seconds Left on Shot Clock (% of Corner 3s)",Percentage of all corner 3s that were taken with 0 - 10 seconds remaining on the shot clock.,NA,NA,TRUE
c3FgaFreqZoneS12,"pgps,taps,paps,tgps",TRUE,FGA%,C3 FGA% (10-20s) Z,Corner 3s FGA% (10-20s) % Corner 3s,Corner 3s FGA% (10-20s) % of ATR,NA,pos,pct,"Corner 3s FGA Freq, 10 - 20 Seconds Left on Shot Clock (% of Corner 3s)",Percentage of all corner 3s that were taken with 10 - 20 seconds remaining on the shot clock.,NA,NA,TRUE
c3FgaFreqZoneS23,"pgps,taps,paps,tgps",TRUE,FGA%,C3 FGA% (20-30s) Z,Corner 3s FGA% (20-30s) % Corner 3s,Corner 3s FGA% (20-30s) % of ATR,NA,pos,pct,"Corner 3s FGA Freq, 20 - 30 Seconds Left on Shot Clock (% of Corner 3s)",Percentage of all corner 3s that were taken with 20 - 30 seconds remaining on the shot clock.,NA,NA,TRUE
c3FgaP100,"taps,lu,oo",TRUE,FGA/100,C3 FGA/100,Corner 3s FGA / 100,Corner 3s FGA / 100 Poss,NA,pos,num,Corner 3s Field Goal Attempts / 100 Possessions,Field goal attempts on corner 3s per 100 possessions played.,NA,NA,TRUE
c3FgaP40,"taps,paps,lu,oo",TRUE,FGA/40,C3 FGA/40,Corner 3s FGA / 40,Corner 3s FGA / 40 Mins,NA,pos,num,Corner 3s Field Goal Attempts / 40 Minutes,Field goal attempts on corner 3s per 40 minutes played.,NA,NA,TRUE
c3FgaPg,"taps,paps",TRUE,FGA/G,C3 FGA/G,Corner 3s FGA / Game,Corner 3s FGA / Game,NA,pos,num,Corner 3s Field Goal Attempts / Game,Field goal attempts on corner 3s per game.,NA,NA,TRUE
c3FgaS01,"pgps,taps,paps,tgps",TRUE,FGA,C3 FGA (0-10s),Corner 3s FGA (0-10s),Corner 3s FGAs with 0-10 Secs on Shot Clock,NA,pos,int,Corner 3s FGAs with 0 - 10 Seconds Left on Shot Clock,The total number of field goal attempts on corner 3s taken with 0 - 10 seconds remaining on the shot clock.,NA,NA,TRUE
c3FgaS12,"pgps,taps,paps,tgps",TRUE,FGA,C3 FGA (10-20s),Corner 3s FGA (10-20s),Corner 3s FGAs with 10-20 Secs on Shot Clock,NA,pos,int,Corner 3s FGAs with 10 - 20 Seconds Left on Shot Clock,The total number of field goal attempts on corner 3s taken with 10 - 20 seconds remaining on the shot clock.,NA,NA,TRUE
c3FgaS23,"pgps,taps,paps,tgps",TRUE,FGA,C3 FGA (20-30s),Corner 3s FGA (20-30s),Corner 3s FGAs with 20-30 Secs on Shot Clock,NA,pos,int,Corner 3s FGAs with 20 - 30 Seconds Left on Shot Clock,The total number of field goal attempts on corner 3s taken with 20 - 30 seconds remaining on the shot clock.,NA,NA,TRUE
c3Fgm,"ppps,pgps,tpps,taps,paps,lu,tgps,oo",TRUE,FGM,C3 FGM,Corner 3s FGM,Corner 3s FGM,NA,pos,int,Corner 3s Field Goals Made,The total number of field goals made on corner 3s.,NA,NA,TRUE
c3FgmA,"pgps,taps,paps,tgps",TRUE,aFGM,C3 aFGM,Assisted Corner 3s,Assisted Corner 3s,NA,pos,int,Assisted Corner 3s,NA,The total number of assisted corner 3-pointers made by the team.,The total number of assisted corner 3-pointers made by the player.,TRUE
c3FgmAP100,taps,TRUE,aFGM/100,C3 aFGM/100,Assisted Corner 3s / 100 Poss,Assisted Corner 3s / 100 Poss,NA,pos,num,Assisted Corner 3s / 100 Possessions,NA,"The number of assisted corner 3-pointers made by the team, per 100 possessions played.","The number of assisted corner 3-pointers made by the player, per 100 possessions played.",TRUE
c3FgmAP40,"taps,paps",TRUE,aFGM/40,C3 aFGM/40,Assisted Corner 3s / 40 Mins,Assisted Corner 3s / 40 Mins,NA,pos,num,Assisted Corner 3s / 40 Minutes,NA,"The number of assisted corner 3-pointers made by the team, per 40 minutes played.","The number of assisted corner 3-pointers made by the player, per 40 minutes played.",TRUE
c3FgmAPg,"taps,paps",TRUE,aFGM/G,C3 aFGM/G,Assisted Corner 3s / Game,Assisted Corner 3s / Game,NA,pos,num,Assisted Corner 3s / Game,NA,"The number of assisted corner 3-pointers made by the team, per game.","The number of assisted corner 3-pointers made by the player, per game.",TRUE
c3FgmS01,"pgps,taps,paps,tgps",TRUE,FGM,C3 FGM (0-10s),Corner 3s FGM (0-10s),Corner 3s FGMs with 0-10 Secs on Shot Clock,NA,pos,int,Corner 3s FGMs with 0 - 10 Seconds Left on Shot Clock,The total number of field goals made on corner 3s taken with 0 - 10 seconds remaining on the shot clock.,NA,NA,TRUE
c3FgmS12,"pgps,taps,paps,tgps",TRUE,FGM,C3 FGM (10-20s),Corner 3s FGM (10-20s),Corner 3s FGMs with 10-20 Secs on Shot Clock,NA,pos,int,Corner 3s FGMs with 10 - 20 Seconds Left on Shot Clock,The total number of field goals made on corner 3s taken with 10 - 20 seconds remaining on the shot clock.,NA,NA,TRUE
c3FgmS23,"pgps,taps,paps,tgps",TRUE,FGM,C3 FGM (20-30s),Corner 3s FGM (20-30s),Corner 3s FGMs with 20-30 Secs on Shot Clock,NA,pos,int,Corner 3s FGMs with 20 - 30 Seconds Left on Shot Clock,The total number of field goals made on corner 3s taken with 20 - 30 seconds remaining on the shot clock.,NA,NA,TRUE
c3FgmU,"pgps,taps,paps,tgps",TRUE,uFGM,C3 uFGM,NA,NA,NA,pos,int,NA,NA,NA,NA,TRUE
c3Orb,"taps,tgps",TRUE,ORB,C3 ORB,Corner 3s Off Rebounds,Corner 3s Offensive Rebounds,NA,pos,int,Corner 3s Offensive Rebounds,The total number of offensive rebounds grabbed on the team's missed corner 3s.,NA,NA,TRUE
c3OrbChnc,"taps,tgps",TRUE,CHNC,C3 ORB CHNC,Corner 3s Off Rebound Chances,Corner 3s Offensive Rebound Chances,NA,pos,int,Corner 3s Offensive Rebound Chances,The total number of offensive rebounds chances (offensive rebounds grabbed plus opponent defensive rebounds) on the team's missed corner 3s.,NA,NA,TRUE
c3OrbPct,"taps,tgps",TRUE,ORB%,C3 ORB%,Corner 3s Off Rebound Pct,Corner 3s Offensive Rebounding Percentage,NA,pos,pct,Corner 3s Offensive Rebounding Percentage,Percentage of the team's missed corner 3s that were offensive rebounded by the team.,NA,NA,TRUE
c3Reb,"taps,tgps",TRUE,REB,C3 REB,Corner 3s Rebounds,Corner 3s Rebounds,NA,pos,int,Corner 3s Rebounds,The total number of rebounds grabbed on the team's and opponent's missed corner 3s.,NA,NA,TRUE
c3RebChnc,"taps,tgps",TRUE,CHNC,C3 REB CHNC,Corner 3s Rebound Chances,Corner 3s Rebound Chances,NA,pos,int,Corner 3s Rebound Chances,The total number of rebounds chances (rebounds grabbed plus opponent rebounds) on the team's and opponent's missed corner 3s.,NA,NA,TRUE
c3RebPct,"taps,tgps",TRUE,REB%,C3 REB%,Corner 3s Rebound Pct,Corner 3s Rebounding Percentage,NA,pos,pct,Corner 3s Rebounding Percentage,Percentage of the team's and opponent's missed corner 3s that were rebounded by the team.,NA,NA,TRUE
cDiff,gfl,FALSE,NA,NA,NA,NA,NA,NA,NA,NA,NA,NA,NA,FALSE
cEnd,gfl,FALSE,NA,NA,NA,NA,NA,NA,NA,NA,NA,NA,NA,FALSE
cPosPct,pos,TRUE,C%,% at C,% Minutes at Center,% Minutes at Center,NA,pos,pct,% Minutes at Center,"An estimate of the percentage of a player's minutes played at Center. Estimates are derived solely from player height and Guard, Forward, Center positional designations. Please refer to each team's positional rankings, and interpret and utilize positional estimates with a grain of salt.",NA,NA,TRUE
cSMins,pos,TRUE,NA,NA,NA,NA,NA,NA,NA,NA,NA,NA,NA,FALSE
cStart,gfl,FALSE,NA,NA,NA,NA,NA,NA,NA,NA,NA,NA,NA,FALSE
centerFgPct,"pgps,taps,paps,tgps",TRUE,FG%,FG% Center,FG% from Center,FG% from Center of Court,NA,pos,pct,FG% from Center of Court,Field goal percentage on shots taken from the center of the court. This includes all shots where the shooter is positioned within 1 foot in either direction of the imaginary centerline of the court connecting the two rims.,NA,NA,TRUE
centerFga,"pgps,taps,paps,tgps",TRUE,FGA,FGA Center,FGA from Center,FGA from Center of Court,NA,pos,int,FGA from Center of Court,Total field goal attempts taken from the center of the court. This includes all shots where the shooter is positioned within 1 foot in either direction of the imaginary centerline of the court connecting the two rims.,NA,NA,TRUE
centerFgaFreq,"pgps,taps,paps,tgps",TRUE,FGA%,% Shots Center,% of Shots from Center,% of Shots from Center of Court,NA,pos,pct,% of Shots from Center of Court,Percentage of shots taken from the center of the court. This includes all shots where the shooter is positioned within 1 foot in either direction of the imaginary centerline of the court connecting the two rims.,NA,NA,TRUE
centerFgm,"pgps,taps,paps,tgps",TRUE,FGM,FGM Center,FGM from Center,FGM from Center of Court,NA,pos,int,FGM from Center of Court,Total field goals made from the center of the court. This includes all shots where the shooter is positioned within 1 foot in either direction of the imaginary centerline of the court connecting the two rims.,NA,NA,TRUE
challenge,"taps,tgps",TRUE,ALL,Challenge,Challenges,Head Coach Challenges,NA,pos,int,Head Coach Challenges,Total number of head coach challenges used.,NA,NA,TRUE
challengeBcPoss,"taps,tgps",TRUE,ALL,BC/Poss CHLG,Backcourt / Possession Challenges,Backcourt / Poss Challenges,NA,pos,int,Backcourt / Poss Challenges,Total number of head coach challenges on backcourt violations or whether team control (possession) was established before a foul or violation (women's basketball only).,NA,NA,TRUE
challengeBcPossFail,"taps,tgps",TRUE,FAIL,BC/Poss CHLG Fail,Failed BC/Poss Challenges,Failed Backcourt / Poss Challenges,NA,neg,int,Failed Backcourt / Poss Challenges,Total number of unsuccessful coach challenges on backcourt violations or whether team control was established before a foul or violation (women's basketball only).,NA,NA,TRUE
challengeBcPossPass,"taps,tgps",TRUE,PASS,BC/Poss CHLG Pass,Successful BC/Poss Challenges,Successful Backcourt / Poss Challenges,NA,pos,int,Successful Backcourt / Poss Challenges,Total number of successful coach challenges on backcourt violations or whether team control was established before a foul or violation (women's basketball only).,NA,NA,TRUE
challengeBcPossPassPct,"taps,tgps",TRUE,WIN%,BC/Poss CHLG%,BC/Poss Challenge Success %,Backcourt / Poss Challenge Success Percentage,NA,pos,pct,Backcourt / Poss Challenge Success Percentage,Percentage of coach challenges on backcourt violations or whether team control was established before a foul or violation that were successful (women's basketball only).,NA,NA,TRUE
challengeFail,"taps,tgps",TRUE,FAIL,CHLG Fail,Failed Challenges,Failed Coach Challenges,NA,neg,int,Failed Challenges,Total number of unsuccessful coach challenges.,NA,NA,TRUE
challengeFoul,"taps,tgps",TRUE,ALL,Foul Challenge,Foul Challenges,Foul Challenges,NA,pos,int,Foul Challenges,Total number of head coach challenges on foul-related plays. Men: restricted-area block/charge positioning only. Women: correct player charged with the foul.,NA,NA,TRUE
challengeFoulFail,"taps,tgps",TRUE,FAIL,Foul CHLG Fail,Failed Foul Challenges,Failed Foul Challenges,NA,neg,int,Failed Foul Challenges,Total number of unsuccessful coach challenges on foul-related plays. Men: restricted-area block/charge positioning. Women: correct player charged with the foul.,NA,NA,TRUE
challengeFoulPass,"taps,tgps",TRUE,PASS,Foul CHLG Pass,Successful Foul Challenges,Successful Foul Challenges,NA,pos,int,Successful Foul Challenges,Total number of successful coach challenges on foul-related plays. Men: restricted-area block/charge positioning. Women: correct player charged with the foul.,NA,NA,TRUE
challengeFoulPassPct,"taps,tgps",TRUE,WIN%,Foul CHLG%,Foul Challenge Success %,Foul Challenge Success Percentage,NA,pos,pct,Foul Challenge Success Percentage,Percentage of coach challenges on foul-related plays that were successful.,NA,NA,TRUE
challengeGoi,"taps,tgps",TRUE,ALL,GOI Challenge,GOI Challenges,Goaltending / Basket Interference Challenges,NA,pos,int,Goaltending / Basket Interference Challenges,"Total number of head coach challenges on goaltending or basket interference calls, whether the ball was illegally touched on or above the rim (men's basketball only).",NA,NA,TRUE
challengeGoiFail,"taps,tgps",TRUE,FAIL,GOI CHLG Fail,Failed GOI Challenges,Failed Goaltending / Basket Interference Challenges,NA,neg,int,Failed Goaltending / Basket Interference Challenges,"Total number of unsuccessful coach challenges on goaltending or basket interference calls, whether the ball was illegally touched on or above the rim (men's basketball only).",NA,NA,TRUE
challengeGoiPass,"taps,tgps",TRUE,PASS,GOI CHLG Pass,Successful GOI Challenges,Successful Goaltending / Basket Interference Challenges,NA,pos,int,Successful Goaltending / Basket Interference Challenges,"Total number of successful coach challenges on goaltending or basket interference calls, whether the ball was illegally touched on or above the rim (men's basketball only).",NA,NA,TRUE
challengeGoiPassPct,"taps,tgps",TRUE,WIN%,GOI CHLG%,GOI Challenge Success %,Goaltending / Basket Interference Challenge Success Percentage,NA,pos,pct,Goaltending / Basket Interference Challenge Success Percentage,Percentage of coach challenges on goaltending or basket interference calls that were successful (men's basketball only).,NA,NA,TRUE
challengeOob,"taps,tgps",TRUE,ALL,OOB Challenge,Out of Bounds Challenges,Out of Bounds Challenges,NA,pos,int,Out of Bounds Challenges,Total number of head coach challenges used on out-of-bounds calls (which team last touched the ball before it went out).,NA,NA,TRUE
challengeOobFail,"taps,tgps",TRUE,FAIL,OOB CHLG Fail,Failed OOB Challenges,Failed Out of Bounds Challenges,NA,neg,int,Failed Out of Bounds Challenges,Total number of unsuccessful coach challenges on out-of-bounds calls (which team last touched the ball before it went out).,NA,NA,TRUE
challengeOobPass,"taps,tgps",TRUE,PASS,OOB CHLG Pass,Successful OOB Challenges,Successful Out of Bounds Challenges,NA,pos,int,Successful Out of Bounds Challenges,Total number of successful coach challenges on out-of-bounds calls (which team last touched the ball before it went out).,NA,NA,TRUE
challengeOobPassPct,"taps,tgps",TRUE,WIN%,OOB CHLG%,OOB Challenge Success %,Out of Bounds Challenge Success Percentage,NA,pos,pct,Out of Bounds Challenge Success Percentage,Percentage of coach challenges on out-of-bounds calls that were successful.,NA,NA,TRUE
challengePass,"taps,tgps",TRUE,PASS,CHLG Pass,Successful Challenges,Successful Coach Challenges,NA,pos,int,Successful Challenges,Total number of successful coach challenges.,NA,NA,TRUE
challengePassPct,"taps,tgps",TRUE,WIN%,CHLG%,Challenge Success %,Challenge Success Percentage,NA,pos,pct,Challenge Success %,Percentage of coach challenges that were successful.,NA,NA,TRUE
chncHc,"taps,tgps",TRUE,CHNC,HC CHNC,Half Court Chances,Half Court Chances,NA,pos,int,Half Court Chances,The total number of chances in the context of half court offense.,NA,NA,TRUE
chncPb,"taps,tgps",TRUE,CHNC,PB CHNC,Putback Chances,Putback Chances,NA,pos,int,Putback Chances,The total number of chances in the context of putback offense.,NA,NA,TRUE
chncTr,"taps,tgps",TRUE,CHNC,TR CHNC,Transition Chances,Transition Chances,NA,pos,int,Transition Chances,The total number of chances in the context of transition offense.,NA,NA,TRUE
classYr,"pps,ppps,pgps,pbptga,nil,pas,pgs,paps",TRUE,CLASS,CLASS YR,Class Year,Class Year,NA,pos,txt,Class Year,NA,NA,"One of Freshman (Fr), Sophomore (So), Junior (Jr) or Senior (Sr). 5th Year Players and Grad Transfers are marked as Seniors in the raw data. No ""redshirt"" designation for players is available in the raw data. Please report any incorrectly listed player class years to us.",TRUE
competitionId,"pps,ppps,pos,pgps,tpcs,tgs,pbptga,gfl,nil,pas,pssh,tssc,tas,taac,tgcs,pssc,tssh,tpps,tps,pgs,taps,paps,tass,lu,tgps,oo",FALSE,NA,NA,NA,NA,NA,NA,NA,NA,NA,NA,NA,FALSE
confLosses,"pps,pgps,tpcs,tgs,tas,tgcs,tps,pgs,taps,tgps",FALSE,NA,NA,NA,NA,NA,NA,NA,NA,NA,NA,NA,FALSE
confWins,"pps,pgps,tpcs,tgs,tas,tgcs,tps,pgs,taps,tgps",FALSE,NA,NA,NA,NA,NA,NA,NA,NA,NA,NA,NA,FALSE
conferenceId,"pps,ppps,pgps,tpcs,tgs,pbptga,gfl,nil,pas,pssh,tssc,tas,taac,tgcs,pssc,tssh,tpps,tps,pgs,taps,paps,tass,lu,tgps,oo",FALSE,NA,NA,NA,NA,NA,NA,NA,NA,NA,NA,NA,FALSE
conferenceIdAgst,"pps,pgps,tpcs,tgs,tgcs,tps,pgs,tgps",FALSE,NA,NA,NA,NA,NA,NA,NA,NA,NA,NA,NA,FALSE
dFirstChnc,"taps,tgps",TRUE,NA,NA,NA,NA,NA,NA,NA,NA,NA,NA,NA,FALSE
dPbkChnc,"taps,tgps",TRUE,NA,NA,NA,NA,NA,NA,NA,NA,NA,NA,NA,FALSE
dPoss,"tgs,gfl,tas,tps,taps,lu,tgps",TRUE,NA,NA,NA,NA,NA,NA,NA,NA,NA,NA,NA,FALSE
dPossTm,"pps,pas,pgs",TRUE,NA,NA,NA,NA,NA,NA,NA,NA,NA,NA,NA,FALSE
dSecsFirstChnc,"taps,tgps",TRUE,NA,NA,NA,NA,NA,NA,NA,NA,NA,NA,NA,FALSE
dSecsPbkChnc,"taps,tgps",TRUE,NA,NA,NA,NA,NA,NA,NA,NA,NA,NA,NA,FALSE
dSecsPerFirstChnc,"taps,tgps",TRUE,S/CHNC,S/CHNC D,Avg Seconds / D Chance,Average Seconds / Defensive Chance,NA,pos,num,Average # of Seconds / Defensive Chance,NA,"The average number of seconds per defensive chance. This number is identical to seconds / defensive possession, except with seconds after an offensive rebound excluded, and with putback chances excluded. This number effectively measures the average number of seconds from the start of a possession until a team's first shot, shooting foul or turnover.",NA,TRUE
dSecsPerPbkChnc,"taps,tgps",TRUE,S/PUT,S/PUT D,Avg Seconds / D Putback,Average Seconds / Defensive Putback,NA,pos,num,Average # of Seconds / Defensive Putback,NA,"The average number of seconds per defensive putback. This number measures the average length of chances (average seconds until the next shot, shooting foul or turnover) that start following an offensive rebound.",NA,TRUE
dSecsPerPoss,"taps,tgps",TRUE,S/POSS,S/POSS D,Avg Seconds / D Poss,Average Seconds / Defensive Poss,NA,pos,num,Average # of Seconds / Defensive Possession,NA,"The average number of seconds per defensive possession. This number measures the average length of entire defensive possessions, so added seconds from offensive rebounds count, as offensive rebounds extend a single possession.",NA,TRUE
dSecsPoss,"taps,tgps",TRUE,NA,NA,NA,NA,NA,NA,NA,NA,NA,NA,NA,FALSE
defChnc,"taps,tgps",TRUE,DEF CHNC,DEF CHNC,NA,NA,NA,pos,int,NA,NA,NA,NA,TRUE
defChncStopPct,"taps,tgps",TRUE,DEF CHNC STOPS,DEF CHNC STOPS,NA,NA,NA,pos,pct,NA,NA,NA,NA,TRUE
defChncStops,"taps,tgps",TRUE,DEF CHNC STOP%,DEF CHNC STOP%,NA,NA,NA,pos,int,NA,NA,NA,NA,TRUE
defPoss,"taps,tgps",TRUE,DEF POSS,DEF POSS,NA,NA,NA,pos,int,NA,NA,NA,NA,TRUE
defPossStopPct,"taps,tgps",TRUE,DEF POSS STOP%,DEF POSS STOP%,NA,NA,NA,pos,pct,NA,NA,NA,NA,TRUE
defPossStops,"taps,tgps",TRUE,DEF POSS STOPS,DEF POSS STOPS,NA,NA,NA,pos,int,NA,NA,NA,NA,TRUE
dffl,"pgps,taps,paps,tgps",TRUE,FFL,FFL,FFL Committed,Flour Fouls Committed,NA,neg,int,Flour Fouls Committed,The total number of defensive floor fouls committed.,NA,NA,TRUE
dfflP100,taps,TRUE,FFL/100,FFL/100,FFL Comm / 100 Poss,Floor Fouls Committed / 100 Poss,NA,neg,num,Floor Fouls Committed / 100 Poss,The number of defensive floor fouls committed per 100 possessions.,NA,NA,TRUE
dfflP40,"taps,paps",TRUE,FLL/40,FFL/40,FFL Comm / 40 Mins,Floor Fouls Committed / 40 Mins,NA,neg,num,Floor Fouls Committed / 40 Mins,The number of defensive floor fouls committed per 40 minutes.,NA,NA,TRUE
dfflPct,"pgps,taps,paps,tgps",TRUE,FFL%,FFL%,FFL Comm Pct,Floor Fouls Committed Pct,NA,neg,pct,Floor Fouls Committed Pct,The percentage of possessions where a defensive floor foul was committed.,NA,NA,TRUE
dfflPg,"taps,paps",TRUE,FFL/G,FFL/G,FFL Comm / Game,Floor Fouls Committed / Game,NA,neg,num,Floor Fouls Committed / Game,The number of defensive floor fouls committed per game.,NA,NA,TRUE
divisionId,"pps,ppps,pgps,tpcs,tgs,pbptga,gfl,pas,pssh,tssc,tas,taac,tgcs,pssc,tssh,tpps,tps,pgs,taps,paps,tass,lu,tgps,oo",FALSE,NA,NA,NA,NA,NA,NA,NA,NA,NA,NA,NA,FALSE
divisionIdAgst,"pps,pgps,tpcs,tgs,tgcs,tps,pgs,tgps",FALSE,NA,NA,NA,NA,NA,NA,NA,NA,NA,NA,NA,FALSE
dpf,"pps,pgps,tpcs,tgs,pas,tas,tgcs,tps,pgs,taps,paps,tgps",TRUE,DPF,DPF,Defensive Personal Fouls,Defensive Personal Fouls,NA,neg,int,Defensive Personal Fouls,The total number of defensive personal fouls committed.,NA,NA,TRUE
dpfP100,"tas,taps",TRUE,DPF/100,DPF/100,DPFs / 100 Poss,Defensive Personal Fouls / 100 Poss,NA,neg,num,Defensive Personal Fouls / 100 Poss,An estimate of the number of defensive personal fouls committed per 100 possessions played.,NA,NA,TRUE
dpfP40,"pas,tas,taps,paps",TRUE,DPF/40,DPF/40,DPFs / 40 Mins,Defensive Personal Fouls / 40 Mins,NA,neg,num,Defensive Personal Fouls / 40 Mins,The number of defensive personal fouls committed per 40 minutes played.,NA,NA,TRUE
dpfPct,"pgps,taps,paps,tgps",TRUE,DPF%,DPF%,DPF Percentage,Defensive Personal Fouls Percentage,NA,neg,pct,Defensive Personal Fouls Percentage,The percentage of possessions with a defensive personal foul committed.,NA,NA,TRUE
dpfPg,"pas,tas,taps,paps",TRUE,DPF/G,DPF/G,DPFs / Game,Defensive Personal Fouls / Game,NA,neg,num,Defensive Personal Fouls / Game,The number of defensive personal fouls committed per game.,NA,NA,TRUE
dppp,gfl,TRUE,PPP,DPPP,Defensive PPP,Defensive PPP,NA,neg,num2,Defensive Points / Possession,NA,An estimate of the number of points allowed per possessions by the team.,NA,TRUE
draftOp,"pas,paps",TRUE,#O,Draft Pick,Draft Overall Pick,Draft Overall Pick,NA,neg,int,Draft Overall Pick,NA,NA,"The overall pick number of the player in the draft. 1 is the first overall pick, 2 is the second overall pick, etc.",TRUE
draftRn,"pas,paps",TRUE,Rd,Round Num,Draft Round Number,Draft Round Number,NA,neg,int,Draft Round Number,NA,NA,"The round number of the draft in which the player was selected. R1 is the first round, R2 is the second round, etc.",TRUE
draftRp,"pas,paps",TRUE,#P,Round Pick,Draft Round Pick,Draft Round Pick,NA,neg,int,Draft Round Pick,NA,NA,"The pick number of the player in the draft round. 1 is the first pick of the round, 2 is the second pick of the round, etc.",TRUE
drapm,pas,TRUE,DRAPM,DRAPM,Defensive RAPM,Defensive RAPM,NA,pos,num,Defensive RAPM,NA,NA,"Defensive RAPM (DRAPM) is an all-in-one metric we've developed internally here at CBB Analytics. DRAPM incorporates both a player's individual box score statistics as well as their on-court play-by-play impact, which means DRAPM is able to account for who the player is playing with and against. DRAPM can be interpreted as a player's impact on their team's points allowed per 100 possessions below the division average. DRAPM is similar to the defensive components of all-in-one statistics developed for the NBA such as RPM, EPM, and LEBRON.",TRUE
drb,"pps,tpcs,tgs,gfl,pas,tssc,tas,tgcs,tps,pgs,tass,lu,oo",TRUE,DRB,DRB,Defensive Rebounds,Defensive Rebounds,NA,pos,int,Defensive Rebounds,The total number of defensive rebounds.,NA,NA,TRUE
drbAgst,"pps,tgs,gfl,pas,tssc,tas,tps,pgs,tass,lu,oo",TRUE,oDRB,DRB AGST,Opponent Defensive Rebounds,Opponent Defensive Rebounds,NA,neg,int,Opponent Defensive Rebounds,The total number of defensive rebounds grabbed by the opponent.,NA,NA,TRUE
drbChnc,lu,TRUE,CHNC,DRB CHNC,DRB Chances,DRB Chances,NA,pos,int,Defensive Rebounding Chances,NA,Total number of defensive rebounds plus opponent offensive rebounds.,NA,TRUE
drbDiff,"tgs,tas,tps",TRUE,DRB DIFF,DRB DIFF,DRB Differential,Defensive Rebound Differential,NA,pos,int,Defensive Rebound Differential,How many more or fewer defensive rebounds the team had compared to their opponent.,NA,NA,TRUE
drbFg,"pgps,taps,paps,tgps",TRUE,DRB,DRBFG,DRB off FGs,DRB off FGs,NA,pos,int,Defensive Rebound off missed FGs,Total number of defensive rebounds (defensive rebounds plus opponent offensive rebounds) off missed field goals.,NA,NA,TRUE
drbFgChnc,"pgps,taps,paps,tgps",TRUE,CHNC,DRBFG CHNC,DRB Chances off FGs,DRB Chances off FGs,NA,pos,int,Defensive Rebound Chances off missed FGs,Total number of defensive rebound opportunities (defensive rebounds plus opponent offensive rebounds) off missed field goals.,NA,NA,TRUE
drbFgP100,taps,TRUE,DRB/100,DRBFG/100,DRB off FGs / 100 Poss,DRB off FGs / 100 Poss,NA,pos,num,Defensive Rebound off missed FGs / 100 Poss,The number of defensive rebounds per 100 possessions (defensive rebounds plus opponent offensive rebounds) off missed field goals.,NA,NA,TRUE
drbFgP40,"taps,paps",TRUE,DRB/40,DRBFG/40,DRB off FGs / 40 Mins,DRB off FGs / 40 Mins,NA,pos,num,Defensive Rebound off missed FGs / 40 Mins,The number of defensive rebounds per 40 minutes (defensive rebounds plus opponent offensive rebounds) off missed field goals.,NA,NA,TRUE
drbFgPct,"pgps,taps,paps,tgps",TRUE,DRB%,DRBFG%,DRB% off FGs,Defensive Rebound Percentage on missed FGs,NA,pos,pct,Defensive Rebound Percentage on missed FGs,The percentage of opponent's missed field goals a player grabbed while he was on the floor.,NA,NA,TRUE
drbFgPg,"taps,paps",TRUE,DRB/G,DRBFG/G,DRB off FGs / Game,DRB off FGs / Game,NA,pos,num,Defensive Rebound off missed FGs / Game,The number of defensive rebounds per game (defensive rebounds plus opponent offensive rebounds) off missed field goals.,NA,NA,TRUE
drbFt,"pgps,taps,paps,tgps",TRUE,DRB,DRBFT,DRB off FTs,DRB off FTs,NA,pos,int,Defensive Rebound off missed FTs,Total number of defensive rebounds (defensive rebounds plus opponent offensive rebounds) off missed free throws.,NA,NA,TRUE
drbFtChnc,"pgps,taps,paps,tgps",TRUE,CHNC,DRBFT CHNC,DRB Chances off FTs,DRB Chances off FTs,NA,pos,int,Defensive Rebound Chances off missed FTs,Total number of defensive rebound opportunities (defensive rebounds plus opponent offensive rebounds) off missed free throws.,NA,NA,TRUE
drbFtP100,taps,TRUE,DRB/100,DRBFT/100,DRB off FTs / 100 Poss,DRB off FTs / 100 Poss,NA,pos,num,Defensive Rebound off missed FTs / 100 Poss,The number of defensive rebounds per 100 possessions (defensive rebounds plus opponent offensive rebounds) off missed free throws.,NA,NA,TRUE
drbFtP40,"taps,paps",TRUE,DRB/40,DRBFT/40,DRB off FTs / 40 Mins,DRB off FTs / 40 Mins,NA,pos,num,Defensive Rebound off missed FTs / 40 Mins,The number of defensive rebounds per 40 minutes (defensive rebounds plus opponent offensive rebounds) off missed free throws.,NA,NA,TRUE
drbFtPct,"pgps,taps,paps,tgps",TRUE,DRB%,DRBFT%,DRB% off FTs,Defensive Rebound Percentage on missed FTs,NA,pos,pct,Defensive Rebound Percentage on missed FTs,The percentage of opponent's missed free throws a player grabbed while he was on the floor.,NA,NA,TRUE
drbFtPg,"taps,paps",TRUE,DRB/G,DRBFT/G,DRB off FTs / Game,DRB off FTs / Game,NA,pos,num,Defensive Rebound off missed FTs / Game,The number of defensive rebounds per game (defensive rebounds plus opponent offensive rebounds) off missed free throws.,NA,NA,TRUE
drbP100,"tas,lu,oo",TRUE,DRB/100,DRB/100,DRebs / 100 Poss,Defensive Rebounds / 100 Poss,NA,pos,num,Defensive Rebounds / 100 Poss,An estimate of the number of defensive rebounds per 100 possessions played.,NA,NA,TRUE
drbP40,"pas,tas,lu,oo",TRUE,DRB/40,DRB/40,DRebs / 40 Mins,Defensive Rebounds / 40 Mins,NA,pos,num,Defensive Rebounds / 40 Mins,The number of defensive rebounds per 40 minutes played.,NA,NA,TRUE
drbPct,"pps,pgps,tgs,pas,tssc,tas,tps,pgs,tass,lu,oo",TRUE,DRB%,DRB%,Def Rebound Pct,Defensive Rebound Percentage,Percentage of available d-boards grabbed,pos,pct,Defensive Rebounding Percentage,NA,Percentage of the team's missed shots that were defensive rebounded.,An estimate of the percentage of available defensive rebounds a player grabbed while he was on the floor.,TRUE
drbPg,"pas,tas",TRUE,DRB/G,DRB/G,DRebs / Game,Defensive Rebounds / Game,NA,pos,num,Defensive Rebounds / Game,The number of defensive rebounds per game.,NA,NA,TRUE
drbTm,"pps,pas,pgs",TRUE,NA,TM DRB,NA,NA,NA,pos,int,NA,NA,NA,NA,FALSE
droughtEndSecs,tssc,TRUE,NA,NA,NA,NA,NA,NA,NA,NA,NA,NA,NA,NA
droughtSecs,tssc,TRUE,NA,NA,NA,NA,NA,NA,NA,NA,NA,NA,NA,NA
droughtStartSecs,tssc,TRUE,NA,NA,NA,NA,NA,NA,NA,NA,NA,NA,NA,NA
drtg,"tgs,tas,tps,lu,oo",TRUE,DRtg,DRtg,Defensive Rating,Defensive Rating,NA,neg,num,Defensive Rating,NA,Points allowed per 100 possessions by the team.,NA,TRUE
drtgAdj,tas,TRUE,DRtg**Adj,DRtg**Adj,Defensive Rating**Adj,Adjusted Defensive Rating,NA,neg,num,Defensive Rating (Adjusted for Opponents),NA,"The team's defensive rating, taking into account an adjustment based on the average defensive rating allowed by the team's opponents throughout the season.",NA,TRUE
drtgAdjGap,tas,TRUE,--->,DRtg Adj,Adjustment to DRtg,Adjustment to DRtg,NA,neg,num,Adjustment to DRtg,NA,"The size of the adjustment for the team's adjusted defensive rating, that takes into account the average defensive rating allowed by the team's opponents throughout the season.",NA,TRUE
drtgPlayer,pas,TRUE,iDRtg,Player DRtg,Defensive Player Rating,Individual Defensive Player Rating,NA,neg,num,Individual Defensive Player Rating,NA,NA,"Individual defensive player rating (iDRtg) is an all-in-one metric developed by Dean Oliver in his 2004 book Basketball on Paper. In Oliver's words, individual defensive rating estimates how many points the player allowed per 100 possessions he individually faced while on the court. iDRtg is computed using box score statistics only, and therefore does not account for who the player is playing with or against. The equation for iDRtg can be found at https://www.basketball-reference.com/about/ratings.html",TRUE
dunkAst,"pgps,paps",TRUE,AST,DUNK AST,Dunk Assists,Dunk Assists,NA,pos,int,Dunk Assists,NA,The total number of assists by the team where the shooter dunked.,The total number of assists by the player where the shooter dunked.,TRUE
dunkAstdPct,"taps,paps,tgps",TRUE,ASTD%,DUNK ASTD%,Dunk Assisted Pct,At Rim Assisted Pct,NA,pos,pct,Dunks Assisted Percentage,NA,The percentage of a team's dunks that were assisted.,The percentage of a player's dunks that were assisted.,TRUE
dunkFgPct,"taps,paps,tgps",TRUE,FG%,DUNK FG%,FG% on Dunks,FG% on Dunks,NA,pos,pct,FG% on Dunks,NA,Field goal percentage on dunks.,Field goal percentage on dunks.,TRUE
dunkFga,"ppps,pgps,tpps,taps,paps,tgps",TRUE,FGA,DUNK FGA,Dunk Attempts,Dunk Attempts,NA,pos,int,Dunks Attempts,NA,The total number of dunk attempts by the team.,The total number of dunk attempts by the player.,TRUE
dunkFgaFreq,"taps,paps,tgps",TRUE,FGA%,DUNK FGA%,% of Shots as Dunks,% of Shots as Dunks,NA,pos,pct,% of Shots as Dunks,NA,The percentage of shots taken that were dunk attempts.,The percentage of shots taken that were dunk attempts.,TRUE
dunkFgaP100,taps,TRUE,FGA/100,DUNK FGA/100,Dunks Attempted / 100 Poss,Dunks Attempted / 100 Poss,NA,pos,num,Dunks Attempted / 100 Poss,NA,"The number of dunks attempted by the team, per 100 possessions played.","The number of dunks attempted by the player, per 100 possessions played.",TRUE
dunkFgaP40,"taps,paps",TRUE,FGA/40,DUNK FGA/40,Dunks Attempted / 40 Mins,Dunks Attempted / 40 Mins,NA,pos,num,Dunks Attempted / 40 Mins,NA,"The number of dunks attempted by the team, per 40 minutes played.","The number of dunks attempted by the player, per 40 minutes played.",TRUE
dunkFgaPg,"taps,paps",TRUE,FGA/G,DUNK FGA/G,Dunks Attempted / Game,Dunks Attempted / Game,NA,pos,num,Dunks Attempted / Game,NA,"The number of dunks attempted by the team, per game.","The number of dunks attempted by the player, per game.",TRUE
dunkFgm,"ppps,pgps,tpps,taps,paps,tgps",TRUE,FGM,DUNK FGM,Dunks Made,Dunks Made,NA,pos,int,Dunks Made,NA,The total number of dunks made by the team.,The total number of dunks made by the player.,TRUE
dunkFgmA,"pgps,taps,paps,tgps",TRUE,aFGM,DUNK aFGM,Assisted Dunks,Assisted Dunks,NA,pos,int,Assisted Dunks,NA,The total number of assisted dunks made by the team.,The total number of assisted dunks made by the player.,TRUE
dunkFgmAP100,taps,TRUE,aFGM/100,DUNK aFGM/100,Assisted Dunks / 100 Poss,Assisted Dunks / 100 Poss,NA,pos,num,Assisted Dunks / 100 Possessions,NA,"The number of assisted dunks made by the team, per 100 possessions played.","The number of assisted dunks made by the player, per 100 possessions played.",TRUE
dunkFgmAP40,"taps,paps",TRUE,aFGM/40,DUNK aFGM/40,Assisted Dunks / 40 Mins,Assisted Dunks / 40 Mins,NA,pos,num,Assisted Dunks / 40 Minuntes,NA,"The number of assisted dunks made by the team, per 40 minutes played.","The number of assisted dunks made by the player, per 40 minutes played.",TRUE
dunkFgmAPg,"taps,paps",TRUE,aFGM/G,DUNK aFGM/G,Assisted Dunks / Game,Assisted Dunks / Game,NA,pos,num,Assisted Dunks / Game,NA,"The number of assisted dunks made by the team, per game.","The number of assisted dunks made by the player, per game.",TRUE
dunkFgmU,"ppps,pgps,tpps,taps,paps,tgps",TRUE,uFGM,DUNK uFGM,Unassisted Dunks,Unassisted Dunks,NA,pos,int,Unassisted Dunks,NA,The total number of unassisted dunks made by the team.,The total number of unassisted dunks made by the player.,TRUE
dunkFgmUP100,taps,TRUE,uFGM/100,DUNK uFGM/100,Unassisted Dunks / 100 Poss,Unassisted Dunks / 100 Poss,NA,pos,num,Unassisted Dunks / 100 Possessions,NA,"The number of unassisted dunks made by the team, per 100 possessions played.","The number of unassisted dunks made by the player, per 100 possessions played.",TRUE
dunkFgmUP40,"taps,paps",TRUE,uFGM/40,DUNK uFGM/40,Unassisted Dunks / 40 Mins,Unassisted Dunks / 40 Mins,NA,pos,num,Unassisted Dunks / 40 Minutes,NA,"The number of unassisted dunks made by the team, per 40 minutes played.","The number of unassisted dunks made by the player, per 40 minutes played.",TRUE
dunkFgmUPg,"taps,paps",TRUE,uFGM/G,DUNK uFGM/G,Unassisted Dunks / Game,Unassisted Dunks / Game,NA,pos,num,Unassisted Dunks / Game,NA,"The number of unassisted dunks made by the team, per game.","The number of unassisted dunks made by the player, per game.",TRUE
dws,pas,TRUE,DWS,DWS,Defensive Win Shares,Defensive Win Shares,NA,pos,num,Defensive Win Shares,NA,NA,"Defensive Win Shares (DWS) is an all-in-one metric originally developed by Bill James for baseball, and adapted by Justin Kubatko (basketball-reference) for use in basketball. DWS attempts to divvy up credit for team success on defense to the individuals on the team, by estimating the number of defensive possessions a player was involved in over the year and the number of points prevented by the player's defensive efforts, which are then converted into the number of wins the player has contributed to their team. DWS is computed using box score statistics only, and therefore does not account for who the player is playing with or against. The equation for DWS can be found at https://www.sports-reference.com/cbb/about/ws.html",TRUE
dwsP40,pas,TRUE,DWS/40,DWS/40,Defensive Win Shares / 40 Mins,Defensive Win Shares / 40 Mins,NA,pos,num2,Defensive Win Shares / 40 Mins,NA,NA,Defensive Win Shares (DWS) generated per 40 minutes. The equation for DWS can be found at https://www.sports-reference.com/cbb/about/ws.html,TRUE
eff,"tgs,tas,tps",TRUE,EFF,EFF,Efficiency,Player Efficiency,NA,pos,num,Player Efficiency,(PTS + AST + BLK + STL + Fouls Drawn + REB) - (TOV + BLKD + PF + TF + (2PA - 2PM) + (3PA - 3PM) + (FTA - FTM)).,NA,NA,TRUE
efgPct,"pps,pgps,tpcs,tgs,pas,tas,tgcs,tps,pgs,taps,paps,lu,tgps,oo",TRUE,eFG%,eFG%,Effective FG%,Effective Field Goal Percentage,FG% with 3-pointers valued proportionally (3/2),pos,pct,Effective Field Goal Percentage,NA,The team's field goal percentage taking into account the additional point from 3s.,The player's field goal percentage taking into account the additional point from 3s.,TRUE
efgPctAdj,tas,TRUE,eFG%**Adj,eFG%**Adj,Effective FG%**Adj,Adjusted Effective Field Goal Percentage,NA,pos,pct,Effective Field Goal Percentage (Adjusted for Opponents),NA,"The team's effective field goal percentage, taking into account an adjustment based on the average eFG% allowed by the team's opponents throughout the season.",NA,TRUE
efgPctAdjGap,tas,TRUE,--->,eFG% Adj,Adjustment to eFG%,Adjustment to eFG%,NA,pos,pct,Adjustment to eFG%,NA,"The size of the adjustment for the team's adjusted effective field goal percentage, that takes into account the average eFG% allowed by the team's opponents throughout the season.",NA,TRUE
efgPctAgst,"tgs,tas,tps",TRUE,eFG%,eFG% Agst,Opponent Effective FG%,Opponent's Effective Field Goal Percentage,NA,neg,pct,Opponent's Effective Field Goal Percentage,NA,The opponent's field goal percentage taking into account the additional point from 3s.,NA,TRUE
efgPctS01,"pgps,taps,paps,tgps",TRUE,NA,NA,NA,NA,NA,NA,NA,NA,NA,NA,NA,FALSE
efgPctS12,"pgps,taps,paps,tgps",TRUE,NA,NA,NA,NA,NA,NA,NA,NA,NA,NA,NA,FALSE
efgPctS23,"pgps,taps,paps,tgps",TRUE,NA,NA,NA,NA,NA,NA,NA,NA,NA,NA,NA,FALSE
endScore,pssc,TRUE,NA,NA,NA,NA,NA,NA,NA,NA,NA,NA,NA,NA
endSecs,pssc,TRUE,NA,NA,NA,NA,NA,NA,NA,NA,NA,NA,NA,NA
fbpts,"pps,tpcs,tgs,pas,tas,tgcs,tps,pgs",TRUE,FBP,FBP,Fast Break Points,Fast Break Points,NA,pos,int,Fast Break Points,The total number of fast break points scored.,NA,NA,TRUE
fbptsAgst,"tgs,tas,tps",TRUE,oFBP,FBP AGST,Opponent Fast Break Points,Opponent Fast Break Points,NA,neg,int,Opponent Fast Break Points,The total number of fast break points scored by the opponent.,NA,NA,TRUE
fbptsDiff,"tgs,tas,tps",TRUE,FBP DIFF,FBP DIFF,FB Pts Differential,Fast Break Points Differential,NA,pos,int,Fast Break Points Differential,How many more or fewer fast break points the team scored compared to their opponent.,NA,NA,TRUE
fbptsP100,tas,TRUE,PTS/100,FBPTS PTS/100,Fast Break Pts / 100 Poss,Fast Break Points / 100 Poss,NA,pos,num,Fast Break Points / 100 Possessions,An estimate of the number of fast break points per 100 possessions played.,NA,NA,TRUE
fbptsP40,"pas,tas",TRUE,PTS/40,FBPTS PTS/40,Fast Break Pts / 40 Mins,Fast Break Points / 40 Mins,NA,pos,num,Fast Break Points / 40 Minutes,The number of fast break points per 40 minutes played.,NA,NA,TRUE
fbptsPctPts,"pps,tpcs,tgs,pas,tas,tgcs,tps,pgs",TRUE,%FBP,%FBP,% Pts on Fast Break,Fast Break Points % of Total Points,NA,pos,pct,Fast Break Points % of Total Points,NA,The percentage of all points scored by the team that were fast break points.,The percentage of all points scored by the player that were fast break points.,TRUE
fbptsPg,"pas,tas",TRUE,PTS/G,FBPTS PTS/G,Fast Break Pts / Game,Fast Break Points / Game,NA,pos,num,Fast Break Points / Game,The number of fast break points per game.,NA,NA,TRUE
fflDrawn,"pgps,taps,paps,tgps",TRUE,FFLD,FFLD,FFLs Drawn,Floor Fouls Drawn,NA,pos,int,Floor Fouls Drawn,The total number of floor fouls drawn.,NA,NA,TRUE
fflDrawnP100,taps,TRUE,FFLD/100,FFLD/100,FFLs Drawn / 100 Poss,Floor Fouls Drawn / 100 Poss,NA,pos,num,Floor Fouls Drawn / 100 Poss,The number of floor fouls drawn per 100 possessions.,NA,NA,TRUE
fflDrawnP40,"taps,paps",TRUE,FFLD/40,FFLD/40,FFLs Drawn / 40 Mins,Floor Fouls Drawn / 40 Mins,NA,pos,num,Floor Fouls Drawn / 40 Mins,The number of floor fouls drawn per 40 minutes.,NA,NA,TRUE
fflDrawnPct,"pgps,taps,paps,tgps",TRUE,FFLD%,FFLD%,Floor Fouled Pct,Floor Fouled Pct,NA,pos,pct,Floor Fouled Pct,The percentage of possessions where a floor foul was drawn.,NA,NA,TRUE
fflDrawnPg,"taps,paps",TRUE,FFLD/G,FFLD/G,FFLs Drawn / Game,Floor Fouls Drawn / Game,NA,pos,num,Floor Fouls Drawn / Game,The number of floor fouls drawn per game.,NA,NA,TRUE
fg2Pct,"pps,pgps,tpcs,tgs,gfl,pas,tssc,tas,tgcs,tps,pgs,taps,paps,tass,lu,tgps,oo",TRUE,2P%,2P%,2-Point Pct,2-Point Percentage,NA,pos,pct,2-Point Percentage,NA,Percentage of the team's 2-point field goal attempts that were made.,Percentage of the player's 2-point field goal attempts that were made.,TRUE
fg2PctAgst,tssc,TRUE,NA,NA,NA,NA,NA,NA,NA,NA,NA,NA,NA,FALSE
fg2PctHc,"pgps,taps,paps,tgps",TRUE,2P%,2P% in HC,2P% in Half Court,2P% in Half Court Offense,NA,pos,pct,2P% in Half Court Offense,An estimate of 2-point field goal percentage (makes / attempts) on shots in the context of half court offense (as opposed to transition or putback).,NA,NA,TRUE
fg2PctS01,"pgps,taps,paps,tgps",TRUE,2P%,2P% (0-10s),2P% (0 - 10 on Shot Clock),2P% (0 - 10 on Shot Clock),NA,pos,pct,2P% with 0 - 10 Seconds Left on Shot Clock,NA,Percentage of the team's 2-point field goal attempts taken with 0 - 10 seconds remaining on the shot clock that were made.,Percentage of the player's 2-point field goal attempts taken with 0 - 10 seconds remaining on the shot clock that were made.,TRUE
fg2PctS12,"pgps,taps,paps,tgps",TRUE,2P%,2P% (10-20s),2P% (20 - 30 on Shot Clock),2P% (20 - 30 on Shot Clock),NA,pos,pct,2P% with 10 - 20 Seconds Left on Shot Clock,NA,Percentage of the team's 2-point field goal attempts taken with 10 - 20 seconds remaining on the shot clock that were made.,Percentage of the player's 2-point field goal attempts taken with 10 - 20 seconds remaining on the shot clock that were made.,TRUE
fg2PctS23,"pgps,taps,paps,tgps",TRUE,2P%,2P% (20-30s),2P% (10 - 20 on Shot Clock),2P% (10 - 20 on Shot Clock),NA,pos,pct,2P% with 20 - 30 Seconds Left on Shot Clock,NA,Percentage of the team's 2-point field goal attempts taken with 20 - 30 seconds remaining on the shot clock that were made.,Percentage of the player's 2-point field goal attempts taken with 20 - 30 seconds remaining on the shot clock that were made.,TRUE
fg2PctTr,"pgps,taps,paps,tgps",TRUE,2P%,2P% in TR,2P% in Transition,2P% in Transition Offense,NA,pos,pct,2P% in Transition Offense,An estimate of 2-point field goal percentage (makes / attempts) on shots in the context of transition offense (as opposed to half court or putback).,NA,NA,TRUE
fg3Pct,"pps,pgps,tpcs,tgs,gfl,pas,tssc,tas,tgcs,tps,pgs,taps,paps,tass,lu,tgps,oo",TRUE,3P%,3P%,3-Point Pct,3-Point Percentage,NA,pos,pct,3-Point Percentage,NA,Percentage of the team's 3-point field goal attempts that were made.,Percentage of the player's 3-point field goal attempts that were made.,TRUE
fg3PctAgst,tssc,TRUE,NA,NA,NA,NA,NA,NA,NA,NA,NA,NA,NA,FALSE
fg3PctHc,"pgps,taps,paps,tgps",TRUE,3P%,3P% in HC,3P% in Half Court,3P% in Half Court Offense,NA,pos,pct,3P% in Half Court Offense,An estimate of 3-point field goal percentage (makes / attempts) on shots in the context of half court offense (as opposed to transition or putback).,NA,NA,TRUE
fg3PctS01,"pgps,taps,paps,tgps",TRUE,3P%,3P% (0-10s),3P% (0 - 10 on Shot Clock),3P% (0 - 10 on Shot Clock),NA,pos,pct,3P% with 0 - 10 Seconds Left on Shot Clock,NA,Percentage of the team's 3-point field goal attempts taken with 0 - 10 seconds remaining on the shot clock that were made.,Percentage of the player's 3-point field goal attempts taken with 0 - 10 seconds remaining on the shot clock that were made.,TRUE
fg3PctS12,"pgps,taps,paps,tgps",TRUE,3P%,3P% (10-20s),3P% (20 - 30 on Shot Clock),3P% (20 - 30 on Shot Clock),NA,pos,pct,3P% with 10 - 20 Seconds Left on Shot Clock,NA,Percentage of the team's 3-point field goal attempts taken with 10 - 20 seconds remaining on the shot clock that were made.,Percentage of the player's 3-point field goal attempts taken with 10 - 20 seconds remaining on the shot clock that were made.,TRUE
fg3PctS23,"pgps,taps,paps,tgps",TRUE,3P%,3P% (20-30s),3P% (10 - 20 on Shot Clock),3P% (10 - 20 on Shot Clock),NA,pos,pct,3P% with 20 - 30 Seconds Left on Shot Clock,NA,Percentage of the team's 3-point field goal attempts taken with 20 - 30 seconds remaining on the shot clock that were made.,Percentage of the player's 3-point field goal attempts taken with 20 - 30 seconds remaining on the shot clock that were made.,TRUE
fg3PctTr,"pgps,taps,paps,tgps",TRUE,3P%,3P% in TR,3P% in Transition,3P% in Transition Offense,NA,pos,pct,3P% in Transition Offense,An estimate of 3-point field goal percentage (makes / attempts) on shots in the context of transition offense (as opposed to half court or putback).,NA,NA,TRUE
fgPct,"pps,pgps,tpcs,tgs,pas,tssc,tas,tgcs,tps,pgs,taps,paps,tass,lu,tgps,oo",TRUE,FG%,FG%,Field Goal Pct,Field Goal Percentage,NA,pos,pct,Field Goal Percentage,NA,The percentage of all field goal attempts by the team that were made.,The percentage of all field goal attempts by the player that were made.,TRUE
fgPctHc,"pgps,taps,paps,tgps",TRUE,FG%,FG% in HC,FG% in Half Court,FG% in Half Court Offense,NA,pos,pct,FG% in Half Court Offense,An estimate of overall field goal percentage (makes / attempts) on shots in the context of half court offense (as opposed to transition or putback).,NA,NA,TRUE
fgPctPb,"pgps,taps,paps,tgps",TRUE,FG%,FG% on PB,FG% on Putbacks,FG% on Putbacks,NA,pos,pct,FG% on Putbacks,An estimate of overall field goal percentage (makes / attempts) on shots in the context of putback attempts (as opposed to transition or half court).,NA,NA,TRUE
fgPctS01,"pgps,taps,paps,tgps",TRUE,FG%,FG% 0-10s,FG% (0 - 10 on Shot Clock),FG% (0 - 10 on Shot Clock),NA,pos,pct,FG% with 0 - 10 Seconds Left on Shot Clock,NA,Percentage of the team's field goal attempts taken with 0 - 10 seconds remaining on the shot clock that were made.,Percentage of the player's field goal attempts taken with 0 - 10 seconds remaining on the shot clock that were made.,TRUE
fgPctS12,"pgps,taps,paps,tgps",TRUE,FG%,FG% 10-20s,FG% (20 - 30 on Shot Clock),FG% (20 - 30 on Shot Clock),NA,pos,pct,FG% with 10 - 20 Seconds Left on Shot Clock,NA,Percentage of the team's field goal attempts taken with 10 - 20 seconds remaining on the shot clock that were made.,Percentage of the player's field goal attempts taken with 10 - 20 seconds remaining on the shot clock that were made.,TRUE
fgPctS23,"pgps,taps,paps,tgps",TRUE,FG%,FG% 20-30s,FG% (10 - 20 on Shot Clock),FG% (10 - 20 on Shot Clock),NA,pos,pct,FG% with 20 - 30 Seconds Left on Shot Clock,NA,Percentage of the team's field goal attempts taken with 20 - 30 seconds remaining on the shot clock that were made.,Percentage of the player's field goal attempts taken with 20 - 30 seconds remaining on the shot clock that were made.,TRUE
fgPctTr,"pgps,taps,paps,tgps",TRUE,FG%,FG% in TR,FG% in Transition,FG% in Transition Offense,NA,pos,pct,FG% in Transition Offense,An estimate of overall field goal percentage (makes / attempts) on shots in the context of transition offense (as opposed to half court or putback).,NA,NA,TRUE
fga,"pps,pgps,tpcs,tgs,gfl,pas,tssc,tas,tgcs,tps,pgs,taps,paps,tass,lu,tgps,oo",TRUE,FGA,FGA,FG Attempts,Field Goal Attempts,NA,pos,int,Field Goal Attempts,The total number of field goal attempts.,NA,NA,TRUE
fga2,"pps,pgps,tpcs,tgs,gfl,pas,tssc,tas,tgcs,pssc,tps,pgs,taps,paps,tass,lu,tgps,oo",TRUE,2PA,2PA,2-Point Attempts,2-Point Field Goal Attempts,NA,pos,int,2-Point Field Goal Attempts,The total number of 2-point field goal attempts.,NA,NA,TRUE
fga2Agst,"tgs,gfl,tssc,tas,tps",TRUE,o2PA,2PA AGST,Opponent 2-Point Attempts,Opponent 2-Point Field Goal Attempts,NA,neg,int,Opponent 2-Point Field Goal Attempts,The total number of 2-point field goal attempts taken by the opponent.,NA,NA,TRUE
fga2AvgDist,"pgps,taps,paps,tgps",TRUE,Avg Dist,2PA Avg Dist,Avg Shot Dist on 2PAs,Average Shot Distance on 2-Point Attempts,NA,neg,num,Average Shot Distance on 2-Point Attempts,Average shot distance on 2-point field goal attempts. Shot distances are based on scorekeeper-tagged locations and may contain minor shot-location inaccuracies.,NA,NA,TRUE
fga2Diff,"tgs,tas,tps",TRUE,2PA DIFF,2PA DIFF,2PA Differential,2P Attempt Differential,NA,pos,int,2P Attempt Differential,How many more or fewer 2-point field goal attempts the team took compared to their opponent.,NA,NA,TRUE
fga2Hc,"pgps,taps,paps,tgps",TRUE,2PA,2PA in HC,2PAs in Half Court,2P Attempts in Half Court Offense,NA,pos,int,2P Attempts in Half Court Offense,An estimate of the total number of 2-point field goal attempts taken in the context of half court offense (as opposed to transition or putback).,NA,NA,TRUE
fga2P100,"tas,taps,lu,oo",TRUE,2PA/100,2PA/100,2PAs / 100 Poss,2-Point Field Goal Attempts / 100 Poss,NA,pos,num,2-Point Field Goal Attempts / 100 Possessions,An estimate of the number of 2-point field goal attempts per 100 possessions played.,NA,NA,TRUE
fga2P40,"pas,tas,taps,paps,lu,oo",TRUE,2PA/40,2PA/40,2PAs / 40 Mins,2-Point Field Goal Attempts / 40 Mins,NA,pos,num,2-Point Field Goal Attempts / 40 Minutes,The number of 2-point field goal attempts per 40 minutes played.,NA,NA,TRUE
fga2Pb,"pgps,tgps",TRUE,NA,NA,NA,NA,NA,NA,NA,NA,NA,NA,NA,FALSE
fga2Pg,"pas,tas,taps,paps",TRUE,2PA/G,2PA/G,2PAs / Game,2-Point Field Goal Attempts / Game,NA,pos,num,2-Point Field Goal Attempts / Game,The number of 2-point field goal attempts per game.,NA,NA,TRUE
fga2S01,"pgps,taps,paps,tgps",TRUE,2PA,2PA (0-10s),2PAs (0-10 on Shot Clock),2PAs (0-10 on Shot Clock),NA,pos,int,2-Point FGAs with 0 - 10 Seconds Left on Shot Clock,The total number of 2-point field goal attempts taken with 0 - 10 seconds remaining on the shot clock.,NA,NA,TRUE
fga2S12,"pgps,taps,paps,tgps",TRUE,2PA,2PA (10-20s),2PAs (10-20 on Shot Clock),2PAs (10-20 on Shot Clock),NA,pos,int,2-Point FGAs with 10 - 20 Seconds Left on Shot Clock,The total number of 2-point field goal attempts taken with 10 - 20 seconds remaining on the shot clock.,NA,NA,TRUE
fga2S23,"pgps,taps,paps,tgps",TRUE,2PA,2PA (20-30s),2PAs (20-30 on Shot Clock),2PAs (20-30 on Shot Clock),NA,pos,int,2-Point FGAs with 20 - 30 Seconds Left on Shot Clock,The total number of 2-point field goal attempts taken with 20 - 30 seconds remaining on the shot clock.,NA,NA,TRUE
fga2ShotDists,"pgps,taps,paps,tgps",TRUE,Sum Dist,2PA Sum of Dist,Sum of Shot Dist on 2PAs,Sum of All Shot Distances on 2-Point Attempts,NA,pos,num,Sum of All Shot Distances on 2-Point Attempts,Sum of shot distances on all 2-point field goal attemps.,NA,NA,TRUE
fga2Tr,"pgps,taps,paps,tgps",TRUE,2PA,2PA in TR,2PAs in Transition,2P Attempts in Transition Offense,NA,pos,int,2P Attempts in Transition Offense,An estimate of the total number of 2-point field goal attempts taken in the context of transition offense (as opposed to half court or putback).,NA,NA,TRUE
fga3,"pps,pgps,tpcs,tgs,gfl,pas,tssc,tas,tgcs,pssc,tps,pgs,taps,paps,tass,lu,tgps,oo",TRUE,3PA,3PA,3-Point Attempts,3-Point Field Goal Attempts,NA,pos,int,3-Point Field Goal Attempts,The total number of 3-point field goal attempts taken.,NA,NA,TRUE
fga3Agst,"pps,tgs,gfl,pas,tssc,tas,tps,pgs,lu,oo",TRUE,o3PA,3PA AGST,Opponent 3-Point Attempts,Opponent 3-Point Field Goal Attempts,NA,neg,int,Opponent 3-Point Field Goal Attempts,The total number of 3-point field goal attempts taken by the opponent.,NA,NA,TRUE
fga3AvgDist,"pgps,taps,paps,tgps",TRUE,Avg Dist,3PA Avg Dist,Avg Shot Dist on 3PAs,Average Shot Distance on 3-Point Attempts,NA,neg,num,Average Shot Distance on 3-Point Attempts,Average shot distance on 3-point field goal attempts. Shot distances are based on scorekeeper-tagged locations and may contain minor shot-location inaccuracies. Heaves (above 35 feet) are removed.,NA,NA,TRUE
fga3Diff,"tgs,tas,tps",TRUE,3PA DIFF,3PA DIFF,3PA Differential,3P Attempt Differential,NA,pos,int,3P Attempt Differential,How many more or fewer 3-point field goal attempts the team took compared to their opponent.,NA,NA,TRUE
fga3Hc,"pgps,taps,paps,tgps",TRUE,3PA,3PA in HC,3PAs in Half Court,3P Attempts in Half Court Offense,NA,pos,int,3P Attempts in Half Court Offense,An estimate of the total number of 3-point field goal attempts taken in the context of half court offense (as opposed to transition or putback).,NA,NA,TRUE
fga3P100,"tas,taps,lu,oo",TRUE,3PA/100,3PA/100,3PAs / 100 Poss,3-Point Field Goal Attempts / 100 Poss,NA,pos,num,3-Point Field Goal Attempts / 100 Possessions,An estimate of the number of 3-point field goal attempts per 100 possessions played.,NA,NA,TRUE
fga3P40,"pas,tas,taps,paps,lu,oo",TRUE,3PA/40,3PA/40,3PAs / 40 Mins,3-Point Field Goal Attempts / 40 Mins,NA,pos,num,3-Point Field Goal Attempts / 40 Minutes,The number of 3-point field goal attempts per 40 minutes played.,NA,NA,TRUE
fga3Pb,"pgps,tgps",TRUE,NA,NA,NA,NA,NA,NA,NA,NA,NA,NA,NA,FALSE
fga3Pg,"pas,tas,taps,paps",TRUE,3PA/G,3PA/G,3PAs / Game,3-Point Field Goal Attempts / Game,NA,pos,num,3-Point Field Goal Attempts / Game,The number of 3-point field goal attempts per game.,NA,NA,TRUE
fga3Rate,"pps,pgps,tpcs,tgs,pas,tssc,tas,tgcs,tps,pgs,taps,paps,tass,lu,tgps,oo",TRUE,3PAr,3PAr,3-Point Att Rate,Three Point Attempt Rate,NA,pos,pct,3-Point Attempt Rate,NA,Percentage of the team's field goal attempts that were 3-point field goal attempts.,Percentage of the player's field goal attempts that were 3-point field goal attempts.,TRUE
fga3S01,"pgps,taps,paps,tgps",TRUE,3PA,3PA (0-10s),3PAs (0-10 on Shot Clock),3PAs (0-10 on Shot Clock),NA,pos,int,3-Point FGAs with 0 - 10 Seconds Left on Shot Clock,The total number of 3-point field goal attempts taken with 0 - 10 seconds remaining on the shot clock.,NA,NA,TRUE
fga3S12,"pgps,taps,paps,tgps",TRUE,3PA,3PA (10-20s),3PAs (10-20 on Shot Clock),3PAs (10-20 on Shot Clock),NA,pos,int,3-Point FGAs with 10 - 20 Seconds Left on Shot Clock,The total number of 3-point field goal attempts taken with 10 - 20 seconds remaining on the shot clock.,NA,NA,TRUE
fga3S23,"pgps,taps,paps,tgps",TRUE,3PA,3PA (20-30s),3PAs (20-30 on Shot Clock),3PAs (20-30 on Shot Clock),NA,pos,int,3-Point FGAs with 20 - 30 Seconds Left on Shot Clock,The total number of 3-point field goal attempts taken with 20 - 30 seconds remaining on the shot clock.,NA,NA,TRUE
fga3ShotDists,"pgps,taps,paps,tgps",TRUE,Sum Dist,3PA Sum of Dist,Sum of Shot Dist on 3PAs,Sum of All Shot Distances on 3-Point Attempts,NA,pos,num,Sum of All Shot Distances on 3-Point Attempts,Sum of shot distances on all 3-point field goal attemps.,NA,NA,TRUE
fga3Tr,"pgps,taps,paps,tgps",TRUE,3PA,3PA in TR,3PAs in Transition,3P Attempts in Transition Offense,NA,pos,int,3P Attempts in Transition Offense,An estimate of the total number of 3-point field goal attempts taken in the context of transition offense (as opposed to half court or putback).,NA,NA,TRUE
fgaAgst,"pps,tgs,gfl,pas,tssc,tas,tps,pgs,tass,lu,oo",TRUE,oFGA,FGA AGST,Opponent FG Attempts,Opponent Field Goal Attempts,NA,neg,int,Opponent Field Goal Attempts,The total number of field goal attempts taken by the opponent.,NA,NA,TRUE
fgaAvgDist,"pgps,taps,paps,tgps",TRUE,Avg Dist,FGA Avg Dist,Avg Shot Dist on FGAs,Average Shot Distance on Field Goal Attempts,NA,neg,num,Average Shot Distance on Field Goal Attempts,Average shot distance on all field goal attempts. Shot distances are based on scorekeeper-tagged locations and may contain minor shot-location inaccuracies. Heaves (above 35 feet) are removed.,NA,NA,TRUE
fgaBox,"pgps,tgps",TRUE,NA,NA,NA,NA,NA,NA,NA,NA,NA,NA,NA,FALSE
fgaDiff,"tgs,tssc,tas,tps,tass",TRUE,FGA DIFF,FGA DIFF,FGA Differential,FG Attempt Differential,NA,pos,int,FG Attempt Differential,How many more or fewer field goal attempts the team took compared to their opponent.,NA,NA,TRUE
fgaFreqAllS01,"pgps,taps,paps,tgps",TRUE,FGA%,FGA% (0-10s) A,FGA% (0-10s) % All,FGA% (0-10s) % of all shots,NA,pos,pct,"FGA Freq, 0 - 10 Seconds Left on Shot Clock (% of all shots)",Percentage of all shots that were taken with 0 - 10 seconds remaining on the shot clock.,NA,NA,TRUE
fgaFreqAllS12,"pgps,taps,paps,tgps",TRUE,FGA%,FGA% (10-20s) A,FGA% (10-20s) % All,FGA% (10-20s) % of all shots,NA,pos,pct,"FGA Freq, 10 - 20 Seconds Left on Shot Clock (% of all shots)",Percentage of all shots that were taken with 10 - 20 seconds remaining on the shot clock.,NA,NA,TRUE
fgaFreqAllS23,"pgps,taps,paps,tgps",TRUE,FGA%,FGA% (20-30s) A,FGA% (20-30s) % All,FGA% (20-30s) % of all shots,NA,pos,pct,"FGA Freq, 20 - 30 Seconds Left on Shot Clock (% of all shots)",Percentage of all shots that were taken with 20 - 30 seconds remaining on the shot clock.,NA,NA,TRUE
fgaFreqHc,"pgps,taps,paps,tgps",TRUE,FGA%,FGA% in HC,FGA% in Half Court,FGA% in Half Court Offense,NA,pos,pct,FGA% in Half Court Offense,An estimate of the percentage of all shots that were taken in the context of half court offense (as opposed to transition or putback).,NA,NA,TRUE
fgaFreqPb,"pgps,taps,paps,tgps",TRUE,FGA%,FGA% on PB,FGA% on Putbacks,FGA% on Putbacks,NA,pos,pct,FGA% on Putbacks,An estimate of the percentage of all shots that were taken in the context of putback offense (as opposed to transition or half court).,NA,NA,TRUE
fgaFreqThreesS01,"pgps,taps,paps,tgps",TRUE,FGA%,FGA% (0-10s) 3s,FGA% (0-10s) % 3s,FGA% (0-10s) % of all 3s,NA,pos,pct,"FGA Freq, 0 - 10 Seconds Left on Shot Clock (% of all 3s)",Percentage of all 3s that were taken with 0 - 10 seconds remaining on the shot clock.,NA,NA,TRUE
fgaFreqThreesS12,"pgps,taps,paps,tgps",TRUE,FGA%,FGA% (10-20s) 3s,FGA% (10-20s) % 3s,FGA% (10-20s) % of all 3s,NA,pos,pct,"FGA Freq, 10 - 20 Seconds Left on Shot Clock (% of all 3s)",Percentage of all 3s that were taken with 10 - 20 seconds remaining on the shot clock.,NA,NA,TRUE
fgaFreqThreesS23,"pgps,taps,paps,tgps",TRUE,FGA%,FGA% (20-30s) 3s,FGA% (20-30s) % 3s,FGA% (20-30s) % of all 3s,NA,pos,pct,"FGA Freq, 20 - 30 Seconds Left on Shot Clock (% of all 3s)",Percentage of all 3s that were taken with 20 - 30 seconds remaining on the shot clock.,NA,NA,TRUE
fgaFreqTr,"pgps,taps,paps,tgps",TRUE,FGA%,FGA% in TR,FGA% in Transition,FGA% in Transition Offense,NA,pos,pct,FGA% in Transition Offense,An estimate of the percentage of all shots that were taken in the context of transition offense (as opposed to half court or putback).,NA,NA,TRUE
fgaFreqTwosS01,"pgps,taps,paps,tgps",TRUE,FGA%,FGA% (0-10s) 2s,FGA% (0-10s) % 2s,FGA% (0-10s) % of all 2s,NA,pos,pct,"FGA Freq, 0 - 10 Seconds Left on Shot Clock (% of all 2s)",Percentage of all 2s that were taken with 0 - 10 seconds remaining on the shot clock.,NA,NA,TRUE
fgaFreqTwosS12,"pgps,taps,paps,tgps",TRUE,FGA%,FGA% (10-20s) 2s,FGA% (10-20s) % 2s,FGA% (10-20s) % of all 2s,NA,pos,pct,"FGA Freq, 10 - 20 Seconds Left on Shot Clock (% of all 2s)",Percentage of all 2s that were taken with 10 - 20 seconds remaining on the shot clock.,NA,NA,TRUE
fgaFreqTwosS23,"pgps,taps,paps,tgps",TRUE,FGA%,FGA% (20-30s) 2s,FGA% (20-30s) % 2s,FGA% (20-30s) % of all 2s,NA,pos,pct,"FGA Freq, 20 - 30 Seconds Left on Shot Clock (% of all 2s)",Percentage of all 2s that were taken with 20 - 30 seconds remaining on the shot clock.,NA,NA,TRUE
fgaHc,"pgps,taps,paps,tgps",TRUE,FGA,FGA in HC,FGAs in Half Court,Field Goal Attempts in Half Court Offense,NA,pos,int,Field Goal Attempts in Half Court Offense,An estimate of the total number of field goal attempts taken in the context of half court offense (as opposed to transition or putback).,NA,NA,TRUE
fgaP100,"tas,taps,lu,oo",TRUE,FGA/100,FGA/100,FGAs / 100 Poss,Field Goal Attempts / 100 Poss,NA,pos,num,Field Goal Attempts / 100 Possessions,An estimate of the number of field goal attempts per 100 possessions played.,NA,NA,TRUE
fgaP40,"pas,tas,taps,paps,lu,oo",TRUE,FGA/40,FGA/40,FGAs / 40 Mins,Field Goal Attempts / 40 Mins,NA,pos,num,Field Goal Attempts / 40 Minutes,The number of field goal attempts per 40 minutes played.,NA,NA,TRUE
fgaP40Diff,tass,TRUE,DIFF,FGA/40 DIFF,FGA Differential / 40 Minutes,FGA Differential / 40 Minutes,NA,pos,num,FGA Differential / 40 Minutes,"How many more or fewer field goal attempts the team took compared to their opponent, per 40 minutes played.",NA,NA,TRUE
fgaPb,"pgps,taps,paps,tgps",TRUE,FGA,FGA on PB,FGAs on Putbacks,Field Goal Attempts on Putbacks,NA,pos,int,Field Goal Attempts on Putbacks,An estimate of the total number of field goal attempts taken in the context of putback offense (as opposed to half court or transition).,NA,NA,TRUE
fgaPg,"pas,tas,taps,paps",TRUE,FGA/G,FGA/G,FGAs / Game,Field Goal Attempts / Game,NA,pos,num,Field Goal Attempts / Game,The number of field goal attempts per game.,NA,NA,TRUE
fgaS01,"pgps,taps,paps,tgps",TRUE,FGA,FGA (0-10s),FGAs (0-10 on Shot Clock),FGAs (0-10 on Shot Clock),NA,pos,int,FGAs with 0 - 10 Seconds Left on Shot Clock,The total number of field goal attempts taken with 0 - 10 seconds remaining on the shot clock.,NA,NA,TRUE
fgaS12,"pgps,taps,paps,tgps",TRUE,FGA,FGA (10-20s),FGAs (10-20 on Shot Clock),FGAs (10-20 on Shot Clock),NA,pos,int,FGAs with 10 - 20 Seconds Left on Shot Clock,The total number of field goal attempts taken with 10 - 20 seconds remaining on the shot clock.,NA,NA,TRUE
fgaS23,"pgps,taps,paps,tgps",TRUE,FGA,FGA (20-30s),FGAs (20-30 on Shot Clock),FGAs (20-30 on Shot Clock),NA,pos,int,FGAs with 20 - 30 Seconds Left on Shot Clock,The total number of field goal attempts taken with 20 - 30 seconds remaining on the shot clock.,NA,NA,TRUE
fgaShotDists,"pgps,taps,paps,tgps",TRUE,Sum Dist,FGA Sum of Dist,Sum of Shot Dist on FGAs,Sum of All Shot Distances on 2-Point Attempts,NA,pos,num,Sum of All Shot Distances on 2-Point Attempts,Sum of shot distances on all field goal attemps.,NA,NA,TRUE
fgaTm,"pps,pgps,pas,pgs,paps",TRUE,NA,NA,NA,NA,NA,NA,NA,NA,NA,NA,NA,FALSE
fgaTr,"pgps,taps,paps,tgps",TRUE,FGA,FGA in TR,FGAs in Transition,Field Goal Attempts in Transition Offense,NA,pos,int,Field Goal Attempts in Transition Offense,An estimate of the total number of field goal attempts taken in the context of transition offense (as opposed to half court or putback).,NA,NA,TRUE
fgm,"pps,pgps,tpcs,tgs,gfl,pas,tssc,tas,tgcs,tps,pgs,taps,paps,tass,lu,tgps,oo",TRUE,FGM,FGM,FGs Made,Field Goals Made,NA,pos,int,Field Goals Made,The total number of field goals made.,NA,NA,TRUE
fgm2,"pps,pgps,tpcs,tgs,gfl,pas,tssc,tas,tgcs,pssc,tps,pgs,taps,paps,tass,lu,tgps,oo",TRUE,2PM,2PM,2 Pointers Made,2 Point Field Goals Made,NA,pos,int,2 Point Field Goals Made,The total number of 2-point field goals made.,NA,NA,TRUE
fgm2A,"pgps,taps,paps,tgps",TRUE,a2PM,a2PM,Assisted 2PM,Assisted 2-Point Field Goals,NA,pos,int,Assisted 2-Point Field Goals,NA,The total number of assisted 2-point field goals made by the team.,The total number of assisted 2-point field goals made by the player.,TRUE
fgm2AP100,taps,TRUE,a2PM/100,a2PM/100,Assisted 2PM / 100 Poss,Assisted 2-Point Field Goals / 100 Poss,NA,pos,num,Assisted 2-Point Field Goals / 100 Possessions,NA,"The number of assisted 2-point field goals made by the team, per 100 possessions played.","The number of assisted 2-point field goals made by the player, per 100 possessions played.",TRUE
fgm2AP40,"taps,paps",TRUE,a2PM/40,a2PM/40,Assisted 2PM / 40 Mins,Assisted 2-Point Field Goals / 40 Mins,NA,pos,num,Assisted 2-Point Field Goals / 40 Minutes,NA,"The number of assisted 2-point field goals made by the team, per 40 minutes played.","The number of assisted 2-point field goals made by the player, per 40 minutes played.",TRUE
fgm2APg,"taps,paps",TRUE,a2PM/G,a2PM/G,Assisted 2PM / Game,Assisted 2-Point Field Goals / Game,NA,pos,num,Assisted 2-Point Field Goals / Game,NA,"The number of assisted 2-point field goals made by the team, per game.","The number of assisted 2-point field goals made by the player, per game.",TRUE
fgm2Agst,"tgs,gfl,tas,tps,lu,oo",TRUE,o2PM,2PM AGST,Opponent 2-Pointers Made,Opponent 2-Point Field Goals Made,NA,neg,int,Opponent 2-Point Field Goals Made,The total number of 2-point field goals made by the opponent.,NA,NA,TRUE
fgm2AstdPct,"pgps,taps,paps,tgps",TRUE,ASTD%,FGM2 ASTD%,2P Assisted Pct,2P Assisted Pct,NA,pos,pct,2P Assisted Percentage,The percentage of 2P shots made that were assisted.,NA,NA,TRUE
fgm2Diff,"tgs,tas,tps",TRUE,2PM DIFF,2PM DIFF,2PM Differential,2P Made Differential,NA,pos,int,2P Made Differential,How many more or fewer 2-point field goals made the team had compared to their opponent.,NA,NA,TRUE
fgm2Hc,"pgps,taps,paps,tgps",TRUE,2PM,2PM in HC,2PM in Half Court,2P Made in Half Court Offense,NA,pos,int,2P Made in Half Court Offense,An estimate of the total number of 2-point field goals made in the context of half court offense (as opposed to transition or putback).,NA,NA,TRUE
fgm2Pb,"pgps,tgps",TRUE,NA,NA,NA,NA,NA,NA,NA,NA,NA,NA,NA,FALSE
fgm2PctPts,"pps,tpcs,tgs,pas,tas,tgcs,tps,pgs",TRUE,%2PTS,%2PTS,% Pts from 2s,% of Total Points from 2-Pointers,NA,pos,pct,% of Total Points from 2-Pointers,NA,The percentage of points scored by the team that were scored on two-point field goals.,The percentage of points scored by the player that were scored on two-point field goals.,TRUE
fgm2S01,"pgps,taps,paps,tgps",TRUE,2PM,2PM (0-10s),2s Made (0-10s),2s Made with 0-10 Secs on Shot Clock,NA,pos,int,2-Pointers Made with 0-10 Seconds Left on Shot Clock,The total number of 2-point field goals made with 0 - 10 seconds remaining on the shot clock.,NA,NA,TRUE
fgm2S12,"pgps,taps,paps,tgps",TRUE,2PM,2PM (10-20s),2s Made (10-20s),2s Made with 10-20 Secs on Shot Clock,NA,pos,int,2-Pointers Made with 10-20 Seconds Left on Shot Clock,The total number of 2-point field goals made with 10 - 20 seconds remaining on the shot clock.,NA,NA,TRUE
fgm2S23,"pgps,taps,paps,tgps",TRUE,2PM,2PM (20-30s),2s Made (20-30s),2s Made with 20-30 Secs on Shot Clock,NA,pos,int,2-Pointers Made with 20-30 Seconds Left on Shot Clock,The total number of 2-point field goals made with 20 - 30 seconds remaining on the shot clock.,NA,NA,TRUE
fgm2Tr,"pgps,taps,paps,tgps",TRUE,2PM,2PM in TR,2PM in Transition,2P Made in Transition Offense,NA,pos,int,2P Made in Transition Offense,An estimate of the total number of 2-point field goals made in the context of transition offense (as opposed to half court or putback).,NA,NA,TRUE
fgm2U,"pgps,taps,paps,tgps",TRUE,u2PM,2PMu,Unassisted 2PM,Unassisted 2-Point Field Goals,NA,pos,int,Unassisted 2-Point Field Goals,NA,The total number of unassisted 2-point field goals made by the team.,The total number of unassisted 2-point field goals made by the player.,TRUE
fgm2UP100,taps,TRUE,u2PM/100,u2PM/100,Unassisted 2PM / 100 Poss,Unassisted 2-Point Field Goals / 100 Poss,NA,pos,num,Unassisted 2-Point Field Goals / 100 Possessions,NA,"The number of unassisted 2-point field goals made by the team, per 100 possessions played.","The number of unassisted 2-point field goals made by the player, per 100 possessions played.",TRUE
fgm2UP40,"taps,paps",TRUE,u2PM/40,u2PM/40,Unassisted 2PM / 40 Mins,Unassisted 2-Point Field Goals / 40 Mins,NA,pos,num,Unassisted 2-Point Field Goals / 40 Minutes,NA,"The number of unassisted 2-point field goals made by the team, per 40 minutes played.","The number of unassisted 2-point field goals made by the player, per 40 minutes played.",TRUE
fgm2UPg,"taps,paps",TRUE,u2PM/G,u2PM/G,Unassisted 2PM / Game,Unassisted 2-Point Field Goals / Game,NA,pos,num,Unassisted 2-Point Field Goals / Game,NA,"The number of unassisted 2-point field goals made by the team, per game.","The number of unassisted 2-point field goals made by the player, per game.",TRUE
fgm3,"pps,pgps,tpcs,tgs,gfl,pas,tssc,tas,tgcs,pssc,tps,pgs,taps,paps,tass,lu,tgps,oo",TRUE,3PM,3PM,3 Pointers Made,3 Point Field Goals Made,NA,pos,int,3 Point Field Goals Made,The total number of 3-point field goals made.,NA,NA,TRUE
fgm3A,"pgps,taps,paps,tgps",TRUE,a3PM,a3PM,Assisted 3PM,Assisted 3-Point Field Goals,NA,pos,int,Assisted 3-Point Field Goals,NA,The total number of assisted 3-point field goals made by the team.,The total number of assisted 3-point field goals made by the player.,TRUE
fgm3AP100,taps,TRUE,a3PM/100,a3PM/100,Assisted 3PM / 100 Poss,Assisted 3-Point Field Goals / 100 Poss,NA,pos,num,Assisted 3-Point Field Goals / 100 Possessions,NA,"The number of assisted 3-point field goals made by the team, per 100 possessions played.","The number of assisted 3-point field goals made by the player, per 100 possessions played.",TRUE
fgm3AP40,"taps,paps",TRUE,a3PM/40,a3PM/40,Assisted 3PM / 40 Mins,Assisted 3-Point Field Goals / 40 Mins,NA,pos,num,Assisted 3-Point Field Goals / 40 Minutes,NA,"The number of assisted 3-point field goals made by the team, per 40 minutes played.","The number of assisted 3-point field goals made by the player, per 40 minutes played.",TRUE
fgm3APg,"taps,paps",TRUE,a3PM/G,a3PM/G,Assisted 3PM / Game,Assisted 3-Point Field Goals / Game,NA,pos,num,Assisted 3-Point Field Goals / Game,NA,"The number of assisted 3-point field goals made by the team, per game.","The number of assisted 3-point field goals made by the player, per game.",TRUE
fgm3Agst,"tgs,gfl,tas,tps,lu,oo",TRUE,o3PM,3PM AGST,Opponent 3-Pointers Made,Opponent 3-Point Field Goals Made,NA,neg,int,Opponent 3-Point Field Goals Made,The total number of 3-point field goals made by the opponent.,NA,NA,TRUE
fgm3AstdPct,"pgps,taps,paps,tgps",TRUE,ASTD%,FGM3 ASTD%,3P Assisted Pct,3P Assisted Pct,NA,pos,pct,3P Assisted Percentage,The percentage of 3P shots made that were assisted.,NA,NA,TRUE
fgm3Diff,"tgs,tas,tps",TRUE,3PM DIFF,3PM DIFF,3PM Differential,3P Made Differential,NA,pos,int,3P Made Differential,How many more or fewer 3-point field goals made the team had compared to their opponent.,NA,NA,TRUE
fgm3Hc,"pgps,taps,paps,tgps",TRUE,3PM,3PM in HC,3PM in Half Court,3P Made in Half Court Offense,NA,pos,int,3P Made in Half Court Offense,An estimate of the total number of 3-point field goals made in the context of half court offense (as opposed to transition or putback).,NA,NA,TRUE
fgm3Pb,"pgps,tgps",TRUE,NA,NA,NA,NA,NA,NA,NA,NA,NA,NA,NA,FALSE
fgm3PctPts,"pps,tpcs,tgs,pas,tas,tgcs,tps,pgs",TRUE,%3PTS,%3PTS,% Pts from 3s,% of Total Points from 3-Pointers,NA,pos,pct,% of Total Points from 3-Pointers,NA,The percentage of points scored by the team that were scored on three-point field goals.,The percentage of points scored by the player that were scored on three-point field goals.,TRUE
fgm3S01,"pgps,taps,paps,tgps",TRUE,3PM,3PM (0-10s),3s Made (0-10s),3s Made with 0-10 Secs on Shot Clock,NA,pos,int,3-Pointers Made with 0-10 Seconds Left on Shot Clock,The total number of 3-point field goals made with 0 - 10 seconds remaining on the shot clock.,NA,NA,TRUE
fgm3S12,"pgps,taps,paps,tgps",TRUE,3PM,3PM (10-20s),3s Made (10-20s),3s Made with 10-20 Secs on Shot Clock,NA,pos,int,3-Pointers Made with 10-20 Seconds Left on Shot Clock,The total number of 3-point field goals made with 10 - 20 seconds remaining on the shot clock.,NA,NA,TRUE
fgm3S23,"pgps,taps,paps,tgps",TRUE,3PM,3PM (20-30s),3s Made (20-30s),3s Made with 20-30 Secs on Shot Clock,NA,pos,int,3-Pointers Made with 20-30 Seconds Left on Shot Clock,The total number of 3-point field goals made with 20 - 30 seconds remaining on the shot clock.,NA,NA,TRUE
fgm3Tr,"pgps,taps,paps,tgps",TRUE,3PM,3PM in TR,3PM in Transition,3P Made in Transition Offense,NA,pos,int,3P Made in Transition Offense,An estimate of the total number of 3-point field goals made in the context of transition offense (as opposed to half court or putback).,NA,NA,TRUE
fgm3U,"pgps,taps,paps,tgps",TRUE,u3PM,u3PM,Unassisted 3PM,Unassisted 3-Point Field Goals,NA,pos,int,Unassisted 3-Point Field Goals,NA,The total number of unassisted 3-point field goals made by the team.,The total number of unassisted 3-point field goals made by the player.,TRUE
fgm3UP100,taps,TRUE,u3PM/100,u3PM/100,Unassisted 3PM / 100 Poss,Unassisted 3-Point Field Goals / 100 Poss,NA,pos,num,Unassisted 3-Point Field Goals / 100 Possessions,NA,"The number of unassisted 3-point field goals made by the team, per 100 possessions played.","The number of unassisted 3-point field goals made by the player, per 100 possessions played.",TRUE
fgm3UP40,"taps,paps",TRUE,u3PM/40,u3PM/40,Unassisted 3PM / 40 Mins,Unassisted 3-Point Field Goals / 40 Mins,NA,pos,num,Unassisted 3-Point Field Goals / 40 Minutes,NA,"The number of unassisted 3-point field goals made by the team, per 40 minutes played.","The number of unassisted 3-point field goals made by the player, per 40 minutes played.",TRUE
fgm3UPg,"taps,paps",TRUE,u3PM/G,u3PM/G,Unassisted 3PM / Game,Unassisted 3-Point Field Goals / Game,NA,pos,num,Unassisted 3-Point Field Goals / Game,NA,"The number of unassisted 3-point field goals made by the team, per game.","The number of unassisted 3-point field goals made by the player, per game.",TRUE
fgmA,"ppps,pgps,tpps,taps,paps,tgps",TRUE,aFGM,aFGM,Assisted FGM,Assisted Field Goals Made,NA,pos,int,Assisted Field Goals Made,NA,The total number of assisted field goals made by the team.,The total number of assisted field goals made by the player.,TRUE
fgmAP100,taps,TRUE,aFGM/100,aFGM/100,Assisted FGM / 100 Poss,Assisted Field Goals / 100 Poss,NA,pos,num,Assisted Field Goals / 100 Poss,NA,"The number of assisted field goals made by the team, per 100 possessions played.","The number of assisted field goals made by the player, per 100 possessions played.",TRUE
fgmAP40,"taps,paps",TRUE,aFGM/40,aFGM/40,Assisted FGM / 40 Mins,Assisted Field Goals / 40 Mins,NA,pos,num,Assisted Field Goals / 40 Mins,NA,"The number of assisted field goals made by the team, per 40 minutes played.","The number of assisted field goals made by the player, per 40 minutes played.",TRUE
fgmAPg,"taps,paps",TRUE,aFGM/G,aFGM/G,Assisted FGM / Game,Assisted Field Goals / Game,NA,pos,num,Assisted Field Goals / Game,NA,"The number of assisted field goals made by the team, per game.","The number of assisted field goals made by the player, per game.",TRUE
fgmAgst,"pps,tgs,gfl,tssc,tas,tps,pgs,tass,lu",TRUE,oFGM,FGM AGST,Opponent FGs Made,Opponent Field Goals Made,NA,neg,int,Opponent Field Goals Made,The total number of field goals made by the opponent.,NA,NA,TRUE
fgmAstdPct,"pgps,taps,paps,tgps",TRUE,ASTD%,FGM ASTD%,FGM Assisted Pct,FGM Assisted Pct,NA,pos,pct,FGM Assisted Percentage,The percentage of all fields goals made that were assisted.,NA,NA,TRUE
fgmDiff,"tgs,tas,tps",TRUE,FGM DIFF,FGM DIFF,FGM Differential,Team FGMs - Opponent FGMs,NA,pos,int,Team FGMs - Opponent FGMs,The number of field goals made by the team minus the number of field goals made by the opposing team.,NA,NA,TRUE
fgmHc,"pgps,taps,paps,tgps",TRUE,FGM,FGM in HC,FGM in Half Court,Field Goals Made in Half Court Offense,NA,pos,int,Field Goals Made in Half Court Offense,An estimate of the total number of field goals made in the context of half court offense (as opposed to transition or putback).,NA,NA,TRUE
fgmPb,"pgps,taps,paps,tgps",TRUE,FGM,FGM on PB,FGM on Putbacks,Field Goals Made on Putbacks,NA,pos,int,Field Goals Made on Putbacks,An estimate of the total number of field goals made in the context of putback offense (as opposed to half court or transition).,NA,NA,TRUE
fgmS01,"pgps,taps,paps,tgps",TRUE,FGM,FGM (0-10s),FGMs (0-10 on Shot Clock),FGMs (0-10 on Shot Clock),NA,pos,int,FGMs with 0 - 10 Seconds Left on Shot Clock,"The total number of field goals made, taken with 0 - 10 seconds remaining on the shot clock.",NA,NA,TRUE
fgmS12,"pgps,taps,paps,tgps",TRUE,FGM,FGM (10-20s),FGMs (10-20 on Shot Clock),FGMs (10-20 on Shot Clock),NA,pos,int,FGMs with 10 - 20 Seconds Left on Shot Clock,"The total number of field goals made, taken with 10 - 20 seconds remaining on the shot clock.",NA,NA,TRUE
fgmS23,"pgps,taps,paps,tgps",TRUE,FGM,FGM (20-30s),FGMs (20-30 on Shot Clock),FGMs (20-30 on Shot Clock),NA,pos,int,FGMs with 20 - 30 Seconds Left on Shot Clock,"The total number of field goals made, taken with 20 - 30 seconds remaining on the shot clock.",NA,NA,TRUE
fgmTm,"pps,pas,pgs",TRUE,NA,NA,NA,NA,NA,NA,NA,NA,NA,NA,NA,FALSE
fgmTr,"pgps,taps,paps,tgps",TRUE,FGM,FGM in TR,FGM in Transition,Field Goals Made in Transition Offense,NA,pos,int,Field Goals Made in Transition Offense,An estimate of the total number of field goals made in the context of transition offense (as opposed to half court or putback).,NA,NA,TRUE
fgmU,"ppps,pgps,tpps,taps,paps,tgps",TRUE,uFGM,uFGM,Unassisted FGM,Unassisted Field Goals Made,NA,pos,int,Unassisted Field Goals Made,NA,The total number of unassisted field goals made by the team.,The total number of unassisted field goals made by the player.,TRUE
fgmUP100,taps,TRUE,uFGM/100,uFGM/100,Unassisted FGM / 100 Poss,Unassisted Field Goals / 100 Poss,NA,pos,num,Unassisted Field Goals / 100 Poss,NA,"The number of unassisted field goals made by the team, per 100 possessions played.","The number of unassisted field goals made by the player, per 100 possessions played.",TRUE
fgmUP40,"taps,paps",TRUE,uFGM/40,uFGM/40,Unassisted FGM / 40 Mins,Unassisted Field Goals / 40 Mins,NA,pos,num,Unassisted Field Goals / 40 Mins,NA,"The number of unassisted field goals made by the team, per 40 minutes played.","The number of unassisted field goals made by the player, per 40 minutes played.",TRUE
fgmUPg,"taps,paps",TRUE,uFGM/G,uFGM/G,Unassisted FGM / Game,Unassisted Field Goals / Game,NA,pos,num,Unassisted Field Goals / Game,NA,"The number of unassisted field goals made by the team, per game.","The number of unassisted field goals made by the player, per game.",TRUE
flowStint,gfl,FALSE,NA,NA,NA,NA,NA,NA,NA,NA,NA,NA,NA,FALSE
flp2FgPct,"pgps,taps,paps,tgps",TRUE,FG%,FLP2 FG%,Far Left Paint 2s FG%,Far Left Paint 2s FG%,NA,pos,pct,Far Left Paint 2s Field Goal Percentage,Field goal percentage on far left paint 2-pointers.,NA,NA,TRUE
flp2Fga,"pgps,taps,paps,tgps",TRUE,FGA,FLP2 FGA,Far Left Paint 2s FGA,Far Left Paint 2s FGA,NA,pos,int,Far Left Paint 2s Field Goal Attempts,Field goal attempts on far left paint 2-pointers.,NA,NA,TRUE
flp2FgaFreq,"pgps,taps,paps,tgps",TRUE,FGA%,FLP2 FGA%,Far Left Paint 2s FGA%,Far Left Paint 2s FGA%,NA,pos,pct,Far Left Paint 2s Field Goal Attempt Frequency,Percentage of shots taken as far left paint 2-pointers.,NA,NA,TRUE
flp2FgaP100,taps,TRUE,FGA/100,FLP2 FGA/100,Far Left Paint 2s FGA / 100 Poss,Far Left Paint 2s FGA / 100 Poss,NA,pos,num,Far Left Paint 2s Field Goal Attempts / 100 Possessions,Field goal attempts on far left paint 2-pointers per 100 possessions played.,NA,NA,TRUE
flp2FgaP40,"taps,paps",TRUE,FGA/40,FLP2 FGA/40,Far Left Paint 2s FGA / 40 Mins,Far Left Paint 2s FGA / 40 Mins,NA,pos,num,Far Left Paint 2s Field Goal Attempts / 40 Minutes,Field goal attempts on far left paint 2-pointers per 40 minutes played.,NA,NA,TRUE
flp2FgaPg,"taps,paps",TRUE,FGA/G,FLP2 FGA/G,Far Left Paint 2s FGA / Game,Far Left Paint 2s FGA / Game,NA,pos,num,Far Left Paint 2s Field Goal Attempts / Game,Field goal attempts on far left paint 2-pointers per game.,NA,NA,TRUE
flp2Fgm,"pgps,taps,paps,tgps",TRUE,FGM,FLP2 FGM,Far Left Paint 2s FGM,Far Left Paint 2s FGM,NA,pos,int,Far Left Paint 2s Field Goals Made,Field goals made on far left paint 2-pointers.,NA,NA,TRUE
freqChncHc,"taps,tgps",TRUE,FREQ,HC FREQ,% Frequency in Half Court,% Frequency in Half Court,NA,pos,pct,% Frequency in Half Court,The percentage of the team's offensive chances that were marked as half court (as opposed to transition or putback) chances.,NA,NA,TRUE
freqChncPb,"taps,tgps",TRUE,FREQ,PB FREQ,% Frequency on Putbacks,% Frequency on Putbacks,NA,pos,pct,% Frequency on Putbacks,The percentage of the team's offensive chances that were marked as putback(as opposed to half court or transition ) chances.,NA,NA,TRUE
freqChncTr,"taps,tgps",TRUE,FREQ,TR FREQ,% Frequency in Transition,% Frequency in Transition,NA,pos,pct,% Frequency in Transition,The percentage of the team's offensive chances that were marked as transition (as opposed to half court or putback) chances.,NA,NA,TRUE
frp2FgPct,"pgps,taps,paps,tgps",TRUE,FG%,FRP2 FG%,Far Right Paint 2s FG%,Far Right Paint 2s FG%,NA,pos,pct,Far Right Paint 2s Field Goal Percentage,Field goal percentage on far right paint 2-pointers.,NA,NA,TRUE
frp2Fga,"pgps,taps,paps,tgps",TRUE,FGA,FRP2 FGA,Far Right Paint 2s FGA,Far Right Paint 2s FGA,NA,pos,int,Far Right Paint 2s Field Goal Attempts,Field goal attempts on far right paint 2-pointers.,NA,NA,TRUE
frp2FgaFreq,"pgps,taps,paps,tgps",TRUE,FGA%,FRP2 FGA%,Far Right Paint 2s FGA%,Far Right Paint 2s FGA%,NA,pos,pct,Far Right Paint 2s Field Goal Attempt Frequency,Percentage of shots taken as far right paint 2-pointers.,NA,NA,TRUE
frp2FgaP100,taps,TRUE,FGA/100,FRP2 FGA/100,Far Right Paint 2s FGA / 100 Poss,Far Right Paint 2s FGA / 100 Poss,NA,pos,num,Far Right Paint 2s Field Goal Attempts / 100 Possessions,Field goal attempts on far right paint 2-pointers per 100 possessions played.,NA,NA,TRUE
frp2FgaP40,"taps,paps",TRUE,FGA/40,FRP2 FGA/40,Far Right Paint 2s FGA / 40 Mins,Far Right Paint 2s FGA / 40 Mins,NA,pos,num,Far Right Paint 2s Field Goal Attempts / 40 Minutes,Field goal attempts on far right paint 2-pointers per 40 minutes played.,NA,NA,TRUE
frp2FgaPg,"taps,paps",TRUE,FGA/G,FRP2 FGA/G,Far Right Paint 2s FGA / Game,Far Right Paint 2s FGA / Game,NA,pos,num,Far Right Paint 2s Field Goal Attempts / Game,Field goal attempts on far right paint 2-pointers per game.,NA,NA,TRUE
frp2Fgm,"pgps,taps,paps,tgps",TRUE,FGM,FRP2 FGM,Far Right Paint 2s FGM,Far Right Paint 2s FGM,NA,pos,int,Far Right Paint 2s Field Goals Made,Field goals made on far right paint 2-pointers.,NA,NA,TRUE
ft1Pct,"pgps,taps,paps,tgps",TRUE,FT1%,FT1%,FT% on 1st FT,FT% on First Free Throw,NA,pos,pct,FT% on First Free Throw Attempt,Free throw percentage on the first free throw attempt.,NA,NA,TRUE
ft1a1Pct,"pgps,taps,paps,tgps",TRUE,NA,NA,NA,NA,NA,NA,NA,NA,NA,NA,NA,FALSE
ft2Pct,"pgps,taps,paps,tgps",TRUE,FT2%,FT2%,FT% on 2nd FT,FT% on Second Free Throw,NA,pos,pct,FT% on Second Free Throw Attempt,Free throw percentage on the second free throw attempt.,NA,NA,TRUE
ft3Pct,"pgps,taps,paps,tgps",TRUE,FT3%,FT3%,FT% on 3rd FT,FT% on Third Free Throw,NA,pos,pct,FT% on Third Free Throw Attempt,Free throw percentage on the third free throw attempt.,NA,NA,TRUE
ftPct,"pps,pgps,tpcs,tgs,gfl,pas,tas,tgcs,tps,pgs,taps,paps,tass,lu,tgps,oo",TRUE,FT%,FT%,Free Throw Pct,Free Throw Percentage,NA,pos,pct,Free Throw Percentage,NA,Percentage of the team's free throw attempts that were made.,Percentage of the player's free throw attempts that were made.,TRUE
ftRatio,"pgps,taps,paps,tgps",TRUE,NA,NA,NA,NA,NA,NA,NA,NA,NA,NA,NA,FALSE
fta,"pps,pgps,tpcs,tgs,gfl,pas,tssc,tas,tgcs,pssc,tps,pgs,taps,paps,tass,lu,tgps,oo",TRUE,FTA,FTA,FT Attempts,Free Throw Attempts,NA,pos,int,Free Throw Attempts,The total number of free throw attempts.,NA,NA,TRUE
fta1,"pgps,taps,paps,tgps",TRUE,FTA1,FTA1,FT1 Attempts,First Free Throw Attempts,NA,pos,int,First Free Throw Attempts,The total number of first free throw attempts.,NA,NA,TRUE
fta1a1,"pgps,taps,paps,tgps",TRUE,NA,NA,NA,NA,NA,NA,NA,NA,NA,NA,NA,FALSE
fta2,"pgps,taps,paps,tgps",TRUE,FTA2,FTA2,FT2 Attempts,Second Free Throw Attempts,NA,pos,int,Second Free Throw Attempts,The total number of second free throw attempts.,NA,NA,TRUE
fta3,"pgps,taps,paps,tgps",TRUE,FTA3,FTA3,FT3 Attempts,Third Free Throw Attempts,NA,pos,int,Third Free Throw Attempts,The total number of third free throw attempts.,NA,NA,TRUE
ftaAgst,"pps,tgs,gfl,tssc,tas,tps,pgs,tass,lu",TRUE,oFTA,FTA AGST,Opponent FT Attempts,Opponent Free Throw Attempts,NA,neg,int,Opponent Free Throw Attempts,The total number of free throw attempts taken by the opponent.,NA,NA,TRUE
ftaDiff,"tgs,tssc,tas,tps,tass",TRUE,FTA DIFF,FTA DIFF,FTA Differential,FT Attempt Differential,NA,pos,int,FT Attempt Differential,How many more or fewer free throw attempts the team took compared to their opponent.,NA,NA,TRUE
ftaP100,"tas,lu,oo",TRUE,FTA/100,FTA/100,FTAs / 100 Poss,Free Throw Attempts / 100 Poss,NA,pos,num,Free Throw Attempts / 100 Poss,An estimate of the number of free throw attempts per 100 possessions played.,NA,NA,TRUE
ftaP40,"pas,tas,lu,oo",TRUE,FTA/40,FTA/40,FTAs / 40 Mins,Free Throw Attempts / 40 Mins,NA,pos,num,Free Throw Attempts / 40 Mins,The number of free throw attempts per 40 minutes played.,NA,NA,TRUE
ftaP40Diff,tass,TRUE,DIFF,FTA/40 DIFF,FTA Differential / 40 Minutes,FTA Differential / 40 Minutes,NA,pos,num,FTA Differential / 40 Minutes,"How many more or fewer free throw attempts the team took compared to their opponent, per 40 minutes played.",NA,NA,TRUE
ftaPg,"pas,tas",TRUE,FTA/G,FTA/G,FTAs / Game,Free Throw Attempts / Game,NA,pos,num,Free Throw Attempts / Game,The number of free throw attempts per game.,NA,NA,TRUE
ftaRate,"pps,tpcs,tgs,pas,tssc,tas,tgcs,tps,pgs,tass,lu,oo",TRUE,FTA Rate,FTA Rate,FT Attempt Rate,Free Throw Attempt Rate,NA,pos,pct,Free Throw Attempt Rate,NA,A team's free throws attempted as a percentage of their field goal attempts.,A player's free throw attempts as a percentage of their field goal attempts.,TRUE
ftaRateAdj,tas,TRUE,FTA Rate**Adj,FTA Rate**Adj,FT Attempt Rate**Adj,Adjusted Free Throw Attempt Rate,NA,pos,pct,Free Throw Attempt Rate (Adjusted for Opponents),NA,"The team's free throw attempt rate, taking into account an adjustment based on the average FTA Rate allowed by the team's opponents throughout the season.",NA,TRUE
ftaRateAdjGap,tas,TRUE,--->,FTA Rate Adj,Adjustment to FTA Rate,Adjustment to FTA Rate,NA,pos,pct,Adjustment to FTA Rate,NA,"The size of the adjustment for the team's adjusted free throw attempt rate, that takes into account the average FTA Rate allowed by the team's opponents throughout the season.",NA,TRUE
ftaRateAgst,"tgs,tas,tps",TRUE,FTA Rate,FTA Rate Agst,Opponent's FT Attempt Rate,Opponent's Free Throw Attempt Rate,NA,neg,pct,Opponent's Free Throw Attempt Rate,NA,An opponent's free throws attempted as a percentage of their field goal attempts.,A player's free throw attempts as a percentage of their field goal attempts.,TRUE
ftaTm,"pps,pgps,pas,pgs,paps",TRUE,NA,NA,NA,NA,NA,NA,NA,NA,NA,NA,NA,FALSE
ftm,"pps,pgps,tpcs,tgs,gfl,pas,tssc,tas,tgcs,pssc,tps,pgs,taps,paps,tass,lu,tgps,oo",TRUE,FTM,FTM,FTs Made,Free Throws Made,NA,pos,int,Free Throws Made,The total number of free throws made.,NA,NA,TRUE
ftm1,"pgps,taps,paps,tgps",TRUE,FTM1,FTM1,FT1s Made,First Free Throws Made,NA,pos,int,First Free Throws Made,The total number of first free throws made.,NA,NA,TRUE
ftm1a1,"pgps,taps,paps,tgps",TRUE,NA,NA,NA,NA,NA,NA,NA,NA,NA,NA,NA,FALSE
ftm2,"pgps,taps,paps,tgps",TRUE,FTM2,FTM2,FT2s Made,Second Free Throws Made,NA,pos,int,Second Free Throws Made,The total number of second free throw attempts made.,NA,NA,TRUE
ftm3,"pgps,taps,paps,tgps",TRUE,FTM3,FTM3,FT3s Made,Third Free Throws Made,NA,pos,int,Third Free Throws Made,The total number of third free throw attempts made.,NA,NA,TRUE
ftmAgst,"tgs,tas,tps,lu,oo",TRUE,oFTM,FTM AGST,Opponent FTs Made,Opponent Free Throws Made,NA,neg,int,Opponent Free Throws Made,The total number of free throws made by the opponent.,NA,NA,TRUE
ftmDiff,"tgs,tas,tps",TRUE,FTM DIFF,FTM DIFF,FTM Differential,FT Made Differential,NA,pos,int,FT Made Differential,How many more or fewer free throws made the team had compared to their opponent.,NA,NA,TRUE
ftmPctPts,"pps,tpcs,tgs,pas,tas,tgcs,tps,pgs",TRUE,%FTPTS,%FTPTS,% Pts from FTs,% of Total Points from Free Throws,NA,pos,pct,% of Total Points from Free Throws,NA,The percentage of points scored by the team that were scored on free throws.,The percentage of points scored by the player that were scored on free throws.,TRUE
ftmRate,"pps,tpcs,tgs,pas,tas,tgcs,tps,pgs,lu,oo",TRUE,FTM Rate,FTM Rate,FT Made Rate,Free Throw Made Rate,NA,pos,pct,Free Throw Made Rate,NA,A team's free throws made as a percentage of their field goal attempts.,A player's free throws made as a percentage of their field goal attempts.,TRUE
fullName,"pps,ppps,pos,pgps,pbptga,nil,pas,pssh,pssc,pgs,paps,oo",FALSE,NA,NA,NA,NA,NA,NA,NA,NA,NA,NA,NA,FALSE
gameDate,"pps,ppps,pgps,tpcs,tgs,pbptga,tssc,tgcs,pssc,tpps,tps,pgs,tgps",FALSE,NA,NA,NA,NA,NA,NA,NA,NA,NA,NA,NA,FALSE
gameDates,"pssh,tssh",FALSE,NA,NA,NA,NA,NA,NA,NA,NA,NA,NA,NA,NA
gameFlowPeriod,gfl,FALSE,NA,NA,NA,NA,NA,NA,NA,NA,NA,NA,NA,FALSE
gameId,"pps,ppps,pgps,tpcs,tgs,pbptga,gfl,pssh,tssc,tgcs,pssc,tssh,tpps,tps,pgs,tgps",FALSE,NA,NA,NA,NA,NA,NA,NA,NA,NA,NA,NA,FALSE
gameIds,"pssh,tssh",FALSE,NA,NA,NA,NA,NA,NA,NA,NA,NA,NA,NA,NA
gameStatus,"tpcs,tgs,tgcs,tps",FALSE,NA,NA,NA,NA,NA,NA,NA,NA,NA,NA,NA,FALSE
gameTime,"pps,tpcs,tgs,tgcs,tps,pgs",FALSE,NA,NA,NA,NA,NA,NA,NA,NA,NA,NA,NA,FALSE
gameUpdated,"tpcs,tgs,tgcs,tps",TRUE,NA,NA,NA,NA,NA,NA,NA,NA,NA,NA,NA,FALSE
gender,"pps,pgps,tpcs,tgs,pas,tas,tgcs,tps,pgs,taps,paps,tgps",FALSE,NA,NA,NA,NA,NA,NA,NA,NA,NA,NA,NA,FALSE
goodTakeRate,"pgps,taps,paps,tgps",TRUE,gTk%,gTk%,Good Take Rate,Good Take Rate,(3PA + Rim FGA + FT Trip) / Total Takes,pos,pct,Good Take Rate,NA,NA,"The percentage of true shot attempts (FGAs + 0.44 * FTA) that were shots at the rim, from 3P range, or trips to the FT line.",TRUE
gp,"pps,tgs,nil,pas,tas,tps,pgs,taps,paps",TRUE,GP,GP,Games Played,Games Played,NA,pos,int,Games Played,NA,The number of games played by the team.,The number of games played by the player.,TRUE
gpPbp,"pgps,tgs,pas,tas,tps,taps,paps,lu,tgps",TRUE,GP*,GP*,Games Played (PBP),Games Played (PBP),NA,pos,int,Games Played,NA,The number of games played by the team in games where play-by-play data was tracked and collected by the NCAA.,The number of games played the player in games where play-by-play data was tracked and collected by the NCAA.,TRUE
gs,"pps,nil,pas,pgs",TRUE,GS,GS,Games Started,Games Started,NA,pos,int,Games Started,NA,NA,The number of games started by the player.,TRUE
gsPbp,"pgps,paps",TRUE,GS*,GS*,Games Started (PBP),Games Started (PBP),NA,pos,int,Games Started,NA,NA,The number of games started by the player in games where play-by-play data was tracked and collected by the NCAA.,TRUE
hasImage,"pps,ppps,pgps,pbptga,nil,pas,pssh,pssc,pgs,paps,oo",FALSE,NA,NA,NA,NA,NA,NA,NA,NA,NA,NA,NA,FALSE
hasImageA,taac,TRUE,NA,NA,NA,NA,NA,NA,NA,NA,NA,NA,NA,FALSE
hasImageS,taac,TRUE,NA,NA,NA,NA,NA,NA,NA,NA,NA,NA,NA,FALSE
heave3FgPct,"pgps,taps,paps,tgps",TRUE,FG%,H3 FG%,Heaves 3s FG%,Heaves 3s FG%,NA,pos,pct,Heaves 3s Field Goal Percentage,Field goal percentage on heaves (35+ feet).,NA,NA,TRUE
heave3Fga,"pgps,taps,paps,tgps",TRUE,FGA,H3 FGA,Heaves 3s FGA,Heaves 3s FGA,NA,pos,int,Heaves 3s Field Goal Attempts,Field goal attempts on heaves (35+ feet).,NA,NA,TRUE
heave3FgaFreq,"pgps,taps,paps,tgps",TRUE,FGA%,H3 FGA%,Heaves 3s FGA%,Heaves 3s FGA%,NA,pos,pct,Heaves 3s Field Goal Attempt Frequency,Percentage of shots taken as heaves (35+ feet).,NA,NA,TRUE
heave3FgaP100,taps,TRUE,FGA/100,H3 FGA/100,Heaves 3s FGA / 100 Poss,Heaves 3s FGA / 100 Poss,NA,pos,num,Heaves 3s Field Goal Attempts / 100 Possessions,Field goal attempts on heaves (35+ feet) per 100 possessions played.,NA,NA,TRUE
heave3FgaP40,"taps,paps",TRUE,FGA/40,H3 FGA/40,Heaves 3s FGA / 40 Mins,Heaves 3s FGA / 40 Mins,NA,pos,num,Heaves 3s Field Goal Attempts / 40 Minutes,Field goal attempts on heaves (35+ feet) per 40 minutes played.,NA,NA,TRUE
heave3FgaPg,"taps,paps",TRUE,FGA/G,H3 FGA/G,Heaves 3s FGA / Game,Heaves 3s FGA / Game,NA,pos,num,Heaves 3s Field Goal Attempts / Game,Field goal attempts on heaves (35+ feet) per game.,NA,NA,TRUE
heave3Fgm,"pgps,taps,paps,tgps",TRUE,FGM,H3 FGM,Heaves 3s FGM,Heaves 3s FGM,NA,pos,int,Heaves 3s Field Goals Made,Field goals made on heaves (35+ feet).,NA,NA,TRUE
height,"pos,nil,pas,paps",TRUE,Ht,HEIGHT,Player Height,Player Height,NA,pos,int,Player Height,NA,NA,"Player height, listed in inches.",TRUE
heightRank,pos,TRUE,RK,NA,NA,NA,NA,NA,NA,NA,NA,NA,NA,TRUE
heightRankYr,pos,TRUE,RK,POS RK,Position Rank,Position Rank on Team,NA,pos,int,Position Rank on Team,Position Rank on Team,NA,NA,TRUE
hkmPct,"pps,tgs,pas,tas,tps,pgs,lu,oo",TRUE,HKM%,HKM%,Hakeem Pct,Hakeem Percentage,NA,pos,pct,Hakeem Percentage,NA,The sum of a team's block percentage and steal percentage.,The sum of a player's block percentage and steal percentage.,TRUE
homeId,"tpcs,tgs,tssc,tgcs,tps",FALSE,NA,NA,NA,NA,NA,NA,NA,NA,NA,NA,NA,FALSE
hookup,taac,TRUE,HUp,HUp,Hookups,Hookups,NA,pos,int,Assister-Scorer Hookups,The total number of assists from this Assister to this Scorer.,NA,NA,TRUE
hookupAoop,taac,TRUE,Aoop,HUp Aoop,Hookup Alley-Oops,Hookup Alley-Oops,NA,pos,int,Hookup Alley-Oops,The total number of assists from this Assister to this Scorer that were assists on alley-oops.,NA,NA,TRUE
hookupAoopPct,taac,TRUE,Aoop%,HUp Aoop%,Hookup Alley-Oops %,Hookup Alley-Oops Percentage,NA,pos,pct,Hookup Alley-Oops Percentage,The percentage of this 2-player combo's hookups that were hookups on alley-oops.,NA,NA,TRUE
hookupDunk,taac,TRUE,Dunk,HUp Dunk,Hookup Dunks,Hookup Dunks,NA,pos,int,Hookup Dunks,The total number of assists from this Assister to this Scorer that were assists on dunks.,NA,NA,TRUE
hookupDunkPct,taac,TRUE,Dunk%,HUp Dunk%,Hookup Dunks %,Hookup Dunks Percentage,NA,pos,pct,Hookup Dunks Percentage,The percentage of this 2-player combo's hookups that were hookups on dunks.,NA,NA,TRUE
hookupPct,taac,TRUE,HUp%,HUp%,Hookup Pct,Hookup Percentage,NA,pos,pct,Hookup Percentage,The percentage of the team's totals assists that were assists from this Assister to this Scorer.,NA,NA,TRUE
hookupPts,taac,TRUE,PTS,HUp PTS,Hookup Points,Hookup Points,NA,pos,int,Hookup Points,The total number of points scored via assists from this Assister to this Scorer. Points from free throws are not included.,NA,NA,TRUE
inConferenceAll,"pps,ppps,pgps,tpcs,tgs,tgcs,tpps,tps,pgs,tgps",FALSE,NA,NA,NA,NA,NA,NA,NA,NA,NA,NA,NA,FALSE
inConferenceReg,"pps,ppps,pgps,tpcs,tgs,tgcs,tpps,tps,pgs,tgps",FALSE,NA,NA,NA,NA,NA,NA,NA,NA,NA,NA,NA,FALSE
inDivision,"pps,ppps,pgps,tpcs,tgs,gfl,tgcs,tpps,tps,pgs,tgps",FALSE,NA,NA,NA,NA,NA,NA,NA,NA,NA,NA,NA,FALSE
inPortalAfterSeason,"pas,paps",FALSE,NA,NA,NA,NA,NA,NA,NA,NA,NA,NA,NA,FALSE
inPossPct,"taps,tgps",TRUE,POSS%,POSS%,% in Possession,% Time in Possession,NA,pos,pct,% Time in Possession,NA,"Of all time where either team has possession (so excluding time when neither team has possession), what percentage belongs to this team.",NA,TRUE
isDraftProspect,"pas,paps",FALSE,NA,NA,NA,NA,NA,NA,NA,NA,NA,NA,NA,FALSE
isExhib,"pps,ppps,pgps,tpcs,tgs,gfl,tgcs,tpps,tps,pgs,tgps",FALSE,NA,NA,NA,NA,NA,NA,NA,NA,NA,NA,NA,FALSE
isHome,"pps,ppps,pgps,tpcs,tgs,tgcs,tpps,tps,pgs,tgps",FALSE,NA,NA,NA,NA,NA,NA,NA,NA,NA,NA,NA,FALSE
isLiveStream,"pps,tpcs,tgs,tgcs,tps,pgs",FALSE,NA,NA,NA,NA,NA,NA,NA,NA,NA,NA,NA,FALSE
isMM,"pps,ppps,pgps,tpcs,tgs,tgcs,tpps,tps,pgs,tgps",FALSE,NA,NA,NA,NA,NA,NA,NA,NA,NA,NA,NA,FALSE
isNeutral,"pps,ppps,pgps,tpcs,tgs,tgcs,tpps,tps,pgs,tgps",FALSE,NA,NA,NA,NA,NA,NA,NA,NA,NA,NA,NA,FALSE
isOffense,"tgs,tas,tpps,tps,taps,lu,tgps,oo",FALSE,NA,NA,NA,NA,NA,NA,NA,NA,NA,NA,NA,FALSE
isPostSeason,"pps,ppps,pgps,tpcs,tgs,tgcs,tpps,tps,pgs,tgps",FALSE,NA,NA,NA,NA,NA,NA,NA,NA,NA,NA,NA,FALSE
isQualArray,paps,FALSE,NA,NA,NA,NA,NA,NA,NA,NA,NA,NA,NA,FALSE
isQualified,"pps,ppps,pgps,gfl,nil,pas,pgs,taps,paps,lu,oo",FALSE,NA,NA,NA,NA,NA,NA,NA,NA,NA,NA,NA,FALSE
isStarter,"pps,pgps,pgs",FALSE,NA,NA,NA,NA,NA,NA,NA,NA,NA,NA,NA,FALSE
isTransfer,"pas,paps",FALSE,NA,NA,NA,NA,NA,NA,NA,NA,NA,NA,NA,FALSE
isWin,"pps,ppps,pgps,tpcs,tgs,tgcs,tpps,tps,pgs,tgps",FALSE,WIN,IS WIN,Did Team Win?,Did Team Win?,NA,pos,bool,Did Team Win?,Did the team win the game?,NA,NA,TRUE
jerseyNum,"pps,pgps,nil,pas,pgs,paps",FALSE,NA,NA,NA,NA,NA,NA,NA,NA,NA,NA,NA,FALSE
lane2Ast,"pgps,paps",TRUE,AST,RIM+PAINT AST,Rim + Paint Assists,At Rim + In The Paint Assists,NA,pos,int,At Rim + In The Paint Assists,The total number of assists where the shooter scored in the paint (including shots at the rim).,NA,NA,TRUE
lane2AstP40,"pgps,paps",TRUE,AST/40,RIM+PAINT AST/40,Rim + Paints Assists / 40 Mins,At Rim + In The Paints Assists / 40 Mins,NA,pos,num,At Rim + In The Paints Assists / 40 Mins,The total number of assists per 40 minutes where the shooter scored in the paint (including shots at the rim).,NA,NA,TRUE
lane2AstPg,paps,TRUE,NA,NA,NA,NA,NA,NA,NA,NA,NA,NA,NA,FALSE
lane2AstdPct,"pgps,taps,paps,tgps",TRUE,ASTD%,RIM+PAINT ASTD%,Rim + Paint Assisted Pct,At Rim + In The Paint Assisted Pct,NA,pos,pct,At Rim + In The Paint Assisted Pct,The percentage of shots made in the paint (including shots at the rim) that were assisted.,NA,NA,TRUE
lane2FgPct,"pgps,taps,paps,tgps",TRUE,FG%,RIM+PAINT FG%,Rim + Paint FG%,At Rim + In The Paint FG%,NA,pos,pct,At Rim + In The Paint FG%,Field goal percentage on shots taken in the paint (including shots at the rim).,NA,NA,TRUE
lane2Fga,"pgps,tpps,taps,paps,tgps",TRUE,FGA,RIM+PAINT FGA,Rim + Paint FGA,At Rim + In The Paint FGA,NA,pos,int,At Rim + In The Paint FGA,The total number of field goal attempts on shots taken in the paint (including shots at the rim).,NA,NA,TRUE
lane2FgaFreq,"pgps,taps,paps,tgps",TRUE,FGA%,RIM+PAINT FGA%,Rim + Paint FGA%,At Rim + In The Paint FGA%,NA,pos,pct,At Rim + In The Paint FGA%,Percentage of shots taken in the paint (including shots at the rim).,NA,NA,TRUE
lane2FgaP100,taps,TRUE,FGA/100,RIM+PAINT FGA/100,Rim + Paint FGA / 100,At Rim + In The Paint FGA / 100 Poss,NA,pos,num,At Rim + In The Paint FGA / 100 Poss,Field goal attempts on shots taken in the paint (including shots at the rim) per 100 possessions played.,NA,NA,TRUE
lane2FgaP40,"taps,paps",TRUE,FGA/40,RIM+PAINT FGA/40,Rim + Paint FGA / 40,At Rim + In The Paint FGA / 40 Mins,NA,pos,num,At Rim + In The Paint FGA / 40 Mins,Field goal attempts on shots taken in the paint (including shots at the rim) per 40 minutes played.,NA,NA,TRUE
lane2FgaPg,"taps,paps",TRUE,FGA/G,RIM+PAINT FGA/G,Rim + Paint FGA / Game,At Rim + In The Paint FGA / Game,NA,pos,num,At Rim + In The Paint FGA / Game,Field goal attempts on shots taken in the paint (including shots at the rim) per game.,NA,NA,TRUE
lane2Fgm,"pgps,tpps,taps,paps,tgps",TRUE,FGM,RIM+PAINT FGM,Rim + Paint FGM,At Rim + In The Paint FGM,NA,pos,int,At Rim + In The Paint FGM,The total number of field goals made on shots taken in the paint (including shots at the rim).,NA,NA,TRUE
lane2FgmA,"pgps,taps,paps,tgps",TRUE,aFGM,RIM+PAINT aFGM,Rim + Paint Assisted FGM,At Rim + In The Paint Assisted FGM,NA,pos,int,At Rim + In The Paint Assisted FGM,NA,The total number of assisted shots made in the paint (including shots at the rim) by the team.,The total number of assisted shots made in the paint (including shots at the rim) by the player.,TRUE
lane2FgmAP100,taps,TRUE,aFGM/100,RIM+PAINT aFGM/100,Rim + Paint Assisted FGM / 100,At Rim + In The Paint Assisted FGM / 100,NA,pos,num,At Rim + In The Paint Assisted FGM / 100,NA,"The total number of assisted shots made in the paint (including shots at the rim) by the team, per 100 possessions played.","The total number of assisted shots made in the paint (including shots at the rim) by the player, per 100 possessions played.",TRUE
lane2FgmAP40,"taps,paps",TRUE,aFGM/40,RIM+PAINT aFGM/40,Rim + Paint Assisted FGM / 40,At Rim + In The Paint Assisted FGM / 40,NA,pos,num,At Rim + In The Paint Assisted FGM / 40,NA,"The total number of assisted shots made in the paint (including shots at the rim) by the team, per 40 minutes played.","The total number of assisted shots made in the paint (including shots at the rim) by the player, per 40 minutes played.",TRUE
lane2FgmAPg,"taps,paps",TRUE,aFGM/G,RIM+PAINT aFGM/G,Rim + Paint Assisted FGM / Game,At Rim + In The Paint Assisted FGM / Game,NA,pos,num,At Rim + In The Paint Assisted FGM / Game,NA,"The total number of assisted shots made in the paint (including shots at the rim) by the team, per game.","The total number of assisted shots made in the paint (including shots at the rim) by the player, per game.",TRUE
lane2FgmU,"pgps,taps,paps,tgps",TRUE,uFGM,RIM+PAINT uFGM,Rim + Paint Unassisted FGM,At Rim + In The Paint Unassisted FGM,NA,pos,int,At Rim + In The Paint Unassisted FGM,NA,The total number of unassisted shots made in the paint (including shots at the rim) by the team.,The total number of unassisted shots made in the paint (including shots at the rim) by the player.,TRUE
layupDunkFgPct,"taps,paps,tgps",TRUE,FG%,LAY+DUNK FG%,FG% on Layups + Dunks,FG% on Layups + Dunks,NA,pos,pct,FG% on Layups + Dunks,Field goal percentage on layups and dunks attempted.,NA,NA,TRUE
layupDunkFga,"ppps,pgps,tpps,taps,paps,tgps",TRUE,FGA,LAY+DUNK FGA,Layups + Dunks Attempted,Layups + Dunks Attempted,NA,pos,int,Layups + Dunks Attempted,NA,The total combined number of layups and dunks attempted by the team.,The total combined number of layups and dunks attempted by the player.,TRUE
layupDunkFgaFreq,"taps,paps,tgps",TRUE,FGA%,LAY+DUNK FGA%,% of Shots as Layups + Dunks,% of Shots as Layups + Dunks,NA,pos,pct,% of Shots as Layups + Dunks,NA,Percentage of the team's shots taken as layups and dunks.,Percentage of the players shots taken as layups and dunks.,TRUE
layupDunkFgaP100,taps,TRUE,FGA/100,LAY+DUNK FGA/100,Layup + Dunk FGAs / 100 Poss,Layup + Dunk FGAs / 100 Poss,NA,pos,num,Layup + Dunk FGAs / 100 Poss,NA,"The number of layups and dunks attempted by the team, per 100 possessions played.","The number of layups and dunks attempted by the player, per 100 possessions played.",TRUE
layupDunkFgaP40,"taps,paps",TRUE,FGA/40,LAY+DUNK FGA/40,Layup + Dunk FGAs / 40 Mins,Layup + Dunk FGAs / 40 Mins,NA,pos,num,Layup + Dunk FGAs / 40 Mins,NA,"The number of layups and dunks attempted by the team, per 40 minutes played.","The number of layups and dunks attempted by the player, per 40 minutes played.",TRUE
layupDunkFgaPg,"taps,paps",TRUE,FGA/G,LAY+DUNK FGA/G,Layup + Dunk FGAs / G,Layup + Dunk FGAs / G,NA,pos,num,Layup + Dunk FGAs / G,NA,"The number of layups and dunks attempted by the team, per game.","The number of layups and dunks attempted by the player, per game.",TRUE
layupDunkFgm,"ppps,pgps,tpps,taps,paps,tgps",TRUE,FGM,LAY+DUNK FGM,Layups + Dunks Made,Layups + Dunks Made,Combined layups and dunks made.,pos,int,Layups + Dunks Made,NA,The total number of layups and dunks made by the team.,The total number of layups and dunks made by the player.,TRUE
layupFgPct,"taps,paps,tgps",TRUE,FG%,LAYUP FG%,FG% on Layups,FG% on Layups,NA,pos,pct,FG% on Layups,Field goal percentage on layups attempted.,NA,NA,TRUE
layupFga,"ppps,pgps,tpps,taps,paps,tgps",TRUE,FGA,LAYUP FGA,Layups Attempted,Layups Attempted,NA,pos,int,Layups Attempted,NA,The total number of layups attempted by the team.,The total number of layups attempted by the player.,TRUE
layupFgaFreq,"taps,paps,tgps",TRUE,FGA%,LAYUP FGA%,% of Shots as Layups,% of Shots as Layups,NA,pos,pct,% of Shots as Layups,NA,Percentage of the team's shots taken as layups.,Percentage of the players shots taken as layups.,TRUE
layupFgaP100,taps,TRUE,FGA/100,LAYUP FGA/100,Layups Attempted / 100 Poss,Layups Attempted / 100 Poss,NA,pos,num,Layups Attempted / 100 Poss,NA,The number of layups attempted by the team per 100 possessions played.,The number of layups attempted by the player per 100 possessions played.,TRUE
layupFgaP40,"taps,paps",TRUE,FGA/40,LAYUP FGA/40,Layups Attempted / 40 Mins,Layups Attempted / 40 Mins,NA,pos,num,Layups Attempted / 40 Mins,NA,The number of layups attempted by the team per 40 minutes played.,The number of layups attempted by the player per 40 minutes played.,TRUE
layupFgaPg,"taps,paps",TRUE,FGA/G,LAYUP FGA/G,Layups Attempted / Game,Layups Attempted / Game,NA,pos,num,Layups Attempted / Game,NA,The number of layups attempted by the team per game.,The number of layups attempted by the player per game.,TRUE
layupFgm,"ppps,pgps,tpps,taps,paps,tgps",TRUE,FGM,LAYUP FGM,Layups Made,Layups Made,NA,pos,int,Layups Made,NA,The total number of layups made by the team.,The total number of layups made by the player.,TRUE
lb2FgPct,"pgps,taps,paps,tgps",TRUE,FG%,LB2 FG%,Left Baseline 2s FG%,Left Baseline 2s FG%,NA,pos,pct,Left Baseline 2s Field Goal Percentage,Field goal percentage on left baseline 2-pointers.,NA,NA,TRUE
lb2Fga,"pgps,taps,paps,tgps",TRUE,FGA,LB2 FGA,Left Baseline 2s FGA,Left Baseline 2s FGA,NA,pos,int,Left Baseline 2s Field Goal Attempts,Field goal attempts on left baseline 2-pointers.,NA,NA,TRUE
lb2FgaFreq,"pgps,taps,paps,tgps",TRUE,FGA%,LB2 FGA%,Left Baseline 2s FGA%,Left Baseline 2s FGA%,NA,pos,pct,Left Baseline 2s Field Goal Attempt Frequency,Percentage of shots taken as left baseline 2-pointers.,NA,NA,TRUE
lb2FgaP100,taps,TRUE,FGA/100,LB2 FGA/100,Left Baseline 2s FGA / 100 Poss,Left Baseline 2s FGA / 100 Poss,NA,pos,num,Left Baseline 2s Field Goal Attempts / 100 Possessions,Field goal attempts on left baseline 2-pointers per 100 possessions played.,NA,NA,TRUE
lb2FgaP40,"taps,paps",TRUE,FGA/40,LB2 FGA/40,Left Baseline 2s FGA / 40 Mins,Left Baseline 2s FGA / 40 Mins,NA,pos,num,Left Baseline 2s Field Goal Attempts / 40 Minutes,Field goal attempts on left baseline 2-pointers per 40 minutes played.,NA,NA,TRUE
lb2FgaPg,"taps,paps",TRUE,FGA/G,LB2 FGA/G,Left Baseline 2s FGA / Game,Left Baseline 2s FGA / Game,NA,pos,num,Left Baseline 2s Field Goal Attempts / Game,Field goal attempts on left baseline 2-pointers per game.,NA,NA,TRUE
lb2Fgm,"pgps,taps,paps,tgps",TRUE,FGM,LB2 FGM,Left Baseline 2s FGM,Left Baseline 2s FGM,NA,pos,int,Left Baseline 2s Field Goals Made,Field goals made on left baseline 2-pointers.,NA,NA,TRUE
lc3FgPct,"pgps,taps,paps,tgps",TRUE,FG%,LC3 FG%,Left Corner 3s FG%,Left Corner 3s FG%,NA,pos,pct,Left Corner 3s Field Goal Percentage,Field goal percentage on left corner 3-pointers.,NA,NA,TRUE
lc3Fga,"pgps,taps,paps,tgps",TRUE,FGA,LC3 FGA,Left Corner 3s FGA,Left Corner 3s FGA,NA,pos,int,Left Corner 3s Field Goal Attempts,Field goal attempts on left corner 3-pointers.,NA,NA,TRUE
lc3FgaFreq,"pgps,taps,paps,tgps",TRUE,FGA%,LC3 FGA%,Left Corner 3s FGA%,Left Corner 3s FGA%,NA,pos,pct,Left Corner 3s Field Goal Attempt Frequency,Percentage of shots taken as left corner 3-pointers.,NA,NA,TRUE
lc3FgaP100,taps,TRUE,FGA/100,LC3 FGA/100,Left Corner 3s FGA / 100 Poss,Left Corner 3s FGA / 100 Poss,NA,pos,num,Left Corner 3s Field Goal Attempts / 100 Possessions,Field goal attempts on left corner 3-pointers per 100 possessions played.,NA,NA,TRUE
lc3FgaP40,"taps,paps",TRUE,FGA/40,LC3 FGA/40,Left Corner 3s FGA / 40 Mins,Left Corner 3s FGA / 40 Mins,NA,pos,num,Left Corner 3s Field Goal Attempts / 40 Minutes,Field goal attempts on left corner 3-pointers per 40 minutes played.,NA,NA,TRUE
lc3FgaPg,"taps,paps",TRUE,FGA/G,LC3 FGA/G,Left Corner 3s FGA / Game,Left Corner 3s FGA / Game,NA,pos,num,Left Corner 3s Field Goal Attempts / Game,Field goal attempts on left corner 3-pointers per game.,NA,NA,TRUE
lc3Fgm,"pgps,taps,paps,tgps",TRUE,FGM,LC3 FGM,Left Corner 3s FGM,Left Corner 3s FGM,NA,pos,int,Left Corner 3s Field Goals Made,Field goals made on left corner 3-pointers.,NA,NA,TRUE
le2FgPct,"pgps,taps,paps,tgps",TRUE,FG%,LE2 FG%,Left Elbow 2s FG%,Left Elbow 2s FG%,NA,pos,pct,Left Elbow 2s Field Goal Percentage,Field goal percentage on left elbow 2-pointers.,NA,NA,TRUE
le2Fga,"pgps,taps,paps,tgps",TRUE,FGA,LE2 FGA,Left Elbow 2s FGA,Left Elbow 2s FGA,NA,pos,int,Left Elbow 2s Field Goal Attempts,Field goal attempts on left elbow 2-pointers.,NA,NA,TRUE
le2FgaFreq,"pgps,taps,paps,tgps",TRUE,FGA%,LE2 FGA%,Left Elbow 2s FGA%,Left Elbow 2s FGA%,NA,pos,pct,Left Elbow 2s Field Goal Attempt Frequency,Percentage of shots taken as left elbow 2-pointers.,NA,NA,TRUE
le2FgaP100,taps,TRUE,FGA/100,LE2 FGA/100,Left Elbow 2s FGA / 100 Poss,Left Elbow 2s FGA / 100 Poss,NA,pos,num,Left Elbow 2s Field Goal Attempts / 100 Possessions,Field goal attempts on left elbow 2-pointers per 100 possessions played.,NA,NA,TRUE
le2FgaP40,"taps,paps",TRUE,FGA/40,LE2 FGA/40,Left Elbow 2s FGA / 40 Mins,Left Elbow 2s FGA / 40 Mins,NA,pos,num,Left Elbow 2s Field Goal Attempts / 40 Minutes,Field goal attempts on left elbow 2-pointers per 40 minutes played.,NA,NA,TRUE
le2FgaPg,"taps,paps",TRUE,FGA/G,LE2 FGA/G,Left Elbow 2s FGA / Game,Left Elbow 2s FGA / Game,NA,pos,num,Left Elbow 2s Field Goal Attempts / Game,Field goal attempts on left elbow 2-pointers per game.,NA,NA,TRUE
le2Fgm,"pgps,taps,paps,tgps",TRUE,FGM,LE2 FGM,Left Elbow 2s FGM,Left Elbow 2s FGM,NA,pos,int,Left Elbow 2s Field Goals Made,Field goals made on left elbow 2-pointers.,NA,NA,TRUE
leadChanges,"tpcs,tgs,tgcs,tps",TRUE,Lead Change,Lead Changes,Lead Changes,Lead Changes,NA,pos,int,Lead Changes,The number of times the leading team switched between the two teams during a game.,NA,NA,TRUE
leagueId,"pps,tpcs,tgs,tgcs,tps,pgs",FALSE,NA,NA,NA,NA,NA,NA,NA,NA,NA,NA,NA,FALSE
leftFgPct,"pgps,taps,paps,tgps",TRUE,FG%,FG% Left,FG% from Left Side,FG% from Left Side of Court,NA,pos,pct,FG% from Left Side of Court,Field goal percentage on shots taken from the left side of the court. This includes all shots where the shooter is positioned more than 1 foot to the left of the court's imaginary centerline.,NA,NA,TRUE
leftFga,"pgps,taps,paps,tgps",TRUE,FGA,FGA Left,FGA from Left Side,FGA from Left Side of Court,NA,pos,int,FGA from Left Side of Court,Total field goal attempts taken from the left side of the court. This includes all shots where the shooter is positioned more than 1 foot to the left of the court's imaginary centerline.,NA,NA,TRUE
leftFgaFreq,"pgps,taps,paps,tgps",TRUE,FGA%,% Shots Left,% of Shots from Left Side,% of Shots from Left Side of Court,NA,pos,pct,% of Shots from Left Side of Court,Percentage of shots taken from the left side of the court. This includes all shots where the shooter is positioned more than 1 foot to the left of the court's imaginary centerline.,NA,NA,TRUE
leftFgm,"pgps,taps,paps,tgps",TRUE,FGM,FGM Left,FGM from Left Side,FGM from Left Side of Court,NA,pos,int,FGM from Left Side of Court,Total field goals made from the left side of the court. This includes all shots where the shooter is positioned more than 1 foot to the left of the court's imaginary centerline.,NA,NA,TRUE
leftMinusRightFgPct,"pgps,taps,paps,tgps",TRUE,L-R FG%,L-R FG%,Left FG% - Right FG%,Left - Right FG% Difference,NA,pos,pct,Left - Right FG% Difference,Left side FG% minus Right side FG%. Positive values indicate better shooting from the left side of the court.,NA,NA,TRUE
leftMinusRightFgaFreq,"pgps,taps,paps,tgps",TRUE,L-R FGA%,L-R FGA%,Left FGA% - Right FGA%,Left - Right FGA% Difference,NA,pos,pct,Left - Right FGA% Difference,Left side % of shots minus right side % of shots. Positive values indicate a higher share of attempts from the left side of the court.,NA,NA,TRUE
lineupId,"gfl,lu",FALSE,NA,NA,NA,NA,NA,NA,NA,NA,NA,NA,NA,FALSE
lng2FgPct,"pgps,taps,paps,tgps",TRUE,FG%,LNG2 FG%,Long Distance 2s FG%,Long Distance 2s FG%,NA,pos,pct,Long Distance 2s Field Goal Percentage,Field goal percentage on 15+ foot 2-pointers.,NA,NA,TRUE
lng2Fga,"pgps,taps,paps,tgps",TRUE,FGA,LNG2 FGA,Long Distance 2s FGA,Long Distance 2s FGA,NA,pos,int,Long Distance 2s Field Goal Attempts,Field goal attempts on 15+ foot 2-pointers.,NA,NA,TRUE
lng2FgaFreq,"pgps,taps,paps,tgps",TRUE,FGA%,LNG2 FGA%,Long Distance 2s FGA%,Long Distance 2s FGA%,NA,pos,pct,Long Distance 2s Field Goal Attempt Frequency,Percentage of shots taken as 15+ foot 2-pointers.,NA,NA,TRUE
lng2FgaP100,taps,TRUE,FGA/100,LNG2 FGA/100,Long Distance 2s FGA / 100 Poss,Long Distance 2s FGA / 100 Poss,NA,pos,num,Long Distance 2s Field Goal Attempts / 100 Possessions,Field goal attempts on 15+ foot 2-pointers per 100 possessions played.,NA,NA,TRUE
lng2FgaP40,"taps,paps",TRUE,FGA/40,LNG2 FGA/40,Long Distance 2s FGA / 40 Mins,Long Distance 2s FGA / 40 Mins,NA,pos,num,Long Distance 2s Field Goal Attempts / 40 Minutes,Field goal attempts on 15+ foot 2-pointers per 40 minutes played.,NA,NA,TRUE
lng2FgaPg,"taps,paps",TRUE,FGA/G,LNG2 FGA/G,Long Distance 2s FGA / Game,Long Distance 2s FGA / Game,NA,pos,num,Long Distance 2s Field Goal Attempts / Game,Field goal attempts on 15+ foot 2-pointers per game.,NA,NA,TRUE
lng2Fgm,"pgps,taps,paps,tgps",TRUE,FGM,LNG2 FGM,Long Distance 2s FGM,Long Distance 2s FGM,NA,pos,int,Long Distance 2s Field Goals Made,Field goals made on 15+ foot 2-pointers.,NA,NA,TRUE
lng3FgPct,"pgps,taps,paps,tgps",TRUE,FG%,LNG3 FG%,Long Distance 3s FG%,Long Distance 3s FG%,NA,pos,pct,Long Distance 3s Field Goal Percentage,Field goal percentage on 25+ foot 3-pointers.,NA,NA,TRUE
lng3Fga,"pgps,taps,paps,tgps",TRUE,FGA,LNG3 FGA,Long Distance 3s FGA,Long Distance 3s FGA,NA,pos,int,Long Distance 3s Field Goal Attempts,Field goal attempts on 25+ foot 3-pointers.,NA,NA,TRUE
lng3FgaFreq,"pgps,taps,paps,tgps",TRUE,FGA%,LNG3 FGA%,Long Distance 3s FGA%,Long Distance 3s FGA%,NA,pos,pct,Long Distance 3s Field Goal Attempt Frequency,Percentage of shots taken as 25+ foot 3-pointers.,NA,NA,TRUE
lng3FgaP100,taps,TRUE,FGA/100,LNG3 FGA/100,Long Distance 3s FGA / 100 Poss,Long Distance 3s FGA / 100 Poss,NA,pos,num,Long Distance 3s Field Goal Attempts / 100 Possessions,Field goal attempts on 25+ foot 3-pointers per 100 possessions played.,NA,NA,TRUE
lng3FgaP40,"taps,paps",TRUE,FGA/40,LNG3 FGA/40,Long Distance 3s FGA / 40 Mins,Long Distance 3s FGA / 40 Mins,NA,pos,num,Long Distance 3s Field Goal Attempts / 40 Minutes,Field goal attempts on 25+ foot 3-pointers per 40 minutes played.,NA,NA,TRUE
lng3FgaPg,"taps,paps",TRUE,FGA/G,LNG3 FGA/G,Long Distance 3s FGA / Game,Long Distance 3s FGA / Game,NA,pos,num,Long Distance 3s Field Goal Attempts / Game,Field goal attempts on 25+ foot 3-pointers per game.,NA,NA,TRUE
lng3Fgm,"pgps,taps,paps,tgps",TRUE,FGM,LNG3 FGM,Long Distance 3s FGM,Long Distance 3s FGM,NA,pos,int,Long Distance 3s Field Goals Made,Field goals made on 25+ foot 3-pointers.,NA,NA,TRUE
lossesNoLead,tas,TRUE,Loss,NO LEAD L,Losses Without Leading,Losses Without Leading,NA,pos,int,Losses Without Leading,NA,The number of losses by the team where the team did not lead at any point in the game.,NA,TRUE
lossesUp10,tas,TRUE,10+,LOSS10,Losses Up 10,Losses Leading by 10,NA,neg,int,Losses Leading by 10,NA,The number of losses by the team where the team led by 10+ points at some point in the game.,NA,TRUE
lossesUp15,tas,TRUE,15+,LOSS15,Losses Up 15,Losses Leading by 15,NA,neg,int,Losses Leading by 15,NA,The number of losses by the team where the team led by 15+ points at some point in the game.,NA,TRUE
lossesUp20,tas,TRUE,20+,LOSS20,Losses Up 20,Losses Leading by 20,NA,neg,int,Losses Leading by 20,NA,The number of losses by the team where the team led by 20+ points at some point in the game.,NA,TRUE
lossesUp5,tas,TRUE,5+,LOSS5,Losses Up 5,Losses Leading by 5,NA,neg,int,Losses Leading by 5,NA,The number of losses by the team where the team led by 5+ points at some point in the game.,NA,TRUE
lossesWireToWire,tas,TRUE,Loss,WIRE L,Wire-to-Wire Losses,Wire-to-Wire Losses,NA,pos,int,Wire-to-Wire Losses,NA,"The number of losses by the team where the team did not lead, nor was the game tied again after the initial lead was taken, at any point in the game.",NA,TRUE
lw3FgPct,"pgps,taps,paps,tgps",TRUE,FG%,LW3 FG%,Left Wing 3s FG%,Left Wing 3s FG%,NA,pos,pct,Left Wing 3s Field Goal Percentage,Field goal percentage on left wing 3-pointers.,NA,NA,TRUE
lw3Fga,"pgps,taps,paps,tgps",TRUE,FGA,LW3 FGA,Left Wing 3s FGA,Left Wing 3s FGA,NA,pos,int,Left Wing 3s Field Goal Attempts,Field goal attempts on left wing 3-pointers.,NA,NA,TRUE
lw3FgaFreq,"pgps,taps,paps,tgps",TRUE,FGA%,LW3 FGA%,Left Wing 3s FGA%,Left Wing 3s FGA%,NA,pos,pct,Left Wing 3s Field Goal Attempt Frequency,Percentage of shots taken as left wing 3-pointers.,NA,NA,TRUE
lw3FgaP100,taps,TRUE,FGA/100,LW3 FGA/100,Left Wing 3s FGA / 100 Poss,Left Wing 3s FGA / 100 Poss,NA,pos,num,Left Wing 3s Field Goal Attempts / 100 Possessions,Field goal attempts on left wing 3-pointers per 100 possessions played.,NA,NA,TRUE
lw3FgaP40,"taps,paps",TRUE,FGA/40,LW3 FGA/40,Left Wing 3s FGA / 40 Mins,Left Wing 3s FGA / 40 Mins,NA,pos,num,Left Wing 3s Field Goal Attempts / 40 Minutes,Field goal attempts on left wing 3-pointers per 40 minutes played.,NA,NA,TRUE
lw3FgaPg,"taps,paps",TRUE,FGA/G,LW3 FGA/G,Left Wing 3s FGA / Game,Left Wing 3s FGA / Game,NA,pos,num,Left Wing 3s Field Goal Attempts / Game,Field goal attempts on left wing 3-pointers per game.,NA,NA,TRUE
lw3Fgm,"pgps,taps,paps,tgps",TRUE,FGM,LW3 FGM,Left Wing 3s FGM,Left Wing 3s FGM,NA,pos,int,Left Wing 3s Field Goals Made,Field goals made on left wing 3-pointers.,NA,NA,TRUE
med2FgPct,"pgps,taps,paps,tgps",TRUE,FG%,MED2 FG%,Medium Distance 2s FG%,Medium Distance 2s FG%,NA,pos,pct,Medium Distance 2s Field Goal Percentage,Field goal percentage on 10-15 foot 2-pointers.,NA,NA,TRUE
med2Fga,"pgps,taps,paps,tgps",TRUE,FGA,MED2 FGA,Medium Distance 2s FGA,Medium Distance 2s FGA,NA,pos,int,Medium Distance 2s Field Goal Attempts,Field goal attempts on 10-15 foot 2-pointers.,NA,NA,TRUE
med2FgaFreq,"pgps,taps,paps,tgps",TRUE,FGA%,MED2 FGA%,Medium Distance 2s FGA%,Medium Distance 2s FGA%,NA,pos,pct,Medium Distance 2s Field Goal Attempt Frequency,Percentage of shots taken as 10-15 foot 2-pointers.,NA,NA,TRUE
med2FgaP100,taps,TRUE,FGA/100,MED2 FGA/100,Medium Distance 2s FGA / 100 Poss,Medium Distance 2s FGA / 100 Poss,NA,pos,num,Medium Distance 2s Field Goal Attempts / 100 Possessions,Field goal attempts on 10-15 foot 2-pointers per 100 possessions played.,NA,NA,TRUE
med2FgaP40,"taps,paps",TRUE,FGA/40,MED2 FGA/40,Medium Distance 2s FGA / 40 Mins,Medium Distance 2s FGA / 40 Mins,NA,pos,num,Medium Distance 2s Field Goal Attempts / 40 Minutes,Field goal attempts on 10-15 foot 2-pointers per 40 minutes played.,NA,NA,TRUE
med2FgaPg,"taps,paps",TRUE,FGA/G,MED2 FGA/G,Medium Distance 2s FGA / Game,Medium Distance 2s FGA / Game,NA,pos,num,Medium Distance 2s Field Goal Attempts / Game,Field goal attempts on 10-15 foot 2-pointers per game.,NA,NA,TRUE
med2Fgm,"pgps,taps,paps,tgps",TRUE,FGM,MED2 FGM,Medium Distance 2s FGM,Medium Distance 2s FGM,NA,pos,int,Medium Distance 2s Field Goals Made,Field goals made on 10-15 foot 2-pointers.,NA,NA,TRUE
mid2Ast,"pgps,paps",TRUE,AST,MID2 AST,Midrange Assists,Midrange Assists,NA,pos,int,Midrange 2s Assists,The total number of assists where the shooter scored from the midrange.,NA,NA,TRUE
mid2AstP40,"pgps,paps",TRUE,AST/40,MID2 AST/40,Midrange Assists / 40 Mins,Midrange Assists / 40 Mins,NA,pos,num,Midrange 2s Assists / 40 Mins,The total number of assists per 40 minutes where the shooter scored from the midrange.,NA,NA,TRUE
mid2AstPg,paps,TRUE,AST/G,MID2 AST/G,Midrange Assists / Game,Midrange Assists / Game,NA,pos,num,Midrange 2s Assists / Game,The total number of assists per game where the shooter scored from the midrange.,NA,NA,TRUE
mid2AstdPct,"pgps,taps,paps,tgps",TRUE,ASTD%,MID2 ASTD%,Midrange Assisted Pct,Midrange Assisted Pct,NA,pos,pct,Midrange 2s Assisted Percentage,The percentage of shots made from the midrange that were assisted.,NA,NA,TRUE
mid2Drb,"taps,tgps",TRUE,DRB,MID2 DRB,Midrange Def Rebounds,Midrange Defensive Rebounds,NA,pos,int,Midrange 2s Defensive Rebounds,The total number of defensive rebounds grabbed on opponent's missed midrange 2s.,NA,NA,TRUE
mid2DrbChnc,"taps,tgps",TRUE,CHNC,MID2 DRB CHNC,Midrange Def Rebound Chances,Midrange Defensive Rebound Chances,NA,pos,int,Midrange 2s Defensive Rebound Chances,The total number of defensive rebounds chances (defensive rebounds grabbed plus opponent offensive rebounds) on opponent's missed midrange 2s.,NA,NA,TRUE
mid2DrbPct,"taps,tgps",TRUE,DRB%,MID2 DRB%,Midrange Def Rebound Pct,Midrange Defensive Rebounding Percentage,NA,pos,pct,Midrange 2s Defensive Rebounding Percentage,Percentage of the opponent's missed midrange 2s that were defensive rebounded by the team.,NA,NA,TRUE
mid2FgPct,"ppps,pgps,tpps,taps,paps,lu,tgps,oo",TRUE,FG%,MID2 FG%,Mid 2s FG%,Midrange 2s FG%,NA,pos,pct,Midrange 2s Field Goal Percentage,Field goal percentage on midrange 2s.,NA,NA,TRUE
mid2FgPctS01,"pgps,taps,paps,tgps",TRUE,FG%,MID2 FG% (0-10s),Mid 2s FG% (0-10s on Shot Clock),Midrange 2s FG% with 0-10 Secs on Shot Clock,NA,pos,pct,Midrange 2s FG% with 0 - 10 Seconds Left on Shot Clock,Field goal percentage on midrange 2s taken with 0 - 10 seconds remaining on the shot clock.,NA,NA,TRUE
mid2FgPctS12,"pgps,taps,paps,tgps",TRUE,FG%,MID2 FG% (10-20s),Mid 2s FG% (10-20s on Shot Clock),Midrange 2s FG% with 10-20 Secs on Shot Clock,NA,pos,pct,Midrange 2s FG% with 10 - 20 Seconds Left on Shot Clock,Field goal percentage on midrange 2s taken with 10 - 20 seconds remaining on the shot clock.,NA,NA,TRUE
mid2FgPctS23,"pgps,taps,paps,tgps",TRUE,FG%,MID2 FG% (20-30s),Mid 2s FG% (20-30s on Shot Clock),Midrange 2s FG% with 20-30 Secs on Shot Clock,NA,pos,pct,Midrange 2s FG% with 20 - 30 Seconds Left on Shot Clock,Field goal percentage on midrange 2s taken with 20 - 30 seconds remaining on the shot clock.,NA,NA,TRUE
mid2Fga,"ppps,pgps,tpps,taps,paps,lu,tgps,oo",TRUE,FGA,MID2 FGA,Mid 2s FGA,Midrange 2s FGA,NA,pos,int,Midrange 2s Field Goal Attempts,Field goal attempts on midrange 2s.,NA,NA,TRUE
mid2FgaFreq,"ppps,pgps,tpps,taps,paps,lu,tgps,oo",TRUE,FGA%,MID2 FGA%,Mid 2s FGA%,Midrange 2s FGA%,NA,pos,pct,Midrange 2s Field Goal Attempt Frequency,Percentage of shots taken as midrange 2s.,NA,NA,TRUE
mid2FgaFreqAllS01,"pgps,taps,paps,tgps",TRUE,FGA%,MID2 FGA% (0-10s) A,Mid 2s FGA% (0-10s) % All,Midrange 2s FGA% (0-10s) % of all shots,NA,pos,pct,"Midrange 2s FGA Freq, 0 - 10 Seconds Left on Shot Clock (% of all shots)",Percentage of all shots taken that were midrange 2s with 0 - 10 seconds remaining on the shot clock.,NA,NA,TRUE
mid2FgaFreqAllS12,"pgps,taps,paps,tgps",TRUE,FGA%,MID2 FGA% (10-20s) A,Mid 2s FGA% (10-20s) % All,Midrange 2s FGA% (10-20s) % of all shots,NA,pos,pct,"Midrange 2s FGA Freq, 10 - 20 Seconds Left on Shot Clock (% of all shots)",Percentage of all shots taken that were midrange 2s with 10 - 20 seconds remaining on the shot clock.,NA,NA,TRUE
mid2FgaFreqAllS23,"pgps,taps,paps,tgps",TRUE,FGA%,MID2 FGA% (20-30s) A,Mid 2s FGA% (20-30s) % All,Midrange 2s FGA% (20-30s) % of all shots,NA,pos,pct,"Midrange 2s FGA Freq, 20 - 30 Seconds Left on Shot Clock (% of all shots)",Percentage of all shots taken that were midrange 2s with 20 - 30 seconds remaining on the shot clock.,NA,NA,TRUE
mid2FgaFreqClockS01,"pgps,taps,paps,tgps",TRUE,FGA%,MID2 FGA% (0-10s) C,Mid 2s FGA% (0-10s) % Clock,Midrange 2s FGA% (0-10s) % of 0-10s shots,NA,pos,pct,"Midrange 2s FGA Freq, 0 - 10 Seconds Left on Shot Clock (% of 0 - 10s shots)",Percentage of all shots taken with 0 - 10 seconds remaining on the shot clock that were midrange 2s.,NA,NA,TRUE
mid2FgaFreqClockS12,"pgps,taps,paps,tgps",TRUE,FGA%,MID2 FGA% (10-20s) C,Mid 2s FGA% (10-20s) % Clock,Midrange 2s FGA% (10-20s) % of 10-20s shots,NA,pos,pct,"Midrange 2s FGA Freq, 10 - 20 Seconds Left on Shot Clock (% of 10 - 20s shots)",Percentage of all shots taken with 10 - 20 seconds remaining on the shot clock that were midrange 2s.,NA,NA,TRUE
mid2FgaFreqClockS23,"pgps,taps,paps,tgps",TRUE,FGA%,MID2 FGA% (20-30s) C,Mid 2s FGA% (20-30s) % Clock,Midrange 2s FGA% (20-30s) % of 20-30s shots,NA,pos,pct,"Midrange 2s FGA Freq, 20 - 30 Seconds Left on Shot Clock (% of 20 - 30s shots)",Percentage of all shots taken with 20 - 30 seconds remaining on the shot clock that were midrange 2s.,NA,NA,TRUE
mid2FgaFreqZoneS01,"pgps,taps,paps,tgps",TRUE,FGA%,MID2 FGA% (0-10s) Z,Mid 2s FGA% (0-10s) % Mid 2s,Midrange 2s FGA% (0-10s) % of Mid 2s,NA,pos,pct,"Midrange 2s FGA Freq, 0 - 10 Seconds Left on Shot Clock (% of Mid 2s)",Percentage of all midrange 2s that were taken with 0 - 10 seconds remaining on the shot clock.,NA,NA,TRUE
mid2FgaFreqZoneS12,"pgps,taps,paps,tgps",TRUE,FGA%,MID2 FGA% (10-20s) Z,Mid 2s FGA% (10-20s) % Mid 2s,Midrange 2s FGA% (10-20s) % of Mid 2s,NA,pos,pct,"Midrange 2s FGA Freq, 10 - 20 Seconds Left on Shot Clock (% of Mid 2s)",Percentage of all midrange 2s that were taken with 10 - 20 seconds remaining on the shot clock.,NA,NA,TRUE
mid2FgaFreqZoneS23,"pgps,taps,paps,tgps",TRUE,FGA%,MID2 FGA% (20-30s) Z,Mid 2s FGA% (20-30s) % Mid 2s,Midrange 2s FGA% (20-30s) % of Mid 2s,NA,pos,pct,"Midrange 2s FGA Freq, 20 - 30 Seconds Left on Shot Clock (% of Mid 2s)",Percentage of all midrange 2s that were taken with 20 - 30 seconds remaining on the shot clock.,NA,NA,TRUE
mid2FgaP100,"taps,lu,oo",TRUE,FGA/100,MID2 FGA/100,Mid 2s FGA / 100,Midrange 2s FGA / 100 Poss,NA,pos,num,Midrange 2s Field Goal Attempts / 100 Possessions,Field goal attempts on midrange 2s per 100 possessions played.,NA,NA,TRUE
mid2FgaP40,"taps,paps,lu,oo",TRUE,FGA/40,MID2 FGA/40,Mid 2s FGA / 40,Midrange 2s FGA / 40 Mins,NA,pos,num,Midrange 2s Field Goal Attempts / 40 Minutes,Field goal attempts on midrange 2s per 40 minutes played.,NA,NA,TRUE
mid2FgaPg,"taps,paps",TRUE,FGA/G,MID2 FGA/G,Mid 2s FGA / Game,Midrange 2s FGA / Game,NA,pos,num,Midrange 2s Field Goal Attempts / Game,Field goal attempts on midrange 2s per game.,NA,NA,TRUE
mid2FgaS01,"pgps,taps,paps,tgps",TRUE,FGA,MID2 FGA (0-10s),Mid 2s FGA (0-10s),Midrange 2s FGAs with 0-10 Secs on Shot Clock,NA,pos,int,Midrange 2s FGAs with 0 - 10 Seconds Left on Shot Clock,The total number of field goal attempts on midrange 2s taken with 0 - 10 seconds remaining on the shot clock.,NA,NA,TRUE
mid2FgaS12,"pgps,taps,paps,tgps",TRUE,FGA,MID2 FGA (10-20s),Mid 2s FGA (10-20s),Midrange 2s FGAs with 10-20 Secs on Shot Clock,NA,pos,int,Midrange 2s FGAs with 10 - 20 Seconds Left on Shot Clock,The total number of field goal attempts on midrange 2s taken with 10 - 20 seconds remaining on the shot clock.,NA,NA,TRUE
mid2FgaS23,"pgps,taps,paps,tgps",TRUE,FGA,MID2 FGA (20-30s),Mid 2s FGA (20-30s),Midrange 2s FGAs with 20-30 Secs on Shot Clock,NA,pos,int,Midrange 2s FGAs with 20 - 30 Seconds Left on Shot Clock,The total number of field goal attempts on midrange 2s taken with 20 - 30 seconds remaining on the shot clock.,NA,NA,TRUE
mid2Fgm,"ppps,pgps,tpps,taps,paps,lu,tgps,oo",TRUE,FGM,MID2 FGM,Mid 2s FGM,Midrange 2s FGM,NA,pos,int,Midrange 2s Field Goals Made,Field goals made on midrange 2s.,NA,NA,TRUE
mid2FgmA,"pgps,taps,paps,tgps",TRUE,aFGM,MID2 aFGM,Assisted Mid 2s,Assisted Midrange 2s,NA,pos,int,Assisted Midrange 2s,NA,The total number of assisted midrange 2s made by the team.,The total number of assisted midrange 2s made by the player.,TRUE
mid2FgmAP100,taps,TRUE,aFGM/100,MID2 aFGM/100,Assisted Mid 2s / 100 Poss,Assisted Midrange 2s / 100 Poss,NA,pos,num,Assisted Midrange 2s / 100 Possessions,NA,"The number of assisted midrange 2s made by the team, per 100 possessions played.","The number of assisted midrange 2s made by the player, per 100 possessions played.",TRUE
mid2FgmAP40,"taps,paps",TRUE,aFGM/40,MID2 aFGM/40,Assisted Mid 2s / 40 Mins,Assisted Midrange 2s / 40 Mins,NA,pos,num,Assisted Midrange 2s / 40 Minutes,NA,"The number of assisted midrange 2s made by the team, per 40 minutes played.","The number of assisted midrange 2s made by the player, per 40 minutes played.",TRUE
mid2FgmAPg,"taps,paps",TRUE,aFGM/G,MID2 aFGM/G,Assisted Mid 2s / Game,Assisted Midrange 2s / Game,NA,pos,num,Assisted Midrange 2s / Game,NA,"The number of assisted midrange 2s made by the team, per game.","The number of assisted midrange 2s made by the player, per game.",TRUE
mid2FgmS01,"pgps,taps,paps,tgps",TRUE,FGM,MID2 FGM (0-10s),Mid 2s FGM (0-10s),Midrange 2s FGMs with 0-10 Secs on Shot Clock,NA,pos,int,Midrange 2s FGMs with 0 - 10 Seconds Left on Shot Clock,The total number of field goals made on midrange 2s taken with 0 - 10 seconds remaining on the shot clock.,NA,NA,TRUE
mid2FgmS12,"pgps,taps,paps,tgps",TRUE,FGM,MID2 FGM (10-20s),Mid 2s FGM (10-20s),Midrange 2s FGMs with 10-20 Secs on Shot Clock,NA,pos,int,Midrange 2s FGMs with 10 - 20 Seconds Left on Shot Clock,The total number of field goals made on midrange 2s taken with 10 - 20 seconds remaining on the shot clock.,NA,NA,TRUE
mid2FgmS23,"pgps,taps,paps,tgps",TRUE,FGM,MID2 FGM (20-30s),Mid 2s FGM (20-30s),Midrange 2s FGMs with 20-30 Secs on Shot Clock,NA,pos,int,Midrange 2s FGMs with 20 - 30 Seconds Left on Shot Clock,The total number of field goals made on midrange 2s taken with 20 - 30 seconds remaining on the shot clock.,NA,NA,TRUE
mid2FgmU,"pgps,taps,paps,tgps",TRUE,uFGM,MID2 uFGM,NA,NA,NA,pos,int,NA,NA,NA,NA,TRUE
mid2Orb,"taps,tgps",TRUE,ORB,MID2 ORB,Midrange 2s Off Rebounds,Midrange 2s Offensive Rebounds,NA,pos,int,Midrange 2s Offensive Rebounds,The total number of offensive rebounds grabbed on the team's missed midrange 2s.,NA,NA,TRUE
mid2OrbChnc,"taps,tgps",TRUE,CHNC,MID2 ORB CHNC,Midrange 2s Off Rebound Chances,Midrange 2s Offensive Rebound Chances,NA,pos,int,Midrange 2s Offensive Rebound Chances,The total number of offensive rebounds chances (offensive rebounds grabbed plus opponent defensive rebounds) on the team's missed midrange 2s.,NA,NA,TRUE
mid2OrbPct,"taps,tgps",TRUE,ORB%,MID2 ORB%,Midrange 2s Off Rebound Pct,Midrange 2s Offensive Rebounding Percentage,NA,pos,pct,Midrange 2s Offensive Rebounding Percentage,Percentage of the team's missed midrange 2s that were offensive rebounded by the team.,NA,NA,TRUE
mid2Reb,"taps,tgps",TRUE,REB,MID2 REB,Midrange 2s Rebounds,Midrange 2s Rebounds,NA,pos,int,Midrange 2s Rebounds,The total number of rebounds grabbed on the team's and opponent's missed midrange 2s.,NA,NA,TRUE
mid2RebChnc,"taps,tgps",TRUE,CHNC,MID2 REB CHNC,Midrange 2s Rebound Chances,Midrange 2s Rebound Chances,NA,pos,int,Midrange 2s Rebound Chances,The total number of rebounds chances (rebounds grabbed plus opponent rebounds) on the team's and opponent's missed midrange 2s.,NA,NA,TRUE
mid2RebPct,"taps,tgps",TRUE,REB%,MID2 REB%,Midrange 2s Rebound Pct,Midrange 2s Rebounding Percentage,NA,pos,pct,Midrange 2s Rebounding Percentage,Percentage of the team's and opponent's missed midrange 2s that were rebounded by the team.,NA,NA,TRUE
mins,"pps,tpcs,tgs,nil,pas,tas,tgcs,tps,pgs",TRUE,MP,MP,Minutes Played,Minutes Played,NA,pos,int,Minutes Played,NA,The total number of minutes played by the team.,The total number of minutes played by the player.,TRUE
minsCutoffPctile,oo,TRUE,NA,NA,NA,NA,NA,NA,NA,NA,NA,NA,NA,FALSE
minsInPoss,"taps,tgps",TRUE,IN,IN POSS,Mins with Possession,Minutes with Possession,NA,pos,num,Minutes with Possession,NA,"Number of minutes when the team is with possession. Due to minutes where neither team is in possession, team minutes + opponent minutes in possession do not add up to total game minutes.",NA,TRUE
minsInPossPg,taps,TRUE,IN,IN POSS/G,Mins with Possession / Game,Minutes with Possession / Game,NA,pos,num,Minutes with Possession / Game,NA,"Number of minutes when the team is with possession, per game. Due to minutes where neither team is in possession, team minutes + opponent minutes in possession do not add up to total game minutes.",NA,TRUE
minsOff,oo,TRUE,Off,Off,Minutes Off Court,Minutes Off Court,NA,pos,int,Minutes Off Court,The total number of team minutes played with the player off-court.,NA,NA,TRUE
minsOn,oo,TRUE,On,On,Minutes On Court,Minutes On Court,NA,pos,int,Minutes On Court,The total number of team minutes played with the player on-court.,NA,NA,TRUE
minsOutPoss,"taps,tgps",TRUE,OUT,OUT POSS,Mins without Possession,Minutes without Possession,NA,neg,num,Minutes without Possession,NA,"Number of minutes when the opposing team is with possession. Due to minutes where neither team is in possession, team minutes + opponent minutes in possession do not add up to total game minutes.",NA,TRUE
minsOutPossPg,taps,TRUE,OUT,OUT POSS/G,Mins without Possession / Game,Minutes without Possession / Game,NA,neg,num,Minutes without Possession / Game,NA,"Number of minutes when the opposing team is with possession, per game. Due to minutes where neither team is in possession, team minutes + opponent minutes in possession do not add up to total game minutes.",NA,TRUE
minsP40,pas,TRUE,NA,NA,NA,NA,NA,NA,NA,NA,NA,NA,NA,FALSE
minsPbp,"ppps,pgps,tgs,pas,tas,tpps,tps,taps,paps,lu,tgps,oo",TRUE,MP*,MP*,Minutes Played (PBP),Minutes Played (PBP),NA,pos,int,Minutes Played,NA,The total number of minutes played by the team in games where play-by-play data was tracked and collected by the NCAA.,The totol number of minutes played by the player in games where play-by-play data was tracked and collected by the NCAA.,TRUE
minsPct,oo,TRUE,Pct,Pct,Minutes Played Pct,Percent of Team Minutes Played,NA,pos,pct,Minutes Played Pct,The percentage of team minutes played with the player on-court.,NA,NA,TRUE
minsPg,pas,TRUE,MPG,MPG,Minutes / Game,Minutes / Game,NA,pos,num,Minutes / Game,The number of minutes played per game.,NA,NA,TRUE
minsThreshold,"pas,paps",FALSE,NA,NA,NA,NA,NA,NA,NA,NA,NA,NA,NA,FALSE
minsTm,"pps,pgps,pas,pgs,paps",FALSE,NA,NA,NA,NA,NA,NA,NA,NA,NA,NA,NA,FALSE
minsTmBy5,"pps,pgps,pas,pgs,paps",FALSE,NA,NA,NA,NA,NA,NA,NA,NA,NA,NA,NA,FALSE
nba3FgaFreq,"pgps,taps,paps,tgps",TRUE,3PAr**NBA,3PAr**NBA,NBA 3-Point Att Rate,NBA Three Point Attempt Rate,NA,pos,pct,NBA Three Point Attempt Rate,NA,Percentage of the team's field goal attempts that were NBA-distance 3-point field goal attempts.,Percentage of the player's field goal attempts that were NBA-distance 3-point field goal attempts.,TRUE
nba3FgaFreq3s,"pgps,taps,paps,tgps",TRUE,3PA%**NBA,3PA%**NBA,NBA 3s as % of All 3s,NBA 3PAs as a percent of all 3PAs,NA,pos,pct,NBA 3PAs as a percent of all 3PAs,NA,Percentage of the team's 3-point attempts that were NBA-distance 3-point field goal attempts.,Percentage of the player's 3-point attempts that were NBA-distance 3-point field goal attempts.,TRUE
nbaFg3Pct,"pgps,taps,paps,tgps",TRUE,3P%**NBA,3P%**NBA,NBA 3-Point Pct,NBA 3-Point Percentage,NA,pos,pct,NBA 3-Point Percentage,NA,Percentage of the team's NBA-distance 3-point field goal attempts that were made.,Percentage of the player's NBA-distance 3-point field goal attempts that were made.,TRUE
nbaFga3,"pgps,taps,paps,tgps",TRUE,3PA**NBA,3PA**NBA,NBA 3-Point Attempts,NBA 3-Point Field Goal Attempts,NA,pos,int,NBA 3-Point Field Goal Attempts,The total number of NBA-distance 3-point field goal attempts taken.,NA,NA,TRUE
nbaFgm3,"pgps,taps,paps,tgps",TRUE,3PM**NBA,3PM**NBA,NBA 3-Pointers Made,NBA 3-Point Field Goals Made,NA,pos,int,NBA 3-Point Field Goals Made,The total number of NBA-distance 3-point field goals made.,NA,NA,TRUE
netPts,gfl,TRUE,NA,NA,NA,NA,NA,NA,NA,NA,NA,NA,NA,FALSE
netRankAgst,"pps,pgps,tpcs,tgs,tgcs,tps,pgs,tgps",TRUE,NA,NA,NA,NA,NA,NA,NA,NA,NA,NA,NA,FALSE
netRanking,"tas,taps",TRUE,NET,NET Ranking,Net Ranking,NCAA Net Ranking,NA,neg,int,NCAA Net Ranking,The NCAA's Official NET Ranking metric.,NA,NA,TRUE
netRtg,"tgs,tas,tps,lu,oo",TRUE,Net Rtg,Net Rtg,Net Rating,Net Rating,NA,pos,num,Net Rating,NA,Measures the team's point differential (points scored - points allowed) per 100 possessions.,NA,TRUE
netRtgAdj,tas,TRUE,Net Rtg**Adj,Net Rtg**Adj,Net Rating**Adj,Net Rating (Adj for opponent),NA,pos,num,Net Rating (Adjusted for Opponents),NA,"The team's net rating, taking into account an adjustment based on the average Net Rating allowed by the team's opponents throughout the season.",NA,TRUE
netRtgAdjGap,tas,TRUE,--->,Net Rtg Adj,Adjustment to Net Rtg,Adjustment to Net Rating,NA,pos,num,Adjustment to Net Rating,NA,"The size of the adjustment for the team's adjusted net rating, that takes into account the average Net Rating allowed by the team's opponents throughout the season.",NA,TRUE
netppp,gfl,TRUE,PPP,NETPPP,Net PPP,Net PPP,NA,pos,num2,Net Points / Possession,NA,An estimate of the team's point differential (points scored - points allowed) per possession.,NA,TRUE
nextCompetitionId,"pas,paps",TRUE,NA,NA,NA,NA,NA,NA,NA,NA,NA,NA,NA,FALSE
nextConferenceId,"pas,paps",FALSE,NA,NA,NA,NA,NA,NA,NA,NA,NA,NA,NA,FALSE
nextTeamId,"pas,paps",TRUE,NA,NA,NA,NA,NA,NA,NA,NA,NA,NA,NA,FALSE
nextTeamMarket,"pas,paps",FALSE,NA,NA,NA,NA,NA,NA,NA,NA,NA,NA,NA,FALSE
nilAvg,nil,TRUE,Avg,NIL Avg,Average NIL Prediction,Average NIL Prediction,NA,pos,$100k,Average NIL Prediction,"The average value of our four individual/separate NIL predictions for players. Those individual predictions are based on models derived using (i) RAPM (regularized adjusted plus/minus), (ii) PER (player efficiency rating), (iii) WS / 40 (win shares / 40 minutes), and (iv) WARP / 40 (wins above replacement player / 40 minutes)",NA,NA,TRUE
nilMax,nil,TRUE,Max,NIL Max,Max NIL Prediction,Maximum NIL Prediction,NA,pos,$100k,Maximum NIL Prediction,"The highest of our four individual/separate NIL predictions for players. Those individual predictions are based on models derived using (i) RAPM (regularized adjusted plus/minus), (ii) PER (player efficiency rating), (iii) WS / 40 (win shares / 40 minutes), and (iv) WARP / 40 (wins above replacement player / 40 minutes)",NA,NA,TRUE
nilMed,nil,TRUE,Median,NIL Median,Median NIL Prediction,Median NIL Prediction,NA,pos,$100k,Median NIL Prediction,"The median value of our four individual/separate NIL predictions for players. Those individual predictions are based on models derived using (i) RAPM (regularized adjusted plus/minus), (ii) PER (player efficiency rating), (iii) WS / 40 (win shares / 40 minutes), and (iv) WARP / 40 (wins above replacement player / 40 minutes)",NA,NA,TRUE
nilMin,nil,TRUE,Min,NIL Minimum,Min NIL Prediction,Minimum NIL Prediction,NA,pos,$100k,Minimum NIL Prediction,"The lowest of our four individual/separate NIL predictions for players. Those individual predictions are based on models derived using (i) RAPM (regularized adjusted plus/minus), (ii) PER (player efficiency rating), (iii) WS / 40 (win shares / 40 minutes), and (iv) WARP / 40 (wins above replacement player / 40 minutes)",NA,NA,TRUE
nilPer,nil,TRUE,PER,NIL PER,NIL Prediction from PER,NIL Prediction from PER,NA,pos,$100k,NIL Prediction from PER,NIL prediction based on the player's PER (player efficiency rating). This prediction is based on a multi-linear regression model trained using player PER values and real NIL amounts paid to players.,NA,NA,TRUE
nilRapm,nil,TRUE,RAPM,NIL RAPM,NIL Prediction from RAPM,NIL Prediction from RAPM,NA,pos,$100k,NIL Prediction from RAPM,NIL prediction based on the player's RAPM (regularized adjusted plus/minus). This prediction is based on a multi-linear regression model trained using player RAPM values and real NIL amounts paid to players.,NA,NA,TRUE
nilWarp,nil,TRUE,WARP/40,NIL WARP/40,NIL Prediction from WARP/40,NIL Prediction from WARP/40,NA,pos,$100k,NIL Prediction from WARP/40,NIL prediction based on the player's WARP/40 (wins above replacement player / 40 minutes). This prediction is based on a multi-linear regression model trained using player WARP/40 values and real NIL amounts paid to players.,NA,NA,TRUE
nilWs,nil,TRUE,WS/40,NIL WS/40,NIL Prediction from WS/40,NIL Prediction from WS/40,NA,pos,$100k,NIL Prediction from WS/40,NIL prediction based on the player's WS/40 (win shares / 40 minutes). This prediction is based on a multi-linear regression model trained using player WS/40 values and real NIL amounts paid to players.,NA,NA,TRUE
numStreaks,tass,TRUE,NA,NA,NA,NA,NA,NA,NA,NA,NA,NA,NA,FALSE
oFirstChnc,"taps,tgps",TRUE,NA,NA,NA,NA,NA,NA,NA,NA,NA,NA,NA,FALSE
oPbkChnc,"taps,tgps",TRUE,NA,NA,NA,NA,NA,NA,NA,NA,NA,NA,NA,FALSE
oPoss,"tgs,gfl,tas,tps,taps,lu,tgps",TRUE,NA,NA,NA,NA,NA,NA,NA,NA,NA,NA,NA,FALSE
oSecsFirstChnc,"taps,tgps",TRUE,NA,NA,NA,NA,NA,NA,NA,NA,NA,NA,NA,FALSE
oSecsPbkChnc,"taps,tgps",TRUE,NA,NA,NA,NA,NA,NA,NA,NA,NA,NA,NA,FALSE
oSecsPerFirstChnc,"taps,tgps",TRUE,S/CHNC,S/CHNC O,Avg Seconds / O Chance,Average Seconds / Offensive Chance,NA,neg,num,Average # of Seconds / Offensive Chance,NA,"The average number of seconds per offensive chance. This number is identical to seconds / offensive possession, except with seconds after an offensive rebound excluded, and with putback chances excluded. This number effectively measures the average number of seconds from the start of a possession until a team's first shot, shooting foul or turnover.",NA,TRUE
oSecsPerPbkChnc,"taps,tgps",TRUE,S/PUT,S/PUT O,Avg Seconds / O Putback,Average Seconds / Offensive Putback,NA,neg,num,Average # of Seconds / Offensive Putback,NA,"The average number of seconds per offensive putback. This number measures the average length of chances (average seconds until the next shot, shooting foul or turnover) that start following an offensive rebound.",NA,TRUE
oSecsPerPoss,"taps,tgps",TRUE,S/POSS,S/POSS O,Avg Seconds / O Poss,Average Seconds / Offensive Poss,NA,neg,num,Average # of Seconds / Offensive Possession,NA,"The average number of seconds per offensive possession. This number measures the average length of entire offensive possessions, so added seconds from offensive rebounds count, as offensive rebounds extend a single possession.",NA,TRUE
oSecsPoss,"taps,tgps",TRUE,SECS,SECS POSS,NA,NA,NA,neg,num,NA,NA,NA,NA,TRUE
onOffDiff,oo,FALSE,NA,NA,NA,NA,NA,NA,NA,NA,NA,NA,NA,FALSE
onStreak,"tssc,tass",TRUE,NA,NA,NA,NA,NA,NA,NA,NA,NA,NA,NA,FALSE
opf,"pps,pgps,tpcs,tgs,pas,tas,tgcs,tps,pgs,taps,paps,lu,tgps,oo",TRUE,OPF,OPF,Offensive Personal Fouls,Offensive Personal Fouls,NA,neg,int,Offensive Personal Fouls,The total number of offensive personal fouls committed.,NA,NA,TRUE
opfP100,"tas,taps,lu,oo",TRUE,OPF/100,OPF/100,OPFs / 100 Poss,Offensive Personal Fouls / 100 Poss,NA,neg,num,Offensive Personal Fouls / 100 Poss,An estimate of the number of offensive personal fouls committed per 100 possessions played.,NA,NA,TRUE
opfP40,"pas,tas,taps,paps,lu,oo",TRUE,OPF/40,OPF/40,OPFs / 40 Mins,Offensive Personal Fouls / 40 Mins,NA,neg,num,Offensive Personal Fouls / 40 Mins,The number of offensive personal fouls committed per 40 minutes played.,NA,NA,TRUE
opfPct,"pgps,taps,paps,tgps",TRUE,OPF%,OPF%,OPF Percentage,Offensive Personal Fouls Percentage,NA,neg,pct,Offensive Personal Fouls Percentage,The percentage of possessions with an offensive personal foul committed.,NA,NA,TRUE
opfPg,"pas,tas,taps,paps",TRUE,OPF/G,OPF/G,OPFs / Game,Offensive Personal Fouls / Game,NA,neg,num,Offensive Personal Fouls / Game,The number of offensive personal fouls committed per game.,NA,NA,TRUE
opfd,"pgps,taps,paps,tgps",TRUE,OPFD,OPFD,Offensive Personal Fouls Drawn,Offensive Personal Fouls Drawn,NA,pos,int,Offensive Personal Fouls Drawn,NA,The total number of offensive personal fouls drawn by the team.,The total number of offensive personal fouls drawn by the player.,TRUE
opfdP100,taps,TRUE,OPFD/100,OPFD/100,OPF Drawn / 100 Poss,Offensive Personal Fouls Drawn / 100 Poss,NA,pos,num,Offensive Personal Fouls Drawn / 100 Poss,NA,"The total number of offensive personal fouls drawn by the team, per 100 possessions played.","The total number of offensive personal fouls drawn by the player, per 100 possessions played.",TRUE
opfdP40,"taps,paps",TRUE,OPFD/40,OPFD/40,OPF Drawn / 40 Mins,Offensive Personal Fouls Drawn / 40 Mins,NA,pos,num,Offensive Personal Fouls Drawn / 40 Mins,NA,"The total number of offensive personal fouls drawn by the team, per 40 minutes played.","The total number of offensive personal fouls drawn by the player, per 40 minutes played.",TRUE
opfdPct,"pgps,taps,paps,tgps",TRUE,OPFD%,OPFD%,OPF Drawn Pct,Offensive Personal Fouls Drawn Percentage,NA,pos,pct,Offensive Personal Fouls Drawn Percentage,NA,The percentage of defensive possessions with an offensive personal foul drawn by the team.,The percentage of defensive possessions with an offensive personal foul drawn by the player.,TRUE
opfdPg,"taps,paps",TRUE,OPFD/G,OPFD/G,OPF Drawn / Game,Offensive Personal Fouls Drawn / Game,NA,pos,num,Offensive Personal Fouls Drawn / Game,NA,"The total number of offensive personal fouls drawn by the team, per game.","The total number of offensive personal fouls drawn by the player, per game.",TRUE
oppp,gfl,TRUE,PPP,OPPP,Offensive PPP,Offensive PPP,NA,pos,num2,Offensive Points / Possession,NA,An estimate of the number of points scored per possessions by the team.,NA,TRUE
orapm,pas,TRUE,ORAPM,ORAPM,Offensive RAPM,Offensive RAPM,NA,pos,num,Offensive RAPM,NA,NA,"Offensive RAPM (ORAPM) is an all-in-one metric we've developed internally here at CBB Analytics. ORAPM incorporates both a player's individual box score statistics as well as their on-court play-by-play impact, which means ORAPM is able to account for who the player is playing with and against. ORAPM can be interpreted as a player's impact on their team's points scored per 100 possessions above the division average. ORAPM is similar to the offensive components of all-in-one statistics developed for the NBA such as RPM, EPM, and LEBRON.",TRUE
orb,"pps,tpcs,tgs,gfl,pas,tssc,tas,tgcs,tps,pgs,tass,lu,oo",TRUE,ORB,ORB,Offensive Rebounds,Offensive Rebounds,NA,pos,int,Offensive Rebounds,The total number of offensive rebounds.,NA,NA,TRUE
orbAgst,"pps,tgs,gfl,pas,tssc,tas,tps,pgs,tass,lu,oo",TRUE,oORB,ORB AGST,Opponent Offensive Rebounds,Opponent Offensive Rebounds,NA,neg,int,Opponent Offensive Rebounds,The total number of offensive rebounds grabbed by the opponent.,NA,NA,TRUE
orbChnc,lu,TRUE,CHNC,ORB CHNC,ORB Chances,ORB Chances,NA,pos,int,Offensive Rebounding Chances,NA,Total number of offensive rebounds plus opponent defensive rebounds.,NA,TRUE
orbDiff,"tgs,tas,tps",TRUE,ORB DIFF,ORB DIFF,ORB Differential,Offensive Rebound Differential,NA,pos,int,Offensive Rebound Differential,How many more or fewer offensive rebounds the team had compared to their opponent.,NA,NA,TRUE
orbFg,"pgps,taps,paps,tgps",TRUE,ORB,ORBFG,ORB off FGs,ORB off FGs,NA,pos,int,Offensive Rebound off missed FGs,Total number of offensive rebounds (offensive rebounds plus opponent defensive rebounds) off missed field goals.,NA,NA,TRUE
orbFgChnc,"pgps,taps,paps,tgps",TRUE,CHNC,ORBFG CHNC,ORB Chances off FGs,ORB Chances off FGs,NA,pos,int,Offensive Rebound Chances off missed FGs,Total number of offensive rebound opportunities (offensive rebounds plus opponent defensive rebounds) off missed field goals.,NA,NA,TRUE
orbFgP100,taps,TRUE,ORB/100,ORBFG/100,ORB off FGs / 100 Poss,ORB off FGs / 100 Poss,NA,pos,num,Offensive Rebound off missed FGs / 100 Poss,The number of offensive rebounds per 100 possessions (offensive rebounds plus opponent defensive rebounds) off missed field goals.,NA,NA,TRUE
orbFgP40,"taps,paps",TRUE,ORB/40,ORBFG/40,ORB off FGs / 40 Mins,ORB off FGs / 40 Mins,NA,pos,num,Offensive Rebound off missed FGs / 40 Mins,The number of offensive rebounds per 40 minutes (offensive rebounds plus opponent defensive rebounds) off missed field goals.,NA,NA,TRUE
orbFgPct,"pgps,taps,paps,tgps",TRUE,ORB%,ORBFG%,ORB% off FGs,Offensive Rebound Percentage on missed FGs,NA,pos,pct,Offensive Rebound Percentage on missed FGs,The percentage of team's missed field goals a player grabbed while he was on the floor.,NA,NA,TRUE
orbFgPg,"taps,paps",TRUE,ORB/G,ORBFG/G,ORB off FGs / Game,ORB off FGs / Game,NA,pos,num,Offensive Rebound off missed FGs / Game,The number of offensive rebounds per game (offensive rebounds plus opponent defensive rebounds) off missed field goals.,NA,NA,TRUE
orbFt,"ppps,pgps,tpps,taps,paps,tgps",TRUE,ORB,ORBFT,ORB off FTs,ORB off FTs,NA,pos,int,Offensive Rebound off missed FTs,Total number of offensive rebounds (offensive rebounds plus opponent defensive rebounds) off missed free throws.,NA,NA,TRUE
orbFtChnc,"pgps,taps,paps,tgps",TRUE,CHNC,ORBFT CHNC,ORB Chances off FTs,ORB Chances off FTs,NA,pos,int,Offensive Rebound Chances off missed FTs,Total number of offensive rebound opportunities (offensive rebounds plus opponent defensive rebounds) off missed free throws.,NA,NA,TRUE
orbFtP100,taps,TRUE,ORB/100,ORBFT/100,ORB off FTs / 100 Poss,ORB off FTs / 100 Poss,NA,pos,num,Offensive Rebound off missed FTs / 100 Poss,The number of offensive rebounds per 100 possessions (offensive rebounds plus opponent defensive rebounds) off missed free throws.,NA,NA,TRUE
orbFtP40,"taps,paps",TRUE,ORB/40,ORBFT/40,ORB off FTs / 40 Mins,ORB off FTs / 40 Mins,NA,pos,num,Offensive Rebound off missed FTs / 40 Mins,The number of offensive rebounds per 40 minutes (offensive rebounds plus opponent defensive rebounds) off missed free throws.,NA,NA,TRUE
orbFtPct,"pgps,taps,paps,tgps",TRUE,ORB%,ORBFT%,ORB% off FTs,Offensive Rebound % on missed FTs,NA,pos,pct,Offensive Rebound Percentage on missed FTs,The percentage of team's missed free throws a player grabbed while he was on the floor.,NA,NA,TRUE
orbFtPg,"taps,paps",TRUE,ORB/G,ORBFT/G,ORB off FTs / Game,ORB off FTs / Game,NA,pos,num,Offensive Rebound off missed FTs / Game,The number of offensive rebounds per game (offensive rebounds plus opponent defensive rebounds) off missed free throws.,NA,NA,TRUE
orbP100,"tas,lu,oo",TRUE,ORB/100,ORB/100,ORebs / 100 Poss,Offensive Rebounds / 100 Poss,NA,pos,num,Offensive Rebounds / 100 Poss,An estimate of the number of offensive rebounds per 100 possessions played.,NA,NA,TRUE
orbP40,"pas,tas,lu,oo",TRUE,ORB/40,ORB/40,ORebs / 40 Mins,Offensive Rebounds / 40 Mins,NA,pos,num,Offensive Rebounds / 40 Mins,The number of offensive rebounds per 40 minutes played.,NA,NA,TRUE
orbPct,"pps,pgps,tgs,pas,tssc,tas,tps,pgs,tass,lu,oo",TRUE,ORB%,ORB%,Off Rebound Pct,Offensive Rebound Percentage,Percentage of available o-boards grabbed,pos,pct,Offensive Rebounding Percentage,NA,Percentage of the team's missed shots that were offensive rebounded.,An estimate of the percentage of available offensive rebounds a player grabbed while he was on the floor.,TRUE
orbPctAdj,tas,TRUE,ORB%**Adj,ORB%**Adj,Off Rebound Pct**Adj,Adjusted Offensive Rebound Percentage,NA,pos,pct,Offensive Rebound Percentage (Adjusted for Opponents),NA,"The team's offensive rebound percentage, taking into account an adjustment based on the average ORB% allowed by the team's opponents throughout the season.",NA,TRUE
orbPctAdjGap,tas,TRUE,--->,ORB% Adj,Adjustment to ORB%,Adjustment to ORB%,NA,pos,pct,Adjustment to ORB%,NA,"The size of the adjustment for the team's adjusted offensive rebound percentage, that takes into account the average ORB% allowed by the team's opponents throughout the season.",NA,TRUE
orbPctAgst,"tgs,tas,tps",TRUE,ORB%,ORB% Agst,Opponent's Off Rebound Pct,Opponent's Offensive Rebound Percentage,NA,neg,pct,Opponent's Offensive Rebound Percentage,NA,Percentage of the opponent's missed shots that were offensive rebounded.,An estimate of the percentage of available offensive rebounds a player grabbed while he was on the floor.,TRUE
orbPg,"pas,tas",TRUE,ORB/G,ORB/G,ORebs / Game,Offensive Rebounds / Game,NA,pos,num,Offensive Rebounds / Game,The number of offensive rebounds per game.,NA,NA,TRUE
orbTm,"pps,pas,pgs",TRUE,NA,NA,NA,NA,NA,NA,NA,NA,NA,NA,NA,FALSE
orbTovDiff,"tgs,tas,tps",TRUE,ORBTV DIFF,ORBTV DIFF,ORB + TOV Forced Differential,"Team ORBs, TOVs Forced - Opponent ORBs, TOVs Forced",NA,pos,int,"Team ORBs, TOVs Forced - Opponent ORBs, TOVs Forced",The number of offensive rebounds plus turnovers forced by the team minus the number of rebounds plus turnovers forced by the opposing team.,NA,NA,TRUE
ortg,"tgs,tas,tps,tass,lu,oo",TRUE,ORtg,ORtg,Offensive Rating,Offensive Rating,NA,pos,num,Offensive Rating,NA,Points scored per 100 possessions by the team.,NA,TRUE
ortgAdj,tas,TRUE,Ortg**Adj,ORtg**Adj,Offensive Rating**Adj,Adjusted Offensive Rating,NA,pos,num,Offensive Rating (Adjusted for Opponents),NA,"The team's offensive rating, taking into account an adjustment based on the average offensive rating allowed by the team's opponents throughout the season.",NA,TRUE
ortgAdjGap,tas,TRUE,--->,ORtg Adj,Adjustment to ORtg,Adjustment to ORtg,NA,pos,num,Adjustment to ORtg,NA,"The size of the adjustment for the team's adjusted offensive rating, that takes into account the average offensive rating allowed by the team's opponents throughout the season.",NA,TRUE
ortgPlayer,pas,TRUE,iORtg,Player ORtg,Offensive Player Rating,Individual Offensive Player Rating,NA,pos,num,Individual Offensive Player Rating,NA,NA,"Individual offensive player rating (iORtg) is an all-in-one metric developed by Dean Oliver in his 2004 book Basketball on Paper. In Oliver's words, individual offensive rating is the number of points produced by a player per hundred total individual possessions, or in other words, how many points a player is likely to generate when he tries. iORtg is computed using box score statistics only, and therefore does not account for who the player is playing with or against. The equation for iORtg can be found at https://www.basketball-reference.com/about/ratings.html",TRUE
otPeriods,pbptga,FALSE,NA,NA,NA,NA,NA,NA,NA,NA,NA,NA,NA,FALSE
overallLosses,"pps,pgps,tpcs,tgs,tas,tgcs,tps,pgs,taps,tgps",TRUE,Losses,Losses,Losses,Losses,NA,neg,int,Losses,NA,The total number of games lost by the team.,NA,TRUE
overallWins,"pps,pgps,tpcs,tgs,tas,tgcs,tps,pgs,taps,tgps",TRUE,Wins,Wins,Wins,Wins,NA,pos,int,Wins,NA,The total number of games won by the team.,NA,TRUE
ows,pas,TRUE,OWS,OWS,Offensive Win Shares,Offensive Win Shares,NA,pos,num,Offensive Win Shares,NA,NA,"Offensive Win Shares (OWS) is an all-in-one metric originally developed by Bill James for baseball, and adapted by Justin Kubatko (basketball-reference) for use in basketball. OWS attempts to divvy up credit for team success on offense to the individuals on the team, by estimating the number of possessions a player used over the year and the number of points produced from those possessions, which are then converted into the number of wins the player has contributed to their team. OWS is computed using box score statistics only, and therefore does not account for who the player is playing with or against. The equation for OWS can be found at https://www.sports-reference.com/cbb/about/ws.html",TRUE
owsP40,pas,TRUE,OWS/40,OWS/40,Offensive Win Shares / 40 Mins,Offensive Win Shares / 40 Mins,NA,pos,num2,Offensive Win Shares / 40 Mins,NA,NA,Offensive Win Shares (OWS) generated per 40 minutes. The equation for OWS can be found at https://www.sports-reference.com/cbb/about/ws.html,TRUE
pId1,lu,FALSE,NA,NA,NA,NA,NA,NA,NA,NA,NA,NA,NA,FALSE
pId2,lu,FALSE,NA,NA,NA,NA,NA,NA,NA,NA,NA,NA,NA,FALSE
pId3,lu,FALSE,NA,NA,NA,NA,NA,NA,NA,NA,NA,NA,NA,FALSE
pId4,lu,FALSE,NA,NA,NA,NA,NA,NA,NA,NA,NA,NA,NA,FALSE
pId5,lu,FALSE,NA,NA,NA,NA,NA,NA,NA,NA,NA,NA,NA,FALSE
pName1,lu,FALSE,NA,NA,NA,NA,NA,NA,NA,NA,NA,NA,NA,FALSE
pName2,lu,FALSE,NA,NA,NA,NA,NA,NA,NA,NA,NA,NA,NA,FALSE
pName3,lu,FALSE,NA,NA,NA,NA,NA,NA,NA,NA,NA,NA,NA,FALSE
pName4,lu,FALSE,NA,NA,NA,NA,NA,NA,NA,NA,NA,NA,NA,FALSE
pName5,lu,FALSE,NA,NA,NA,NA,NA,NA,NA,NA,NA,NA,NA,FALSE
pace,"tgs,tas,tps,lu,oo",TRUE,Pace,Pace,Pace,Pace,NA,pos,num,Pace,NA,An estimate of the number of team possessions per 40 minutes.,NA,TRUE
paceAdj,tas,TRUE,Pace**Adj,Pace**Adj,Pace**Adj,Adjusted Pace,NA,pos,num,Pace (Adjusted for Opponents),NA,"The team's pace, taking into account an adjustment based on the average pace by the team's opponents throughout the season.",NA,TRUE
paceAdjGap,tas,TRUE,--->,Pace Adj,Adjustment to Pace,Adjustment to Pace,NA,pos,num,Adjustment to Pace,NA,"The size of the adjustment for the team's adjusted pace, that takes into account the average pace by the team's opponents throughout the season.",NA,TRUE
paint2Ast,"pgps,paps",TRUE,AST,PAINT2 AST,In Paint Assists,In The Paint 2s Assists,NA,pos,int,In The Paint 2s Assists,The total number of assists where the shooter scored in the paint (but not at the rim).,NA,NA,TRUE
paint2AstP40,"pgps,paps",TRUE,AST/40,PAINT2 AST/40,In Paint Assists / 40 Mins,In The Paint 2s Assists / 40 Mins,NA,pos,num,In The Paint 2s Assists / 40 Mins,The total number of assists per 40 minutes where the shooter scored in the paint (but not at the rim).,NA,NA,TRUE
paint2AstPg,paps,TRUE,AST/G,PAINT2 AST/G,In Paint Assists / Game,In The Paint 2s Assists / Game,NA,pos,num,In The Paint 2s Assists / Game,The total number of assists per game where the shooter scored in the paint (but not at the rim).,NA,NA,TRUE
paint2AstdPct,"pgps,taps,paps,tgps",TRUE,ASTD%,PAINT2 ASTD%,In Paint Assisted Pct,In The Paint 2s Assisted Pct,NA,pos,pct,In The Paint 2s Assisted Percentage,The percentage of shots made in the paint (but not at the rim) that were assisted.,NA,NA,TRUE
paint2Drb,"taps,tgps",TRUE,DRB,PAINT2 DRB,In Paint 2s Def Rebounds,In The Paint 2s Defensive Rebounds,NA,pos,int,In The Paint 2s Defensive Rebounds,The total number of defensive rebounds grabbed on opponent's missed shots in the paint (but not at the rim).,NA,NA,TRUE
paint2DrbChnc,"taps,tgps",TRUE,CHNC,PAINT2 DRB CHNC,In Paint 2s Def Rebound Chances,In The Paint 2s Defensive Rebound Chances,NA,pos,int,In The Paint 2s Defensive Rebound Chances,The total number of defensive rebounds chances (defensive rebounds grabbed plus opponent offensive rebounds) on opponent's missed shots in the paint (but not at the rim).,NA,NA,TRUE
paint2DrbPct,"taps,tgps",TRUE,DRB%,PAINT2 DRB%,In Paint 2s Def Rebound Pct,In The Paint 2s Defensive Rebounding Percentage,NA,pos,pct,In The Paint 2s Defensive Rebounding Percentage,Percentage of the opponent's missed shots in the paint (but not at the rim) that were defensive rebounded by the team.,NA,NA,TRUE
paint2FgPct,"ppps,pgps,tpps,taps,paps,lu,tgps,oo",TRUE,FG%,PAINT2 FG%,Paint 2s FG%,In The Paint 2s FG%,NA,pos,pct,In The Paint 2s Field Goal Percentage,Field goal percentage on shots taken in the paint (but not at the rim).,NA,NA,TRUE
paint2FgPctS01,"pgps,taps,paps,tgps",TRUE,FG%,PAINT2 FG% (0-10s),Paint 2s FG% (0-10s on Shot Clock),In The Paint 2s FG% with 0-10 Secs on Shot Clock,NA,pos,pct,In The Paint 2s FG% with 0-10 Secs on Shot Clock,Field goal percentage on shots taken in the paint (but not at the rim) with 0 - 10 seconds remaining on the shot clock.,NA,NA,TRUE
paint2FgPctS12,"pgps,taps,paps,tgps",TRUE,FG%,PAINT2 FG% (10-20s),Paint 2s FG% (10-20s on Shot Clock),In The Paint 2s FG% with 10-20 Secs on Shot Clock,NA,pos,pct,In The Paint 2s FG% with 10-20 Secs on Shot Clock,Field goal percentage on shots taken in the paint (but not at the rim) with 10 - 20 seconds remaining on the shot clock.,NA,NA,TRUE
paint2FgPctS23,"pgps,taps,paps,tgps",TRUE,FG%,PAINT2 FG% (20-30s),Paint 2s FG% (20-30s on Shot Clock),In The Paint 2s FG% with 20-30 Secs on Shot Clock,NA,pos,pct,In The Paint 2s FG% with 20-30 Secs on Shot Clock,Field goal percentage on shots taken in the paint (but not at the rim) with 20 - 30 seconds remaining on the shot clock.,NA,NA,TRUE
paint2Fga,"ppps,pgps,tpps,taps,paps,lu,tgps,oo",TRUE,FGA,PAINT2 FGA,Paint 2s FGA,In The Paint 2s FGA,NA,pos,int,In The Paint 2s Field Goal Attempts,The total number of field goal attempts on shots taken in the paint (but not at the rim).,NA,NA,TRUE
paint2FgaFreq,"ppps,pgps,tpps,taps,paps,lu,tgps,oo",TRUE,FGA%,PAINT2 FGA%,Paint 2s FGA%,In The Paint 2s FGA%,NA,pos,pct,In The Paint 2s Field Goal Attempt Frequency,Percentage of shots taken in the paint (not at the rim).,NA,NA,TRUE
paint2FgaFreqAllS01,"pgps,taps,paps,tgps",TRUE,FGA%,PAINT2 FGA% (0-10s) A,Paint 2s FGA% (0-10s) % All,Paint 2s FGA% (0-10s) % of all shots,NA,pos,pct,"In The Paint 2s FGA Freq, 0 - 10 Seconds Left on Shot Clock (% of all shots)",Percentage of all shots taken that were in the paint (but not at the rim) with 0 - 10 seconds remaining on the shot clock.,NA,NA,TRUE
paint2FgaFreqAllS12,"pgps,taps,paps,tgps",TRUE,FGA%,PAINT2 FGA% (10-20s) A,Paint 2s FGA% (10-20s) % All,Paint 2s FGA% (10-20s) % of all shots,NA,pos,pct,"In The Paint 2s FGA Freq, 10 - 20 Seconds Left on Shot Clock (% of all shots)",Percentage of all shots taken that were in the paint (but not at the rim) with 10 - 20 seconds remaining on the shot clock.,NA,NA,TRUE
paint2FgaFreqAllS23,"pgps,taps,paps,tgps",TRUE,FGA%,PAINT2 FGA% (20-30s) A,Paint 2s FGA% (20-30s) % All,Paint 2s FGA% (20-30s) % of all shots,NA,pos,pct,"In The Paint 2s FGA Freq, 20 - 30 Seconds Left on Shot Clock (% of all shots)",Percentage of all shots taken that were in the paint (but not at the rim) with 20 - 30 seconds remaining on the shot clock.,NA,NA,TRUE
paint2FgaFreqClockS01,"pgps,taps,paps,tgps",TRUE,FGA%,PAINT2 FGA% (0-10s) C,Paint 2s FGA% (0-10s) % Clock,Paint 2s FGA% (0-10s) % of 0-10s shots,NA,pos,pct,"In The Paint 2s FGA Freq, 0 - 10 Seconds Left on Shot Clock (% of 0 - 10s shots)",Percentage of all shots taken with 0 - 10 seconds remaining on the shot clock that were in the paint (but not at the rim).,NA,NA,TRUE
paint2FgaFreqClockS12,"pgps,taps,paps,tgps",TRUE,FGA%,PAINT2 FGA% (10-20s) C,Paint 2s FGA% (10-20s) % Clock,Paint 2s FGA% (10-20s) % of 10-20s shots,NA,pos,pct,"In The Paint 2s FGA Freq, 10 - 20 Seconds Left on Shot Clock (% of 10 - 20s shots)",Percentage of all shots taken with 10 - 20 seconds remaining on the shot clock that were in the paint (but not at the rim).,NA,NA,TRUE
paint2FgaFreqClockS23,"pgps,taps,paps,tgps",TRUE,FGA%,PAINT2 FGA% (20-30s) C,Paint 2s FGA% (20-30s) % Clock,Paint 2s FGA% (20-30s) % of 20-30s shots,NA,pos,pct,"In The Paint 2s FGA Freq, 20 - 30 Seconds Left on Shot Clock (% of 20 - 30s shots)",Percentage of all shots taken with 20 - 30 seconds remaining on the shot clock that were in the paint (but not at the rim).,NA,NA,TRUE
paint2FgaFreqZoneS01,"pgps,taps,paps,tgps",TRUE,FGA%,PAINT2 FGA% (0-10s) Z,Paint 2s FGA% (0-10s) % Paint 2s,Paint 2s FGA% (0-10s) % of Paint 2s,NA,pos,pct,"In The Paint 2s FGA Freq, 0 - 10 Seconds Left on Shot Clock (% of Paint 2s)",Percentage of all shots in the paint (but not at the rim) that were taken with 0 - 10 seconds remaining on the shot clock.,NA,NA,TRUE
paint2FgaFreqZoneS12,"pgps,taps,paps,tgps",TRUE,FGA%,PAINT2 FGA% (10-20s) Z,Paint 2s FGA% (10-20s) % Paint 2s,Paint 2s FGA% (10-20s) % of Paint 2s,NA,pos,pct,"In The Paint 2s FGA Freq, 10 - 20 Seconds Left on Shot Clock (% of Paint 2s)",Percentage of all shots in the paint (but not at the rim) that were taken with 10 - 20 seconds remaining on the shot clock.,NA,NA,TRUE
paint2FgaFreqZoneS23,"pgps,taps,paps,tgps",TRUE,FGA%,PAINT2 FGA% (20-30s) Z,Paint 2s FGA% (20-30s) % Paint 2s,Paint 2s FGA% (20-30s) % of Paint 2s,NA,pos,pct,"In The Paint 2s FGA Freq, 20 - 30 Seconds Left on Shot Clock (% of Paint 2s)",Percentage of all shots in the paint (but not at the rim) that were taken with 20 - 30 seconds remaining on the shot clock.,NA,NA,TRUE
paint2FgaP100,"taps,lu,oo",TRUE,FGA/100,PAINT2 FGA/100,Paint 2s FGA / 100,In The Paint 2s FGA / 100 Poss,NA,pos,num,In The Paint 2s Field Goal Attempts / 100 Possessions,Field goal attempts on shots taken in the paint (but not at the rim) per 100 possessions played.,NA,NA,TRUE
paint2FgaP40,"taps,paps,lu,oo",TRUE,FGA/40,PAINT2 FGA/40,Paint 2s FGA / 40,In The Paint 2s FGA / 40 Mins,NA,pos,num,In The Paint 2s Field Goal Attempts / 40 Minutes,Field goal attempts on shots taken in the paint (but not at the rim) per 40 minutes played.,NA,NA,TRUE
paint2FgaPg,"taps,paps",TRUE,FGA/G,PAINT2 FGA/G,Paint 2s FGA / Game,In The Paint 2s FGA / Game,NA,pos,num,In The Paint 2s Field Goal Attempts / Game,Field goal attempts on shots taken in the paint (but not at the rim) per game.,NA,NA,TRUE
paint2FgaS01,"pgps,taps,paps,tgps",TRUE,FGA,PAINT2 FGA (0-10s),Paint 2s FGA (0-10s),In The Paint 2s FGAs with 0-10 Secs on Shot Clock,NA,pos,int,In The Paint 2s FGAs with 0 - 10 Seconds Left on Shot Clock,The total number of field goal attempts on shots taken in the paint (but not at the rim) with 0 - 10 seconds remaining on the shot clock.,NA,NA,TRUE
paint2FgaS12,"pgps,taps,paps,tgps",TRUE,FGA,PAINT2 FGA (10-20s),Paint 2s FGA (10-20s),In The Paint 2s FGAs with 10-20 Secs on Shot Clock,NA,pos,int,In The Paint 2s FGAs with 10 - 20 Seconds Left on Shot Clock,The total number of field goal attempts on shots taken in the paint (but not at the rim) with 10 - 20 seconds remaining on the shot clock.,NA,NA,TRUE
paint2FgaS23,"pgps,taps,paps,tgps",TRUE,FGA,PAINT2 FGA (20-30s),Paint 2s FGA (20-30s),In The Paint 2s FGAs with 20-30 Secs on Shot Clock,NA,pos,int,In The Paint 2s FGAs with 20 - 30 Seconds Left on Shot Clock,The total number of field goal attempts on shots taken in the paint (but not at the rim) with 20 - 30 seconds remaining on the shot clock.,NA,NA,TRUE
paint2Fgm,"ppps,pgps,tpps,taps,paps,lu,tgps,oo",TRUE,FGM,PAINT2 FGM,Paint 2s FGM,In The Paint 2s FGM,NA,pos,int,In The Paint 2s Field Goals Made,The total number of field goals made on shots taken in the paint (but not at the rim).,NA,NA,TRUE
paint2FgmA,"pgps,taps,paps,tgps",TRUE,aFGM,PAINT2 aFGM,Assisted Paint 2s,Assisted In The Paint 2s,NA,pos,int,Assisted In The Paint 2s,NA,The total number of assisted shots made in the paint (not at the rim) by the team.,The total number of assisted shots made in the paint (not at the rim) by the player.,TRUE
paint2FgmAP100,taps,TRUE,aFGM/100,PAINT2 aFGM/100,Assisted Paint 2s / 100 Poss,Assisted In The Paint 2s / 100 Poss,NA,pos,num,Assisted In The Paint 2s / 100 Possessions,NA,"The total number of assisted shots made in the paint (not at the rim) by the team, per 100 possessions played.","The total number of assisted shots made in the paint (not at the rim) by the player, per 100 possessions played.",TRUE
paint2FgmAP40,"taps,paps",TRUE,aFGM/40,PAINT2 aFGM/40,Assisted Paint 2s / 40 Mins,Assisted In The Paint 2s / 40 Mins,NA,pos,num,Assisted In The Paint 2s / 40 Minutes,NA,"The total number of assisted shots made in the paint (not at the rim) by the team, per 40 minutes played.","The total number of assisted shots made in the paint (not at the rim) by the player, per 40 minutes played.",TRUE
paint2FgmAPg,"taps,paps",TRUE,aFGM/G,PAINT2 aFGM/G,Assisted Paint 2s / Game,Assisted In The Paint 2s / Game,NA,pos,num,Assisted In The Paint 2s / Game,NA,"The total number of assisted shots made in the paint (not at the rim) by the team, per game.","The total number of assisted shots made in the paint (not at the rim) by the player, per game.",TRUE
paint2FgmS01,"pgps,taps,paps,tgps",TRUE,FGM,PAINT2 FGM (0-10s),Paint 2s FGM (0-10s),In The Paint 2s FGMs with 0-10 Secs on Shot Clock,NA,pos,int,In The Paint 2s FGMs with 0 - 10 Seconds Left on Shot Clock,The total number of field goals made on shots taken in the paint (but not at the rim) with 0 - 10 seconds remaining on the shot clock.,NA,NA,TRUE
paint2FgmS12,"pgps,taps,paps,tgps",TRUE,FGM,PAINT2 FGM (10-20s),Paint 2s FGM (10-20s),In The Paint 2s FGMs with 10-20 Secs on Shot Clock,NA,pos,int,In The Paint 2s FGMs with 10 - 20 Seconds Left on Shot Clock,The total number of field goals made on shots taken in the paint (but not at the rim) with 10 - 20 seconds remaining on the shot clock.,NA,NA,TRUE
paint2FgmS23,"pgps,taps,paps,tgps",TRUE,FGM,PAINT2 FGM (20-30s),Paint 2s FGM (20-30s),In The Paint 2s FGMs with 20-30 Secs on Shot Clock,NA,pos,int,In The Paint 2s FGMs with 20 - 30 Seconds Left on Shot Clock,The total number of field goals made on shots taken in the paint (but not at the rim) with 20 - 30 seconds remaining on the shot clock.,NA,NA,TRUE
paint2FgmU,"pgps,taps,paps,tgps",TRUE,uFGM,PAINT2 uFGM,NA,NA,NA,NA,NA,NA,NA,NA,NA,TRUE
paint2Orb,"taps,tgps",TRUE,ORB,PAINT2 ORB,Paint 2s Off Rebounds,In The Paint 2s Offensive Rebounds,NA,pos,int,In The Paint 2s Offensive Rebounds,The total number of offensive rebounds grabbed on the team's missed shots in the paint (but not at the rim).,NA,NA,TRUE
paint2OrbChnc,"taps,tgps",TRUE,CHNC,PAINT2 ORB CHNC,Paint 2s Off Rebound Chances,In The Paint 2s Offensive Rebound Chances,NA,pos,int,In The Paint 2s Offensive Rebound Chances,The total number of offensive rebounds chances (offensive rebounds grabbed plus opponent defensive rebounds) on the team's missed shots in the paint (but not at the rim).,NA,NA,TRUE
paint2OrbPct,"taps,tgps",TRUE,ORB%,PAINT2 ORB%,Paint 2s Off Rebound Pct,In The Paint 2s Offensive Rebounding Percentage,NA,pos,pct,In The Paint 2s Offensive Rebounding Percentage,Percentage of the team's missed shots in the paint (but not at the rim) that were offensive rebounded by the team.,NA,NA,TRUE
paint2Reb,"taps,tgps",TRUE,REB,PAINT2 REB,Paint 2s Rebounds,Paint 2s Rebounds,NA,pos,int,In The Paint 2s Rebounds,The total number of rebounds grabbed on the team's and opponent's missed shots in the paint (but not at the rim).,NA,NA,TRUE
paint2RebChnc,"taps,tgps",TRUE,CHNC,PAINT2 REB CHNC,Paint 2s Rebound Chances,Paint 2s Rebound Chances,NA,pos,int,In The Paint 2s Rebound Chances,The total number of rebounds chances (rebounds grabbed plus opponent rebounds) on the team's and opponent's missed shots in the paint (but not at the rim).,NA,NA,TRUE
paint2RebPct,"taps,tgps",TRUE,REB%,PAINT2 REB%,Midrange 2s Rebound Pct,Paint 2s Rebounding Percentage,NA,pos,pct,In The Paint 2s Rebounding Percentage,Percentage of the team's and opponent's missed shots in the paint (but not at the rim) that were rebounded by the team.,NA,NA,TRUE
pctAst2,"pgps,taps,paps,tgps",TRUE,%AST2,%AST2,% Asts on 2s,% of Assists on 2s,NA,pos,pct,% of Assists on 2s,The percentage of total assists that were assists on made 2-pointers.,NA,NA,TRUE
pctAst3,"pgps,taps,paps,tgps",TRUE,%AST3,%AST3,% Asts on 3s,% of Assists on 3s,NA,pos,pct,% of Assists on 3s,The percentage of total assists that were assists on made 3-pointers.,NA,NA,TRUE
pctAstAtb3,"pgps,taps,paps,tgps",TRUE,%AST,%AST ATB3,% Asts Above Break 3s,% of Assists on Above Break 3s,NA,pos,pct,% of Assists on Above Break 3s,The percentage of total assists that were assists on above the break 3s.,NA,NA,TRUE
pctAstAtr2,"pgps,taps,paps,tgps",TRUE,%AST,%AST ATR2,% Asts At Rim,% of Assists At The Rim,NA,pos,pct,% of Assists At The Rim,The percentage of total assists that were assists at the rim.,NA,NA,TRUE
pctAstC3,"pgps,taps,paps,tgps",TRUE,%AST,%AST C3,% Asts Corner 3s,% of Assists on Corner 3s,NA,pos,pct,% of Assists on Corner 3s,The percentage of total assists that were assists on corner 3s.,NA,NA,TRUE
pctAstDunk,"pgps,taps,paps,tgps",TRUE,%AST,%AST DUNK,% Asts Dunks,% of Assists on Dunks,NA,pos,pct,% of Assists on Dunks,The percentage of total assists that were assists on dunks.,NA,NA,TRUE
pctAstLane2,"pgps,taps,paps",TRUE,%AST,%AST RIM+PAINT,% Asts at Rim + Paint,% of Assists At The Rim + In The Paint,NA,pos,pct,% of Assists At The Rim + In The Paint,The percentage of total assists that were assists in the paint (including shots at the rim).,NA,NA,TRUE
pctAstMid2,"pgps,taps,paps,tgps",TRUE,%AST,%AST MID2,% Asts Midrange,% of Assists In The Midrange,NA,pos,pct,% of Assists In The Midrange,The percentage of total assists that were assists in the midrange.,NA,NA,TRUE
pctAstPaint2,"pgps,taps,paps,tgps",TRUE,%AST,%AST PAINT2,% Asts In Paint,% of Assists In The Paint,NA,pos,pct,% of Assists In The Paint,The percentage of total assists that were assists in the paint (not at the rim).,NA,NA,TRUE
pctAstRim3s,"pgps,taps,paps",TRUE,%AST,%AST RIM+3s,% Asts at Rim + on 3s,% of Assists At The Rim + on 3s,NA,pos,pct,% of Assists At The Rim + on 3s,The percentage of total assists that were assists either at the rim or on 3-pointers.,NA,NA,TRUE
pctOfTeamAfgm,taac,TRUE,NA,NA,NA,NA,NA,NA,NA,NA,NA,NA,NA,FALSE
pctOfTeamAst,"pgps,taac,paps",TRUE,%TM AST,%TM AST,% of Team Assists,% of Team Assists,NA,pos,pct,Percentage of Team Assists,NA,NA,The percentage of a team's assists that a player is responsible for (player AST / team total AST).,TRUE
pctOfTeamFga,paps,TRUE,%TM FGA,%TM FGA,% of Team FGAs,% of Team FGAs,NA,pos,pct,Percentage of Team FGAs,NA,NA,The percentage of a team's field goal attempts that a player is responsible for (player FGA / team total FGA).,TRUE
pctOfTeamFta,paps,TRUE,%TM FTA,%TM FTA,% of Team Free Throws,% of Team Free Throws,NA,pos,pct,Percentage of Team Free Throws,NA,NA,The percentage of a team's free throw attempts that a player is responsible for (player FTA / team total FTA).,TRUE
pctOfTeamTov,paps,TRUE,%TM TOV,%TM TOV,% of Team Turnovers,% of Team Turnovers,NA,neg,pct,Percentage of Team Turnovers,NA,NA,The percentage of a team's turnovers that a player is responsible for (player TOV / team total TOV).,TRUE
per,"nil,pas",TRUE,PER,PER,Player Efficiency Rating,Player Efficiency Rating,NA,pos,num,Player Efficiency Rating,NA,NA,"Player efficiency rating (PER) is an all-in-one metric developed by John Hollinger. In Hollinger's words, PER sums up all of a player's positive accomplishments, subtracts the negative accomplishments, and returns a per-minute rating of a player's performance. PER is computed using box score statistics only, and therefore does not account for who the player is playing with or against. PER measures offensive performance more so than it does defensive performance. The equation for PER can be found at https://www.basketball-reference.com/about/per.html",TRUE
period,"pps,ppps,pgps,tpcs,tgs,tpps,tps,pgs,tgps",FALSE,NA,NA,NA,NA,NA,NA,NA,NA,NA,NA,NA,FALSE
periodNumber,"ppps,tpcs,gfl,tpps,tps",FALSE,NA,NA,NA,NA,NA,NA,NA,NA,NA,NA,NA,FALSE
periodType,"ppps,tpcs,tpps,tps",FALSE,NA,NA,NA,NA,NA,NA,NA,NA,NA,NA,NA,FALSE
pf,"pps,pgps,tpcs,tgs,pas,tssc,tas,tgcs,tps,pgs,taps,paps,tass,lu,tgps,oo",TRUE,PF,PF,Personal Fouls,Personal Fouls,NA,neg,int,Personal Fouls,The total number of personal fouls committed.,NA,NA,TRUE
pfAgst,"tssc,tass",TRUE,oPF,PF AGST,Opponent Personal Fouls,Opponent Personal Fouls,NA,pos,int,Opponent Personal Fouls,The total number of personal fouls committed by the opponent.,NA,NA,TRUE
pfDiff,"tssc,tass",TRUE,DIFF,PF DIFF,PF Differential,Personal Foul Differential,NA,pos,num,Personal Foul Differential,How many more or fewer personal fouls the team committed compared to their opponent.,NA,NA,TRUE
pfEff,"pps,tpcs,tgs,pas,tas,tgcs,tps,pgs,lu,oo",TRUE,PF Eff,PF Eff,PF Efficiency,Personal Foul Efficiency,NA,pos,ratio,Personal Foul Efficiency,NA,The ratio of steals + blocks to personal fouls committed by the team.,The ratio of steals + blocks to personal fouls committed by the player.,TRUE
pfMins,pos,TRUE,MinsPF,Mins at PF,Minutes at Power Forward,Minutes at Power Forward,NA,pos,int,Minutes at Power Forward,"An estimate of the number of a player's minutes played at Power Forward. Estimates are derived solely from player height and Guard, Forward, Center positional designations. Please refer to each team's positional rankings, and interpret and utilize positional estimates with a grain of salt.",NA,NA,TRUE
pfP100,"tas,taps,lu,oo",TRUE,PF/100,PF/100,PFs / 100 Poss,Personal Fouls / 100 Poss,NA,neg,num,Personal Fouls / 100 Poss,An estimate of the number of personal fouls committed per 100 possessions played.,NA,NA,TRUE
pfP40,"pas,tas,taps,paps,lu,oo",TRUE,PF/40,PF/40,PFs / 40 Mins,Personal Fouls / 40 Mins,NA,neg,num,Personal Fouls / 40 Mins,The number of personal fouls committed per 40 minutes played.,NA,NA,TRUE
pfP40Diff,tass,TRUE,DIFF,PF/40 DIFF,PF Differential / 40 Minutes,PF Differential / 40 Minutes,NA,pos,num,PF Differential / 40 Minutes,"How many more or fewer personal fouls the team committed compared to their opponent, per 40 minutes played.",NA,NA,TRUE
pfPct,"pgps,tssc,taps,paps,tass,tgps",TRUE,PF%,PF%,PF Percentage,Personal Fouls Percentage,NA,neg,pct,Personal Fouls Percentage,The percentage of possessions with a personal foul committed.,NA,NA,TRUE
pfPg,"pas,tas,taps,paps",TRUE,PF/G,PF/G,PFs / Game,Personal Fouls / Game,NA,neg,num,Personal Fouls / Game,The number of personal fouls committed per game.,NA,NA,TRUE
pfPosPct,pos,TRUE,PF%,% at PF,% Minutes at Power Forward,% Minutes at Power Forward,NA,pos,pct,% Minutes at Power Forward,"An estimate of the percentage of a player's minutes played at Power Forward. Estimates are derived solely from player height and Guard, Forward, Center positional designations. Please refer to each team's positional rankings, and interpret and utilize positional estimates with a grain of salt.",NA,NA,TRUE
pfd,"pps,pgps,tpcs,tgs,pas,tas,tgcs,tps,pgs,taps,paps,lu,tgps,oo",TRUE,PFD,PFD,Personal Fouls Drawn,Personal Fouls Drawn,NA,pos,int,Personal Fouls Drawn,The total number of personal fouls drawn.,NA,NA,TRUE
pfdP100,"pps,tgs,tas,tps,pgs,lu,oo",TRUE,PFD/100,PFD/100,PF Drawn / 100 Poss,Personal Fouls Drawn / 100 Poss,NA,pos,num,Personal Fouls Drawn / 100 Poss,An estimate of the number of personal fouls drawn per 100 possessions played.,NA,NA,TRUE
pfdP40,"pas,tas,lu,oo",TRUE,PFD/40,PFD/40,PF Drawn / 40 Mins,Personal Fouls Drawn / 40 Mins,NA,pos,num,Personal Fouls Drawn / 40 Mins,The number of personal fouls drawn per 40 minutes played.,NA,NA,TRUE
pfdPerFga,pas,TRUE,PFD/FGA,PFD/FGA,PF Drawn / FGA,PF Drawn / FGA,NA,pos,ratio,PF Drawn / FGA,NA,NA,The ratio of personal fouls drawn to field goal attempts by the player.,TRUE
pfdPg,"pas,tas",TRUE,PFD/G,PFD/G,PF Drawn / Game,Personal Fouls Drawn / Game,NA,pos,num,Personal Fouls Drawn / Game,The number of personal fouls drawn per game.,NA,NA,TRUE
pgMins,pos,TRUE,MinsPG,Mins at PG,Minutes at Point Guard,Minutes at Point Guard,NA,pos,int,Minutes at Point Guard,"An estimate of the number of a player's minutes played at Point Guard. Estimates are derived solely from player height and Guard, Forward, Center positional designations. Please refer to each team's positional rankings, and interpret and utilize positional estimates with a grain of salt.",NA,NA,TRUE
pgPosPct,pos,TRUE,PG%,% at PG,% Minutes at Point Guard,% Minutes at Point Guard,NA,pos,pct,% Minutes at Point Guard,"An estimate of the percentage of a player's minutes played at Point Guard. Estimates are derived solely from player height and Guard, Forward, Center positional designations. Please refer to each team's positional rankings, and interpret and utilize positional estimates with a grain of salt.",NA,NA,TRUE
pitp,"pps,tpcs,tgs,pas,tas,tgcs,tps,pgs",TRUE,PITP,PITP PTS,Points In The Paint,Points In The Paint,NA,pos,int,Points In The Paint,The total number of points scored in the paint.,NA,NA,TRUE
pitpAgst,"tgs,tas,tps",TRUE,oPITP,PITP AGST,Opponent Points In The Paint,Opponent Points In The Paint,NA,neg,int,Opponent Points In The Paint,The total number of points scored in the paint by the opponent.,NA,NA,TRUE
pitpDiff,"tgs,tas,tps",TRUE,PITP DIFF,PITP DIFF,Paint Pts Differential,Points In The Paint Differential,NA,pos,int,Points In The Paint Differential,How many more or fewer points in the paint the team scored compared to their opponent.,NA,NA,TRUE
pitpP100,tas,TRUE,PITP/100,PITP PTS/100,Paint Pts / 100 Poss,Points In The Paint / 100 Poss,NA,pos,num,Points In The Paint / 100 Poss,An estimate of the number of points in the paint per 100 possessions played.,NA,NA,TRUE
pitpP40,"pas,tas",TRUE,PITP/40,PITP PTS/40,Paint Pts / 40 Mins,Points In The Paint / 40 Mins,NA,pos,num,Points In The Paint / 40 Mins,The number of points in the paint per 40 minutes played.,NA,NA,TRUE
pitpPctPts,"pps,tpcs,tgs,pas,tas,tgcs,tps,pgs",TRUE,%PITP,%PITP,% Pts in Paint,Points in the Paint % of Total Points,NA,pos,pct,Points in the Paint % of Total Points,NA,The percentage of all points scored by the team that were points in the paint.,The percentage of all points scored by the player that were points in the paint.,TRUE
pitpPg,"pas,tas",TRUE,PITP/G,PITP PTS/G,Paint Pts / Game,Points In The Paint / Game,NA,pos,num,Points In The Paint / Game,The number of points in the paint per game.,NA,NA,TRUE
playerId,"pps,ppps,pos,pgps,pbptga,nil,pas,pssh,pssc,pgs,paps,oo",FALSE,NA,NA,NA,NA,NA,NA,NA,NA,NA,NA,NA,FALSE
plusMinus,"pps,pas,pgs,lu,oo",TRUE,+/-,Plus-Minus,Plus-Minus,Plus-Minus,NA,pos,int,Plus-Minus,NA,NA,The team's points scored minus the opponent's points scored with the player on-court.,TRUE
pollDate,"tpcs,tgs,pbptga,pssh,tssc,tgcs,pssc,tssh,tps,tgps",FALSE,NA,NA,NA,NA,NA,NA,NA,NA,NA,NA,NA,FALSE
position,"pps,ppps,pos,pgps,nil,pas,pgs,paps",TRUE,Pos,Pos,Player Position,Player Position,"G = Guard, F = Forward, Center",NA,txt,Player Position,"One of G (guard) or F (forward, center). Positions favor guards (60% of all players), then forwards (30%), with few centers (5%) and missing positions (5%). Due to the low number of players tagged as Centers, we have combined centers with forwards.",NA,NA,TRUE
position,"pps,ppps,pos,pgps,nil,pas,pgs,paps",TRUE,Pos,Pos,NA,NA,"G = Guard, F = Forward, Center",NA,txt,Position,"One of G (guard) or F (forward, center). Positions favor guards (60% of all players), then forwards (30%), with few centers (5%) and missing positions (5%). Due to the very low presence of players labeled as Centers, we have combined centers with forwards.",NA,NA,TRUE
positionGame,"pps,pgs",TRUE,NA,NA,NA,NA,NA,NA,NA,NA,NA,NA,NA,FALSE
positionNum,pos,TRUE,NA,NA,"G = 1, F = 2, C = 3, Null = 4","G = 1, F = 2, C = 3, Null = 4",NA,NA,NA,NA,NA,NA,NA,FALSE
poss,"pps,tgs,pas,tssc,tas,tps,pgs,tass,lu,oo",TRUE,POSS,POSS,Possessions,Possessions,NA,pos,int,Possessions,The total number of possessions.,NA,NA,TRUE
possPbp,"pgps,pas,tas,taps,paps,tgps",TRUE,NA,NA,NA,NA,NA,NA,NA,NA,NA,NA,NA,FALSE
possTm,"pps,pgs",TRUE,NA,NA,NA,NA,NA,NA,NA,NA,NA,NA,NA,FALSE
potov,"tpcs,tgs,tas,tgcs,tps",TRUE,POTOV,POTOV,Points Off TOVs,Points Off Turnovers,NA,pos,int,Points Off Turnovers,The total number of points off turnovers.,NA,NA,TRUE
potovAgst,"tgs,tas,tps",TRUE,oPOTOV,POTOV AGST,Opponent Points Off TOVs,Opponent Points Off Turnovers,NA,neg,int,Opponent Points Off Turnovers,The total number of points off turnovers by the opponent.,NA,NA,TRUE
potovDiff,"tgs,tas,tps",TRUE,POTOV DIFF,POTOV DIFF,Points off TOVs Differential,Points off Turnovers Differential,NA,pos,int,Points off Turnovers Differential,How many more or fewer points off turnovers the team scored compared to their opponent.,NA,NA,TRUE
potovP100,tas,TRUE,POTOV/100,POTOV/100,Points off TOVs / 100 Poss,Points off Turnovers / 100 Poss,NA,pos,num,Points off Turnovers / 100 Poss,An estimate of the number of points off turnovers per 100 possessions played.,NA,NA,TRUE
potovP40,tas,TRUE,POTOV/40,POTOV/40,Points off TOVs / 40 Mins,Points off Turnovers / 40 Mins,NA,pos,num,Points off Turnovers / 40 Mins,The number of points off turnovers per 40 minutes played.,NA,NA,TRUE
potovPctPts,"tpcs,tgs,tas,tgcs,tps",TRUE,%POTOV,%POTOV,% Points off TOVs,Points off Turnovers % of Total Points,NA,pos,pct,Points off Turnovers % of Total Points,NA,The percentage of all points scored by the team that were points off turnovers.,The percentage of all points scored by the player that were points off turnovers.,TRUE
potovPg,tas,TRUE,POTOV/G,POTOV/G,Points off TOVs / Game,Points Off Turnovers / Game,NA,pos,num,Points Off Turnovers / Game,The number of points off turnovers per game.,NA,NA,TRUE
ppcHc,"taps,tgps",TRUE,PPC,HC PPC,Half Court PPC,Half Court Points / Chance,NA,pos,num2,Half Court Points / Chance,"For half court offense, the total number of points scored divided by the total number of half court chances.",NA,NA,TRUE
ppcPb,"taps,tgps",TRUE,PPC,PB PPC,Putback PPC,Putback Points / Chance,NA,pos,num2,Putback Points / Chance,"For putback offense, the total number of points scored divided by the total number of putback chances.",NA,NA,TRUE
ppcTr,"taps,tgps",TRUE,PPC,TR PPC,Transition PPC,Transition Points / Chance,NA,pos,num2,Transition Points / Chance,"For transition offense, the total number of points scored divided by the total number of transition chances.",NA,NA,TRUE
priorCompetitionId,"pas,paps",FALSE,NA,NA,NA,NA,NA,NA,NA,NA,NA,NA,NA,FALSE
priorConferenceId,"pas,paps",FALSE,NA,NA,NA,NA,NA,NA,NA,NA,NA,NA,NA,FALSE
priorTeamId,"pas,paps",FALSE,NA,NA,NA,NA,NA,NA,NA,NA,NA,NA,NA,FALSE
priorTeamMarket,"pas,paps",FALSE,NA,NA,NA,NA,NA,NA,NA,NA,NA,NA,NA,FALSE
ptsAgst,"pps,pgps,tpcs,tgs,gfl,tas,tgcs,tps,pgs,lu,oo",TRUE,AGST,PTS AGST,Points Against,Points Against,NA,neg,int,Points Against,NA,The total number of points allowed by the team to its opponent.,The total number of points allowed by the player's team to its opponent.,TRUE
ptsAgstBox,"tpps,tgps",TRUE,NA,NA,NA,NA,NA,NA,NA,NA,NA,NA,NA,FALSE
ptsAstd,"ppps,pgps,taps,paps,tgps",TRUE,PTS ASTD,PTS ASTD,Points Assisted,Points Assisted,NA,pos,int,Points Assisted,NA,NA,The total number of teammate points scored that were assisted by the player.,TRUE
ptsAstdPct,"pgps,taps,paps,tgps",TRUE,ASTD%,PTS ASTD%,Points Assisted Pct,Points Assisted Pct,NA,pos,pct,Points Assisted Percentage,NA,The percentage of the team's points scored that were assisted on.,The percentage of points scored by the player that were assisted by teammates.,TRUE
ptsChncHc,"taps,tgps",TRUE,PTS,HC PTS,Points in Half Court,Points in the Half Court,NA,pos,int,Points in the Half Court,"The total number of points scored in the context of half court offense (as opposed to in transition, or on putbacks).",NA,NA,TRUE
ptsChncPb,"taps,tgps",TRUE,PTS,PB PTS,Points on Putbacks,Points on Putbacks,NA,pos,int,Points on Putbacks,"The total number of points scored in the context of putback offense (as opposed to in the half court, or in transition).",NA,NA,TRUE
ptsChncTr,"taps,tgps",TRUE,PTS,TR PTS,Points in Transition,Points in Transition,NA,pos,int,Points in Transition,"The total number of points scored in the context of transition offense (as opposed to in the half court, or on putbacks).",NA,NA,TRUE
ptsCreated,"ppps,pgps,paps",TRUE,PTS CRTD,Pts Created,Points Created,Points Created,NA,pos,int,Points Created,NA,NA,The total number of points scored by the player plus teammate points scored on assists by the player.,TRUE
ptsCreatedP40,paps,TRUE,CRTD/40,Pts Created/40,Points Created / 40 Mins,Points Created / 40 Mins,NA,pos,num,Points Created / 40 Mins,NA,NA,"The total number of points scored by the player plus teammate points scored on assists by the player, per 40 minutes.",TRUE
ptsCreatedPg,paps,TRUE,CRTD/G,Pts Created/G,Points Created / Game,Points Created / Game,NA,pos,num,Points Created / Game,NA,NA,"The total number of points scored by the player plus teammate points scored on assists by the player, per game.",TRUE
ptsH1,"tgs,tps",TRUE,PTS H1,PTS H1,PTS H1,PTS H1,NA,pos,int,Points Scored in 1st Half,Points Scored in 1st Half,NA,NA,TRUE
ptsH2,"tgs,tps",TRUE,PTS H2,PTS H2,PTS H2,PTS H2,NA,pos,int,Points Scored in 2nd Half,Points Scored in 2nd Half,NA,NA,TRUE
ptsOt,"tgs,tps",TRUE,PTS OT,PTS OT,PTS OT,PTS OT,NA,pos,int,Points Scored in OT,Points Scored in OT,NA,NA,TRUE
ptsQ1,"tgs,tps",TRUE,PTS Q1,PTS Q1,PTS P1,PTS P1,NA,pos,int,Points Scored in 1st Quarter,Points Scored in 1st Period,NA,NA,TRUE
ptsQ2,"tgs,tps",TRUE,PTS Q2,PTS Q2,PTS P2,PTS P2,NA,pos,int,Points Scored in 2nd Quarter,Points Scored in 2ndPeriod,NA,NA,TRUE
ptsQ3,"tgs,tps",TRUE,PTS Q3,PTS Q3,PTS P3,PTS P3,NA,pos,int,Points Scored in 3rd Quarter,Points Scored in 3rd Period,NA,NA,TRUE
ptsQ4,"tgs,tps",TRUE,PTS Q4,PTS Q4,PTS P4,PTS P4,NA,pos,int,Points Scored in 4th Quarter,Points Scored in 4th Period,NA,NA,TRUE
ptsScored,"pps,ppps,pgps,tpcs,tgs,gfl,pas,tas,tgcs,tpps,tps,pgs,taps,paps,tass,lu,tgps,oo",TRUE,PTS,PTS,Points Scored,Points Scored,NA,pos,int,Points Scored,NA,The total number of points scored by the team.,The total number of points scored by the player.,TRUE
ptsScoredBox,"tpps,tgps",TRUE,NA,NA,NA,NA,NA,NA,NA,NA,NA,NA,NA,FALSE
ptsScoredDiff,"tgs,tas,tps",TRUE,PTS DIFF,PTS DIFF,Points Scored Differential,Points Scored Differential,NA,pos,int,Points Scored Differential,How many more or fewer points the team scored compared to their opponent.,NA,NA,TRUE
ptsScoredP100,"tas,lu,oo",TRUE,PTS/100,PTS/100,Points / 100 Poss,Points Scored / 100 Poss,NA,pos,num,Points Scored / 100 Poss,An estimate of the number of points scored per 100 possessions played.,NA,NA,TRUE
ptsScoredP40,"pas,tas,lu,oo",TRUE,PTS/40,PTS/40,Points / 40 Mins,Points Scored / 40 Mins,NA,pos,num,Points Scored / 40 Mins,The number of points scored per 40 minutes played.,NA,NA,TRUE
ptsScoredPg,"pas,tas",TRUE,PTS/G,PTS/G,Points / Game,Points Scored / Game,NA,pos,num,Points Scored / Game,The number of points scored per game.,NA,NA,TRUE
ptsScoredPs,tass,TRUE,PTS,PTS/STRK,Avg Points Scored / Streak,Avg Points Scored / Streak,NA,pos,num,Avg Points Scored / Scoring Streak,The average number of points scored on a team's scoring streaks (of a certain length).,NA,NA,TRUE
ptsScoredTm,"pps,pgps,pgs,paps",TRUE,NA,NA,NA,NA,NA,NA,NA,NA,NA,NA,NA,FALSE
ptsScoredU,"pgps,taps,paps,tgps",TRUE,uPTS,uPTS,Unassisted Points,Unassisted Points Scored,NA,pos,int,Unassisted Points Scored,NA,The total number of unassisted points scored by the team.,"The total number of unassisted points scored by the player. Includes all points from free throws, as well as points on unassisted 2-point and 3-point shots made.",TRUE
ptsScoredUP100,taps,TRUE,uPTS/100,uPTS/100,Unassisted Points / 100 Poss,Unassisted Points Scored / 100 Poss,NA,pos,num,Unassisted Points Scored / 100 Poss,NA,"The number of unassisted points scored by the team, per 100 possessions played.","The number of unassisted points scored by the player, per 100 possessions played. Includes all points from free throws, as well as points on unassisted 2-point and 3-point shots made.",TRUE
ptsScoredUP40,"taps,paps",TRUE,uPTS/40,uPTS/40,Unassisted Points / 40 Mins,Unassisted Points Scored / 40 Mins,NA,pos,num,Unassisted Points Scored / 40 Mins,NA,"The number of unassisted points scored by the team, per 40 minutes played.","The number of unassisted points scored by the player, per 40 minutes played. Includes all points from free throws, as well as points on unassisted 2-point and 3-point shots made.",TRUE
ptsScoredUPg,"taps,paps",TRUE,uPTS/G,uPTS/G,Unassisted Points / Game,Unassisted Points Scored / Game,NA,pos,num,Unassisted Points Scored / Game,NA,"The number of unassisted points scored by the team, per game.","The number of unassisted points scored by the player, per game. Includes all points from free throws, as well as points on unassisted 2-point and 3-point shots made.",TRUE
ptsScoredWb,tgps,TRUE,NA,NA,NA,NA,NA,NA,NA,NA,NA,NA,NA,FALSE
quadAgst,"pps,pgps,tpcs,tgs,tgcs,tps,pgs,tgps",TRUE,QUAD,QUAD,Quadrant Against,Quadrant Against,NA,neg,int,Quadrant Against,"Quad 1, 2, 3, or 4 Game.",NA,NA,TRUE
rankBucket,tssc,TRUE,NA,NA,NA,NA,NA,NA,NA,NA,NA,NA,NA,FALSE
rapm,"nil,pas",TRUE,RAPM,RAPM,RAPM,RAPM (Regularized Adjusted Plus/Minus),NA,pos,num,RAPM (Regularized Adjusted Plus/Minus),NA,NA,"RAPM (Regularized Adjusted Plus/Minus) is an all-in-one metric we've developed internally here at CBB Analytics. RAPM does not incorporate a player's individual box score statistics, rather it only considers their on-court play-by-play impact. RAPM can be interpreted as a player's impact on their team's point differential per 100 possessions above the division average, accounting for the other 9 players on the court. RAPM is similar to all-in-one statistics developed for the NBA such as RPM, EPM, and LEBRON.",TRUE
rb2FgPct,"pgps,taps,paps,tgps",TRUE,FG%,RB2 FG%,Right Baseline 2s FG%,Right Baseline 2s FG%,NA,pos,pct,Right Baseline 2s Field Goal Percentage,Field goal percentage on right baseline 2-pointers.,NA,NA,TRUE
rb2Fga,"pgps,taps,paps,tgps",TRUE,FGA,RB2 FGA,Right Baseline 2s FGA,Right Baseline 2s FGA,NA,pos,int,Right Baseline 2s Field Goal Attempts,Field goal attempts on right baseline 2-pointers.,NA,NA,TRUE
rb2FgaFreq,"pgps,taps,paps,tgps",TRUE,FGA%,RB2 FGA%,Right Baseline 2s FGA%,Right Baseline 2s FGA%,NA,pos,pct,Right Baseline 2s Field Goal Attempt Frequency,Percentage of shots taken as right baseline 2-pointers.,NA,NA,TRUE
rb2FgaP100,taps,TRUE,FGA/100,RB2 FGA/100,Right Baseline 2s FGA / 100 Poss,Right Baseline 2s FGA / 100 Poss,NA,pos,num,Right Baseline 2s Field Goal Attempts / 100 Possessions,Field goal attempts on right baseline 2-pointers per 100 possessions played.,NA,NA,TRUE
rb2FgaP40,"taps,paps",TRUE,FGA/40,RB2 FGA/40,Right Baseline 2s FGA / 40 Mins,Right Baseline 2s FGA / 40 Mins,NA,pos,num,Right Baseline 2s Field Goal Attempts / 40 Minutes,Field goal attempts on right baseline 2-pointers per 40 minutes played.,NA,NA,TRUE
rb2FgaPg,"taps,paps",TRUE,FGA/G,RB2 FGA/G,Right Baseline 2s FGA / Game,Right Baseline 2s FGA / Game,NA,pos,num,Right Baseline 2s Field Goal Attempts / Game,Field goal attempts on right baseline 2-pointers per game.,NA,NA,TRUE
rb2Fgm,"pgps,taps,paps,tgps",TRUE,FGM,RB2 FGM,Right Baseline 2s FGM,Right Baseline 2s FGM,NA,pos,int,Right Baseline 2s Field Goals Made,Field goals made on right baseline 2-pointers.,NA,NA,TRUE
rc3FgPct,"pgps,taps,paps,tgps",TRUE,FG%,RC3 FG%,Right Corner 3s FG%,Right Corner 3s FG%,NA,pos,pct,Right Corner 3s Field Goal Percentage,Field goal percentage on right corner 3-pointers.,NA,NA,TRUE
rc3Fga,"pgps,taps,paps,tgps",TRUE,FGA,RC3 FGA,Right Corner 3s FGA,Right Corner 3s FGA,NA,pos,int,Right Corner 3s Field Goal Attempts,Field goal attempts on right corner 3-pointers.,NA,NA,TRUE
rc3FgaFreq,"pgps,taps,paps,tgps",TRUE,FGA%,RC3 FGA%,Right Corner 3s FGA%,Right Corner 3s FGA%,NA,pos,pct,Right Corner 3s Field Goal Attempt Frequency,Percentage of shots taken as right corner 3-pointers.,NA,NA,TRUE
rc3FgaP100,taps,TRUE,FGA/100,RC3 FGA/100,Right Corner 3s FGA / 100 Poss,Right Corner 3s FGA / 100 Poss,NA,pos,num,Right Corner 3s Field Goal Attempts / 100 Possessions,Field goal attempts on right corner 3-pointers per 100 possessions played.,NA,NA,TRUE
rc3FgaP40,"taps,paps",TRUE,FGA/40,RC3 FGA/40,Right Corner 3s FGA / 40 Mins,Right Corner 3s FGA / 40 Mins,NA,pos,num,Right Corner 3s Field Goal Attempts / 40 Minutes,Field goal attempts on right corner 3-pointers per 40 minutes played.,NA,NA,TRUE
rc3FgaPg,"taps,paps",TRUE,FGA/G,RC3 FGA/G,Right Corner 3s FGA / Game,Right Corner 3s FGA / Game,NA,pos,num,Right Corner 3s Field Goal Attempts / Game,Field goal attempts on right corner 3-pointers per game.,NA,NA,TRUE
rc3Fgm,"pgps,taps,paps,tgps",TRUE,FGM,RC3 FGM,Right Corner 3s FGM,Right Corner 3s FGM,NA,pos,int,Right Corner 3s Field Goals Made,Field goals made on right corner 3-pointers.,NA,NA,TRUE
re2FgPct,"pgps,taps,paps,tgps",TRUE,FG%,RE2 FG%,Right Elbow 2s FG%,Right Elbow 2s FG%,NA,pos,pct,Right Elbow 2s Field Goal Percentage,Field goal percentage on right elbow 2-pointers.,NA,NA,TRUE
re2Fga,"pgps,taps,paps,tgps",TRUE,FGA,RE2 FGA,Right Elbow 2s FGA,Right Elbow 2s FGA,NA,pos,int,Right Elbow 2s Field Goal Attempts,Field goal attempts on right elbow 2-pointers.,NA,NA,TRUE
re2FgaFreq,"pgps,taps,paps,tgps",TRUE,FGA%,RE2 FGA%,Right Elbow 2s FGA%,Right Elbow 2s FGA%,NA,pos,pct,Right Elbow 2s Field Goal Attempt Frequency,Percentage of shots taken as right elbow 2-pointers.,NA,NA,TRUE
re2FgaP100,taps,TRUE,FGA/100,RE2 FGA/100,Right Elbow 2s FGA / 100 Poss,Right Elbow 2s FGA / 100 Poss,NA,pos,num,Right Elbow 2s Field Goal Attempts / 100 Possessions,Field goal attempts on right elbow 2-pointers per 100 possessions played.,NA,NA,TRUE
re2FgaP40,"taps,paps",TRUE,FGA/40,RE2 FGA/40,Right Elbow 2s FGA / 40 Mins,Right Elbow 2s FGA / 40 Mins,NA,pos,num,Right Elbow 2s Field Goal Attempts / 40 Minutes,Field goal attempts on right elbow 2-pointers per 40 minutes played.,NA,NA,TRUE
re2FgaPg,"taps,paps",TRUE,FGA/G,RE2 FGA/G,Right Elbow 2s FGA / Game,Right Elbow 2s FGA / Game,NA,pos,num,Right Elbow 2s Field Goal Attempts / Game,Field goal attempts on right elbow 2-pointers per game.,NA,NA,TRUE
re2Fgm,"pgps,taps,paps,tgps",TRUE,FGM,RE2 FGM,Right Elbow 2s FGM,Right Elbow 2s FGM,NA,pos,int,Right Elbow 2s Field Goals Made,Field goals made on right elbow 2-pointers.,NA,NA,TRUE
reb,"pps,tpcs,tgs,gfl,pas,tssc,tas,tgcs,tps,pgs,tass,lu,oo",TRUE,REB,REB,Rebounds,Total Rebounds,NA,pos,int,Total Rebounds,The total number of rebounds grabbed.,NA,NA,TRUE
rebAgst,"pps,tgs,gfl,pas,tssc,tas,tps,pgs,tass",TRUE,oREB,REB AGST,Opponent Rebounds,Opponent Rebounds,NA,neg,int,Opponent Rebounds,The total number of rebounds grabbed by the opponent.,NA,NA,TRUE
rebChnc,lu,TRUE,CHNC,REB CHNC,REB Chances,REB Chances,NA,pos,int,Rebounding Chances,NA,Total combined number of rebounds grabbed by the team and allowed to the opponent.,NA,TRUE
rebDiff,"tgs,tssc,tas,tps,tass",TRUE,REB DIFF,REB DIFF,REB Differential,Rebound Differential,NA,pos,int,Rebound Differential,How many more or fewer rebounds the team had compared to their opponent.,NA,NA,TRUE
rebP100,"tas,lu,oo",TRUE,REB/100,REB/100,Rebs / 100 Poss,Total Rebounds / 100 Poss,NA,pos,num,Total Rebounds / 100 Poss,An estimate of the number of rebounds per 100 possessions played.,NA,NA,TRUE
rebP40,"pas,tas,lu,oo",TRUE,REB/40,REB/40,Rebs / 40 Mins,Total Rebounds / 40 Mins,NA,pos,num,Total Rebounds / 40 Mins,The number of rebounds per 40 minutes played.,NA,NA,TRUE
rebP40Diff,tass,TRUE,DIFF,REB/40 DIFF,Rebound Differential / 40 Minutes,Rebound Differential / 40 Minutes,NA,pos,num,Rebound Differential / 40 Minutes,"How many more or fewer rebounds the team grabbed compared to their opponent, per 40 minutes played.",NA,NA,TRUE
rebPct,"pps,pgps,tgs,pas,tas,tps,pgs,lu,oo",TRUE,REB%,REB%,Rebound Pct,Rebound Percentage,NA,pos,pct,Rebounding Percentage,NA,Percentage of total rebound chances (team rebounds plus opponent rebounds) that were rebounded by the team.,An estimate of the percentage of available rebounds a player grabbed while he was on the floor.,TRUE
rebPg,"pas,tas",TRUE,REB/G,REB/G,Rebs / Game,Total Rebounds / Game,NA,pos,num,Total Rebounds / Game,The number of rebounds per game.,NA,NA,TRUE
rebTm,"pps,pas,pgs",TRUE,NA,NA,NA,NA,NA,NA,NA,NA,NA,NA,NA,FALSE
rebTovDiff,"tgs,tas,tps",TRUE,RBTV DIFF,RBTV DIFF,REB + TOV Forced Differential,"Team REBs, TOVs Forced - Opponent REBs, TOVs Forced",NA,pos,int,"Team REBs, TOVs Forced - Opponent REBs, TOVs Forced",The number of rebounds plus turnovers forced by the team minus the number of rebounds plus turnovers forced by the opposing team.,NA,NA,TRUE
rightFgPct,"pgps,taps,paps,tgps",TRUE,FG%,FG% Right,FG% from Right Side,FG% from Right Side of Court,NA,pos,pct,FG% from Right Side of Court,Field goal percentage on shots taken from the right side of the court. This includes all shots where the shooter is positioned more than 1 foot to the right of the court's imaginary centerline.,NA,NA,TRUE
rightFga,"pgps,taps,paps,tgps",TRUE,FGA,FGA Right,FGA from Right Side,FGA from Right Side of Court,NA,pos,int,FGA from Right Side of Court,Total field goal attempts taken from the right side of the court. This includes all shots where the shooter is positioned more than 1 foot to the right of the court's imaginary centerline.,NA,NA,TRUE
rightFgaFreq,"pgps,taps,paps,tgps",TRUE,FGA%,% Shots Right,% of Shots from Right Side,% of Shots from Right Side of Court,NA,pos,pct,% of Shots from Right Side of Court,Percentage of shots taken from the right side of the court. This includes all shots where the shooter is positioned more than 1 foot to the right of the court's imaginary centerline.,NA,NA,TRUE
rightFgm,"pgps,taps,paps,tgps",TRUE,FGM,FGM Right,FGM from Right Side,FGM from Right Side of Court,NA,pos,int,FGM from Right Side of Court,Total field goals made from the right side of the court. This includes all shots where the shooter is positioned more than 1 foot to the left of the court's imaginary centerline.,NA,NA,TRUE
rim3sAst,"pgps,paps",TRUE,AST,Rim + 3s AST,At Rim + 3s Assists,At The Rim + 3s Assists,NA,pos,int,At The Rim + 3s Assists,The total number of assists where the shooter scored either at the rim (within 4.5 feet of the basket) or on a three pointer.,NA,NA,TRUE
rim3sAstP40,"pgps,paps",TRUE,AST/40,Rim + 3s AST/40,At Rim + 3s Assists / 40 Mins,At The Rim + 3s Assists / 40 Mins,NA,pos,num,At The Rim + 3s Assists / 40 Mins,"The total number of assists per 40 minutes where the shooter scored either at the rim (within 4.5 feet of the basket), or on a three pointer.",NA,NA,TRUE
rim3sAstPg,paps,TRUE,NA,NA,NA,NA,NA,NA,NA,NA,NA,NA,NA,FALSE
rim3sAstdPct,"pgps,taps,paps,tgps",TRUE,ASTD%,Rim + 3s ASTD%,At Rim + 3s Assisted Pct,At The Rim + 3s Assisted Pct,NA,pos,pct,At The Rim + 3s Assisted Percentage,The percentage of shots made either at the rim (within 4.5 feet of the basket) or on a three pointer that were assisted.,NA,NA,TRUE
rim3sEfgPct,"pgps,taps,paps,tgps",TRUE,eFG%,Rim + 3s eFG%,At Rim + 3s eFG%,At The Rim + 3s eFG%,NA,pos,pct,At The Rim + 3s Effective Field Goal Percentage,Effective field goal percentage on shots at the rim (within 4.5 feet of the basket) as well as three pointers.,NA,NA,TRUE
rim3sFgPct,"pgps,taps,paps,tgps",TRUE,FG%,Rim + 3s FG%,At Rim + 3s FG%,At The Rim + 3s FG%,NA,pos,pct,At The Rim + 3s Field Goal Percentage,Field goal percentage on shots at the rim (within 4.5 feet of the basket) as well as three pointers.,NA,NA,TRUE
rim3sFga,"pgps,taps,paps,tgps",TRUE,FGA,Rim + 3s FGA,At Rim + 3s FGA,At The Rim + 3s FGA,NA,pos,int,At The Rim + 3s Field Goal Attempts,Field goal attempts at the rim (within 4.5 feet of the basket) and on three pointers.,NA,NA,TRUE
rim3sFgaFreq,"pgps,taps,paps,tgps",TRUE,FGA%,Rim + 3s FGA%,At Rim + 3s FGA%,At The Rim + 3s FGA%,NA,pos,pct,At The Rim + 3s Field Goal Attempt Frequency,Percentage of shots taken either at the rim (within 4.5 feet of the basket) or as a three pointer.,NA,NA,TRUE
rim3sFgaP100,taps,TRUE,FGA/100,Rim + 3s FGA/100,At Rim + 3s FGA / 100,At The Rim + 3s FGA / 100 Poss,NA,pos,num,At The Rim + 3s Field Goal Attempts / 100 Possessions,"Field goal attempts either at the rim (within 4.5 feet of the basket) or on three pointers, per 100 possessions played.",NA,NA,TRUE
rim3sFgaP40,"taps,paps",TRUE,FGA/40,Rim + 3s FGA/40,At Rim + 3s FGA / 40,At The Rim + 3s FGA / 40 Mins,NA,pos,num,At The Rim + 3s Field Goal Attempts / 40 Minutes,"Field goal attempts either at the rim (within 4.5 feet of the basket) or on three pointers, per 40 minutes played.",NA,NA,TRUE
rim3sFgaPg,"taps,paps",TRUE,FGA/G,Rim + 3s FGA/G,At Rim + 3s FGA / Game,At The Rim + 3s FGA / Game,NA,pos,num,At The Rim + 3s Field Goal Attempts / Game,"Field goal attempts either at the rim (within 4.5 feet of the basket) or on three pointers, per game.",NA,NA,TRUE
rim3sFgm,"pgps,taps,paps,tgps",TRUE,FGM,Rim + 3s FGM,At Rim + 3s FGM,At The Rim + 3s FGM,NA,pos,int,At The Rim + 3s Field Goals Made,Field goals made either at the rim (within 4.5 feet of the basket) or on three pointers.,NA,NA,TRUE
rim3sFgmA,"pgps,taps,paps,tgps",TRUE,aFGM,Rim + 3s aFGM,At Rim + 3s Assisted FGM,At The Rim + 3s Assisted FGM,NA,pos,int,At The Rim + 3s Assisted FGM,NA,The total number of assisted shots made at the rim and on three pointers made by the team.,The total number of assisted shots made at the rim and on three pointers made by the player.,TRUE
rim3sFgmAP100,taps,TRUE,aFGM/100,Rim + 3s aFGM/100,At Rim + 3s Assisted FGM / 100 Poss,At The Rim + 3s Assisted FGM / 100 Poss,NA,pos,num,At The Rim + 3s Assisted FGM / 100 Poss,NA,"The number of assisted shots made at the rim (within 4.5 feet of the basket) and on three pointers made by the team, per 100 possessions played.","The number of assisted shots made at the rim (within 4.5 feet of the basket) and on three pointers made by the player, per 100 possessions played.",TRUE
rim3sFgmAP40,"taps,paps",TRUE,aFGM/40,Rim + 3s aFGM/40,At Rim + 3s Assisted FGM / 40 Mins,At The Rim + 3s Assisted FGM / 40 Mins,NA,pos,num,At The Rim + 3s Assisted FGM / 40 Mins,NA,"The number of assisted shots made at the rim (within 4.5 feet of the basket) and on three pointers made by the team, per 40 minutes played.","The number of assisted shots made at the rim (within 4.5 feet of the basket) and on three pointers made by the player, per 40 minutes played.",TRUE
rim3sFgmAPg,"taps,paps",TRUE,aFGM/G,Rim + 3s aFGM/G,At Rim + 3s Assisted FGM / Game,At The Rim + 3s Assisted FGM / Game,NA,pos,num,At The Rim + 3s Assisted FGM / Game,NA,"The number of assisted shots made at the rim (within 4.5 feet of the basket) and on three pointers made by the team, per game.","The number of assisted shots made at the rim (within 4.5 feet of the basket) and on three pointers made by the player, per game.",TRUE
rim3sFgmU,"pgps,taps,paps,tgps",TRUE,uFGM,Rim + 3s uFGM,At Rim + 3s Unassisted FGM,At The Rim + 3s Unassisted FGM,NA,pos,int,At The Rim + 3s Unassisted FGM,NA,The total number of unassisted shots made at the rim (within 4.5 feet of the basket) and on three pointers made by the team.,The total number of unassisted shots made at the rim (within 4.5 feet of the basket) and on three pointers made by the player.,TRUE
rowId,gfl,FALSE,NA,NA,NA,NA,NA,NA,NA,NA,NA,NA,NA,FALSE
rw3FgPct,"pgps,taps,paps,tgps",TRUE,FG%,RW3 FG%,Right Wing 3s FG%,Right Wing 3s FG%,NA,pos,pct,Right Wing 3s Field Goal Percentage,Field goal percentage on right wing 3-pointers.,NA,NA,TRUE
rw3Fga,"pgps,taps,paps,tgps",TRUE,FGA,RW3 FGA,Right Wing 3s FGA,Right Wing 3s FGA,NA,pos,int,Right Wing 3s Field Goal Attempts,Field goal attempts on right wing 3-pointers.,NA,NA,TRUE
rw3FgaFreq,"pgps,taps,paps,tgps",TRUE,FGA%,RW3 FGA%,Right Wing 3s FGA%,Right Wing 3s FGA%,NA,pos,pct,Right Wing 3s Field Goal Attempt Frequency,Percentage of shots taken as right wing 3-pointers.,NA,NA,TRUE
rw3FgaP100,taps,TRUE,FGA/100,RW3 FGA/100,Right Wing 3s FGA / 100 Poss,Right Wing 3s FGA / 100 Poss,NA,pos,num,Right Wing 3s Field Goal Attempts / 100 Possessions,Field goal attempts on right wing 3-pointers per 100 possessions played.,NA,NA,TRUE
rw3FgaP40,"taps,paps",TRUE,FGA/40,RW3 FGA/40,Right Wing 3s FGA / 40 Mins,Right Wing 3s FGA / 40 Mins,NA,pos,num,Right Wing 3s Field Goal Attempts / 40 Minutes,Field goal attempts on right wing 3-pointers per 40 minutes played.,NA,NA,TRUE
rw3FgaPg,"taps,paps",TRUE,FGA/G,RW3 FGA/G,Right Wing 3s FGA / Game,Right Wing 3s FGA / Game,NA,pos,num,Right Wing 3s Field Goal Attempts / Game,Field goal attempts on right wing 3-pointers per game.,NA,NA,TRUE
rw3Fgm,"pgps,taps,paps,tgps",TRUE,FGM,RW3 FGM,Right Wing 3s FGM,Right Wing 3s FGM,NA,pos,int,Right Wing 3s Field Goals Made,Field goals made on right wing 3-pointers.,NA,NA,TRUE
sEnd,gfl,FALSE,NA,NA,NA,NA,NA,NA,NA,NA,NA,NA,NA,FALSE
sStart,gfl,FALSE,NA,NA,NA,NA,NA,NA,NA,NA,NA,NA,NA,FALSE
scoFromAstPct,taac,TRUE,%aFGM,%Sco from Astr,Scores from Assister Pct,Scores from Assister Percentage,NA,pos,pct,% of Scorer's Assisted FGM from this Assister,The percentage of this Scorer's assisted fields goals made that were assisted on by this specific Assister.,NA,NA,TRUE
scope,"nil,pas,tas,taac,taps,paps,lu,oo",FALSE,NA,NA,NA,NA,NA,NA,NA,NA,NA,NA,NA,FALSE
scoreEnd,"gfl,tssc",TRUE,NA,NA,NA,NA,NA,NA,NA,NA,NA,NA,NA,FALSE
scoreEndAgst,gfl,FALSE,NA,NA,NA,NA,NA,NA,NA,NA,NA,NA,NA,NA
scoreStart,"gfl,tssc",TRUE,NA,NA,NA,NA,NA,NA,NA,NA,NA,NA,NA,FALSE
scoreStartAgst,gfl,FALSE,NA,NA,NA,NA,NA,NA,NA,NA,NA,NA,NA,NA
scorerId,taac,FALSE,NA,NA,NA,NA,NA,NA,NA,NA,NA,NA,NA,FALSE
scorerName,taac,FALSE,NA,NA,NA,NA,NA,NA,NA,NA,NA,NA,NA,FALSE
scorerPct,taac,TRUE,NA,NA,NA,NA,NA,NA,NA,NA,NA,NA,NA,FALSE
scorerTotal,taac,TRUE,NA,NA,NA,NA,NA,NA,NA,NA,NA,NA,NA,FALSE
scoringEndSecs,tssc,TRUE,NA,NA,NA,NA,NA,NA,NA,NA,NA,NA,NA,NA
scoringSecs,tssc,TRUE,NA,NA,NA,NA,NA,NA,NA,NA,NA,NA,NA,NA
scoringStartSecs,tssc,TRUE,NA,NA,NA,NA,NA,NA,NA,NA,NA,NA,NA,NA
scp,"pps,tpcs,tgs,pas,tas,tgcs,tps,pgs",TRUE,SCP,SCP PTS,2nd Chance Points,2nd Chance Points,NA,pos,int,2nd Chance Points,The total number of second chance points.,NA,NA,TRUE
scpAgst,"tgs,tas,tps",TRUE,oSCP,SCP AGST,Opponent 2nd Chance Points,Opponent 2nd Chance Points,NA,neg,int,Opponent 2nd Chance Points,The total number of second chance points by the opponent.,NA,NA,TRUE
scpDiff,"tgs,tas,tps",TRUE,SCP DIFF,SCP DIFF,2nd Points Differential,2nd Chance Points Differential,NA,pos,int,2nd Chance Points Differential,How many more or fewer second chance points the team scored compared to their opponent.,NA,NA,TRUE
scpP100,tas,TRUE,SCP/100,SCP PTS/100,2nd Pts / 100 Poss,2nd Chance Points / 100 Poss,NA,pos,num,2nd Chance Points / 100 Poss,An estimate of the number of second chance points per 100 possessions played.,NA,NA,TRUE
scpP40,"pas,tas",TRUE,SCP/40,SCP PTS/40,2nd Pts / 40 Mins,2nd Chance Points / 40 Mins,NA,pos,num,2nd Chance Points / 40 Mins,The number of second chance points per 40 minutes played.,NA,NA,TRUE
scpPctPts,"pps,tpcs,tgs,pas,tas,tgcs,tps,pgs",TRUE,%SCP,%SCP,% Pts on 2nd Chance,2nd Chance Points % of Total Points,NA,pos,pct,2nd Chance Points % of Total Points,NA,The percentage of all points scored by the team that were second chance points.,The percentage of all points scored by the player that were second chance points.,TRUE
scpPg,"pas,tas",TRUE,SCP/G,SCP PTS/G,2nd Pts / Game,2nd Chance Points / Game,NA,pos,num,2nd Chance Points / Game,The number of second chance points per game.,NA,NA,TRUE
secs,"gfl,lu,oo",TRUE,NA,NA,NA,NA,NA,NA,NA,NA,NA,NA,NA,FALSE
secsCutoffPctile,lu,TRUE,NA,NA,NA,NA,NA,NA,NA,NA,NA,NA,NA,FALSE
secsIntoGame,pbptga,FALSE,NA,NA,NA,NA,NA,NA,NA,NA,NA,NA,NA,FALSE
secsLeftIn300,pbptga,FALSE,NA,NA,NA,NA,NA,NA,NA,NA,NA,NA,NA,FALSE
secsLeftInReg,pbptga,FALSE,NA,NA,NA,NA,NA,NA,NA,NA,NA,NA,NA,FALSE
secsPerStreak,tass,TRUE,NA,NA,NA,NA,NA,NA,NA,NA,NA,NA,NA,FALSE
sfMins,pos,TRUE,NA,NA,NA,NA,NA,NA,NA,NA,NA,NA,NA,FALSE
sfPosPct,pos,TRUE,SF%,% at SF,% Minutes at Small Forward,% Minutes at Small Forward,NA,pos,pct,% Minutes at Small Forward,"An estimate of the percentage of a player's minutes played at Small Forward. Estimates are derived solely from player height and Guard, Forward, Center positional designations. Please refer to each team's positional rankings, and interpret and utilize positional estimates with a grain of salt.",NA,NA,TRUE
sfl,"pgps,taps,paps,tgps",TRUE,SFL,SFL,SFL Committed,Shooting Fouls Committed,NA,neg,int,Shooting Fouls Committed,The total number of shooting fouls committed.,NA,NA,TRUE
sfl2Drawn,"pgps,taps,paps,tgps",TRUE,2SFLD,2SFLD,2P SFLs Drawn,2-Point Shooting Fouls Drawn,NA,pos,int,2-Point Shooting Fouls Drawn,The total number of 2-point shooting fouls drawn.,NA,NA,TRUE
sfl2DrawnP100,taps,TRUE,2SFLD/100,2SFLD/100,2P SFLs Dr / 100 Poss,2-Point Shooting Fouls Drawn / 100 Poss,NA,pos,num,2-Point Shooting Fouls Drawn / 100 Poss,The number of 2-point shooting fouls drawn per 100 possessions.,NA,NA,TRUE
sfl2DrawnP40,"taps,paps",TRUE,2SFLD/40,2SFLD/40,2P SFLs Dr / 40 Mins,2-Point Shooting Fouls Drawn / 40 Mins,NA,pos,num,2-Point Shooting Fouls Drawn / 40 Mins,The number of 2-point shooting fouls drawn per 40 minutes.,NA,NA,TRUE
sfl2DrawnPct,"pgps,taps,paps,tgps",TRUE,2SFLD%,2SFLD%,2P SFLD Pct,2-Point Shooting Fouled Pct,NA,pos,pct,2-Point Shooting Fouled Pct,The percentage of 2-point shot attempts where a foul was drawn.,NA,NA,TRUE
sfl2DrawnPg,"taps,paps",TRUE,2SFLD/G,2SFLD/G,2P SFLs Dr / Game,2-Point Shooting Fouls Drawn / Game,NA,pos,num,2-Point Shooting Fouls Drawn / Game,The number of 2-point shooting fouls drawn per game.,NA,NA,TRUE
sfl2Pts,"pgps,taps,paps,tgps",TRUE,NA,NA,NA,NA,NA,NA,NA,NA,NA,NA,NA,FALSE
sfl3Drawn,"pgps,taps,paps,tgps",TRUE,3SFLD,3SFLD,3P SFLs Drawn,3-Point Shooting Fouls Drawn,NA,pos,int,3-Point Shooting Fouls Drawn,The total number of 3-point shooting fouls drawn.,NA,NA,TRUE
sfl3DrawnP100,taps,TRUE,3SFLD/100,3SFLD/100,3P SFLs Dr / 100 Poss,3-Point Shooting Fouls Drawn / 100 Poss,NA,pos,num,3-Point Shooting Fouls Drawn / 100 Poss,The number of 3-point shooting fouls drawn per 100 possessions.,NA,NA,TRUE
sfl3DrawnP40,"taps,paps",TRUE,3SFLD/40,3SFLD/40,3P SFLs Dr / 40 Mins,3-Point Shooting Fouls Drawn / 40 Mins,NA,pos,num,3-Point Shooting Fouls Drawn / 40 Mins,The number of 3-point shooting fouls drawn per 40 minutes.,NA,NA,TRUE
sfl3DrawnPct,"pgps,taps,paps,tgps",TRUE,3SFLD%,3SFLD%,3P SFLD Pct,3-Point Shooting Fouled Pct,NA,pos,pct,3-Point Shooting Fouled Pct,The percentage of 3-point shot attempts where a foul was drawn.,NA,NA,TRUE
sfl3DrawnPg,"taps,paps",TRUE,3SFLD/G,3SFLD/G,3P SFLs Dr / Game,3-Point Shooting Fouls Drawn / Game,NA,pos,num,3-Point Shooting Fouls Drawn / Game,The number of 3-point shooting fouls drawn per game.,NA,NA,TRUE
sfl3Pts,"pgps,taps,paps,tgps",TRUE,NA,NA,NA,NA,NA,NA,NA,NA,NA,NA,NA,FALSE
sflAnd1,"pgps,taps,paps,tgps",TRUE,NA,NA,NA,NA,NA,NA,NA,NA,NA,NA,NA,FALSE
sflDrawn,"pgps,taps,paps,tgps",TRUE,SFLD,SFLD,SFLs Drawn,Shooting Fouls Drawn,NA,pos,int,Shooting Fouls Drawn,The total number of shooting fouls drawn.,NA,NA,TRUE
sflDrawnP100,taps,TRUE,SFLD/100,SFLD/100,SFLs Drawn / 100 Poss,Shooting Fouls Drawn / 100 Poss,NA,pos,num,Shooting Fouls Drawn / 100 Poss,The number of shooting fouls drawn per 100 possessions.,NA,NA,TRUE
sflDrawnP40,"taps,paps",TRUE,SFLD/40,SFLD/40,SFLs Drawn / 40 Mins,Shooting Fouls Drawn / 40 Mins,NA,pos,num,Shooting Fouls Drawn / 40 Mins,The number of shooting fouls drawn per 40 minutes.,NA,NA,TRUE
sflDrawnPct,"pgps,taps,paps,tgps",TRUE,SFLD%,SFLD%,SFLD Pct,Shooting Fouled Percentage,NA,pos,pct,Shooting Fouled Percentage,The percentage of shot attempts where a shooting foul was drawn.,NA,NA,TRUE
sflDrawnPg,"taps,paps",TRUE,SFLD/G,SFLD/G,SFLs Drawn / Game,Shooting Fouls Drawn / Game,NA,pos,num,Shooting Fouls Drawn / Game,The number of shooting fouls drawn per game.,NA,NA,TRUE
sflP100,taps,TRUE,SFL/100,SFL/100,Shooting Fouls Comm / 100 Poss,Shooting Fouls Committed / 100 Poss,NA,neg,num,Shooting Fouls Committed / 100 Poss,The total number of shooting fouls committed per 100 possessions.,NA,NA,TRUE
sflP40,"taps,paps",TRUE,SFL/40,SFL/40,Shooting Fouls Comm / 40 Mins,Shooting Fouls Committed / 40 Mins,NA,neg,num,Shooting Fouls Committed / 40 Mins,The total number of shooting fouls committed per 40 minutes.,NA,NA,TRUE
sflPct,"pgps,taps,paps,tgps",TRUE,SFL%,SFL%,Shooting Fouls Comm Pct,Shooting Fouls Committed Percentage,NA,neg,pct,Shooting Fouls Committed Percentage,The percentage of possessions where a shooting foul was committed.,NA,NA,TRUE
sflPg,"taps,paps",TRUE,SFL/G,SFL/Game,Shooting Fouls Comm / Game,Shooting Fouls Committed / Game,NA,neg,num,Shooting Fouls Committed / Game,The total number of shooting fouls committed per game.,NA,NA,TRUE
sgMins,pos,TRUE,NA,NA,NA,NA,NA,NA,NA,NA,NA,NA,NA,FALSE
sgPosPct,pos,TRUE,SG%,% at SG,% Minutes at Shooting Guard,% Minutes at Shooting Guard,NA,pos,pct,% Minutes at Shooting Guard,"An estimate of the percentage of a player's minutes played at Shooting Guard. Estimates are derived solely from player height and Guard, Forward, Center positional designations. Please refer to each team's positional rankings, and interpret and utilize positional estimates with a grain of salt.",NA,NA,TRUE
shotAtt,"pgps,taps,paps,tgps",TRUE,ATT,SHOT ATT,Shot Attempts (inc SFLs),Shot Attempts (inc SFLs),NA,pos,int,Total Shot Attempts,NA,"The number of field goal attempts plus shooting fouls drawn on missied shots. Effectively, the number of shot attempts by the team.","The number of field goal attempts plus shooting fouls drawn on missied shots. Effectively, the number of shot attempts by the player.",TRUE
shotAtt2P,"pgps,taps,paps,tgps",TRUE,ATT2,2P SHOT ATT,2P Shot Attempts (inc SFLs),2P Shot Attempts (inc SFLs),NA,pos,int,Total 2-Point Shot Attempts,NA,"The number of 2-point field goal attempts plus shooting fouls drawn on missied shots. Effectively, the number of 2-point shot attempts by the team.","The number of 2-point field goal attempts plus shooting fouls drawn on missied shots. Effectively, the number of 2-point shot attempts by the player.",TRUE
shotAtt3P,"pgps,taps,paps,tgps",TRUE,ATT3,3P SHOT ATT,3P Shot Attempts (inc SFLs),3P Shot Attempts (inc SFLs),NA,pos,int,Total 3-Point Shot Attempts,NA,"The number of 3-point field goal attempts plus shooting fouls drawn on missied shots. Effectively, the number of 3-point shot attempts by the team.","The number of 3-point field goal attempts plus shooting fouls drawn on missied shots. Effectively, the number of 3-point shot attempts by the player.",TRUE
shotDist,pbptga,TRUE,Dist,Shot Dist,Shot Distance,Shot Distance,NA,pos,num,Shot Distance,The shot distance based on the shot's tagged location on the court.,NA,NA,TRUE
shotSituation,pbptga,TRUE,Situation,Shot Situation,Shot Situation,Shot Situation,NA,neu,txt,Shot Situation,"Indicates the game's context for the shot: whether it was a game-tying or go-ahead attempt, and if it was a 2-pointer, 3-pointer, or free throw.",NA,NA,TRUE
sht2FgPct,"pgps,taps,paps,tgps",TRUE,FG%,SHT2 FG%,Short Distance 2s FG%,Short Distance 2s FG%,NA,pos,pct,Short Distance 2s Field Goal Percentage,Field goal percentage on 4-10 foot 2-pointers.,NA,NA,TRUE
sht2Fga,"pgps,taps,paps,tgps",TRUE,FGA,SHT2 FGA,Short Distance 2s FGA,Short Distance 2s FGA,NA,pos,int,Short Distance 2s Field Goal Attempts,Field goal attempts on 4-10 foot 2-pointers.,NA,NA,TRUE
sht2FgaFreq,"pgps,taps,paps,tgps",TRUE,FGA%,SHT2 FGA%,Short Distance 2s FGA%,Short Distance 2s FGA%,NA,pos,pct,Short Distance 2s Field Goal Attempt Frequency,Percentage of shots taken as 4-10 foot 2-pointers.,NA,NA,TRUE
sht2FgaP100,taps,TRUE,FGA/100,SHT2 FGA/100,Short Distance 2s FGA / 100 Poss,Short Distance 2s FGA / 100 Poss,NA,pos,num,Short Distance 2s Field Goal Attempts / 100 Possessions,Field goal attempts on 4-10 foot 2-pointers per 100 possessions played.,NA,NA,TRUE
sht2FgaP40,"taps,paps",TRUE,FGA/40,SHT2 FGA/40,Short Distance 2s FGA / 40 Mins,Short Distance 2s FGA / 40 Mins,NA,pos,num,Short Distance 2s Field Goal Attempts / 40 Minutes,Field goal attempts on 4-10 foot 2-pointers per 40 minutes played.,NA,NA,TRUE
sht2FgaPg,"taps,paps",TRUE,FGA/G,SHT2 FGA/G,Short Distance 2s FGA / Game,Short Distance 2s FGA / Game,NA,pos,num,Short Distance 2s Field Goal Attempts / Game,Field goal attempts on 4-10 foot 2-pointers per game.,NA,NA,TRUE
sht2Fgm,"pgps,taps,paps,tgps",TRUE,FGM,SHT2 FGM,Short Distance 2s FGM,Short Distance 2s FGM,NA,pos,int,Short Distance 2s Field Goals Made,Field goals made on 4-10 foot 2-pointers.,NA,NA,TRUE
sht3FgPct,"pgps,taps,paps,tgps",TRUE,FG%,SHT3 FG%,Short Distance 3s FG%,Short Distance 3s FG%,NA,pos,pct,Short Distance 3s Field Goal Percentage,Field goal percentage on under 25-foot 3-pointers.,NA,NA,TRUE
sht3Fga,"pgps,taps,paps,tgps",TRUE,FGA,SHT3 FGA,Short Distance 3s FGA,Short Distance 3s FGA,NA,pos,int,Short Distance 3s Field Goal Attempts,Field goal attempts on under 25-foot 3-pointers.,NA,NA,TRUE
sht3FgaFreq,"pgps,taps,paps,tgps",TRUE,FGA%,SHT3 FGA%,Short Distance 3s FGA%,Short Distance 3s FGA%,NA,pos,pct,Short Distance 3s Field Goal Attempt Frequency,Percentage of shots taken as under 25-foot 3-pointers.,NA,NA,TRUE
sht3FgaP100,taps,TRUE,FGA/100,SHT3 FGA/100,Short Distance 3s FGA / 100 Poss,Short Distance 3s FGA / 100 Poss,NA,pos,num,Short Distance 3s Field Goal Attempts / 100 Possessions,Field goal attempts on under 25-foot 3-pointers per 100 possessions played.,NA,NA,TRUE
sht3FgaP40,"taps,paps",TRUE,FGA/40,SHT3 FGA/40,Short Distance 3s FGA / 40 Mins,Short Distance 3s FGA / 40 Mins,NA,pos,num,Short Distance 3s Field Goal Attempts / 40 Minutes,Field goal attempts on under 25-foot 3-pointers per 40 minutes played.,NA,NA,TRUE
sht3FgaPg,"taps,paps",TRUE,FGA/G,SHT3 FGA/G,Short Distance 3s FGA / Game,Short Distance 3s FGA / Game,NA,pos,num,Short Distance 3s Field Goal Attempts / Game,Field goal attempts on under 25-foot 3-pointers per game.,NA,NA,TRUE
sht3Fgm,"pgps,taps,paps,tgps",TRUE,FGM,SHT3 FGM,Short Distance 3s FGM,Short Distance 3s FGM,NA,pos,int,Short Distance 3s Field Goals Made,Field goals made on under 25-foot 3-pointers.,NA,NA,TRUE
slp2FgPct,"pgps,taps,paps,tgps",TRUE,FG%,SLP2 FG%,Short Left Paint 2s FG%,Short Left Paint 2s FG%,NA,pos,pct,Short Left Paint 2s Field Goal Percentage,Field goal percentage on short left paint 2-pointers.,NA,NA,TRUE
slp2Fga,"pgps,taps,paps,tgps",TRUE,FGA,SLP2 FGA,Short Left Paint 2s FGA,Short Left Paint 2s FGA,NA,pos,int,Short Left Paint 2s Field Goal Attempts,Field goal attempts on short left paint 2-pointers.,NA,NA,TRUE
slp2FgaFreq,"pgps,taps,paps,tgps",TRUE,FGA%,SLP2 FGA%,Short Left Paint 2s FGA%,Short Left Paint 2s FGA%,NA,pos,pct,Short Left Paint 2s Field Goal Attempt Frequency,Percentage of shots taken as short left paint 2-pointers.,NA,NA,TRUE
slp2FgaP100,taps,TRUE,FGA/100,SLP2 FGA/100,Short Left Paint 2s FGA / 100 Poss,Short Left Paint 2s FGA / 100 Poss,NA,pos,num,Short Left Paint 2s Field Goal Attempts / 100 Possessions,Field goal attempts on short left paint 2-pointers per 100 possessions played.,NA,NA,TRUE
slp2FgaP40,"taps,paps",TRUE,FGA/40,SLP2 FGA/40,Short Left Paint 2s FGA / 40 Mins,Short Left Paint 2s FGA / 40 Mins,NA,pos,num,Short Left Paint 2s Field Goal Attempts / 40 Minutes,Field goal attempts on short left paint 2-pointers per 40 minutes played.,NA,NA,TRUE
slp2FgaPg,"taps,paps",TRUE,FGA/G,SLP2 FGA/G,Short Left Paint 2s FGA / Game,Short Left Paint 2s FGA / Game,NA,pos,num,Short Left Paint 2s Field Goal Attempts / Game,Field goal attempts on short left paint 2-pointers per game.,NA,NA,TRUE
slp2Fgm,"pgps,taps,paps,tgps",TRUE,FGM,SLP2 FGM,Short Left Paint 2s FGM,Short Left Paint 2s FGM,NA,pos,int,Short Left Paint 2s Field Goals Made,Field goals made on short left paint 2-pointers.,NA,NA,TRUE
sos,tas,TRUE,NA,NA,NA,NA,NA,NA,NA,NA,NA,NA,NA,FALSE
srp2FgPct,"pgps,taps,paps,tgps",TRUE,FG%,SRP2 FG%,Short Right Paint 2s FG%,Short Right Paint 2s FG%,NA,pos,pct,Short Right Paint 2s Field Goal Percentage,Field goal percentage on short right paint 2-pointers.,NA,NA,TRUE
srp2Fga,"pgps,taps,paps,tgps",TRUE,FGA,SRP2 FGA,Short Right Paint 2s FGA,Short Right Paint 2s FGA,NA,pos,int,Short Right Paint 2s Field Goal Attempts,Field goal attempts on short right paint 2-pointers.,NA,NA,TRUE
srp2FgaFreq,"pgps,taps,paps,tgps",TRUE,FGA%,SRP2 FGA%,Short Right Paint 2s FGA%,Short Right Paint 2s FGA%,NA,pos,pct,Short Right Paint 2s Field Goal Attempt Frequency,Percentage of shots taken as short right paint 2-pointers.,NA,NA,TRUE
srp2FgaP100,taps,TRUE,FGA/100,SRP2 FGA/100,Short Right Paint 2s FGA / 100 Poss,Short Right Paint 2s FGA / 100 Poss,NA,pos,num,Short Right Paint 2s Field Goal Attempts / 100 Possessions,Field goal attempts on short right paint 2-pointers per 100 possessions played.,NA,NA,TRUE
srp2FgaP40,"taps,paps",TRUE,FGA/40,SRP2 FGA/40,Short Right Paint 2s FGA / 40 Mins,Short Right Paint 2s FGA / 40 Mins,NA,pos,num,Short Right Paint 2s Field Goal Attempts / 40 Minutes,Field goal attempts on short right paint 2-pointers per 40 minutes played.,NA,NA,TRUE
srp2FgaPg,"taps,paps",TRUE,FGA/G,SRP2 FGA/G,Short Right Paint 2s FGA / Game,Short Right Paint 2s FGA / Game,NA,pos,num,Short Right Paint 2s Field Goal Attempts / Game,Field goal attempts on short right paint 2-pointers per game.,NA,NA,TRUE
srp2Fgm,"pgps,taps,paps,tgps",TRUE,FGM,SRP2 FGM,Short Right Paint 2s FGM,Short Right Paint 2s FGM,NA,pos,int,Short Right Paint 2s Field Goals Made,Field goals made on short right paint 2-pointers.,NA,NA,TRUE
startScore,pssc,TRUE,NA,NA,NA,NA,NA,NA,NA,NA,NA,NA,NA,NA
startSecs,pssc,TRUE,NA,NA,NA,NA,NA,NA,NA,NA,NA,NA,NA,NA
stint,gfl,FALSE,NA,NA,NA,NA,NA,NA,NA,NA,NA,NA,NA,FALSE
stl,"pps,pgps,tpcs,tgs,gfl,pas,tssc,tas,tgcs,tps,pgs,taps,paps,tass,lu,tgps,oo",TRUE,STL,STL,Steals,Steals,NA,pos,int,Steals,The total number of steals.,NA,NA,TRUE
stl2,"pgps,taps,paps,tgps",TRUE,STL2,STL2,Steals Inside The Arc,Steals Inside The Arc,NA,pos,int,Steals Inside The Arc,NA,The total number of steals by the team inside the opposing team's 3P line (i.e. in 2P shooting range).,The total number of steals by the player inside the opposing team's 3P line (i.e. in 2P shooting range).,TRUE
stl2P100,taps,TRUE,STL2/100,STL2/100,Steals Inside The Arc / 100 Poss,Steals Inside The Arc / 100 Poss,NA,pos,num,Steals Inside The Arc / 100 Poss,NA,"The number of steals by the team inside the opposing team's 3P line (i.e. in 2P shooting range), per 100 possessions played.","The number of steals by the player inside the opposing team's 3P line (i.e. in 2P shooting range), per 100 possessions played.",TRUE
stl2P40,"taps,paps",TRUE,STL2/40,STL2/40,Steals Inside The Arc / 40 Mins,Steals Inside The Arc / 40 Mins,NA,pos,num,Steals Inside The Arc / 40 Mins,NA,"The number of steals by the team inside the opposing team's 3P line (i.e. in 2P shooting range), per 40 minutes played.","The number of steals by the player inside the opposing team's 3P line (i.e. in 2P shooting range), per 40 minutes played.",TRUE
stl2Pg,"taps,paps",TRUE,STL2/G,STL2/G,Steals Inside The Arc / Game,Steals Inside The Arc / Game,NA,pos,num,Steals Inside The Arc / Game,NA,"The number of steals by the team inside the opposing team's 3P line (i.e. in 2P shooting range), per game.","The number of steals by the player inside the opposing team's 3P line (i.e. in 2P shooting range), per game.",TRUE
stl3,"pgps,taps,paps,tgps",TRUE,STL3,STL3,Steals Beyond The Arc,Steals Beyond The Arc,NA,pos,int,Steals Beyond The Arc,NA,The total number of steals by the team beyond the opposing team's 3P line (i.e. in 3P shooting range).,The total number of steals by the player beyond the opposing team's 3P line (i.e. in 3P shooting range).,TRUE
stl3P100,taps,TRUE,STL3/100,STL3/100,Steals Beyond The Arc / 100 Poss,Steals Beyond The Arc / 100 Poss,NA,pos,num,Steals Beyond The Arc / 100 Poss,NA,"The number of steals by the team beyond the opposing team's 3P line (i.e. in 3P shooting range), per 100 possessions played.","The number of steals by the player beyond the opposing team's 3P line (i.e. in 3P shooting range), per 100 possessions played.",TRUE
stl3P40,"taps,paps",TRUE,STL3/40,STL3/40,Steals Beyond The Arc / 40 Mins,Steals Beyond The Arc / 40 Mins,NA,pos,num,Steals Beyond The Arc / 40 Mins,NA,"The number of steals by the team beyond the opposing team's 3P line (i.e. in 3P shooting range), per 40 minutes played.","The number of steals by the player beyond the opposing team's 3P line (i.e. in 3P shooting range), per 40 minutes played.",TRUE
stl3Pg,"taps,paps",TRUE,STL3/G,STL3/G,Steals Beyond The Arc / Game,Steals Beyond The Arc / Game,NA,pos,num,Steals Beyond The Arc / Game,NA,"The number of steals by the team beyond the opposing team's 3P line (i.e. in 3P shooting range), per game.","The number of steals by the player beyond the opposing team's 3P line (i.e. in 3P shooting range), per game.",TRUE
stlAgst,"gfl,tssc",TRUE,STL,STL AGST,Opponent Steals,Opponent Steals,NA,neg,int,Opponent Steals,The total number of steals by the opponent.,NA,NA,TRUE
stlP100,"tas,taps,lu,oo",TRUE,STL/100,STL/100,Steals / 100 Poss,Steals / 100 Poss,NA,pos,num,Steals / 100 Poss,An estimate of the number of steals per 100 possessions played.,NA,NA,TRUE
stlP40,"pas,tas,taps,paps,lu,oo",TRUE,STL/40,STL/40,Steals / 40 Mins,Steals / 40 Mins,NA,pos,num,Steals / 40 Mins,The number of steals per 40 minutes played.,NA,NA,TRUE
stlPct,"pps,tgs,pas,tssc,tas,tps,pgs,taps,tass,lu,tgps,oo",TRUE,STL%,STL%,Steal Pct,Steal Percentage,rate of defensive possessions with a steal,pos,pct,Steal Percentage,NA,Percentage of the opponent's possessions that end with a steal by the team.,An estimate of the percentage of opponent possessions that end with a steal by the player while he was on the floor.,TRUE
stlPerPf,"pps,tpcs,tgs,pas,tas,tgcs,tps,pgs,lu,oo",TRUE,STL/PF,STL/PF,Steals / PF,Steals / Personal Foul,NA,pos,ratio,Steals Per Personal Foul,NA,The ratio of steals to personal fouls committed by the team.,The ratio of steals to personal fouls committed by the player.,TRUE
stlPg,"pas,tas,taps,paps",TRUE,STL/G,STL/G,Steals / Game,Steals / Game,NA,pos,num,Steals / Game,The number of steals per game.,NA,NA,TRUE
stlTov,"pps,tpcs,tgs,pas,tas,tgcs,tps,pgs,lu",TRUE,STL/TOV,STL/TOV,Stl/Tov Ratio,Steal-To-Turnover Ratio,NA,pos,ratio,Steal To Turnover Ratio,NA,The ratio of total steals to total turnovers committed by the team.,The ratio of total steals to total turnovers committed by the player.,TRUE
streakBasis,"pssh,tssh",TRUE,NA,NA,NA,NA,NA,NA,NA,NA,NA,NA,NA,NA
streakBucket,tass,TRUE,Size,STRK BUCKET,Bucket of Streak Sizes,Bucket of Streak Sizes,NA,pos,txt,Bucket of Streak Sizes,Included in the statistics are all scoring streaks / droughts of this size or greater.,NA,NA,TRUE
streakEndSecs,tssc,TRUE,NA,NA,NA,NA,NA,NA,NA,NA,NA,NA,NA,NA
streakId,"pssh,tssc,pssc,tssh",FALSE,NA,NA,NA,NA,NA,NA,NA,NA,NA,NA,NA,NA
streakMins,tass,TRUE,NA,NA,NA,NA,NA,NA,NA,NA,NA,NA,NA,NA
streakPosition,"pssh,tssc,pssc,tssh",TRUE,NA,NA,NA,NA,NA,NA,NA,NA,NA,NA,NA,NA
streakRank,tssc,TRUE,NA,NA,NA,NA,NA,NA,NA,NA,NA,NA,NA,FALSE
streakSecs,"tssc,pssc,tass",TRUE,Secs,NA,NA,NA,NA,NA,NA,NA,NA,NA,NA,NA
streakSize,"pssh,tssc,pssc,tssh",TRUE,Size,STRK SIZE,Streak Size,Streak Size,NA,pos,int,Streak Size,"The length of the streak in question. This may be for points scored in a row, made shots in a row without a miss, etc.",NA,NA,TRUE
streakStartSecs,tssc,TRUE,NA,NA,NA,NA,NA,NA,NA,NA,NA,NA,NA,NA
streakWithin,"pssh,pssc,tssh",TRUE,NA,NA,NA,NA,NA,NA,NA,NA,NA,NA,NA,NA
streaksAgst10,taps,TRUE,10+,AGST 10+,10-0 Streaks Allowed,10-0 Scoring Streaks Allowed,NA,neg,int,10-0 Scoring Streaks Allowed,NA,The total number of scoring streaks allowed of 10+ consecutive points allowed by the team.,NA,TRUE
streaksAgst12,taps,TRUE,12+,AGST 12+,12-0 Streaks Allowed,12-0 Scoring Streaks Allowed,NA,neg,int,12-0 Scoring Streaks Allowed,NA,The total number of scoring streaks allowed of 12+ consecutive points allowed by the team.,NA,TRUE
streaksAgst8,taps,TRUE,8+,AGST 8+,8-0 Streaks Allowed,8-0 Scoring Streaks Allowed,NA,neg,int,8-0 Scoring Streaks Allowed,NA,The total number of scoring streaks allowed of 8+ consecutive points allowed by the team.,NA,TRUE
streaksFor10,taps,TRUE,10+,STRK 10+,10-0 Scoring Streaks,10-0 Scoring Streaks,NA,pos,int,10-0 Scoring Streaks,NA,The total number of scoring streaks of 10+ consecutive points scored by the team.,NA,TRUE
streaksFor12,taps,TRUE,12+,STRK 12+,12-0 Scoring Streaks,12-0 Scoring Streaks,NA,pos,int,12-0 Scoring Streaks,NA,The total number of scoring streaks of 12+ consecutive points scored by the team.,NA,TRUE
streaksFor8,taps,TRUE,8+,STRK 8+,8-0 Scoring Streaks,8-0 Scoring Streaks,NA,pos,int,8-0 Scoring Streaks,NA,The total number of scoring streaks of 8+ consecutive points scored by the team.,NA,TRUE
success,"pbptga,pssh,tssh",FALSE,NA,NA,NA,NA,NA,NA,NA,NA,NA,NA,NA,FALSE
teamFinal,pbptga,FALSE,NA,NA,NA,NA,NA,NA,NA,NA,NA,NA,NA,FALSE
teamFinalAgst,pbptga,FALSE,NA,NA,NA,NA,NA,NA,NA,NA,NA,NA,NA,FALSE
teamGameRecency,"pps,pgps,tpcs,tgs,tgcs,tps,pgs,tgps",FALSE,NA,NA,NA,NA,NA,NA,NA,NA,NA,NA,NA,FALSE
teamId,"pps,ppps,pos,pgps,tpcs,tgs,pbptga,gfl,nil,pas,pssh,tssc,tas,taac,tgcs,pssc,tssh,tpps,tps,pgs,taps,paps,tass,lu,tgps,oo",FALSE,NA,NA,NA,NA,NA,NA,NA,NA,NA,NA,NA,FALSE
teamIdAgst,"pps,ppps,pgps,tpcs,tgs,pbptga,tssc,tgcs,pssc,tpps,tps,pgs,tgps",FALSE,NA,NA,NA,NA,NA,NA,NA,NA,NA,NA,NA,FALSE
teamIdsAgst,"pssh,tssh",FALSE,NA,NA,NA,NA,NA,NA,NA,NA,NA,NA,NA,FALSE
teamMarket,"pps,ppps,pgps,tpcs,tgs,pbptga,gfl,nil,pas,pssh,tssc,tas,taac,tgcs,pssc,tssh,tpps,tps,pgs,taps,paps,tass,lu,tgps",FALSE,NA,NA,NA,NA,NA,NA,NA,NA,NA,NA,NA,FALSE
teamMarketAgst,"pps,ppps,pgps,tpcs,tgs,pbptga,tssc,tgcs,pssc,tpps,tps,pgs,tgps",FALSE,NA,NA,NA,NA,NA,NA,NA,NA,NA,NA,NA,FALSE
teamName,"pgps,tpcs,tgs,pas,tas,taac,tgcs,tps,taps,paps,lu,tgps",FALSE,NA,NA,NA,NA,NA,NA,NA,NA,NA,NA,NA,FALSE
teamOnStreak,tssc,TRUE,NA,NA,NA,NA,NA,NA,NA,NA,NA,NA,NA,FALSE
teamPriorScore,pbptga,FALSE,NA,NA,NA,NA,NA,NA,NA,NA,NA,NA,NA,FALSE
teamPriorScoreAgst,pbptga,FALSE,NA,NA,NA,NA,NA,NA,NA,NA,NA,NA,NA,FALSE
teamScore,"tssc,tssh",FALSE,NA,NA,NA,NA,NA,NA,NA,NA,NA,NA,NA,FALSE
teamScoreAgst,"tssc,tssh",FALSE,NA,NA,NA,NA,NA,NA,NA,NA,NA,NA,NA,FALSE
tf,"pps,tpcs,tgs,pas,tas,tgcs,tps,pgs,lu,oo",TRUE,NA,NA,NA,NA,NA,NA,NA,NA,NA,NA,NA,FALSE
tfP100,tas,TRUE,NA,NA,NA,NA,NA,NA,NA,NA,NA,NA,NA,FALSE
tfP40,"pas,tas",TRUE,NA,NA,NA,NA,NA,NA,NA,NA,NA,NA,NA,FALSE
tfPg,"pas,tas",TRUE,NA,NA,NA,NA,NA,NA,NA,NA,NA,NA,NA,FALSE
timeLeading,"tpcs,tgs,tgcs,tps",TRUE,Time Leading,Time Leading,Time Leading,Time Leading,NA,pos,num,Time Leading,Number of minutes during a game when the team was ahead in the score throughout the game.,NA,NA,TRUE
timesTied,"tpcs,tgs,tgcs,tps",TRUE,Times Tied,Times Tied,Times Tied,Times Tied,NA,pos,int,Times Tied,Number of times during a game when the score was equal between the two teams.,NA,NA,TRUE
tmDrb,"tpcs,tgs,tas,tgcs,tps",TRUE,NA,NA,NA,NA,NA,NA,NA,NA,NA,NA,NA,FALSE
tmOrb,"tpcs,tgs,tas,tgcs,tps",TRUE,NA,NA,NA,NA,NA,NA,NA,NA,NA,NA,NA,FALSE
tmReb,"tpcs,tgs,tas,tgcs,tps",TRUE,NA,NA,NA,NA,NA,NA,NA,NA,NA,NA,NA,FALSE
tmTov,"tpcs,tgs,tas,tgcs,tps",TRUE,NA,NA,NA,NA,NA,NA,NA,NA,NA,NA,NA,FALSE
toOt,pbptga,TRUE,OT,toOT,Game to OT,Did Game Go To Overtime?,NA,NA,NA,Did Game Go To Overtime?,Did the game go into overtime? (as opposed to ending in regulation),NA,NA,TRUE
tok3FgPct,"pgps,taps,paps,tgps",TRUE,FG%,TOK3 FG%,Top of Key 3s FG%,Top of Key 3s FG%,NA,pos,pct,Top of Key 3s Field Goal Percentage,Field goal percentage on top of key 3-pointers.,NA,NA,TRUE
tok3Fga,"pgps,taps,paps,tgps",TRUE,FGA,TOK3 FGA,Top of Key 3s FGA,Top of Key 3s FGA,NA,pos,int,Top of Key 3s Field Goal Attempts,Field goal attempts on top of key 3-pointers.,NA,NA,TRUE
tok3FgaFreq,"pgps,taps,paps,tgps",TRUE,FGA%,TOK3 FGA%,Top of Key 3s FGA%,Top of Key 3s FGA%,NA,pos,pct,Top of Key 3s Field Goal Attempt Frequency,Percentage of shots taken as top of key 3-pointers.,NA,NA,TRUE
tok3FgaP100,taps,TRUE,FGA/100,TOK3 FGA/100,Top of Key 3s FGA / 100 Poss,Top of Key 3s FGA / 100 Poss,NA,pos,num,Top of Key 3s Field Goal Attempts / 100 Possessions,Field goal attempts on top of key 3-pointers per 100 possessions played.,NA,NA,TRUE
tok3FgaP40,"taps,paps",TRUE,FGA/40,TOK3 FGA/40,Top of Key 3s FGA / 40 Mins,Top of Key 3s FGA / 40 Mins,NA,pos,num,Top of Key 3s Field Goal Attempts / 40 Minutes,Field goal attempts on top of key 3-pointers per 40 minutes played.,NA,NA,TRUE
tok3FgaPg,"taps,paps",TRUE,FGA/G,TOK3 FGA/G,Top of Key 3s FGA / Game,Top of Key 3s FGA / Game,NA,pos,num,Top of Key 3s Field Goal Attempts / Game,Field goal attempts on top of key 3-pointers per game.,NA,NA,TRUE
tok3Fgm,"pgps,taps,paps,tgps",TRUE,FGM,TOK3 FGM,Top of Key 3s FGM,Top of Key 3s FGM,NA,pos,int,Top of Key 3s Field Goals Made,Field goals made on top of key 3-pointers.,NA,NA,TRUE
totalAssists,taac,TRUE,NA,NA,NA,NA,NA,NA,NA,NA,NA,NA,NA,FALSE
totalMins,pos,TRUE,MP*,TOTAL MP,Minutes Played,Minutes Played,NA,pos,int,Minutes Played,NA,NA,"The totol number of minutes played by the player across all 5 positions, in games where play-by-play data was tracked and collected by the NCAA.",TRUE
tournamentId,"pps,pgps,tpcs,tgs,pas,tas,tgcs,tps,pgs,taps,paps,tgps",FALSE,NA,NA,NA,NA,NA,NA,NA,NA,NA,NA,NA,FALSE
tov,"pps,pgps,tpcs,tgs,gfl,pas,tssc,tas,tgcs,tps,pgs,taps,paps,tass,lu,tgps,oo",TRUE,TOV,TOV,Turnovers,Turnovers,NA,neg,int,Turnovers,The total number of turnovers.,NA,NA,TRUE
tovAgst,"pps,tgs,gfl,tssc,tas,tps,pgs,tass,lu",TRUE,oTOV,TOV AGST,Opponent Turnovers,Opponent Turnovers,NA,pos,int,Opponent Turnovers,The total number of turnovers by the opponent.,NA,NA,TRUE
tovBadPass,"taps,tgps",TRUE,PASS,TOV PASS,Bad Pass Turnover,Bad Pass Turnover,NA,neg,int,Bad Pass Turnover,NA,The total number of turnovers tagged by the scorer as a bad pass turnover by the team.,NA,TRUE
tovDiff,"tgs,tssc,tas,tps,tass",TRUE,TOV DIFF,TOV DIFF,TOV Differential,Turnover Differential,NA,neg,int,Turnover Differential,How many more or fewer turnovers the team committed compared to their opponent.,NA,NA,TRUE
tovDribbling,"taps,tgps",TRUE,DRIB,TOV DRIBBLING,Dribbing Turnover,Dribbing Turnover,NA,neg,int,Dribbing Turnover,NA,The total number of turnovers tagged by the scorer as a dribbling turnover by the team.,NA,TRUE
tovLostBall,"taps,tgps",TRUE,LOST,TOV LOST,Lost Ball Turnover,Lost Ball Turnover,NA,neg,int,Lost Ball Turnover,NA,The total number of turnovers tagged by the scorer as a lost ball turnover by the team.,NA,TRUE
tovOffensive,"taps,tgps",TRUE,OFOUL,TOV OFFENSIVE,Offensive Foul Turnover,Offensive Foul Turnover,NA,neg,int,Offensive Foul Turnover,NA,The total number of turnovers tagged by the scorer as an offensive foul turnover by the team.,NA,TRUE
tovOther,"taps,tgps",TRUE,OTHR,TOV OTHER,Other Turnovers,Other Turnovers,NA,neg,int,Other Turnovers,NA,"The total number of turnovers tagged by the scorer as some other turnover type (lane violation, offensive goal tending, other) by the team.",NA,TRUE
tovOutOfBounds,"taps,tgps",TRUE,OOB,TOV OOB,Out of Bounds,Out of Bounds,NA,neg,int,Out of Bounds,NA,The total number of turnovers tagged by the scorer as an out of bounds turnover by the team.,NA,TRUE
tovP100,"tas,lu,oo",TRUE,TOV/100,TOV/100,Turnovers / 100 Poss,Turnovers / 100 Poss,NA,neg,num,Turnovers / 100 Poss,An estimate of the number of turnovers per 100 possessions played.,NA,NA,TRUE
tovP40,"pas,tas,lu,oo",TRUE,TOV/40,TOV/40,Turnovers / 40 Mins,Turnovers / 40 Mins,NA,neg,num,Turnovers / 40 Mins,The number of turnovers per 40 minutes played.,NA,NA,TRUE
tovP40Diff,tass,TRUE,DIFF,TOV/40 DIFF,Turnover Differential / 40 Mins,Turnover Differential / 40 Minutes,NA,neg,num,Turnover Differential / 40 Minutes,"How many more or fewer turnovers the team committed compared to their opponent, per 40 minutes played.",NA,NA,TRUE
tovPct,"pps,tpcs,tgs,pas,tssc,tas,tgcs,tps,pgs,tass,lu,oo",TRUE,TOV%,TOV%,Turnover Pct,Turnover Percentage,"Turnover rate on ended takes (FGA, TOV, FT Trip)",neg,pct,Turnover Percentage,NA,Percentage of the team's possessions that ended in a turnover.,The percentage of possessions used by the player that ends in a turnover.,TRUE
tovPctAdj,tas,TRUE,TOV%**Adj,TOV%**Adj,Turnover Pct**Adj,Adjusted Turnover Percentage,NA,neg,pct,Turnover Percentage (Adjusted for Opponents),NA,"The team's turnover percentage, taking into account an adjustment based on the average TOV% allowed by the team's opponents throughout the season.",NA,TRUE
tovPctAdjGap,tas,TRUE,--->,TOV% Adj,Adjustment to TOV%,Adjustment to TOV%,NA,neg,pct,Adjustment to TOV%,NA,"The size of the adjustment for the team's adjusted turnover percentage, that takes into account the average TOV% allowed by the team's opponents throughout the season.",NA,TRUE
tovPctAgst,"tgs,tas,tps",TRUE,TOV%,TOV% Agst,Opponent's Turnover Pct,Opponent's Turnover Percentage,NA,pos,pct,Opponent's Turnover Percentage,NA,Percentage of the opponent's possessions that ended in a turnover.,The percentage of possessions used by the player that ends in a turnover.,TRUE
tovPg,"pas,tas",TRUE,TOV/G,TOV/G,Turnovers / Game,Turnovers / Game,NA,neg,num,Turnovers / Game,The number of turnovers per game.,NA,NA,TRUE
tovSecs10,"taps,tgps",TRUE,10 SEC,TOV 10 SECS,10 Second Violation,10 Second Violation,NA,neg,int,10 Second Violation,NA,The total number of turnovers tagged by the scorer as a 10 second violation by the team.,NA,TRUE
tovSecs3,"taps,tgps",TRUE,3 SEC,TOV 3 SECS,3 Second Violation,3 Second Violation,NA,neg,int,3 Second Violation,NA,The total number of turnovers tagged by the scorer as a 3 second violation by the team.,NA,TRUE
tovSecs5,"taps,tgps",TRUE,5 SEC,TOV 5 SECS,5 Second Violation,5 Second Violation,NA,neg,int,5 Second Violation,NA,The total number of turnovers tagged by the scorer as a 5 second violation by the team.,NA,TRUE
tovShotClock,"taps,tgps",TRUE,CLOCK,TOV SHOT CLOCK,Shot Clock Violation,Shot Clock Violation,NA,neg,int,Shot Clock Violation,NA,The total number of turnovers tagged by the scorer as a shot clock violation by the team.,NA,TRUE
tovTm,"pps,pgps,pas,pgs,paps",TRUE,NA,NA,NA,NA,NA,NA,NA,NA,NA,NA,NA,FALSE
tovTravel,"taps,tgps",TRUE,TRAVL,TOV TRAVEL,Traveling Violation,Traveling Violation,NA,neg,int,Traveling Violation,NA,The total number of turnovers tagged by the scorer as a traveling violation by the team.,NA,TRUE
transferScenario,nil,TRUE,NA,NA,NA,NA,NA,NA,NA,NA,NA,NA,NA,FALSE
tsPct,"pps,pgps,tpcs,tgs,pas,tas,tgcs,tps,pgs,taps,paps,lu,tgps,oo",TRUE,TS%,TS%,True Shooting %,True Shooting Percentage,eFG% with FTs added,pos,pct,True Shooting Percentage,NA,"A measure of a team's shooting efficiency that takes into account field goals, 3-point field goals, and free throws.","A measure of a player's shooting efficiency that takes into account field goals, 3-point field goals, and free throws.",TRUE
tsa,"pps,tgs,pas,tas,tps,pgs,lu,oo",TRUE,NA,NA,NA,NA,NA,NA,NA,NA,NA,NA,NA,FALSE
ttsPct,"pgps,taps,paps,tgps",TRUE,NA,NA,NA,NA,NA,NA,NA,NA,NA,NA,NA,FALSE
updated,"pps,pgps,tpcs,tgs,pbptga,gfl,pas,tas,taac,tgcs,tps,pgs,taps,paps,lu,tgps,oo",FALSE,NA,NA,NA,NA,NA,NA,NA,NA,NA,NA,NA,FALSE
usagePct,"pps,pgps,pas,pgs,paps",TRUE,USG%,USG%,Usage Pct,Usage Percentage,Percentage of team takes used by a player,pos,pct,Usage Percentage,NA,NA,"An estimate of the percentage of team plays used by the player (including field goals, free throws, and turnovers) while they were on the floor.",TRUE
vps,"pps,pas,pgs",TRUE,VPS,DM VPS,Value Point System,Danny Miles Value Point System,NA,pos,num2,Danny Miles Value Point System,NA,NA,"Value Point System (VPS) is an all-in-one metric developed by Hall of Fame Coach Danny Miles. In Miles' words, VPS provides an all-encompassing look at how players and teams perform by weighing their positive contributions against their negative ones - the resulting number shows how effective the player is. A VPS of 1 is considered average, while anything north of 2 is elite. VPS  is computed using box score statistics only, and therefore does not account for who the player is playing with or against. The equation for VPS can be found at https://team.fastmodelsports.com/2017/08/21/dna-stat-value-point-system/",TRUE
warp,"nil,pas",TRUE,WARP,WARP,Wins Above Replacement Player,Wins Above Replacement Player,Measures value compared to a freely available substitute player.,pos,num,Wins Above Replacement Player,NA,NA,"Wins Above Replacement Player (WARP) is an all-in-one metric developed by Kevin Pelton. In Pelton's words, WARP seeks to evaluate players in the context of a team made up of them and four completely average players. The performance of this team is then compared to that of a team made up of four average players and one replacement-level player. WARP is computed using box score statistics only, and therefore does not account for who the player is playing with or against. The equation for WARP can be found at https://sonicscentral.com/warp.html",TRUE
warpP40,"nil,pas",TRUE,WARP/40,WARP/40,WARP / 40 Mins,Wins Above Replacement Player / 40 Mins,Measures value compared to a freely available substitute player. Scaled to a per 40 minutes basis.,pos,num2,Wins Above Replacement Player / 40 Mins,NA,NA,Wins Above Replacement Player (WARP) generated per 40 minutes. The equation for WARP can be found at https://sonicscentral.com/warp.html,TRUE
widenId,oo,FALSE,NA,NA,NA,NA,NA,NA,NA,NA,NA,NA,NA,FALSE
willTransfer,"pas,paps",FALSE,NA,NA,NA,NA,NA,NA,NA,NA,NA,NA,NA,FALSE
winPct,tas,TRUE,WIN%,WIN%,Win Pct,Win Percentage,NA,pos,pct,Win Percentage,NA,NA,NA,TRUE
winPctExp,tas,TRUE,NA,NA,NA,NA,NA,NA,NA,NA,NA,NA,NA,FALSE
winsDown10,tas,TRUE,10+,WINS10,Wins Down 10,Wins Trailing by 10,NA,pos,int,Wins Trailing by 10,NA,The number of wins by the team where the team trailed by 10+ points at some point in the game.,NA,TRUE
winsDown15,tas,TRUE,15+,WINS15,Wins Down 15,Wins Trailing by 15,NA,pos,int,Wins Trailing by 15,NA,The number of wins by the team where the team trailed by 15+ points at some point in the game.,NA,TRUE
winsDown20,tas,TRUE,20+,WINS20,Wins Down 20,Wins Trailing by 20,NA,pos,int,Wins Trailing by 20,NA,The number of wins by the team where the team trailed by 20+ points at some point in the game.,NA,TRUE
winsDown5,tas,TRUE,5+,WINS5,Wins Down 5,Wins Trailing by 5,NA,pos,int,Wins Trailing by 5,NA,The number of wins by the team where the team trailed by 5+ points at some point in the game.,NA,TRUE
winsNoDeficit,tas,TRUE,Wins,NO TRAIL W,Wins Without Trailing,Wins Without Trailing,NA,pos,int,Wins Without Trailing,NA,The number of wins by the team where the team did not trail at any point in the game.,NA,TRUE
winsWireToWire,tas,TRUE,Wins,WIRE W,Wire-to-Wire Wins,Wire-to-Wire Wins,NA,pos,int,Wire-to-Wire Wins,NA,"The number of wins by the team where the team did not trail, nor was the game tied again after the initial lead was taken, at any point in the game.",NA,TRUE
ws,"nil,pas",TRUE,WS,WS,Win Shares,Win Shares,NA,pos,num,Win Shares,NA,NA,"Win Shares (WS) is an all-in-one metric originally developed by Bill James for baseball, and adapted by Justin Kubatko (basketball-reference) for use in basketball. WS attempts to divvy up credit for team success to the individuals on the team, encompassing both offensive and defensive contributions. WS is the sum of a player's Offensive Win Shares (OWS) and Defensive Win Shares (DWS), providing a comprehensive estimate of the total number of wins a player has contributed to their team. WS is computed using box score statistics only, and therefore does not account for who the player is playing with or against. The equation for DWS can be found at https://www.sports-reference.com/cbb/about/ws.html",TRUE
wsP40,"nil,pas",TRUE,WS/40,WS/40,Win Shares / 40 Mins,Win Shares / 40 Mins,NA,pos,num2,Win Shares / 40 Mins,NA,NA,Win Shares (WS) generated per 40 minutes. The equation for WS can be found at https://www.sports-reference.com/cbb/about/ws.html,TRUE
zones6,pbptga,FALSE,NA,NA,NA,NA,NA,NA,NA,NA,NA,NA,NA,FALSE
astdPct,other,TRUE,ASTD%,ASTD%,Assisted Pct,Assisted Pct,NA,pos,pct,Assisted Percentage,The percentage of shots made that were assisted.,NA,NA,TRUE
atb3,other,TRUE,ATB3,ATB3,Above Break 3s,Above Break 3s,NA,NA,NA,Above The Break 3s,Shooting stats on above the break 3s,NA,NA,TRUE
atr2,other,TRUE,ATR2,ATR2,At The Rim,At The Rim,NA,NA,NA,At The Rim,Shooting stats at the rim,NA,NA,TRUE
behindHoop,other,TRUE,BH2,BH2,Behind Hoop,Behind Hoop,NA,NA,NA,Behind The Hoop,Shooting stats on shots taken behind the rim,NA,NA,TRUE
c3,other,TRUE,C3,C3,Corner 3s,Corner 3s,NA,NA,NA,Corner 3s,Shooting stats on corner 3s,NA,NA,TRUE
chnc,other,TRUE,CHNC,CHNC,Chances,Chances,NA,pos,int,Chances,The total number of chances.,NA,NA,TRUE
coefficient,other,TRUE,Estimate,Estimate,NA,NA,NA,pos,num3,Coefficient Estimate,Regression coefficients estimate the linear relationship between the dependent variables (the row metrics) and the output variable (offensive or defensive rating).,NA,NA,TRUE
ct,other,TRUE,CT,CT,Possessions / Chances,Possessions / Chances,NA,pos,int,Possessions / Chances,The total number of possessions (or chances).,NA,NA,TRUE
drbChncP100,other,TRUE,CHNC,DRB CHNC/100,DRB Chances / 100 Poss,DRB Chances / 100 Poss,NA,pos,num,Defensive Rebounding Chances / 100 Poss,NA,Total number of defensive rebounds plus opponent offensive rebounds per 100 possessions.,NA,TRUE
drbChncP40,other,TRUE,CHNC,DRB CHNC/40,DRB Chances / 40 Mins,DRB Chances / 40 Mins,NA,pos,num,Defensive Rebounding Chances / 40 Mins,NA,Total number of defensive rebounds plus opponent offensive rebounds per 40 minutes.,NA,TRUE
drbChncPg,other,TRUE,CHNC,DRB CHNC/G,DRB Chances / Game,DRB Chances / Game,NA,pos,num,Defensive Rebounding Chances / Game,NA,Total number of defensive rebounds plus opponent offensive rebounds per game.,NA,TRUE
efgPctAway,other,TRUE,eFG%,eFG% AWAY,Effective FG%,Effective Field Goal Percentage,NA,pos,pct,Effective Field Goal Percentage,NA,The team's field goal percentage taking into account the additional point from 3s.,The player's field goal percentage taking into account the additional point from 3s.,TRUE
fgaFreq,other,TRUE,FGA%,FGA%,FGA Frequency,Field Goal Attempt Frequency,NA,pos,pct,Field Goal Attempt Frequency,Percentage of all field goal attempts that were taken in a single region.,NA,NA,TRUE
flp2,other,TRUE,FLP2,FLP2,Far Left Paint 2,Far Left Paint 2,NA,NA,NA,Far Left Paint 2,"Shooting stats on shots in the further-back, left corner of the paint (left side, from FT line forward for 7 feet)",NA,NA,TRUE
frp2,other,TRUE,FRP2,FRP2,Far Right Paint 2,Far Right Paint 2,NA,NA,NA,Far Right Paint 2,"Shooting stats on shots in the further-back, right corner of the paint (right side, from FT line forward for 7 feet)",NA,NA,TRUE
ftaRateAway,other,TRUE,FTA Rate,FTA Rate AWAY,FT Attempt Rate,Free Throw Attempt Rate,NA,pos,pct,Free Throw Attempt Rate,NA,A team's free throws attempted as a percentage of their field goal attempts.,A player's free throw attempts as a percentage of their field goal attempts.,TRUE
heave3,other,TRUE,HEAVE3,HEAVE3,Heave,Heave,NA,NA,NA,Heaves,Shots taken from 30+ feet,NA,NA,TRUE
intercept,other,TRUE,Intercept,Intercept,Intercept,Intercept,NA,NA,NA,Intercept,The intercept (often labeled the constant) is the expected mean value of the dependent variables when all independent variables = 0.,NA,NA,TRUE
lb2,other,TRUE,LB2,LB2,Left Baseline 2s,Left Baseline 2s,NA,NA,NA,Left Baseline 2s,Shooting stats on shots taken from the left baseline,NA,NA,TRUE
lc3,other,TRUE,LC3,LC3,Left Corner 3s,Left Corner 3s,NA,NA,NA,Left Corner 3s,Shooting stats on corner 3s,NA,NA,TRUE
le2,other,TRUE,LE2,LE2,Left Elbow 2s,Left Elbow 2s,NA,NA,NA,Left Elbow 2s,Shooting stats on shots taken from the left elbow,NA,NA,TRUE
lng2,other,TRUE,LNG2,LNG2,Long Range 2s,Long Range 2s,NA,NA,NA,Long Range 2s,Shooting stats on 2P shots longer than 15 feet,NA,NA,TRUE
lng3,other,TRUE,LNG3,LNG3,Long Range 3s,Long Range 3s,NA,NA,NA,Long Range 3s,Shooting stats on 3P shots between 25 - 30 feet,NA,NA,TRUE
lw3,other,TRUE,LW3,LW3,Left Wing 3s,Left Wing 3s,NA,NA,NA,Left Wing 3s,Shooting stats on left wing 3s,NA,NA,TRUE
med2,other,TRUE,MED2,MED2,Medium Range 2s,Medium Range 2s,NA,NA,NA,Medium Range 2s,Shooting stats on shots between 10 - 15 feet,NA,NA,TRUE
mid2,other,TRUE,MID2,MID2,Mid Range 2s,Mid Range 2s,NA,NA,NA,Mid Range 2s,Shooting stats on all 2P shots taken outside of the paint,NA,NA,TRUE
rim3s,other,TRUE,RIM 3S,Rim + 3s,At Rim + 3s,At The Rim + 3s,NA,NA,NA,At The Rim + 3s,Combined shooting stats on all shots at the rim and on 3-point attempts.,NA,NA,TRUE
orbChncP100,other,TRUE,CHNC,ORB CHNC/100,ORB Chances / 100 Poss,ORB Chances / 100 Poss,NA,pos,num,Offensive Rebounding Chances / 100 Poss,NA,Total number of offensive rebounds plus opponent defensive rebounds per 100 possessions.,NA,TRUE
orbChncP40,other,TRUE,CHNC,ORB CHNC/40,ORB Chances / 40 Mins,ORB Chances / 40 Mins,NA,pos,num,Offensive Rebounding Chances / 40 Mins,NA,Total number of offensive rebounds plus opponent defensive rebounds per 40 minutes.,NA,TRUE
orbChncPg,other,TRUE,CHNC,ORB CHNC/G,ORB Chances / Game,ORB Chances / Game,NA,pos,num,Offensive Rebounding Chances / Game,NA,Total number of offensive rebounds plus opponent defensive rebounds per game.,NA,TRUE
orbPctAway,other,TRUE,ORB%,ORB% AWAY,Off Rebound Pct,Offensive Rebound Percentage,NA,pos,pct,Offensive Rebounding Percentage,NA,Percentage of the team's missed shot that were offensive rebounded.,An estimate of the percentage of available offensive rebounds a player grabbed while he was on the floor.,TRUE
ortgAway,other,TRUE,ORtg,ORtg AWAY,Offensive Rating,Offensive Rating,NA,pos,num,Offensive Rating,NA,Points scored per 100 possessions by the team.,NA,TRUE
paint2,other,TRUE,PAINT2,PAINT2,In The Paint,In The Paint,NA,NA,NA,In The Paint,Shooting stats on all shots taken in the paint but outside the restricted area,NA,NA,TRUE
pctAst,other,TRUE,%AST,%AST,Pct of Assists,Pct of Assists,NA,pos,pct,Percentage of Total Assists,The percentage of total assists that were assists in this zone.,NA,NA,TRUE
ppc,other,TRUE,PPC,PPC,Points Per Chance,Points Per Chance,NA,pos,num2,Points Per Chance,The number of points scored per chance.,NA,NA,TRUE
ppp,other,TRUE,PPP,PPP,Points Per Possession,Points Per Possession,NA,pos,num2,Points Per Possession,The number of points scored per possession.,NA,NA,TRUE
pppc,other,TRUE,PPPC,PPPC,Points Per Possession / Chance,Points Per Possession / Chance,NA,pos,num2,Points Per Possession / Chance,The number of points scored per possession (or chance).,NA,NA,TRUE
pValue,other,TRUE,Pr(>|t|),Pr(>|t|),NA,NA,NA,pos,num3,P-Value,"The p-value for each variable tests the null hypothesis that the variable has no predictive influence on the output (offensive / defensive rating). The smaller the p-value, the greater the evidence against the null hypothesis (the more likely the metric is predictive). P-values of 0.05 or 0.01 are commonly used to assess if a variable is statistically significant and predctive of the output.",NA,NA,TRUE
qualifierFreq,other,TRUE,FREQ,FREQ,Frequency,Frequency,NA,pos,pct,Type Frequency,The percentage of possessions or chances that fall into this start type or length.,NA,NA,TRUE
rb2,other,TRUE,RB2,RB2,Right Baseline 2s,Right Baseline 2s,NA,NA,NA,Right Baseline 2s,Shooting stats on shots taken from the right baseline,NA,NA,TRUE
rc3,other,TRUE,RC3,RC3,Right Corner 3s,Right Corner 3s,NA,NA,NA,Right Corner 3s,Shooting stats on right corner 3s,NA,NA,TRUE
re2,other,TRUE,RE2,RE2,Right Elbow 2s,Right Elbow 2s,NA,NA,NA,Right Elbow 2s,Shooting stats on shots taken from the right elbow,NA,NA,TRUE
rw3,other,TRUE,RW3,RW3,Right Wing 3s,Right Wing 3s,NA,NA,NA,Right Wing 3s,Shooting stats on right wing 3s,NA,NA,TRUE
sht2,other,TRUE,SHT2,SHT2,Short Range 2s,Short Range 2s,NA,NA,NA,Short Range 2s,Shooting stats on shots between 4 - 10 feet,NA,NA,TRUE
sht3,other,TRUE,SHT3,SHT3,Short Range 3s,Short Range 3s,NA,NA,NA,Short Range 3s,Shooting stats on 3P shots under 25 feet,NA,NA,TRUE
slp2,other,TRUE,SLP2,SLP2,Short Left Paint 2,Short Left Paint 2,NA,NA,NA,Short Left Paint 2,"Shooting stats on shots in the closer, left corner of the paint (left side, close to hoop)",NA,NA,TRUE
srp2,other,TRUE,SRP2,SRP2,Short Right Paint 2,Short Right Paint 2,NA,NA,NA,Short Right Paint 2,"Shooting stats on shots in the closer, right corner of the paint (right side, close to hoop)",NA,NA,TRUE
stdError,other,TRUE,Std. Error,Std. Error,NA,NA,NA,pos,num3,Standard Error,The Standard Error is an estimation of the variance of the coefficient estimates.,NA,NA,TRUE
tok3,other,TRUE,TOK3,TOK3,Top of Key 3s,Top of Key 3s,NA,NA,NA,Top of Key 3s,Shooting stats on top of key 3s,NA,NA,TRUE
tovPctAway,other,TRUE,TOV%,TOV% AWAY,Turnover Pct,Turnover Percentage,NA,neg,pct,Turnover Percentage,NA,Percentage of the team's possessions that ended in a turnover.,The percentage of possessions used by the player that ends in a turnover.,TRUE
tValue,other,TRUE,T Stat,T Stat,NA,NA,NA,pos,num2,T-Statistic,"The t-statistic is the coefficient estimate divided by its standard error. The t-statistic is used in a t-test (compute the p-value) to determine whether to support or reject the null hypothesis (that the metric is not predictive of offensive / defensive rating). The greater the absolute value of the t-statistic, the greater the evidence against the null hypothesis.",NA,NA,TRUE
position,other,FALSE,Pos,Pos,NA,NA,"G = Guard, F = Forward, Center",NA,txt,Position,"One of G (guard) or F (forward, center). Positions favor guards (60% of all players), then forwards (30%), with few centers (5%) and missing positions (5%). Due to the very low presence of players labeled as Centers, we have combined centers with forwards.",NA,NA,TRUE
maPf2,article,TRUE,Avail,MA 2PF,NA,NA,NA,pos,num,2-Foul Minutes Available,The total number of possible first half minutes where starters could have played with 2 fouls.,NA,NA,TRUE
mpPf2,article,TRUE,Played,MP 2PF,NA,NA,NA,pos,num,2-Foul Minutes Played,The total number of first half minutes where starters played with 2 fouls.,NA,NA,TRUE
pf2Participation,article,TRUE,2F PART%,2F PART%,2-Foul Participation Rate,2-Foul Participation Rate,NA,pos,pct,2-Foul Participation Rate,The percentage of first half minutes with 2 fouls where the starter was playing.,NA,NA,TRUE
pfw2,article,TRUE,3rd PF,3rd PF,3rd PFs in H1,3rd PFs Commited in 1st Half,NA,neg,int,3rd Fouls Commited in 1st Half,The total number of 3rd fouls committed by a player in the first half of games.,NA,NA,TRUE
pfw0P40,article,TRUE,PF1/40,PF1/40,PF/40 | 0 PFs,PF/40 with 0 PFs,NA,neg,num2,1st Personal Fouls / 40 Mins,"The number of personal fouls committed per 40 minutes played by starters with zero fouls yet committed, in the first half of games.",NA,NA,TRUE
pfw1P40,article,TRUE,PF2/40,PF2/40,PF/40 | 1 PF,PF/40 with 1 PF,NA,neg,num2,2nd Personal Fouls / 40 Mins,"The number of personal fouls committed per 40 minutes played by starters with 1 foul already committed, in the first half of games.",NA,NA,TRUE
pfw01P40,article,TRUE,PF12/40,PF12/40,PF/40 | 1-2 PFs,PF/40 with 1-2 PFs,NA,neg,num2,1st/2nd Personal Fouls / 40 Mins,"The number of personal fouls committed per 40 minutes played by starters with 0 or 1 fouls already committed, in the first half of games.",NA,NA,TRUE
pfw2P40,article,TRUE,PF3/40,PF3/40,PF/40 | 2 PFs,PF/40 with 2 PFs,NA,neg,num2,3rd Personal Fouls / 40 Mins,"The number of personal fouls committed per 40 minutes played by a starter with 2 fouls already committed, in the first half of games.",NA,NA,TRUE
pf2RateDrop,article,TRUE,PF/40 Drop,PF/40 Drop,PF/40 Drop after 2PF,Decrease in PF/40 after 2nd PF,NA,pos,num2,Decrease in PF/40 w/ 2 Fouls,The decrease in a player or teams personal fouls / 40 minutes after picking up 2 fouls in the first half of games. Computed as their PF/40 with 0 or 1 fouls minus their PF/40 with 2 fouls. A large positive value indicates a larger (better) drop in PF/40 with 2 fouls.,NA,NA,TRUE
atr2FgPctSc2,article,TRUE,NA,NA,NA,Rim FG% Allowed w/ Starting Center On w/ 2PF,NA,pos,pct,aa,aa,NA,NA,FALSE
atr2FgaFreqSc2,article,TRUE,NA,NA,NA,Rim FGA% Allowed w/ Starting Center On w/ 2PF,NA,pos,pct,aa,aa,NA,NA,FALSE
atr2FgPctBc,article,TRUE,NA,NA,NA,Rim FG% Allowed w/ Backup Center On,NA,pos,pct,aa,aa,NA,NA,FALSE
atr2FgaFreqBc,article,TRUE,NA,NA,NA,Rim FGA% Allowed w/ Backup Center On,NA,pos,pct,aa,aa,NA,NA,FALSE
avgPossDiff,article,TRUE,Poss Diff,Avg Poss Diff,NA,Average Possession Differential,NA,pos,num2,Average Possession Differential,"The average number of additional possessions by teams in 2 for 1 situations, from the start of the 2 for 1 through the remainder of the period.",NA,NA,TRUE
avgPtsDiff,article,TRUE,Pts Diff,Avg Pts Diff,NA,Average Point Differential,NA,pos,num2,Average Point Differential,"The average point differential by teams in 2 for 1 situations, from the start of the 2 for 1 through the remainder of the period.",NA,NA,TRUE
avgPPPDiff,article,TRUE,PPP Diff,Avg PPP Diff,NA,Average PPP Differential,NA,pos,num3,Average PPP Differential,"The average difference in points per possession by teams in 2 for 1 situations, from the start of the 2 for 1 through the remainder of the period.",NA,NA,TRUE
tmPtsAvg,article,TRUE,Pts,Tm Pts,NA,NA,NA,pos,num2,Team Points Scored,"The average number of points scored by teams in 2 for 1 situations, from the start of the 2 for 1 through the remainder of the period.",NA,NA,TRUE
tmPossAvg,article,TRUE,Poss,Tm Poss,NA,NA,NA,pos,num2,Team Possessions,"The average number of possessions by teams in 2 for 1 situations, from the start of the 2 for 1 through the remainder of the period.",NA,NA,TRUE
tmPPP,article,TRUE,PPP,Tm PPP,NA,NA,NA,pos,num3,Team Points / Possession,"The average points / possession by teams in 2 for 1 situations, from the start of the 2 for 1 through the remainder of the period.",NA,NA,TRUE
oppPtsAvg,article,TRUE,Pts,Opp Pts,NA,NA,NA,pos,num2,Opponent Points Scored,"The average number of points allowed by teams in 2 for 1 situations, to the opposing team, from the start of the 2 for 1 through the remainder of the period.",NA,NA,TRUE
oppPossAvg,article,TRUE,Poss,Opp Poss,NA,NA,NA,pos,num2,Opponent Possessions,"The average number of possessions allowed by teams in 2 for 1 situations, to the opposing team, from the start of the 2 for 1 through the remainder of the period.",NA,NA,TRUE
oppPPP,article,TRUE,PPP,Opp PPP,NA,NA,NA,pos,num3,Opponent Points / Possession,"The average points / possession allowed by teams in 2 for 1 situations, to the opposing team, from the start of the 2 for 1 through the remainder of the period.",NA,NA,TRUE
fga1FgPct,article,TRUE,FG1%,FG1%,NA,NA,NA,pos,pct,FG% on 1st FG,NA,NA,NA,TRUE
rate2F1,article,TRUE,2F1 Rate,2 For 1 Rate,NA,NA,NA,pos,pct,2 For 1 Rate,The percentage of 2 for 1 opportunities (where a team starts a possession with 45 - 60 seconds remaining) where a team shoots or draws a foul leading to free throws with 40+ seconds remaining.,NA,NA,TRUE
secsToFga1Fta1,article,TRUE,Speed,Speed,"Secs to FGA, FTs",Average Secs to FGA or FTs,NA,neg,num2,Average Seconds to FGA or FTs in 2 for 1 Situations,"Given a 2 for 1 situation, the averarge number of seconds passed before a team shoots, or draws a foul leading to free throws.",NA,NA,TRUE
foulOut,article,TRUE,GFO,GFO,NA,NA,NA,neg,int,Games Fouled Out,The total number of player-games where the player fouled out of the game.,NA,NA,TRUE
foulOutRate,article,TRUE,GFO%,GFO%,NA,NA,NA,neg,pct,Games Fouled Out Rate,The percentage of player-games where the player fouled out of the game.,NA,NA,TRUE
foulOutMinsPg,article,TRUE,MPGFO,GFO MPG,NA,NA,NA,pos,num,Minutes / Game in Foul Outs,The number of minutes played per game by players in games where the player fouled out.,NA,NA,TRUE
h1Pf,article,TRUE,H1 PF,H1 PF,NA,NA,NA,neg,txt,Personal Fouls Committed in First Half,The total number of personal fouls committed in the first half of the game.,NA,NA,TRUE
pf2Speed,article,TRUE,2PF Speed,2PF Speed,NA,NA,NA,pos,txt,Game Minutes to 2 Fouls,The number of minutes into a game when a player picked up their 2nd personal foul.,NA,NA,TRUE
mpPf2Bucket,article,TRUE,2FP Mins,2FP Mins,NA,NA,NA,pos,txt,Minutes Played in First Half with 2 Fouls,The number of minutes played by a player in the first half after committing a 2nd personal foul.,NA,NA,TRUE
fgaFreqZoneS01,other,TRUE,FGA%,FGA% (0-10s) Z,FGA% (0-10s) % of Zone,FGA% (0-10s) % of Zone,NA,pos,pct,"FGA Freq, 0 - 10 Seconds Left on Shot Clock (% of Zone)",Percentage of all shots taken in the shot zone that were taken with 0 - 10 seconds remaining on the shot clock.,NA,NA,TRUE
fgaFreqZoneS12,other,TRUE,FGA%,FGA% (10-20s) Z,FGA% (10-20s) % of Zone,FGA% (10-20s) % of Zone,NA,pos,pct,"FGA Freq, 10 - 20 Seconds Left on Shot Clock (% of Zone)",Percentage of all shots taken in the shot zone that were taken with 10 - 20 seconds remaining on the shot clock.,NA,NA,TRUE
fgaFreqZoneS23,other,TRUE,FGA%,FGA% (20-30s) Z,FGA% (20-30s) % of Zone,FGA% (20-30s) % of Zone,NA,pos,pct,"FGA Freq, 20 - 30 Seconds Left on Shot Clock (% of Zone)",Percentage of all shots taken in the shot zone that were taken with 20 - 30 seconds remaining on the shot clock.,NA,NA,TRUE
fgaFreqClockS01,other,TRUE,FGA%,FGA% (0-10s) C,FGA% (0-10s) % of Clock,FGA% (0-10s) % of 0-10s shots,NA,pos,pct,"FGA Freq, 0 - 10 Seconds Left on Shot Clock (% of 0 - 10s shots)",Percentage of all shots taken with 0 - 10 seconds remaining on the shot clock that were taken in the shot zone.,NA,NA,TRUE
fgaFreqClockS12,other,TRUE,FGA%,FGA% (10-20s) C,FGA% (10-20s) % of Clock,FGA% (10-20s) % of 10-20s shots,NA,pos,pct,"FGA Freq, 0 - 10 Seconds Left on Shot Clock (% of 10 - 20s shots)",Percentage of all shots taken with 10 - 20 seconds remaining on the shot clock that were taken in the shot zone.,NA,NA,TRUE
fgaFreqClockS23,other,TRUE,FGA%,FGA% (20-30s) C,FGA% (20-30s) % of Clock,FGA% (20-30s) % of 20-30s shots,NA,pos,pct,"FGA Freq, 0 - 10 Seconds Left on Shot Clock (% of 20 - 30s shots)",Percentage of all shots taken with 20 - 30 seconds remaining on the shot clock that were taken in the shot zone.,NA,NA,TRUE